property_id,price
d56159653f5d2abc5ed5acd7,870714222.4036189
45550aa81c0151f1fd9fd8fe,969517417.4777124
735deef3382aa15930482f3e,721064099.1125461
0dd49fa8bb7be52b851c6dc9,937634383.3920892
7d3220a91e78f8bc2924d1cd,970657844.5893639
d3054072b2175deec2c1f8dc,286774154.2824076
b7574b06d593fca4eac59815,283544493.54499495
79e822115c5c1a4531366001,140265919.8546
d3ed5316a463d38c1bd321d0,1135340298.0537698
2f1880c9b8f7ac2715e1236d,910082879.8995456
dcca1c7f109175760ff531c6,731552904.175006
dfc4f3facf91bbd93ee0fa4d,483693817.2824352
30e134a6cbe61d7954d0f56b,-3116574.839885235
385fee7bd9ad7722d45dd034,743508899.3388737
87199c236bf22903d1aafdd0,757246000.8344382
19e19ad0cd6b5e84d8aa970e,366953525.9822384
907f968e78d748fde69dd44f,694097732.5840701
be094e5db0f784e3aa013aae,470080688.92357546
7ab96f83915bc84f8c03c1bd,257430701.11383867
07f4aa9b9ff5b0b05d31e6c0,1004118729.8109938
e9be8cd37abed8ab510ba1f5,1031381662.1896559
5f6ad58df27b562db077b5ce,608907785.4720968
ee96d947484aaace40f9b77f,966785607.8240016
15c4aef8401208054697b81e,960757709.0193162
22d6cb11333f2839b8112b89,1230749402.5954566
288c09c33907dadbae495c11,757970273.2279005
f71d2bca0c5fe2720a1544c4,658237581.2505598
451744cf3ce55a98db8a3562,642879479.7190431
fba9ae05a6a8a9e0c6268a9f,574537003.3235034
1338e58f7dcebf5a1ea59388,629091009.3633689
a817e8da0ada143ac87277ee,486824788.17631054
46d8bb3e9a0ca584d3c7a317,541636109.5852994
b2506aa9463aebf01e1e00ca,-71927456.2045567
7ec025b9b6e6f33bf65af41b,516133222.0406866
2ff531e27672ecd2362eed55,925580455.8494859
9b3cf0d1b91b9c6a2a887647,547196540.2267497
7db5291ce4602d9b2b266872,452606868.0997944
65d5918e826c33bb950fc008,514554631.2184822
395c34e4b8f52cbdb0522459,941009747.1961108
855f4b67d2bd6d18fd03d8e7,837133262.7998811
9ff06409b37e5b5dece4604a,635962745.571926
0508cd7bd2c77ebb6fea1e56,736912152.0034904
b45fff2e718e54772d46a3fd,669411655.6370966
cf4d2297b73dbc357d21e31b,675683856.5963762
0ada7044c5b29925abc90879,680459185.104323
6305f02255274ab5fb6bd39c,642362744.0991929
d9a94194ae1350512beff3e6,731205529.9050871
e3896296cb80d50d9ad3f903,980368482.6192358
6514f355887c64136edb5595,666232746.2515478
f03400cc18e12903b3ffbe5a,853052118.6064702
4e134600155a64783b3f8c3e,1282286736.6718705
d63ebc63c82fbf66d8b6ffd3,819962860.9979333
1bd64811bd59706844230198,1039882683.0908008
a83921284639eedd4a511cb6,829308869.4886515
a2f3f7a1cd573e2a33f52e2d,838760870.9028281
47344a66471fa51f61c64652,932836087.06656
78fd849c9429091347d7e5c9,772549035.9791256
c3daf2abea55af99c9579319,683425656.012452
52864916eb1984abca41ec66,741440153.7459185
c62494a9d7aede44f2f84023,1029154339.292857
a2b576643f7a032371587e5e,1184292279.9173973
e53bc68f0e97ccead24f3e56,514042779.6828671
fd82c710aad91bc90af490fe,843239620.8343935
d436abc2ee37ba3dd561e940,743858311.4928244
216a598114a403676011cb51,808199454.1687293
ea230d5eccd2b687888173bb,710852503.7115893
18bd0dd7580f2a7cb19a90b9,614326836.4944713
b143c8ca6d334f6a73c3f2a0,523211418.01583475
ab388cb4fa511968783bafee,240408328.23326772
6a4f08cd04d558a56af732d9,1071430431.5522768
7216c895aa047c4f405c4941,766121368.5899875
a493488dcd906dc74cf8a604,1021950100.2394896
7844b0b2bc65dced90a355c6,808433520.8647934
c1976383069b6b82ab29d092,541733661.346452
e5cfd99e2308b7b73581dbdc,115642904.58228636
c18c2ea88f4ac53970b53d2c,484273280.05296993
842c9f0e4edf1e5a672ce15e,1051365841.9058695
7dd1e46dcbddc6bf5ef694de,738671105.0272521
6cc4f32b39180bd1ec7e117b,731560700.2611641
79e643789a85dc4ffad49a25,1191300611.2919009
b3402a9173d289d6db78e09d,1086161788.0979364
a446507813234e358db8b573,624532084.537193
c8ef57ddfb35061d1876f94e,939895599.513789
360be0df2c003005e3db080e,1120423590.476321
9ab245a4c91877cb7a8661ce,1069790017.9610574
a57a34c7486e7a40e8deb316,953527883.232378
ceba7d0f56f6cb03538962fb,593699455.1930397
d5475993f9db58c3e4baf7a3,921794415.07003
d37a1dda09e30da13ff5bfc3,575595608.6493148
68a8b8d077a8232723bf37e9,607458464.5357645
e1eea7716ca6490b7640717a,616192439.8561889
4ae6d75b10848d259ecba576,700505386.6739714
17afbce5c0b56732abbea936,979865106.6644988
84a2673eccd3cf3bd7fd3eb0,745894149.5313656
f2f4e6cbafe527b155707f01,1215324326.4354007
de2e3a592cda5b76c9573c5c,781989511.159277
fac651cf404a58f24dc7d286,1078426153.9892366
e6f312a0877af26b69855a3d,972259671.2087493
333a643c623a9bc75f3a40f2,1067653759.1669405
64593641e470908ef23b46cb,823936947.6966133
ce9f2f0071be658ae75ca6f9,1210277842.9358833
9ab385e399a4673732b6a799,857038503.5387906
3429c774b736cefc051e2c55,780150107.8705533
a51ad0372758b2bbfe73f8fd,793112570.0367446
8c801a266256e3fbabe7e3d2,827120080.5277171
ca2f81b8fb6fda20aefb0ccb,835576415.2537459
3c1b1f86087f9b99380e387c,1075369646.2183478
b0cad5d612954b8cab18101c,1033926756.8836942
7eb991f4c69215377e4dac8f,949117087.7783414
0d130b8bea4321300396fa34,800105060.7874476
8dfa059401e1dca80ae65ae1,1037106371.7329245
3e3f264cd0ac7a65ed2349a2,987725300.6214051
112dce80bf512f3f24391d23,490522060.1349086
ff25ded6333278149f8fb68f,612818340.5029424
d555b82c192794e87e9d536f,754734284.119628
a787382d96ef9fce8f27bc70,1008712447.4595698
8c3aa295f7bcfd9a43eb2037,822967188.5748324
13ac95652fb3cf6c43dafc66,406335418.1635709
42fc6a80b882c32f6264ac10,411161074.4066963
1e9c53e09220d689a0210ab9,301927298.64699507
3348706086aa3db5c92259c3,337357576.6101754
66d402a9b7d05f29282ddb00,678159475.8536112
cf88be51d6f31c10e5868ff7,215652084.27581823
30b3f38716be209a894b0942,223342446.39948338
0a5908a92d0ba3e36f54b1f3,345813848.9680823
dd206b6ea2d7f6555109ea39,693865126.9991915
c641febd8bc2ece3e4d2d8b6,562527751.3114303
c11fdc02a288af0572a2bca1,859497329.7538283
35dc60a65969b264ab283d6d,352107804.6364033
d9cb0f637cd4feaaaf8a21c0,918736245.452666
7e8dfae9a5f1faf8afa706f7,406405678.6195717
a280fe7610c254b935c9dcfc,440730293.27474827
85524880fdc4e4daf90e96fd,722622939.860673
f361109d06f6609c16724b39,512958467.52108574
3f6b2f0c0876c21755369cb6,640288780.5133601
de26819064a290ce78d8fcc1,356110057.4572559
91be1260a84ab7fa3521c495,1047267215.790185
18c8dc4549d38c918af2972e,847104881.9384675
782b0fb8641849c2c34291e6,548716030.1742523
54933f8b33a4fd6f031ed5be,1122224358.4270406
953176c9a901b4f61c030432,741651317.244924
357e2add3d68167a4f3ce15e,724653408.8324807
90332d50e91925eb9b614bef,598491330.0510077
11723d1d472bf1a3fdd8b72c,1110869111.9327607
01f8b6799e2910f7769db175,671988505.5139697
a0d5001f7dd42d7f0c91d2a9,65966093.79414165
d4439c35bcb88e1490916c67,195335439.16703296
4a73dad0ff8a5262e8b07c4b,767673531.0558561
3dd8085a65f24b497ea59557,951733807.3329793
39ef085809bc80e32e7b6af6,973231720.91699
b98ee16e8fd7d1c75a9da13c,897032948.9692776
16deb26bf740fa61e258f545,1092235290.4138856
732a3bd457d7798e1fd892f6,825603158.1253518
1376058cb128a1c7729cd2e9,1190466995.659251
cac7e7c3e13af91bdc7107e8,756937836.2837017
9f3dfa6e1422f6aeac527c61,599167646.8423615
4dd3d1288ccb66ee4fb9c097,938829419.4256687
15fb97d6a43731d61e95d004,1016833595.4657578
dac29573163315edf99e0e7a,1059958043.8226094
b93f2864087d41c3c92d43c3,856174395.0253469
cd4656aed92f5c0a0b6b7c0c,856174395.0253469
556210496090b42ac10cf1b8,1184292279.9173973
762979729fb21e56a32ed14e,1184292279.9173973
ea935b76abe664d5e2c4736f,514554631.2184822
40e9ef1e7c6749b7a8d04ea9,640602502.0504923
058265732a484ac8d5497f5c,636002941.3469633
6f52ea8340cdd283f9a79720,868366422.543015
cafe7c1ee67458e05c84d5fb,642362744.0991929
3f45ed2f08a2b03b738fbb5e,689881332.0022573
f203b18854b75c4564d7a17d,729814079.6220415
d5333f639d11bc3ab073ed72,623320193.2876624
c14f644116669a160446a945,442932041.3116628
de585856ff546e00a5a4672e,608610880.3253032
7a80663cae7c191b5d025fa0,634746286.3543352
71f80198e68fbba902650b1a,496259450.4813851
f3523e0626df8cea803ead0f,501970074.7643633
619abd5f978b1573761be86d,441677477.4583304
17a2323b855e93533a9f09f2,558361391.2761518
38e8630f2c05ea38e2257c21,645858690.8525745
1e3798d739f85ee0e5a314ca,80094778.64762259
46d0544f411bbfb6b452858c,669733137.5579866
605e7a71eecb13b23ffca0c1,420950582.3303212
7515b37b7ae7c62f3dafbe7d,690819886.4228368
28be121ada9c9303be802474,589720636.9615017
331d54f8a1bd3dabce73d6d9,803662423.6218338
22d167639ccaace593dffa31,613736828.2768605
36cd68fc3ffab79fcaa340ab,774014865.7101728
db924733e88c361cdfab874a,1008070716.3174176
64eea2e9a13a8edfe8ac7027,784098333.0729135
97fe6eeed892111bfa20255b,826463441.5097735
b54e6757829ac95e2076d954,917239852.7495106
dd59b8122458557041903207,439797935.54170835
b35c58fc1c05a77433025318,878735480.0950578
c41964afa164d8b75f8dbe92,788523072.6829985
96b3ea80cce599b68f96f86e,796735879.0511011
a4bc87ad4f1ad97c0a63d843,837609776.7225286
16e62269e6aa2ea052d05f71,855385882.708208
518b37b51f824fa0fb5075d3,775842032.2437568
e083d83369cbc93fb94842a1,914057344.086054
57deff02895d5286eda10d89,1081093096.7381456
7ed35835fbe694bc237abe38,757162759.9651444
b48efa9ddf36e85164354f26,1014466017.2522054
5910c9b29a1025bada93a5e1,852600582.8384876
10a650e8cb5425c97f08f68a,674583098.8675472
9e0feca2ec3043ae6f840631,986988941.1011784
35ce37bbecac6b164fa21e6c,733252853.7554576
c4955010d066e013812a85ea,990405565.6285746
d5a83c31bec18d1c3eb9af7d,846740322.3340535
70217bd08583854329722821,1070074249.3261441
28e748e7aa0a447731e06706,838011532.4364781
27929c0a3e0fd2d6d2969e03,886411466.9145288
5c5ea0d8bae75e0a5c88414f,891636355.7949942
2233f50cf7b04791cf1ddeaa,833593468.1458385
bf430621f17dcaf17fb91ac7,852328883.1451232
d8dc9de06461e0220bc55906,504857944.9970318
d988975f8c4e6ee8fd8dc1e1,955362436.4951019
bab884e0f99df269805e83a4,951306888.6516006
8fa9b20af1508af7a01e2267,1007151678.8164141
b6f195d44ddbe10b78b97191,507783359.62939996
2ab0eeac4a228d5769fb4365,492007001.5609733
347a4deda03bfdde6d1c163d,827195546.9714549
17230f18b30b94606fea047d,101037009.62120676
eab4ae491bbbe7b8ab107229,1224417155.966154
07c753474a847bf2bccd55b7,655606626.1685423
b7ce05400f0261743073e072,486248179.88334405
4a33d213841d2af537aa967a,592664608.5658007
04eb0b590ce7483c615b043b,743768480.4254001
a01a51af09a3dc387a18b58c,127312501.1054188
270b930a9e22d5016ffa4019,1047920831.7674215
5ed1320fe84a518e267ff537,1072905454.0707841
f04b574dc221473cfd616e22,777811124.9438945
6f7e390aa6135019dc5a828f,652951591.2091038
776d4a19fb3852fe6dcd3ddb,650550817.7731028
b7f164b79658952248866c34,997767409.1079068
aafeff5826516e363471e439,82214547.91847944
eba6a2b80a17a846ae560ece,434519145.4812353
90e62f8656ae504bf6175e0d,881602716.1309695
dc4331d09a1e36baaa6bde53,732476325.479403
372d67ccb9d251e290891f0a,344513993.6171989
a7801c67a0ddd71c50ba38d3,257613410.37474626
e4d6b81f169cab8ea0244d75,522840563.5008731
cd5c6655243a4be0912bc92a,953527883.232378
f7a7281a19733251134364fc,824189492.5476825
a716ec25a219961fbe90f367,1215324326.4354007
8bd45966c16d4eafb49ee2a2,1103158179.4903636
baabbdaa5e8f69fc90d303c1,906459805.5230477
8bed46960db1b2a7954ffbcb,1096332655.3784711
dbc123f9502159d660f375ca,1039722872.1472144
a4683facc81ccda10e9ae388,1210277842.9358833
3a576586fa1aac85c2ffb75b,736646878.313431
b1fb98d0ba25b21c6647d423,940363856.5405474
97fa4be3ed93c37c048f507c,131289229.51793563
cf184cc576effe39c0f857b8,759411371.1437997
784f67fcb2d009d352740ed1,463529098.775259
f4d6ce332121f814aa663fca,1032945443.8636291
c87ae84ef029febca1e633e8,638518824.457803
e876c6fd9c161861fb92ad5a,951211589.2101305
9047c4764f2c6b1a10b87e99,1013680213.5536412
234c94e9a248ae57bb5a0771,483397556.31906474
a49c2976ca4f24f3a6b622e3,382003276.37316203
ffc171cf73514bed077339a6,589703879.3750753
fba83f5feea2522888377066,465025817.3007856
1a593800d5785ecc36c25ead,1272925204.7790918
ab157c9601861dc387a91b82,855199793.1515448
f87f8003f15b0fbc12609514,670418007.6467311
f44d035ea2b15b2c69d4da50,664264029.145797
fc815b59cce7934f816f0502,816072137.9713864
32915b77ca68000ba9eed6d8,630673073.5011812
cb083fa7ff634f424a351840,528407894.97443885
4f3c7b9bc78f882f858b3d3a,732076440.2922535
53d33316e237830ad463a26b,571032251.0588399
f5d852e25d51377686c43bc8,564951570.1714389
64731b6eaf4fd2bb6c155013,864762589.4490081
dad7e45e4706ab2564ef9cf1,239251840.28039533
255914e9b13ad94efa6ed365,927786140.5074441
5a8950a64b4aea4ac13dad45,726717429.3668802
70f51b4abf26651111305b1b,870052705.2870189
8919ca18fff7571002e440ec,898974636.0944027
f776a4e0c8c82b3d29756b34,1182473689.3449242
7ea4af39a7e577ffbd600f0d,713903821.2187835
45fc0d46c7a4df7ff6976fce,792579253.2936445
7cdcecc706fc7c79cce45b20,1030580692.17211
3503f56e09e639be4762ff2d,953009515.2814733
f70ac0d227db6f5333aa821e,777099465.8303034
20db610da64f80afc1621b12,935856140.935852
c80ef212c870e2f20ed2234a,582938116.2015036
7dc68d5cac1b7fcdab35586e,602942848.7143564
a478fb93a131fee4119bb9f9,1096747623.049582
7749b2b534213ec7b536372b,647129334.4420413
43e59f5312e304fc21c1e052,996939016.7334611
82a7920524816f3db7f5a4ca,1189555564.07854
1a7e331d9ff88ae5efafa8ea,831246817.1572165
a57350d4c79a415137281cb7,11755849.929236889
f3a6132006d54d0e22a17e84,895580697.0540464
14caab87a129f51b2b70508e,573130821.8414197
ba2423d79744d763aa3744f8,769129111.462688
1caac10c1121a795a172889b,1322890360.3078017
40768729f2697b87ed6519d1,822503144.6257198
843234d3c6c20bb60a17fbee,1022164774.513726
cd2e4dff930a1c7a1a569992,941674660.1638881
5a6eab133b7e95155f6a9012,979217869.3267609
5bba6c40aeb129c433d2c58e,936422794.3625791
ad3c644b506498127c7beef1,794956044.9287758
a379656c49f4cb1cfc5b3f03,823828038.2516955
998c1a6ace613d8a7468ba5c,1284823065.858449
dd610d7ece83bb02dcd7a22f,458267324.7382027
539467d04a2b3e78c592b11b,504413301.513309
e40fe4ac43cabe82c03dda59,338507085.57721764
5561eab714583013b422e7d4,805608475.6154976
d9110b2b5b1c02766da9e24e,792324201.7182186
c72cf05b93b9c290c063b08b,835763050.2025831
d71cc157c0c43935989009f5,578621179.7766862
4199eaa19ddf8ac436bb2ba3,1083779582.656649
d23d12bd86def2657038a481,821661415.3466074
ca438e13d8aa6285858da0aa,743677672.9168005
a173eb804f4bcf6bfe889417,1213048875.0079558
9b3677d498c2ccf69c756ec7,1186061671.3434958
f8c787390e4c6d2e99fc7c3d,630801443.0837978
a188aa896d1b4520ccd6b65f,509297275.6529983
9fa39c9eb4b10a20dda6c3c2,954303620.8605053
7bc9022fa1eadbd9ab39acd9,892445549.5199499
46f0731f62232b32eb733dc3,668908400.7941307
b6767d1e329ff5e28c42f632,652433327.2940394
abde4b06769fcb1d5577fa7f,795471143.0404993
1496d159d31717ce254f67a7,704169602.1334703
1470749d0d2551a93827e441,565410843.7149675
3ac517f74dbf8cdc8feadfe8,696558385.5600222
fc6616c62030a53d2aa46b12,1078206928.5463858
8497f34947cb4c0ff18a0eaa,938481167.7829297
3b2936127f5a4684a1d3de22,895498057.4681414
dab58562904cd13a93d913e1,817305977.4055239
69d1e47b6bdc57512f1838a5,748897051.1166644
23c7f9a0534a4ae6a24e38a6,906355451.6709747
640e9fe41fb79ecba89d8951,988145354.7648917
31f6a25d56f3bb36386d07ae,845354081.1317706
bfb30ae71cdca27f5a5494c6,930472793.3031356
baacf0dbd690644d74f3a929,923407193.794121
cdcb874d2e62220d12230632,961281080.971837
1421bdbd9cf7572b799b732c,856841949.1479105
ee9e5adab1455d38edfcaa6e,945107517.123935
1fae43a9450fae02919962b9,1029422305.4393568
5f9ee280509afd55d24f39b7,639246803.7685823
82902f2082dd405ab538ff58,705287809.7501985
eae52c81f779a61f57cb5b58,648621743.1289452
4ec0aee1b202642d2739068b,912196018.7281225
f4c6c3210a3c2eb935c6d5bb,956037097.8176217
14a14706d405569501327924,83565850.20563948
146a5a4f3d111dc7b955ce42,1222529125.9352965
99bdce7cdea643b0442976f5,906618555.8753549
733c7cdfd50db77066a67140,258357286.6265025
de328410e22767c66d919423,730146540.2197852
d0116b53467b3081664fb268,1162774107.6349826
dc722ea5c4d62773f9fb6bbc,550353345.9764249
e84605e3aadd50b064c8eac3,1120956718.6017132
31a3719e57ab1425e7267fad,742782611.1659158
34993717af3f861b9735df6e,827276156.9573883
543822711986a454cfd764e3,1049901734.4203186
5bbc4ff9cc3ddacb39469e27,930259952.8529568
d7ced905983af0800c19b7fe,930744612.2546846
02d5bac2567ee9e19041ad42,1273338316.8885422
f4897a8a0a911a2acfb8e8c7,1209557872.4449317
4ba19ab08d1fe7f72d0dd37a,1103063248.9828033
b7c07f8afe037d55bddb8e41,404103492.2859411
40b20b5a3a986802d64f7675,670872377.4679831
01fb5931cb55f5308382818e,855475095.1894882
7cd0c7174b957df1f004fc88,895468310.3860554
ca13bacbf6dc8d1b09fe4c67,1043216112.3771387
0ed0dc77661be57aab63bc83,574350160.8308259
d03558acc19951a882bd568b,475823916.142228
b8cca0d70fb46f3a31473e98,950888555.0600169
f665a58fa8eda69547c1a159,886330289.4905345
8aa5ae4637ba83e672cd3ab9,521426602.85433835
a6da1996f66e545041d920d6,384855030.39947253
b828609eff041a68fa243a12,903868409.1993918
3f39a260b81dd7de1dff2b31,654597970.2007589
40fd167916ff071afdc44792,1062446510.7030911
6ca31945172976c3a11732c6,1007021345.2654982
1437d1f1601d26a3dca7594f,556658783.9753927
ebab054e5f256bf4e382002a,1185183082.2034063
0838d0df248d723da4e25ea9,691554560.1912085
7a134e45b9ebe710c6c6efe6,950839083.2252679
6e9c7f27d6b89c5f9696fae6,240562367.45129883
bd12c705950c46e679c34bf6,1091601002.250442
fa2c1092f17ce021964f8953,789343422.0309342
e3202b635974f7a3367c0ff9,1082575037.79891
49bdf0f970af03d83a57dcff,930795729.7554364
91af29fa680d8033188ffc39,811426441.3415536
cb626b981c0997d254388e76,504037517.2224618
155a8e4186d1626fdda4d0ee,729289436.1586366
d337476c2cfa780518523a6b,497170325.56370723
7c3ea8523ece273991a190da,889181045.2444088
674c02227165e1c7189c54e4,748399278.7239174
17056748001fd65cb961b384,1266285674.4096565
f56bca5bebfc765162c8cae0,1011393783.6475437
5f4b0ec9c7452b888b33c3e8,770651787.2788494
13dbc077e552640736267a49,636017895.5192604
cb645955c851790e83e696a7,1221705912.2289252
649cca8c83352caf7442f20a,837057175.7228303
fc8836e71725949c5f3fa7f7,1224054992.928175
4f431d80287051ca323f2c08,830979405.3338892
42defcc69fa22e4c858f3c24,1221705912.2289252
291a2f9022933c9d81311e81,1267902047.237208
d48a061a2040d851937413aa,1278463951.4337716
55d2ad80322427ee3426dceb,715310574.1435001
8c41bfacbc1a6ab831b26fa8,1232779557.9981258
c7214222fefdd8d2ad7f8f8f,838338999.4808011
b3d9a095c9c73004643c9e78,1210495085.2107735
d49aeae19e13909e75dda2b6,1288886649.4143658
dd10dcc52d2549df85f2a8ec,767712699.2494951
6732b448d2e4f32679f235ad,773626826.3320806
f08a5c2992cfee4c0910f68c,1210495085.2107735
e3a62f080c25f404ca995e06,1210495085.2107735
7634d584c3042533942e2dc0,924373497.5070083
ae58dee872922a9c678dbfcc,965840786.7394917
5ec01e911785dbd5b49b166c,606964038.1298631
9bc12d9c9ad95064412c3413,876078473.0809116
7acdaa0cee1ee62e15f4490b,627516081.1117688
d76d5b14d0acc5295b8057e2,854671728.9844408
32f3364ac1fabdd13db1cfe5,62538528.39244282
8cab957b322f1aba06bae4ad,672551770.3069521
e3dc8b417819e9afe3fc7d0d,512952124.16185117
c71fbecd8f7310c201adbf40,851962525.7973105
54c9bffcdc46819f67e4b3d1,725297035.1282936
4d94a2295f612b96264a0db8,827869277.3427844
874f4a836cb74be301e068cd,972523174.8194342
a18925f908acda4171bfbe36,1024874018.4149389
a587c7419568288d68c46feb,750632955.2126042
19994da77ce4f2db3efe6660,538520444.9472071
9c4dece6127f1f3f3bc1e0f7,496360042.0041672
09c28a830f8093802384071c,581939960.287733
5766f7cfab59c920081e3046,496360042.0041672
964b7d9de17c1ce396fb83fd,450780570.2785108
44f77a86369d6607753adc09,574968668.9397585
7f25471be85adf0baeb8ebbc,550765389.0759498
6859481703fb0cb34c1e564d,593365991.9056232
7ba0c14dce0cb09ef5735d9f,495664726.4630221
62cd6a29e98a5b7a5ad38050,466432631.43290627
9c6d7e6260e4fe83d43706d4,597954936.2962904
5dbcb55dbba823dc31b041f6,987309019.9449708
85abc5c0353c5b678f087824,534567213.5971056
56dd1bc39664f8e9f316851b,756570676.0145317
b23341faa7307d9d6009c6d8,1107536053.9016187
2af941adae2e8dfd66542055,459842051.54368097
268f887f25d416dcd3c0c9c2,899398545.5032845
9ddc7272fe43f07035d3da63,1108396426.087424
4002635ca8b087877ad22d5b,649275915.0942533
b515b1caa608ff42574e5a06,502715294.5486064
710542343cece039a279dbee,919979994.0411234
187a143dbd6d4bd81d6d9c32,494966806.5635154
26db92c003c8e67d92d88aaf,668132698.7570031
641ac8f4f60ae2b9cf6add93,1130032820.5218081
784714647351cb6745c867b1,919979994.0411234
5fcf1e2ab4edf13ec844decf,715749022.456044
2575d932e98c421bbb38b267,1011984942.8549106
af9d2f5f62bf74a7fa9c74f4,1035173325.4617298
4db8d529af9f718e6d81a85d,504413301.513309
9a3368605e5f563e29182f3b,497928315.87417495
5ff696d8369101b6dc60e2ed,541402715.6196414
95ade3ab8dc04237acd6441a,552816731.7405711
607ed21e896eb5ffb50d5ead,351995360.95087665
40d9a852bbed67a6036c6d8b,592601175.5428054
97badba651a94721af5df3f0,578621179.7766862
b2f089146c30929c4836f0fb,687400207.4220786
936307e2f478c3ff7b9652e3,789482618.7892833
b6d5cb459999de084965e993,1020344178.7845908
aeb66f808982c6308d891f55,900847588.1683302
cf8418c60f4e54dfa09b1e6e,523193128.6284675
1dcf71e8fbfef2c6534576df,606483934.6431181
c78b16f05ef58855da0d4f2f,512622921.43864095
19ecf1fc86396ada203c2a19,523268496.22503185
985fc7ab5aabf1831ce3d298,1004074019.7681634
8aaeae6bcfcee5ad928ce28d,946350894.6695554
1a93cae134c79a43b13ce656,1083779582.656649
ffad647e8ee35eaea6378fb6,886786809.2334753
c21a3eaa136ef8a912ce7b74,951043412.344847
fabe0f299a4e4bc6f51d54b9,801236317.6350648
5af99278b1091dca9b0b0332,838307118.2959038
3f0c845deec1c24472a35efd,948560942.8112566
c10f25fd39dd36287a6cde73,1225195501.0022728
f37d31c512866b575780c4b7,1208630135.488222
5d34f871e5a5cb3a655a0b13,832372969.6735226
95bb852a958d7b16fd676e3c,774699275.7427366
24857a7a80d5f13a52eeb054,961900842.7290791
f9796e9d13fe1becef435e54,918309422.5882123
1c2739878e452a340a4e8972,1369882673.8553097
698f3f1929a2dbbc69865b65,793399821.0402771
bc230105784ca8640e499ca2,654963929.9413666
622fdba953206a65224f2c82,420838001.5231633
6765fc17d98c08142d3d7757,883732856.3488324
6f35fcba4ffd6a58bce85892,634853224.9795979
d8654c08e95b39e3b4891cd9,648200757.6261729
33305df46dc2186c7e3f727e,1011931014.0420732
0cec193a20d720af010383b1,691346088.9661677
734efe04fa6b326ae1d072e8,401183133.5997218
69190139558b2ef3eface18d,62663212.51209462
bb084299ad23f245d7cc5b69,290532136.8318477
d4c7b3372d70b898b167b92a,885055492.518378
4a119b1bbf04b4bd6051c5b1,952359959.1490701
f844345b6224bc76bc3c6f91,520081255.2579607
052505ca8210e5e651fc0b63,563397970.7795334
5731cdf8cac0b8371d786c90,885341320.8292538
594d8d78af90086bf8cdf09c,734272230.0651442
fcaddcc78938f3a234dd2d3f,498853510.0379636
1574958978c9b5d23d9521b5,621870430.4729589
55902baa0ece72e2e8c869d6,956249678.7234175
46161effff173111bb6c3a32,967578398.7692981
b3fcd9cbfd485e4e1da6c89c,485875997.62617004
213ddc1761cd6b018349786a,767879252.438082
be3b1df5f008636e14bec3fe,1103650178.6499844
dd27922be5b6f730f8b4e058,52884832.99906051
cd2aeb1b2649ef421102def7,771232795.1877251
a226b4af016a772dc7e39ac8,765470750.2944887
dcef5b332fd31d0ed8d754f3,451569367.7032982
481492907baba4574d4a6f35,1081361427.767332
10e5e54ab66b58b3f41ec381,1044020720.6916673
d48866a153ea0fd23a858cd6,362703923.7906804
d273a2075d28e343a657d9de,958191361.3069687
90a711f776d53cf654614649,848578322.749536
f87c76eb5071c5b309e3ac3a,327264873.9863421
74df03749e60c216a3e1292f,443624185.5172006
03a84af05df0f577e09d60c1,495829924.7769366
78682041182f01ee4db04e8e,1090004308.8046665
25c76b5a1da0c2d8158b3732,747550600.3877307
af8f09175265e1546200ff86,490100660.0292244
c8d4ffb290aa9cea002e8d67,167609034.64638168
cb89ad8156c3428ac80a4db3,228433454.28593498
7602cb1e6fef087d8ee81aac,1092029080.6680782
00c75d59ed4777481a50cbd3,701680991.4495867
fd36cffb856c2a14982a5fa9,431340289.0612813
06ccfa37fa6b011ac38422de,448359049.553944
257b533b6a66b40d0f097c55,618274427.9908313
736eef4bb36681acbcc3c41b,613562999.8257174
e1a4437b17f7bec650d8cd97,980526156.7020645
ecabfcb8ce9bb47ec3089c7e,980526156.7020645
a5a46af0c9fb5c0a03855660,886258283.9448247
920b50f4355cd2674ceee068,739337705.9812381
410e5af026805ec8088f2e71,757667322.4995528
efa0c01632d13ab59f629ab1,580166983.3126222
5965d19a68a8414b0419bc68,899869949.3327923
64955a117f2d9264eb59fa82,660912373.8929603
8cd46b5c9cbd056d3712f155,793399821.0402771
65f736c3fee3d14c31a57d1f,841506133.8358618
66e9c614882d58c022de7a2c,885341320.8292538
8c787c1e6161b18601e6d7de,442879305.9229367
29a115ba5b198689fce5f93b,-42681862.53883731
de8ee990e70c8e5ad167dc89,737504283.8147881
0b65098a19c2fc1caa6577ed,1081361427.767332
70ea0403b722a1dae1ff9b18,885055492.518378
5c77e242474e477513b60ad8,433460377.9951227
1655a92b20740a11a5889519,411352960.2703606
1709b1446b20b21482dd2d36,741440153.7459185
e5dba7fa0cfb81488b0c331e,507814120.6791346
d09dc3a3270073e5f1cb353c,952359959.1490701
368e740cb71b9175fe5b7b6a,1011931014.0420732
b8a8ad4c0215077d3e5aa472,1072958135.9239302
1f4a78e094987ce29f054fb8,478593111.8795283
aae3a99ac764b8e9bfc562cf,927166424.7676299
a63ecc5539e8725af4128cb5,666157524.7416075
a29e18f37ded2e901181d7d2,669665804.9514338
14ead7469d05e5eacce6a575,762257866.7699945
1cbf39c44f6b0fdbf9554845,798604917.8924195
9012294b64280c565a88a1d8,855102481.2865415
dc0e9ce44b9932c6e48a9390,898991984.6468267
a4f272acb4b3b4f5fc72e99d,951942095.8909947
b0a7295da89516be1c44512e,811668915.9733803
b638b937d4f62949b9eb9fce,1088712429.234892
cadd4a6e1075b57f7b74c63e,976445114.1374034
a88f4eeeeac5ccd1ba9b8a4e,886056681.3764796
29616bf14b5f1cd42786a91d,758058456.6539185
f03f97ca55e9a43928c18237,832527669.0482675
5fb9bd3aee2e1320dcbea448,546719324.3734779
34bcfc2f0cefad790922879e,845102528.9710319
8c9849cf3d20991e5126420b,916042446.340622
ca7b9296080c9fc9fb232782,1275007187.8383193
63a5989d0dad994a6af7734c,496259450.4813851
7d25023ecf668945c87e0666,623320193.2876624
fde3d4a4a819b1fa40530238,543021615.5798724
e3338ac993873aca45755dc8,634746286.3543352
bfeab1b12dd82efa96efac31,442932041.3116628
2d564574f0191164ff1d068b,501970074.7643633
5529d858e9c9e3e92ce8a95a,437166009.3394196
2755af908b841e9024718b3d,478591991.4363271
623df36ea9610ed5c58dbd8b,474928331.6542897
77924a3c7880310a4822e5a7,608610880.3253032
24fd0b7f75feda5db89a4127,479057456.58223045
c2b9a3b2747f32d26c8219fe,441677477.4583304
3c3c7861a9727bedf5e3cb29,752010238.8912528
822ba8fd3c7392bda84461a4,645858690.8525745
4625168852b335b223a05bb3,733271068.7575872
b732ff1637ec53286e890865,669733137.5579866
706bddaf0b87e4f076247450,716354750.9894373
917218fe1425d2c222da1ed3,558361391.2761518
7ac0428c4b7197ca14f3b86a,613736828.2768605
e828e83be8651bc2e07641e2,590739161.2485864
4d069f925100b6cad0b657b8,774014865.7101728
a50640d13126880a423521e8,803662423.6218338
45e92799de1a5334c3d2d72f,80094778.64762259
93ca9e75cbeaceee69b4f0e4,1008070716.3174176
8fc4070ce12262679c381515,784098333.0729135
63182bbbd5f94cea67de2d8b,852328883.1451232
6e163c3a0e30e7bf1e909661,826463441.5097735
3cd016f68705e73b819cf74b,796735879.0511011
3da41d55a2b9f78c2b10c75d,674583098.8675472
0eb8f10c9d5ded1b09f60baf,1070074249.3261441
330c37fb5065311564fd35a2,855385882.708208
b849cef46f19e13d3fc9d5c5,852600582.8384876
7bc034984b19479f29886cc9,861710336.3095641
5cae4522fa829a1614739b64,986988941.1011784
bf6bd06201e60a4c98c8623d,769474015.2146553
549ebb2f616d50ca778e92cb,1233912422.9181252
448ad6cf4b43298a39c7b5e6,504857944.9970318
e9a37a1a4150461126dbb6e9,754906767.7458429
1d4c50978603ef41377af057,439797935.54170835
bb71a24bc5ea4051d84ecacd,775842032.2437568
286ab2411118455780314355,846740322.3340535
045108344bf09b01b597e7ce,914057344.086054
d714e15ab5c2d5a2503bffcb,1062483931.4197366
60823c81f0b98e8a57192a9b,757162759.9651444
dfa988a524343181a0d3ead5,837609776.7225286
fe8bcbd17b16ad023a202843,1014466017.2522054
69fe76202cd89637a15de1d4,838011532.4364781
e7cf67cbc08fa04be9f0a3d4,733252853.7554576
670583e7a2ec6e337429fbf9,990405565.6285746
796935018bf2b241646a2dae,788523072.6829985
5f5856dd16c0e5131835e650,886411466.9145288
ea2e380226005bb55c724ce1,1081093096.7381456
f40defb11ff73ba4e3db7611,970996608.9285588
a4b2dd2771f49951c027eef2,878735480.0950578
a949ede7227c8f8587715029,955362436.4951019
83f402857435d4fadb27fa36,951306888.6516006
36ab522893b5f01caea4cd0d,1007151678.8164141
8e4875b7ecd0898571f0b1ae,457866500.02748847
7ef3f8bfd0368696369ac957,423201479.51674664
73ec13a5687c542137eb9a41,452817101.0691377
6334eb4a37d102ee00c6e2a1,542546009.7996594
fab91f0b03598c943fa425dd,712217829.8683362
c57c3c7edd591e16c0b7c1f6,649090519.2405356
03aea1b6ff072f117ec733af,499911417.9060879
91b57e8d6c41b7afe949bcba,678512123.1414987
ebbc5fdad817b304af3585c4,306078050.5182763
0232a50c9afca03cbf4277c8,512352024.5705619
05b12b1916e51a804419c654,469277053.7132846
95c9cee9b36fd1d68f647aa5,550903740.8614025
3d31144a77cb51647f3deb02,763521401.702294
ea87e3259c2b0d6263d39a2f,523717649.7486367
61f634438de4a10a861f42c0,717610397.1510744
c3ca43d0474dea2f2dfb9791,549037572.1296419
a13a3638569b89ddf1260470,444265417.1639688
124959d1429de095473bf5a0,533641402.51856077
4d85bbc09ae56cd85a8f87c6,786183894.1484082
2c13f29a8b9ac9b464e3a582,530025060.456075
70215712bdd8ae7585520550,571202794.2538911
3352469ca509e8ca652fad1a,475301255.2522441
893caa7433c200e0d43e9f27,949355321.6967072
767cb14f03c909c595c2a731,620841657.5138705
11433baf7716402e8c58bd33,778641176.6529206
e07ca567b0678126a1aec803,735153438.754476
b2286067a73bc0049328b55b,573577704.72678
c85d56080167254c7bc19303,688359066.1369016
5b9ef8d6defdaf13dccc5ae9,665371285.2125254
f7972b1936c6d9e95d3f632b,605147786.7810988
defd03ae7d0c0a44baf80abd,610944893.5185736
6fffb7958a58a73b0e16f2b2,836662683.1914204
5d86a1db39e324770ae58efa,189029993.07443053
c56163e390d9e5a7a76e77be,691059125.8354031
fd5ba2795eb7b5fe338d6b4e,908282540.4185127
24d6d85cd0e2dc3deb2db896,985290732.0670185
feea3a2bd9f643219de51c46,721994431.641113
055d7c66464d7e327711b497,1236337837.0526893
046aaa4162cd410e92b216d0,653332428.8216848
b6bf2760cfa26cb28fc989fa,672776957.944532
3a6262eed8967d695182e435,718703483.4013665
cf3665f24927de548639ee4d,726562838.5424999
4c243fc50d5511a1288bdc0f,648281780.5481654
d753227b5c685e93b378baea,597480173.2270312
149e49c22fa0eb163a36c932,1109380764.1557734
8baa01b8c6d29c82a6108cb8,662207187.2428964
2d437a09b860d9d46644ea23,352979896.88723326
66bd80fd26836fd426be5733,534646538.0062635
a30e69524af9c1bddbc5de34,584357591.1199622
fcc96840d952d32a7300366c,692253702.1137199
659bccaa707b94f303610225,609409457.7624643
df1c66d8dfb9520c6818a32b,638237478.2202204
dd1dacc0c90022e5b40849bf,563841480.1374527
1a06bfdfaa9d9ac754ad07bb,671464438.9495577
a0ecc8ce0592a40959bd755f,608530438.9218804
739c2b9be0941e4c126d2f3a,980718269.6450369
d723eb2516802250027312b4,646094014.6377469
04cc75f46642efb1192f1875,679840030.1559416
9f37bcaa95fb0044aeef6075,632396964.5222433
7be8abb5d23794ac47ceda32,568539337.7004367
c06c737cc0cef7fafa3fc4c5,657984156.0696718
48e71c45f41778f8dca24cf5,595380852.205703
b41f7c1cb9cfbd188f8e0233,950096802.2237853
32ce96d8adc8e549b90b4a8b,752707167.9371309
c6bb4ca5a0c839d38dd8ce19,1010986744.6596837
1d91edf33a141fa2181abc4b,755816763.805182
aba4e24dcc6998e5020731c8,752707167.9371309
00af33cff3ff7c6927306df4,695488422.1882838
6d2328def08bae481705e20c,812670169.9459624
7815163b8e4a54843d121dc1,899287756.4035766
c9f92088dbdc0d81412968dd,911950558.5625856
8e1bd01ce4b7910d42f59be4,1015288116.36652
5fd89a857727753eae6632f3,977391859.2072715
332e395d4ce62523a2e3208e,206340717.74661738
4fc89ee51cb0e1b9d6459819,1055255759.5872471
2571fe181b6ab939eac19d2d,1065423740.3661362
af98a0e223a825cbab78ae49,777608820.3852755
ae187fea3c46c3fbee7e6e8f,679427021.7418106
c681519ec1ee1a28f6a3607b,977005495.8080375
bebcca3e75e747b5a01f5485,954920308.7357451
0842a0730545c623043b1d8e,1187726847.4879405
973afa2d67c20297aa108bda,886360631.7220514
64a9f0bf04f1c890cc6e31eb,782352920.0690975
9e92b27f554068b7dfb640cd,858008238.1438102
57b7aff18c444fa3c577b079,612737279.186976
6b23f191d2ccbebf9166926c,1054226675.5655305
b80c961aeb98d24d968c71d3,1238631524.7863476
064c1cd5e94efdf8c7262fec,904081184.3005246
723078b6cbdf02c88286c596,1028667637.5002127
e239ff5eaaebb287beaf76fa,1086291172.1041768
b3b30d8b869eaad2382c5447,1095600888.260609
3f295e6c14e23cff1468bf82,898950412.1156328
be78bb0e06d5768ac1908247,751823025.4315357
4daf52564456895ca7f4429c,799677720.6846734
c832701653f1e7f01913660f,1001445987.0047741
82433a009defc21498037127,823421798.0343208
b53d3d578b1d7d9e00c8a00d,769884795.4269326
36fab4c38cdd91de650e6abd,879473521.8284194
bed932e11a599f7cd4bfa31a,990094466.5705147
1d9addd835c9fe8665e01500,490483294.97927314
d8216aa4e029c0d3d646efbc,941526314.2374861
c1b0ddd3c104ec4482d5025b,575316748.4086698
bd0f754b0fd9b7af284419b2,991205856.0561311
01e907d7672006fa2bba8b0f,487724091.1380834
7ad046b20064565644ebfaca,484891551.7610369
1ac2b23683ba89e9175d1b99,738499148.6147676
ab4c55e78eb83d80c153f50e,479188199.6046698
2ad54bda875fcf8c6b675bf5,532560321.4155054
07e76c765d1137cdd7c2ff53,433948032.3719145
5531b9663c5a37a2bdd97e9a,1021764329.7257022
c740655aea4eab7066446c42,618505801.8658681
3b6c37e7e6ff1c03ee4fe995,978957475.3013434
1b5d3ddc71634099fa1f04a8,548133618.9797726
1ad916edbe6fd38f40289a04,607182228.4497623
a1368aa4d3ae850bbfd90bca,1050825673.7654035
0f728f676325ece6a001b4d5,716755777.1915742
0f98c4e431100aa87e6fa6af,730770616.2874442
91a08474a18644c43224c62b,646425117.2812986
185dd9366a6dd1e820880917,722677514.4479156
e364018f4d994cd15d4af374,869506514.3719367
77348acef84ef77f6a076268,646253322.9417948
7f8f506137780f4cf12e73b6,655744278.2010332
809082a38e6fc3faa66845b9,807256655.0377208
2072a783a44474cd0dd10d7d,725354267.0717933
b71905255273cbb0af1290a9,584237689.5237355
c7d5f021595b58c507f47d3b,824568098.2757902
65ba1feafecd7efdcf214ed2,738102668.5544081
72eb64cd02ad2a54b65083eb,1284983317.816782
35d79b2ac92083bc439124ac,314097266.1533931
2f7d36523df4a5eee3edbe05,1073561138.4444396
b0d20a04106ebb87e2cdea37,929717974.4950478
43650eb8b70dfa256ca64979,713903821.2187835
311fa1bf3c405f9bed13b38a,440730293.27474827
d12dc721a59af021e8ac68e5,440730293.27474827
36f9a0ea831710344f468bba,440730293.27474827
1eacbf36422a54f1327fa291,440730293.27474827
9567966987eb1d3117677cc5,672386295.5326476
e5bc85e227ed7dabfccbd005,440730293.27474827
d1f39f86c82916524273bada,676191994.6168153
deeb837c2c6bcbd01930431d,608255299.0632224
57aa22792684debb8d4079dc,670418007.6467311
5b0530f544da162b9a8ff772,998767032.3947108
b7d66c5f1ad06dfcae5b33ff,442672891.25182664
bc353a421fc579770e432176,630673073.5011812
45ae1e929b0fc88718151191,633475747.021617
b04449c499843cf46ccb695e,777872228.5614285
e4d89c9d33a0f2659df21185,519448345.2358874
b2a7a8ccbbec39b63e4cd028,784432286.2137129
3be69554b1cb31ed5732a836,636738633.8134223
de7f584df6103e8bf95f4a37,438734844.1654607
0f4de499e5bd2c57fcc75013,512958467.52108574
b4fd0aa09f993bbfb1fa8abf,495153567.1440966
88a83e58eaf136a82ab1fe37,718831397.6966172
379429ee3675d1adbf816cc5,490724145.512089
c6084b85c8d95e0ededc25d1,1279711549.3321276
8eae4346936f8c6c67be81ba,465309637.4322757
a13fc9e9b4e47340a5d53bcb,958816615.1415777
7b8a4d701066372dfbdffbec,540029605.5313349
a62a6094ffed3ea7a54fee73,601517621.9029889
bf0ad098fbccd3548d834ff1,495153567.1440966
0a231779f131c36d8e6910f4,686460230.4656603
51ba7338f5900d8ef12206fe,792297278.0106072
81b14dbf863114fdddb38579,981140557.7327828
adaa406ec9ac311e9f9c0bbe,548633914.1186305
4cb11f32806c0e07b4251984,454552767.2500948
3fee486268a1451a7b9fff7c,667996038.217138
5666f3c36f0ce4eab2c39299,796943321.3840272
8a8dff62516671aee2250cb0,1001645858.4207791
ee4fc6a146e888e993a4412a,665542377.883005
5a16b30f4d580352710e92f1,663733773.9002346
424bb491c71e913e900db76f,809609194.2759221
100bdfc998bbde3d00548bdb,988941996.3079951
d793efed9a723e77ca8272f8,814588980.0806189
725c029b7c5807a4b0ba2bc9,847104881.9384675
b6d3345346f43dba053ceccc,1048576633.8335564
888bc3c4ceaa108e048ad28d,1068862221.2716868
267e000c89d3416e551462c2,847000839.2053066
0ab4a4b8adda35f634812221,951074383.8267436
823ed628bddea9b56792d108,640288780.5133601
a189bd7e4eecdd18ebc7d353,1096674099.0501075
da16828139a19aa11bd94ffe,948445682.9827303
874102a58234cc7888902d42,860793274.9316204
789e5d19fa507823cc4c5296,873209689.2716426
174bcb77be3b7e408e61d7e1,827210452.8598895
31a1492e589f317a58a79df7,638471219.8877712
0825f2ca4baf5b34231ecfd2,1100124656.5689666
ebc96ea800887a647422b8fe,687322671.909082
969b956eb7769b6f509d3ee6,894018798.703753
6ef9135481d8fc882a1a735f,778786095.6878484
5f501c4532ade3f412359a1c,1139497251.1512477
c6d075772255b1efa52317ac,756114247.4572098
535bdffc5b79d62aa6179c48,1272648869.0067296
e95653d504208e8da19fdd03,948445682.9827303
e4e529e778dbc89f854252f1,741689553.9530009
ec5866fcdb9afffad2d7f5c6,1134275488.1518493
814694a725a50c306d774342,1009737029.9526978
1cd6531d8539468cd5f4b315,667884677.148678
0c3e734afaa6b7c370754082,663733773.9002346
f80eace37237614562f942aa,958827945.8461252
3aee70815bcf6effcf0e5fdf,847104881.9384675
ea21ddfa37d60737492509cf,654353400.384691
67c78ce1b8a64f36ddf90cf6,690894769.9556695
fd2efcb61008dc9d11756381,844375630.8606596
f51658b9fea670bd943d6db7,767673531.0558561
b83b0a53ead29faf9dffc0fe,933347445.7817388
c1329245f57c5d9019105382,1012449839.925056
98665b825fb3a06b914d39cf,1173133835.026021
24e90a7d9a2bd0c30a4f661e,816518255.3922527
6e64677f8d730e1f9ca240d2,711449951.2819822
a742819d8e4cf8fdfda6e094,882321138.8723327
ed75d1c40109eeb51fd636f1,833230335.3661326
cfc2ab56604b4e3734d7cbbe,739181768.6637644
ed5622c308bfd10602e939ca,1028228694.6520311
5f537d233678443192d22642,1063498014.1438053
aaa79ce67339dc53b4f41dd2,1119778138.335774
5f467c6c80023b0174823d85,722070996.5709109
46fcc0d53b263beae95b8eb9,1110869111.9327607
2bd47c19e5d29a3157fb8465,1182473689.3449242
9c9c2f05352c92c02d080e96,1160965503.0022104
cf8fb8db6f74c236cad0cfcd,1147264767.896881
f42a53a05dc90e617e0e4c38,-69063262.24168825
bd612d494e2f21051556ebe7,721689488.5016699
ed1c8ac25a3db5120c92525f,522985733.08022213
2c30c2736472590fe45277c3,701409592.7706175
bbe2c06e6f90c4234a7781ab,853472495.1066475
b527813993b7bf4a10c05683,847143938.2480907
2f610d2242d583654337d468,1114565359.5548794
dc25c9240c67effcf655b02d,681756917.2578301
c35f5ef73168d03cba1b1f4f,443904025.4337373
e88009be52bf5803ba3665d3,652532747.7694148
12a63d4fcb56c1d690e1bbb1,996220846.79674
1d58ad85a82f7731e0f198dc,1116933487.3897803
a2fdc7da13d098cfeba13b76,542832874.8702756
1969ba34b72e61337246cb5b,132931976.99503559
8be43cd8653accbb8fe8a270,874564544.5802329
10092cf2f8afb3658ae475ac,697554949.9746702
0fd313e5a0f02df07eb6b104,257613410.37474626
9b5f013e795f5fa610d03238,490576888.69452137
b1ec4b8badc955f9f4fe2131,835132827.9344472
e491adef93281c097ab08dea,361153817.85453206
9a65fe451b30c59beb3d62ef,674212011.5490605
0d3245463127143a8a52014b,1027458799.133771
a0e3198470f97f6a169044b3,987521181.9119673
33e4901b6e72593513a02207,589834914.8754301
f45234a3f0aceb12341be024,744903305.3175395
a71d53ec4fd0d64f8c06da2c,776828054.7028891
f1b30c4ea99f19a81d12f73b,1227446531.8869708
a52e2c893f85b49e2499cbab,1015810108.0714067
b2fd7ee866066f3ae0dfb3c0,950080227.3423674
5acc9d767e3117bed0fd8464,888467105.2076583
0449a82dd1667c8c564904f8,808518222.7332768
a0a8d63b5f43b87c0c7e1fb1,668089510.7250695
03de77e22e987fc3fed4eb78,841691201.5844783
3fed1dd17fcfbd2b86e73143,740473379.8990426
04fe204d03bd1c9876242ccd,797510154.9650381
32bdf33933c29b1cbf89539c,639246803.7685823
3f6c05c97778fbdc86304bf4,838704236.8502796
478e13e8c1cb5bc80f1080e0,792226539.3009927
3128a4896665d38feb72b456,884170580.6852415
fba6203abad5f4b3b721f29e,663339900.0869997
b25f461b3d48d833a73316a9,1120956718.6017132
1282e129e1a355b161621dd8,978081132.2054474
293320b55fad21ea3f4a5899,73930876.62006474
de2f5db1cd1024a9734871c3,567327708.0939443
200897b1f8bcd7c116a85306,102176900.69437158
7023f5a68e1ce9cfd23fd021,399309779.3476213
13faa4142e9d60412abb4184,475580577.91713095
d74d0241fe5222f5c5b67222,918765420.623173
0e51111c47813a0b0dd51b64,775439444.5278125
25e3793214088669aaaa4ca5,803757724.5992943
43d7b77a99e86e8bd21a19ff,994712287.228929
38b87cf007043b76670207d8,1042823422.645019
8fedbf13ebb7cd3475fa3074,901739520.4658077
4be510fa977b93e34a789f26,490685566.0594785
8f165174bc07c28f9fddeee3,502223552.33629024
7ff6f389e364e67c4238df8a,510624751.48606753
2c91099736f3158f7f09778f,509102921.6027912
7bb1bc81e6eb3b4390440165,636874258.5686154
74e43ea3081841278c76cda6,562574122.996617
9b948f070b94c18e00a857a7,578338660.2878226
99340b6cf8f818392d501e9e,1359845792.9488835
b27088c3ccd93e7d8d5571c2,645973763.6266725
4b45cba0d601f29c2b7db97a,830152471.9134449
362212de783981c9ddb767bb,750600751.0267311
5aa78a2bc8ec5e2be315fbcc,1020548340.7407396
92fecc04105a999a622ba3cd,715502873.4228548
5098115b26f2473c812b70ed,694219056.3518969
e9860f6b4c3e6699e62f6c31,374175124.5472798
71273ae563da6bbc66aa87af,274811303.00755304
6c6e7af42a6ddf62b04c35fe,448539277.2516408
484922bbe02cb218ced0e779,486063274.8588718
76745c2648b66151008f6399,429366184.8565438
2100201e0851e80488371b67,428551760.313794
5885faa4aac834118c5e4351,538004324.0529302
f340405bd7f2c4bf524c50d9,513439902.0727088
1951c1c8855fed5db8031e5c,521428451.60034674
7dd96ddad0fa88f5c5978e39,824030879.2581192
db7535339826028d0fb3355a,718550924.0025045
4317746d5b88142780e6897c,736242386.6713063
5796e37eb1a995db5cc06eea,824097907.4395194
817915cc3582112fb5541a49,710523666.3707832
ba524c4e2f13109ce814ea38,714961651.5305649
c2439ab65fe194d1d60eaa07,832478872.112869
92e4dcc5911b42e7f70311d7,560078272.4789618
6bf86a580c8b510b7447071a,999245172.6556878
975482a692bb98df98b2f243,378771187.0886962
336888717766096b24215b26,1128112759.6890492
ad79f4fa23a28cc84487517a,761380713.2269698
d925c1d4dcb68990c7204b33,759482468.5254172
f4658aee77fa0e35a71da7f1,547423577.4216156
210d58091ea74bb902915250,636049171.311687
186d4731b3af01bbe4d08b23,789065293.8060699
b760fde2d4df27a168ce0e80,965416284.1193078
2e653d2567a47067df169d97,1034684174.1046648
8b63358f3cdf8df0eb1f43e2,1052516669.895674
c09d691e4c7d7b8c8f6a8370,1262265616.7734323
4502e2809bb5bd47b2781212,1058573049.0625614
d03101c7f823dd7d17e49a83,811680417.2539244
f5dbd7dcf63b08f711561e58,996174667.1421759
9855712ed7be7e865656de13,1143439336.1629558
5a6397b85f45fba27dd9311f,926517055.9288142
4d1b0315b5aaf21bac150d96,713722284.3484266
32c7a2d032ee21f8bbc6eccf,793765693.6881683
beae197df95b84881128790d,560658312.9500477
0cf7a6d43221664a060ef681,763036899.8865442
c431fd6dbad57351a497fae8,772483650.3148708
b1f8fdc8e3e25517ab80c065,476319016.6616271
7b346d5a5f5ec7165d1f8644,476319016.6616271
947ba86487536d611f548142,649275915.0942533
8398ba3b03595704b5897704,544068579.3670447
3f895518a7fccca44e534578,361153817.85453206
232e859fc353dbff75c97cf8,744903305.3175395
b234ef225690d57e7c2af4c0,987521181.9119673
393e2e7ea1f20eb6b4148d60,535641118.63736653
668db5244c4d5b5c76b0b395,900200101.8666435
646de9441934226c2ffeff77,888467105.2076583
de53880a3299626eb6c2cdf9,1227446531.8869708
07f10df13b244dc33b464582,840784838.1510434
e4aa393309860fd5e30f49d9,1109952624.1856956
8c714badfcdef8ccc73df9cb,750693597.4219428
0f8ded86be8d3543a5069b6f,789189530.8075801
3e9d73530ff24d3f4a543091,662424680.4794971
076ceb408227ab2563a663d0,185104062.0985703
e0ae474a5307ef4057da4994,510592893.4010917
d41fc79d800458b1691bbb87,1067910537.3553412
dc8262e1493ed593103acfa6,636943516.4437618
bd6c24498bf413b6c5adf81a,368678934.53565717
885c77c839d705ca7d04d383,570573135.0955329
b8896656cf6f5dd7c33ae46c,748840074.9863932
34a9e3ca94ac06347d879942,930811653.6482491
ca3b5cd3505049f1471c47e8,789482618.7892833
8c05c66be6008af7f6dcc10b,861781377.4594848
565fb93190cd34ac8b01f01b,861781377.4594848
6c8119e00b901efd2dd40f0b,894512703.9607979
34c92caf68dd0cec9fc383ef,1391898082.8399167
68939c438c34e79a317a4f3b,1022116638.8285568
dfaba547699e319462abfd6d,786420590.361513
dd1d2e305d37d9dde55393b0,985867864.4649239
c32df77def9978a84f8ba7f1,1012830818.8234167
62103a85a8ddcfbf5e40e284,1024803642.8339864
93bcdd2a8ee1d5b61d00d58a,898584564.3926188
9700892d7133ff2c0d1763e7,1010843673.8385985
fca6d7455056792cd61e2ddf,247781718.6614675
4e84c5953b493be7ca96103a,632637603.9045634
42fc4101da60fdb41f41f0a4,1054714952.8941494
12d40725335f83e2fb9b937a,904401862.4519912
2b9681901b216f2174af0089,734452289.4715297
9ab74e81283becc00a779172,471633076.71191645
8f378dc1215f9213f187c02c,639865802.7021745
4a3a6698b5490216e8f8e6f5,1274003078.7160134
0dd795526c080e8efdf8eb0e,654905014.7260312
3e7217f628a1d0fc9bc47071,666096111.4632199
157195fb2358bf2d5051c439,723062000.295732
37063e689732880621e4e733,1021159098.589047
3bc68bc2d6a2b81f9e3b9a50,392380278.5772824
ce21f368495d385fbd98de73,575036810.023158
1a6af7fd6a5b0602052c4c27,655512709.5181451
e38259adbfd953bf085a69b6,625737338.491949
0cb6801c9b57e874102ca349,683911898.8508989
79f1a5bc0be914956d632658,770605159.5079359
f571f85be35a72b2ac358d27,497847191.4015294
163bec92a997aa8263f5a909,985210154.8690768
9ce3000cd80aeec2c5188e8e,441616469.18340755
6a6178c4cae2e92a08b0dd0d,651781004.0076327
d52cd6eee468311666218625,1100130114.0732574
8eccd2a6352c33d8c7abcea7,671944663.1609712
53d3e32b1dc782308e352a33,1047962101.5839802
be26f0523e5cb13846539384,904847536.4273126
ad7739088e8febc68abb42e5,608049949.813492
add4f9dd26fa34829aa25eaf,809647352.150748
17005d6ec889a947397ab980,407660769.6648052
3fb3a581a9a74146dcf9b71f,442774255.7573496
51c4a8b438bb0d97f712af31,707275794.922309
0aa1332c56bf357f492da2c0,461070863.3487006
6cc06c89c226a062fc46795a,714809483.1002175
682b38de3539b2a584446922,446797724.04970074
1cfe9cba4c2015e7b58f05a0,631190034.9278089
17d34f9cb105ca5010191142,875406769.3442695
1fc0faf46f3b533f2cae2c06,995861187.3514886
12f9e1f78c630defe302f781,806025632.2293425
87bd6ee6f17d2bd5b61b0ddf,1105901365.96702
fd4ce3ddaf79d1b97043ce0b,1086781380.3263264
97aacb0847561f45a5540f21,518067077.2385894
a6dac56445613d70e49647e5,822646655.0597857
8b1acd29eb268fd684036180,282066450.07291645
656c13ca7a1974df58e1b826,1147264767.896881
56f72c2d672b7bc3c264f7fd,771790121.9471098
3771c66b9ecd6db0b201d4c4,275348668.6301228
45e2395bee937c187e3486e2,822422038.459183
7c6880b05c212c66b8961b71,528140084.7174343
e0ae8d2a51c771aef5f245e9,616784022.2039895
3573093e56e95a982a41879c,1046165045.2377586
0920b2df9df4f0e509a7efb5,454536933.2100525
43600371d44fbbc81f6b6fa3,-38452085.01139927
2684f67bcc89c8a5b95e5592,512546391.8022157
ca463fbe3e5cacc152aa70a6,275348668.6301228
0935e87627068206f6d9c0c4,793268438.5515869
10afe23f1f58f96422c97934,118556652.85755932
f3c8cf1fbbd6cced1fba0930,648166770.5254785
abfda926d174a8da1d946e27,551828308.0195158
fc9fb2f209a4b5e66f89712b,536708859.96695864
15d10635d71919d0c9663fde,522922718.7184534
79733fdf8881b0d25412abcd,1024989279.2360299
7254c91fc9b51e76c6fd2a99,955189495.3245
b732021729ecf88d6297b48c,888629979.6874454
edf4e11d1f1aa6f8080c3156,1110921816.5804057
0706ce398b2bd64913e68d39,1032407558.7677608
ea4a797b3d73d1b2cba9d651,1371668025.7741976
6c598362e322971968739673,352599521.6498059
130a119701171ed3c439c527,548675174.9230154
849c918d78991c57f32f2031,1027891866.0409734
036fc9e01b2b1e3ef4574372,597234687.1209936
e4ee1a81aa121aa5f55e20f3,623044060.9714854
de926223fe4296d96466c685,849622887.6454464
340ae520163a220061bd7f28,624726477.1213608
11e36a3effeb0119b8bded5b,640016693.8267045
2492a7a74edb57f784f6361c,663568942.2292253
1900e7808046a5fe89d8e440,1165055720.3101006
fba35c04cfb7b6db50cbb57b,1031515614.8587172
daff79365fd94d1d3a2bbbd3,553962301.2064184
51230c899cea0054bb74cc44,663429554.4787877
5e04875f99a5e4476c0b4186,745228249.294694
542db19bc6b9a1366715dd7e,753806302.15394
a117f625c794b7d52ec67cd4,803402312.2737277
4c59acda820b7b75823fa277,706425777.6630754
f040a167241599987e7b0967,743714405.9774548
4a016eba4744dd01954f137f,38204029.82921755
0d995f0ad226dd21bc96ff6b,535380309.4768831
3d44c742b1aa4c022a968ea2,706049980.0015334
e47aa2541fb576b9915fd625,522498633.94790125
61fe9ea90c8a777971db8384,675063689.0487194
4a611bd82c9216a3771ca7b6,890372440.5365589
0cc5caa9b48a835c92da7653,696118828.746121
9a7f24ba55c92696d377bcb8,1201141780.7834058
32366fe92222b329e3d03b29,730971953.4857633
aa26461420614755c2a52db2,15566811.942762613
53a447ad5e011909080c0ecb,1116084522.1839654
9d790c8c474c9de2afeb00a2,462697811.65028
dbf200ef5f1e15211e2fc6d3,692319845.1182297
b96c9e2591a4cdf9c4e0c09d,683217799.2065183
78eb6f51d94a61a967da24f4,1066611698.6255882
fb338e93dda9159476b8382c,481406049.2195845
72536bfda19f78d370d95f26,1214582630.3794994
7c581e2b9daf20131803eed3,817736914.2979321
50cb0ad562ab5ef4e06f84ed,674162288.6544508
a24901956dac4ee0e4b0c91f,915633654.262101
c1b386f478152f9be1f546ea,400798933.0639554
1f34129d15f992a3b62d4b21,282436120.098042
299117d35bcdd48afa4c2eb0,1120854089.3118536
4ff6c53c0bcfd1d24bac7ad5,13472486.93999517
2e52008bd11000eb776bd80a,1017888584.5808077
56b78bb57b2d1f064c47891f,499920941.7044308
ef64a8989a6444cc529dd1cb,655549515.0286729
078f7c6532204fe046b13d14,839612877.454492
28c0649dd8b294574a876e95,997369036.4032245
6b9b9d28723c7ad176a9306e,842300880.9857273
a640228932682c0c04538ac3,749327596.1045235
b19efe9cbc26d61daff5ae90,640694788.5724857
dc69d70e4d2713fcdfd93dd9,839612877.454492
358e85ba765ddde3ac31be33,257799882.58363485
5e6b2661bb7ba0ce4776d483,510231461.4339287
0b6dcb5c1952dcea931e2c20,674794006.5527633
cde84d2435eb1d0d4ffe2a43,532400988.7760588
bac550d41b2cbdc6a110ec7c,733192442.1805272
78fbb49efe7dc0d8e144ad83,930795729.7554364
606affed5c707249158c4b49,691554560.1912085
d44778d36fc789f8b8c745b4,872348908.1392207
27ee3504d1df34ee8ae5dbb2,950839083.2252679
60bae7a45a084f117eda823d,777265176.5622375
98aee6a36f208227a992f9b6,1074967725.0798147
388a6dbda422f886e503e685,1105255742.5285983
2869a2d2689af65497775b1a,1289412326.8079648
19993833220392781bc15279,1020532837.307776
f0efda3f7fb18af1b44d6aa5,1023463881.5915421
cb915d1ef92dff803c5cceae,1207789224.4383872
4bf02d040efe5358d4a5940a,898812504.3863921
1382140d8fb634851d4d210e,1020376450.3736529
b8ea07763f2e1a3d635eb23c,467620262.7515755
8ec00d454698c119085cbee7,464516904.45907736
30d5185ca2ac2fcda2bcb79c,486646401.8208465
d0ea7bcd8cef8588ca50c778,533896064.6130254
fe6c19c6f54606a611d412c8,419410347.8455752
f22ae3d17c92427f5227cbf7,467868832.0965935
92b3b7d8dac6b2f6d5fcfd9a,518702926.6792729
8c44d216517f5c59e2611aac,442963118.56654346
b85fa4bc59149a7a25447537,287364842.996948
99f10097f39b32a478877340,635650538.1636695
44f8d5ab70828e06198579f3,861902786.957027
1f674965c913f9fe282d07cd,-12239344.187712908
60e768892afb284b0e5042bb,865062815.7105763
8a6d013451e46411d35c2b6a,746389914.6255163
6f953b9964d60f6a74c81226,732120382.9587181
05076b448cfbf9dede72904a,966913827.053664
47051c25acf866250b5d3ec4,833938757.8549453
0952c73b02dd5432aebdf2c1,774130494.7605296
cc3ef2f4fd5568aea96c257e,886143774.5167241
834fe4a1e9e4efeefb5aba08,320803014.942594
104cd052884247b14d697673,789986685.6190455
8bf61f106e60d6be03799de7,1099662438.0265608
c13e387f56342f88c993f0a2,777571218.1236273
ae664789baac0c47d13c3c19,619135024.6027275
ecd1e3003c5d74a3c7cbdb11,827895887.8473457
561cf254aba002fdef8258ff,706115046.9853429
98799228c26c9e4899bed65e,1012097892.7706224
03025756be203027ab75aaae,961694579.3052964
8997555e7bea06f7b90ce821,916234790.90454
e91a3f962129068a3a76d209,979462049.3364749
4bd0a354d75759510ab6bb46,748571589.8205036
f6c1705a83c039f7a7d46255,776546604.3327353
0c4afcff5f5a90cb79807682,830179637.3845099
d3222a7545e302bf10894658,594530952.019152
03463535ae93b8b123eaba8b,831835402.4052933
360e5cc9ee1282e5a6ea17dc,662152390.4250684
07f24808e42c9e11a7c20232,648091300.4017124
b80d0456fba49a40fd774e5d,885665394.4037404
f865411c20924c43a080794a,895368867.3452187
c578eb2dffe903475aecbffa,740033451.211066
d639498fabe1db1236656593,799302190.4267864
e6e3bcae6ba114caf108049f,486999792.48993397
7dd9760286606c45e6a15926,809375772.6132435
2c5f07a9402cc93f4c683759,803029433.9872577
e3295e732bcf306a2d338387,455988109.3279098
240ccc45a242f80f817b04d9,827333076.4339603
a7ff59863f8719590146e71c,646554102.6506165
e6477c2014ad081d22f12b9d,321575856.64826584
807687fdb46614d9aa139b20,484852031.1979046
317d8f9d18599b346639a4d1,522423793.6016893
b85acd44e18ab485d3ac543e,67301421.17699385
e61476e47d7e7be706d23fee,779275661.8607062
270a97e07eec2be02cd89a86,801648048.6944118
4c9dc4494a3428435457f575,-87519353.60434377
26e58d0b13e7f7f5a54585d2,920743414.1153078
166e1e60acca831bfad07736,814861792.0867786
aa25d9f8737f142b8cfa970b,849280008.9690888
44cdcca08e1e66a1496fac6a,575438043.9400239
d75b7730e8c291ed41d7caf1,749763413.2359829
6d1534800bf0ce97197efb6f,776001278.0047655
8b13054b3318289aac1f13db,130865652.3637284
c6cb6ccd3f5876c9b9e29685,604016477.1476097
0356797c1683d002bcd94899,1172469677.9395325
558cb38bcb8de04588bdfa30,762721479.2950836
0685f2225b939147c8482e6f,283903068.56020296
cf1ba56710023ede80a8381e,1122089107.0304418
2d4bd56e71f90e6fb387a2b4,690673601.1350428
b96b8e1d636f0c10c63e5c6e,752661370.655653
534be635a841fe21c7a702f2,711688075.1445087
dd5b4eb5d20b8b9c813ba52b,472672961.4357989
46941e09b153ec19f86c0c2a,964292456.945203
9f06ad3793ede2ba7f39de43,991523155.2300248
b3df8c66475021fc04f107a6,723797268.3028045
468df200fa490e667bfaa31d,610671551.9172015
8130ab67c5e0d96a9a67fb12,691823677.5021114
f7ea437311c0d217b0d572b2,422383656.89640975
ca0b59b35225b44447967ef8,483817391.1402014
90961073d9887bc1023315a0,572153297.1396881
a1421c30fb33a249bcd54394,403901321.0978154
c87d9677bed80b0fe06308b7,502028301.822137
d331a4d58875a393080fdc48,438999050.4982583
2f3281ef06475d2114fbf9a7,461398032.570444
487ede1f7f155194b69c531a,550302984.5338444
04308f869d7c992ed3ea646a,793779101.4683574
912471caea3c71e3f9f70877,805608475.6154976
1baabd705f72393167dba5c8,529274337.21671927
aa4c66791884ea2a8357924a,338507085.57721764
1ce08c19161bd0545eef8a16,997512193.0056047
01eb0a2c1033c30830161321,918233391.9535239
b2759de47d28e8cc05c94e36,558806053.0042019
bcdea05b890394a10d24601c,495232485.1741413
db9f66f68aa772fe29e37edc,446144015.4855367
bd094081331ab259b1076261,499874324.3559251
81e7c8c1894e0c3a9315ff27,484761541.12743795
7cc9cdd32c209a62908a18ad,646605606.6714879
1e18024ab7d931bc7ab5873f,995947031.2852904
baa146a6537e8630180fdd35,923650653.9085388
8b788f742021f2438ffbf528,505804069.74898076
66d41314804d77ea0f440695,822618735.6077417
72dec1e6e65f6117e10a2473,361091275.64202106
4066da904062a0041a809b02,646605606.6714879
b7570bfc5ddc7caaf610908d,646605606.6714879
f6c6eb3fac9658c4951c4222,636641058.3455039
5fe25ab9cf4ea071cd6287dd,461398032.570444
0ef36d33e6c378c946b8a65e,646605606.6714879
991a94dd1e99de493672da14,636641058.3455039
798d87a368f073efafead25b,646605606.6714879
9e8cbeb53820394a460f0879,636641058.3455039
7b5582907bf47bb9e873a513,678175825.7345258
0f21ea53a480e4363b8d7aa9,903930249.8359152
ee667413d1cc49427ad448f9,817305977.4055239
12bb70a95996dc6e286086ed,817305977.4055239
9e9e3655ffa5921889cd8ae1,1095161011.6767178
f2bfe55b6188070fc5c3f59e,891749838.1194994
1f00fb18ad48b32c666fd319,585220276.1589823
86f15ce6ea8e97837e6b9383,719923782.8375766
7002d00c9acf8b8a4a5865b6,927297952.6294281
3e85deb0237521f1a7a8fa84,821661415.3466074
1bf77cd1c4037f4d2ed28036,994445229.1196665
ce8e1e2e4a79fa55a8547457,1213048875.0079558
73a8efbc036911954c07b91c,743677672.9168005
9a2051367d6dcbd90a4d60e0,903433281.4556489
3804d5b313b742228ef0f1d8,936234779.9495534
fd7b741b96080ca5b964cac4,884356636.0028316
c4cf9ab3776289a412684892,808653710.2492409
1c51566c7dedd4a46503131d,979157439.1995742
62259b400be228a30a655a59,880985373.1316242
e5092b4a94f1c231a0c47680,1186061671.3434958
6f435cb10e5728ef45be9f29,1084369672.3245344
04a071d777e60627223e28d4,-43254567.711675406
1117078fa37ed101e9120923,580464470.0450162
d56fda10944b088d9cbe1162,571760227.9628552
e01c49250329331a442615d6,518788333.1540044
30ab0bbf876dfa515b266c9f,357787362.6028782
6aaefcb58913bb3f49954b2d,740567892.0719978
629a6122db92e378f0eab96e,801801089.6337994
a8549fa4bb56a2bcc0e15b11,57000717.77459633
34291b30d129222905ffdaba,636918002.4548068
cd5658fc146ae4b5d78fb565,556813896.6216537
ce14bec246191176c16c4e27,782384369.5876966
46529f0455fd35b2f4a489d0,642905431.7601894
52b3823c59546a6ff3de4d09,-74920460.21040857
959b7ea50d93bf1c36e35005,828410418.260385
5c6edbdf110bca5a66a51585,57000717.77459633
d4f6cc3cc6e923cd37d0fbb7,-25337639.40672171
2865962bdff8929888a51341,1001835866.6683251
105bcd15e02d39f70ec2ecb7,572372320.4101756
b2357bf117ecb5b9082871ca,-74920460.21040857
273cb73a7bdec0d291e845f1,571760227.9628552
1f4cd62152d4940990ac6a9d,406696637.9782703
a13ff325f90eb49363f59052,813044457.7479259
40871d7ade3e592560d0b3e3,490685566.0594785
ad2081cd75928b8f5e506944,1082403007.7584825
1508ebe40f90f90a68f6dd69,571760227.9628552
d3cda82d1fa53a7ca1b46a33,1026427686.9430935
dc20d46be2470d85ad9e7e45,606124365.1906208
0a7fb26822c2ca556f62a257,556813896.6216537
40a1cefb3cbb7e2972e30d97,477714334.6787882
4c3a2b3e3d5999f747ae0d53,880008393.215805
a8870552db951bc4e76e7f9a,508927554.3339987
cc48e66185c23195cf958612,912729224.4564905
09d4b5b5c2f97ff88215708d,702273209.7199011
a59320023948e2d915c07306,688028960.6301125
a74214a0d4d40b898ee2be88,473185533.41287017
dd9f28d722d43112651786e6,570753240.3770481
275360e29bf3309e09ec41d9,192443034.51527572
1e21ee2ab4ef88194cc85166,419397088.1483864
268c1e17bc17dd646d1885cb,437609387.06127214
33e22ea4154e8f71062dba8b,512697860.9809715
5b5db88fa09ecd8f4b9cef6a,666159621.2629602
c41dfc0b917edb6e6ef7b1c8,717353163.9332757
3ba6b07e752fa580f630eb8f,1219526152.5130343
fa6db64bd7cd8b0f1c0e2453,1204605630.3639338
2422ffac7337b402339dc550,1121815796.3685412
dd6d47e2626e2bf24f842f21,798163708.8373238
bb433dc1bd769d684d8b3352,953848012.185893
812ad0d57e4291da184bfae5,490694369.9183402
51a0a1a680770b625579e25b,1111499472.1223385
a91fd5b9b1a791a6af59b70d,818703136.3633469
094da6ca19427f1a943105f6,981263779.7763546
7af0a604d1901925aa179436,845613460.028493
890df90091e14d1c3a1b30e8,669054383.3941001
aac17b54a68bd216e2bd1d45,35886232.94974017
fce26c7fbf0bc93937ea5198,652917552.8066143
b4245f075bc41aa29b55d324,564772208.6929859
bb70d80b0c6ad3022160c8af,222504735.83594298
ac85c8f7605ceff58dcb55cb,582660582.4578543
520415ebcdd1a4059d18e2fc,853889393.8298583
81547b223494084af3e15bf3,588113047.8265055
a0f1496a0b4a7cd8b850f010,944253611.3415116
436fd4dce2ff0f71232f4b6c,565559397.2040836
3923f0e655615aa6b52721b8,791554907.8405756
afe03b938be9cf14e98d4a0b,429892044.6293496
0f1c472b94feffc41f1caa44,450603013.68215793
5b76ae185e6b41243777cb4a,497772046.2453004
d70b133f81d6f1c9d93e2ed5,440313754.77731836
865459f5342a0102d255fa07,83351249.97385049
fea5eb95dfad452d6786b042,447401999.8216634
415622d0f7adb1a9f7009a63,502030844.64314365
543edc342ad39b149501aaeb,100376509.01368415
89e1d01cb5bfdf567faca443,682052571.8492665
e86b99e5dac8ed0d8296e950,150783323.33967638
2c85b19f02bb3768c10d14fc,572175979.7364314
c17a3139c360750a6de5950a,766098605.8247705
cf76e6077d47a14abaf0cfb3,165637093.14749622
82ad4b3d5a215f17e745d77e,794785756.6977305
dbb4260c89524c78de7433be,579844701.6720035
5b312ebdf71ab7971f9fd2d6,619733142.3875717
b3413352f0280412f53562e0,71164012.24732995
28fc5f188c5e11717cdb4a98,-29097470.2915802
c4d7a906b747428aabd368cf,662625846.4199116
a4dec2ce375ab5e4bffa5966,638752696.0011247
546d570784c7ab8746bba80e,533080301.5980146
cca9a08bc4a91f317b851f11,822967188.5748324
bf43226ba66a3e2033d32fe0,962571719.3554341
c2717194de73e1a1d8dce40f,172944108.83755594
acfc06021a7a81313d85f62b,835177431.2664
2d531a26f8b1a8afa511e3dd,605284582.3522553
4a8acae29064919c68fc8600,516531903.62173414
691b030abfe1190802349715,6990639.395550966
a302ef23e1d0d6a273274cd0,160576805.98145533
a742f415d6c57e8493762c57,992517794.625952
4672d1c9c3b04fcc87a0ae9b,997043077.2907846
371a0ee537001f7a9d58465a,774191960.2541324
ca5eecb01282d4a84017bd50,778580773.2747124
40eefaf8c26b8b4736308bf7,845638273.0892458
a7ff08f7e09b19c1546453fa,786828376.4483278
07a6da2c9c4833ee4cbe8625,877126629.9832114
b2d32589626abfc81e44cf70,827841492.1452394
aeb68eb7eecc4aecd5529717,842868020.7757226
3c0b438c7a4fcbfaff9f678e,904710841.0336707
c37b357d57918c3a651a5760,836926951.0849224
b65c0544e9deed76615a3138,726335144.9704186
3a8b7b9048c82797fb01a8a1,665941213.7583252
7549cbd5c8003204c85ce1a5,993655838.1716095
21b4c1ad11bb1feac4d02308,980564511.8297031
b972611aaf1b68340de16545,829082260.6422946
eb3356f3856526dc140be7f4,1085170550.3786254
93ba409ab36d3e10eaae18c1,807504832.6484766
5717732a654405ba208c0f5f,1057368114.5406473
aebb556fa6c9275a9b5c543c,1182102922.583471
fc72e535900c592d6053b806,871143739.1299969
04d77c8ade9a55fddd28b00c,911130474.498787
028adaf559a05c8882893767,852003114.0292687
95781f187bd3fffa3d1b19f5,812942821.126503
cc2c78d41e3fe29de0b4ec4c,761418337.3875952
f78886545677e19e472fd0c4,433805902.6250159
3dcdbb92628e6a200adf48e8,1067881801.9219952
4993d1487d78cd9ae2c23619,988822498.5580761
a8a2c61f2b994411af5d9bde,800105060.7874476
57fd11f829e31e198326ac98,1008712447.4595698
59b9a5730cc8a41bb7a1d16a,1016501065.4058486
85b8a65f1b00f78e67622bfb,870891705.0637624
971c610e55f133a1d1e6c2b2,754897833.362102
0f9867abe3ea0b9c5363982c,822209681.4535055
086521dbe18727963538aa7b,919073995.1791141
bda3c74ea6f73407a3c0a17e,797187769.1626129
257c765ac81bcf773473039b,515970878.49156415
80d2415c0460088d69574285,861260455.7511263
1554f8aa4c8fbe17e9e82d0e,1015562397.8131604
00f6a62599f25ac506113149,981667922.3632674
ae26e4726c16cb2f6a6d3f2e,934565967.862447
8018df1613094a9e4606c875,900230753.6439273
eae4a1cce7c039c644f01c6a,826928684.2324942
b07cd6c30350efc5de211a8e,854452869.9689585
5a2624a08494481388f6daff,1098538911.3710957
b8eb177e22c63e84738e7788,690387158.9168386
ca02c904cf5eb96ad20705ca,766183602.194166
8e6dfdcc28f830f2696de9cf,543589555.1001816
99fdac6a2ddb1136f7117f0a,446561248.8831232
22e9f1b4b5e887cb5f0dbfd1,569896634.4769509
d89f812c7edfeb3121bf639a,483341189.65893364
19957244dabc3f727733527d,374776027.617818
ad1322132f3b533b4aced580,501257013.3308084
40c2ea5f89f5b77cc09d1455,483554191.4528063
140c4de69883df9f3fb3a538,449710171.9300635
5529091bcc05ba5cb2156b15,575608734.9403774
55c5e58ec636586755df3dee,600630373.7859075
6049fb02c166ec9b4471a7c6,683566388.9450572
758b4df32244a51b2271a891,364116201.1250144
2ed1ae5e6fa77e447af230fb,713509931.7537285
527a1c27e038e45d2d1fcd9f,226180394.62594628
1d0c3ba50087cf01637de6c0,570713560.247959
d0804da971548399183ecb85,861336497.1254426
46a7d0f520dd1e78c0cbce0f,861336497.1254426
57e5120d0b71ec6a67746a59,649052945.0626714
b5292c1e1683d40be46bc2de,732460206.3742231
01e9c7531cf3c63c04b9189f,604727379.2384666
06e91b526821a6ad1372fc44,148911533.7824077
34bca71dc9c74a2072f11e9f,1012172826.3046609
22385ae2b3e7640e8c40411b,673357992.9821918
6e4adafdd872a2837921276f,530782485.64290714
8cd3031963c612efd0049f8d,814153356.265798
43b2fb09efd1593a94b61b4c,788347883.065086
74448f56811e9562536eff6d,594555083.3137486
44f0e088fee626993778e7fb,865964975.3957886
6e6f7fa167c0f617f50c86cb,1174064219.1666718
83da5fb4c15e3daf727a3cc6,1045304247.4579697
b45c8a6224ae2656b4189526,733552433.2771597
0d926a0b5ef567c627a7eb0a,930254027.3044012
c73a1177d787a5ed72b8a9a7,504204377.1123438
75c1083db5c940e626c02f53,514347342.6559166
b925c9218f5132c6c81f3a18,221436.99475216866
9a091c59b3cb4c730372b34b,514867411.2282308
bcc704b2e178dd20497e073e,257310571.9113447
6f65de020f663622146b89aa,506228762.8476189
9f3680d00c86707fba024dac,861914439.0325584
18d5cc463455fdb4d443a6f2,605280183.5207008
f1d76d78f9266d9552bb86f2,479688783.5481336
74dbd25d407e51337f883659,1025564063.5981467
88ff73eb829a6ec5bfcc0222,938837927.7148299
ed5559fbfaba86299e87ed89,318219084.5956355
5d97aad3e83e26b551c3399a,1010124348.4486394
2258ec00dec6a2b85f439135,1010124348.4486394
6c94fd185169e708a08d3535,431584946.7323552
ddaa88a11432ca21d3eca774,69192695.98659205
2749b5cfd2728ebdf124a0a3,537244663.788005
a7546a6c6194506dffd65360,981398024.712288
6de7bfc5e8149ebc40ec0e4b,723648843.5932795
6f83f14861e13af92a2b8cf9,566067974.2302759
d71d0c8357f09fe2f77bedde,997392594.6701236
90b28f5125a0b8a0e3b10580,855510944.2232077
940e08f8fc66ac29f6d76687,740951779.8822919
41d2864e1f73e29f222c61e0,620648015.3473961
f7399e57df358ae7adc9e08f,814580395.7359383
1679719f26e7c650f24eee6d,847929748.3846439
0803ef3270948a30b3fee2f0,405454681.65275896
4a3defc2b7d2cd751c9c970e,757511254.2550446
8bd2490f83568ba653cb74f6,949208595.1227183
b4ffd0a2cdcadfb962578199,641229740.0970367
7e5064603267b61520d8f83b,444434340.6227034
88964e1202647db0519a8a00,242467340.37520468
f3d94d0616744b87ff139533,592418690.6239294
60704a08df293592e4cb5719,494481172.3450417
347d5081f7bd36c8edc1f352,989325589.2662927
41d3afc1118758b5314db48e,647905896.3659294
80a1dc97797c41b61f46ec6a,637365192.0496399
c0ff8812c1e8eeab07c698a1,773842615.7071421
a9a4a765b1daec2f3ed59a80,516733402.34818524
33258f995a375ca192ca4d3c,896157348.8581765
80b6c823bad5b4c0fff46657,1076609608.065182
719055eed27f361071cb9eca,897100044.9017667
9a354d8c526efc5bcce59dca,765703568.8698264
9850d970fe9fd9bae89f09ad,1000512442.3289363
f2c87b07466aad7328b7e0b0,1136232521.072626
27ca0c2320c520342717355d,459818119.9412305
e958bd2b19db118c31f893cd,459818119.9412305
46dcddfc78444011abd29870,741333706.7023394
061d3fd39da1b4b1397054c1,606493925.8406892
3d1a8884a9687e53e5fb0bb7,373547035.6533488
1c0236d4bc291372483a9151,695182839.4010761
c1420f278d45b85c56f415fa,786698038.6379645
ce6fc507df0105c68c29214c,380319897.0611461
e4f26a73bad4e41c375dd897,1000580083.3501278
719190aff81379902beb6497,972483869.2282093
da627dae6941b59d1eb98e35,535689442.10998
2189d3297ea703e50ec34d96,802092536.8749235
c7205874bee601a7b01a0cd3,1094177178.1481724
a22bc19d0d83b13a53630b7b,661125278.6284153
8acebaa9fd7e917d7e3b391b,464666136.61807656
4e104916ab915cf3c0bef846,875406393.880863
b0df95e9fc94d9aeebc960df,688903798.100038
ab419cd48b81038c5a30c721,410904136.50725156
5b9bae6f556700e099fedf08,951407248.1178205
989360149d9cc6088391db4d,812397115.7599838
bad7560aac04600e1ec1a9ce,517595096.5104468
08d9f04bc4ebdc74e9d80b16,804361057.0073531
f4311c45516bafcfe8864c70,919035194.6971226
c84e1db639ee43ad83f930c3,499920941.7044308
f778fa43c92344cfbd700432,673120182.7781942
2019bd32dbd09fa285a388f7,959529646.7592605
4db834146c4e73b515d510ce,482506832.4661275
9f9f2548425519863e2cd6b6,1135988382.8510513
6c3bb7e1696df587990161b1,596077969.0010375
82f08aadf1eeaf2058b50592,585659536.8038106
753e74e4dbefeccf3e6b27fb,505410126.70743954
a26149f589edb9a903782a3f,545734119.1837317
bd264728a0464376e22b6bee,515350075.44600487
2d5564a502635dce2d46ef8e,895209343.7847475
05bcc7d7db8d352216a4af59,896807630.0410652
4794d9994512f01a4bbb6c48,858265166.0789328
64a4528640fe492865ebc0dd,717944331.1841837
f655ec98cd42b0bf2d7cfbfe,629610384.2894121
b09de5f1e028d4fafeb8a22b,643385055.6291425
4c79f17573007a39bb2b4b7b,939718179.2103853
824894236c20b081af2c9868,945950502.8813984
107e76f0c913e19217662faf,652609926.9061916
d5e2bbb69ba3876b93af2d3c,1056048460.3858514
a2905faba4c1177603e6cd5b,690853757.4047997
d13e3d432783206eecb0e192,1152573850.9976032
6fecee4b1e5f50c0b27dbba4,895122279.4016658
57891292fbd530872cbe68b2,983768172.1324008
d0d6a1b5c60ad420ebf2ab8f,1044520364.9809543
711736da4f0e8282fc8c9e69,1231100660.6608384
f32a3b542efba398907ec912,605958137.414209
299a94a02e887c6ab1de59c7,465120453.0639116
ad844bdb1150508a4c6d57b8,980560635.5481434
78c17e6ceb87f7587364c873,470520321.46841764
22e8713e2051c88cdafe2364,629628757.779336
79c5085c14068e492e402a26,922269446.156461
205e9d987013859f391b27b5,1076754477.0055187
36aa7d0cbfe40adf3c86a134,954743324.988719
d54d787189cc8f014ae58aaa,1053966029.7757416
fe2f1459eb0a380dc31e3a4e,873958244.9235113
ad663952ff2ba1953efdc460,815804143.0635818
b7320c35e90f33fbb1c28813,610860771.8867809
8f90134b8e68948cb18fced1,684433715.677016
2dfeb06300828182d4109c43,845884973.4074489
3f5a0cbba1433e9b6588dd73,538754165.0197417
f952c40e24c9df4ab2d62017,861064953.1185138
462c7546b358b00e617ce012,906149087.7673138
e0df3391aeb8d3f4b00f418b,678901314.8296134
1e48878318d35476c3e87520,765831302.2576597
e3903705d5a48c6d9f828ab9,650976013.4746506
9e590ad7d22105456bebc767,1023846026.9190987
d0fe3d393eee5c0cea5bb6e2,657215810.3568023
57b3791f2c5acffb0097f7c4,727991389.8658841
e11f9a5cf9d6ab0ffddd6096,1272531215.1691809
9a3920f803b087c29b487cec,829901478.3195456
6cc0fe8ddc318f1bbad360c5,730510985.7625386
3e0c656b64d39ab38201a112,419067711.89444876
cd55abdb54bd56d54b11fad2,730510985.7625386
7cd39eb8de56700519d8f287,646803299.6035087
d762007a4ea5de370738e875,631190034.9278089
f4fc67d9b9c6078003f9af35,679395784.5042936
dc0a4632d7378c25be351760,846847992.011642
530a3bae5a13291c69bb8474,449753155.0654361
32b678be83da2a07b37f3012,177293539.56333184
349768047d470d2fa6ff1930,900200101.8666435
e017c3311e2fdeb50a686547,935778564.6556237
bd0329ddd50f2dc4dafebd26,950080227.3423674
f6252e878aef5f8a641c3d6e,455965212.1946273
45ae8ffacfd00fb4a4f53d0f,1023748475.5496554
d186e369ed884150e71906da,1115204867.0994925
7b9e6b7eb3a5db0443193fbd,833717884.100664
1ddeeae13139b7c9ada353a3,386384728.80475754
a1ae6f9f5d02548c89b23904,799376856.8876007
dc298d37c5235e15b4cd68a3,733564219.517215
f640753edfd8fb1a995f1de1,474931110.9928031
69a1f439de0f06e1143a0006,595063591.6142988
98f253233bfcd16533e2a448,939108713.9779239
ece6f8c652d4227370ef0fcf,1096939311.9185677
599506739a6544839bd97b81,814903752.9496307
a12f49f4ac3c5bb0dc7d8d20,824503726.8815118
9da00f8ff8e19d26c1342274,1188622354.0107408
cf5213877dfb4df98f0dc10f,562552931.1744354
84c7006b5a63add890a224e8,635470826.2193586
88aed38ca59c09e1a6202672,829205846.6693354
e6bda9370c80a5f7e5cb6b07,1015003853.0021088
3b54ab53b6e3453e333a0939,381593947.07145256
e72ff7414cceec6b162df345,648046910.0589074
f2d4c1faeb7694370bc65ec2,738250062.5600505
e1ffd027cce28c44c0d2f80c,915143961.219681
5c5039602efa36222e64108a,922170591.2582197
b50f2c871166ee1009416be6,710644996.2610964
5e7e36116dbc08932f5fcbf0,602235343.8669314
325ce336d3df17a078db5166,670932778.8375441
a26e967b288a1eb6d8e71d46,428249210.79489934
139331d23d9e3c40cf083a7d,826453829.1133326
1704b2d5f4a33401fb153608,521056440.37637925
ee70354146295365bf241d9c,522498633.94790125
fbb0a76f05908c118f7a3df6,441240715.2785467
2aeb794adc9892354aff7240,873687911.4010358
b0a32581cbb586f9710dc3e2,1022756508.0871704
ad7f3aae29fa1e7ec900b563,721848686.2282692
1695225258263bd2f463b21e,861461696.2633648
f72fb486fae49fc1de1fdcfd,908437118.0683842
6b8f7074aed7ae7e6cfbb090,1031106151.4637983
619dab52b321ab297a604185,984436193.6344808
b5bb9af24f9de68e91a1df76,1116084522.1839654
ac3d21f51637207d3e031c2d,641330649.8846259
2aac28d03c2110d871b5f274,444208699.97631395
9ef498b11563827597c82947,590822271.8661352
4f2ca698ff03df0c6386e48f,801298050.0829473
606df4826416ea0f146ddf99,553032511.1242713
9ff08a6ca1c63480c563442c,1164919129.514669
ec27554aa1c62314f4d46fc8,408918347.9854007
762374e94f17a8783a66d598,513757420.750252
83ca3a41ca4b5337107c197e,627044149.4736865
c166a9293fa27e910e1fa9c1,617353452.9701886
57f8a1e37c4ffb1b8cbd342a,564587300.9729382
393d99ca47315ae98fe9e7c8,1096400222.3373163
9bef4aacc63605f2b2b62292,479324589.2519235
a266efa4e41df357ac4edda4,1014643329.694342
adfdb0eda9aa97f0d3005c4d,980418486.5915488
f05aee3e433cb036653b4375,955423337.6122115
2dfd1808bb95170a088deac6,837631487.150901
dadf0a00434e8ceefb3e26af,1289615947.3928714
4336ff9b2dc1d97ac8f9694a,458595516.5716436
eb14a5813f860bb74740da2b,577008597.6802286
3d580d0df1bf9dd124c282c9,622853892.949005
49bb5311607e4c7600caa03b,671756103.5062342
78a39ae05ac53535ba0fad2c,953243278.4327226
936e18fcf06ca3c46eda7c8c,529504923.04812354
23f12add67accdc9ed40f59f,424249125.3164395
eb1b9e15dcb88964f79e6a4a,633884043.269365
e2b7f984616fff25e3dd6a3f,930811653.6482491
b8e2b98548a234a245d7935c,666883851.8383172
79382c56606e701e44d55033,1010843673.8385985
983874e637a1a5782f31089f,916984120.5153067
3da9de8f610e5c40401a5b78,535098992.37181103
cd69a049dd8a3822e228ebaf,658775595.6946005
604f1b5149f770a8f370fc75,407955338.08703506
0d24fc1c5deb78eb1a0caa51,379357096.62926096
583af1118e60e46c347ec593,1083227376.144362
13b181b46359620191e6e4c1,-14041326.396543741
50d8333064f0560cbe549f89,704075894.281701
d9000c1afed253d05de7819b,568331099.5293248
792ac070d1a314f585f09987,458872541.3433995
3e874c25176a3abb336b31ac,752626759.0665723
419ce7158ed62eb6897cf09e,487033316.1998726
b6b87c05c4238be76d94da2b,29453518.464876294
980d809e549333b475477bf9,687937411.2820524
a7df3d344010d5bb7dc70bf0,467690064.54812884
3d474c6a88ceb86e00f68b3a,576779466.0212564
be4bdb73add69f12f7aa6d06,737066046.1154743
fa5234ddf23dd0d9cbd3cac2,739274730.8550713
91a08f81b621333ac58c3845,639406334.9165395
702aaf395bc78986a008d70a,717898966.0912664
86b0c9c1277e9143ee765b43,446277287.70391214
9c2c22e70cffe6836f554f24,565654664.025912
31f56b841b122b35615bae2c,2089352.6307525635
41227dc9c9948a5f0688e426,636842455.9279917
781989d4b732f961f91bc3e4,445363126.71343076
cfed0221146f4d83d641e1aa,207692717.17193115
8ec491780efb2c27df8dc08b,820564278.4647185
8a5866428508658b4a2a4cb4,636119618.8452353
156dc81d6e14a71716aebcab,604046913.5215163
c24be8293c8f4080562ec0fa,456930665.9947876
7fa11c05ed1c123c1a457b1f,813907607.7397772
a63c36f6e7e7ce7c7e7fe457,806287594.646381
f9bca38d3e08176649504e74,1125598633.769986
3d389130627ca7bade643f47,642841206.3638289
70314b0bd995a4b03c771ae7,678534923.9588661
a3c3c9fc04cf2e2a051a12e6,494772291.5627769
4cbe75a162b076c4c454dfe9,477174770.3534454
0c62d4d501a426cc8fde0c36,964574616.0914187
533363375cf2cbc50d86773c,725194624.6337707
21d0f28d5f30a64352e60ac4,422286011.22708344
471b5135fced50f7cb4197e2,750464103.0983696
1c7586fd8a1a38bbda9c92cb,497552889.14356637
a0f28aaedd12f3d0eee8c6ea,564979732.0805502
8923182b6dcc9f2d8be1ab53,656350155.5298362
67f694b29bfa494bd9d9cf44,984117460.7131388
b721a5846527d5338322c9d6,656668842.5508606
ed09fe201c9ab02a91779dcd,696923760.693338
f49045b312d12268eefedcba,664668820.4150503
22ae194316f34d482bdf404b,456930665.9947876
4f450ba5de4766e5ecb8a4a5,497975302.12432957
235a2209cde8f8b0276c845a,764060843.1560583
f563f0899884de7f9bdab405,809060739.0491152
5b462279f602c5b67ada82ee,748735092.3580098
fa4af69aa064a4306cb110d0,734362956.1995667
a70d32ccaa78ae9417aa7e4f,461936766.3504149
77c9e5e3a6d965ede708cda6,795038306.1201018
5637f3d3278ea049333afff4,460913435.9519204
1b1c220eb91c9448b520b76a,793978997.3158742
f4a6ec71ad7790df9578324f,551638785.8950033
217e1715fdd5db76ce93cfe2,558831832.829188
2cfa1397c901b4e940d9f673,489449643.1283084
44672de0d6d9d0cb3b4ae938,636842455.9279917
1c50477e5b3a67f3d8fec62c,655054148.857996
0a2a67e8b310471b115c60bf,434648775.97933066
06220a42e68510eccb4d790d,1105477336.159626
611a3e1d63c6ce5ff8779243,618937180.7331917
1284d7ed08122731aa7c0461,30818800.535305858
d44eebc871d1fa6981c32ccb,571507965.5523477
43272151f217feab78190393,636119618.8452353
6bff92260afd556a98d3e3a5,718654371.1853212
00586a92b53f4a8f9f6b3022,741486650.6839032
745e7f6a83b55196f231466f,981157594.7390792
9c558e10e5bbf230f16968f6,882587599.4744221
1b425a31cbb73b713f291e19,1149000760.5900815
076ccba20dac8bfcf184b8a8,718485976.2455529
c8fd8b729f4ac6270aff9c9d,855703953.6498682
52f026e670e9851b08c70542,752930618.366605
00304df33a3c9a7e396ddd3a,826451882.9003173
ee27eba49457286b5ab76172,847384336.0413891
97b57932e5e20416bad6919e,1029394295.4907069
e570c5f58a20fda42bfb535b,862645921.8308964
79acb227b5ea365414982957,800736224.4107558
d24258de8d2ca10186660a1c,860680373.4870677
8a8c202c069c20696c2de85a,627378309.6968902
40f301afabee5be092ba20ad,777045247.4522381
afa842858299a6ebee166e31,827694401.1761391
7641dcf512a05ca754930bed,1054541537.2661581
8c9b472c55d4b99e44041de5,803539105.0544276
88b98c026b7650192034535f,1088318623.2953756
9bdb1bc52a9ddfe92e6a948b,961283692.5652852
4abef5720fd889512ecff70a,825114520.3236341
58b139bc16fa2731e4b76f28,592029597.2519008
9ad9ac8728cfc2387285c24f,848469750.2242483
75fd5603c4de9678627f81d9,1292279893.5165915
9f4a25a5550f016ef2370229,931182689.4838791
d4f4d0ed36ac9affd71f302f,727897778.0764447
51bf7bc1c19fcd42e71f2463,487051055.2466942
49ce19caa1325233d0de331e,1045880975.6155107
5aa1667bc8db26bac1c72f5f,1048536004.0773301
b43b36ea4f81bbfd4dc4d781,902387003.1259003
2a623b33f3cc1f54620b5233,907736122.9522235
8745eefb9e2761ff7eef558f,1059608669.6944935
0e49eaa5cde9375b1f026820,686810295.0208884
f5acbf43add5776430d8d4a9,703922473.5297463
ca50f7143937a99accef865f,1047289481.5464182
0e1bc8ba1953ec8c28e53b9e,879015993.5486455
980bafcd065c8e3d6cece127,936819582.7451574
c81133d5a58d7e8eebb10c8c,1321809532.4684901
09656004f0a7f544580958fb,1236913477.85924
edd342f84fc90478e344ea1f,610438739.1576897
76974826c758eec5c255c5da,912550846.86248
63b09e45c1b7dca181491030,615487985.2389957
89952b237fda041b09f0efa1,898310288.5200778
219164e1d9b14cabb9bbb8ab,868856410.4691777
ac8aa244c21a9b86de4ed599,1238388231.6550262
92ba222e2dd63a4453a30637,648361988.7837634
bfaf8b7796c8c57bb5997be7,917422591.3113106
dd5a565f854eaef90976c5fc,1014790098.1767018
f8ccd21343b112d8f9e7123c,1024532445.0168643
a90991f865ac81cdb3de201f,654538323.9112588
fc57fa9bbc16d1b8106c2c70,1076492974.181377
9ee3218bc61636cf0d7f8107,939885860.2071227
c00592c7c0c3a863a1bab9c3,630085733.0281047
f0aa18bf86a36daeb59946e8,887169417.7086353
e186499af986f1959f729b9b,892966656.1296165
18420ed4661539a2d72ff400,848418804.9205585
957731b9940c9131d92a22fa,1289412326.8079648
9172caeeaf6498737fa0c6dd,874075810.5380275
c798ea36d2e4a8119723eae7,994292744.7501228
eb963f082209fc077aa72bc9,1302674923.2438965
07b7ba964a8e30dc16d66443,1021756701.2365017
7fe364ae771a7689d2fa5584,1028471328.0504984
c59e06a2ed37fd750cf39976,1284070416.2342339
ce03d8ae43a426e074ed35f5,1152558254.0226336
b76c45ccae25a06dd5fc432e,588023911.859802
f855725acc115bbbf03bacec,1086823782.9471583
b0b0db3bbe07839bc2b600fe,1240199392.9625113
cfc8dcf337e020b875ef1572,1319825262.6617274
390107256faa08574d7231d2,776879814.3983113
fb10f3b45e865b4626f65ddf,622603690.5223773
75f167e2273fbecb2c81ac0e,883121606.2694399
a7b15424d7c025d885636a72,806551522.7349585
f9c11e980254045d7478f273,989075055.4819014
e0b13f6dc213d05133252d15,1152573850.9976032
c12f362b9060344ad044cfb7,813572333.5061429
f872f224d2af413cd104f24d,951450620.2201426
092045750c36a8945c526a12,853618502.3415439
5ef33cf17d4b45277edf35a1,766598749.3904494
fc64387d7c3c91a6e6e876ab,846860479.1599064
c1168159d4e2fffdd5662757,706715045.4207273
cb604e3a56cc847189462004,882160619.3525076
9e95710c61a4706e21cf70b3,750301443.2395118
ab37f67a3afa274e719ecbd8,675793815.2921232
970cb360eb64128037be7e23,642903508.1142328
e42fc32db529e088f15cec8b,1230391276.7887974
8925028d6e7a6cfce9967779,546263312.9282777
759e76e38d84a4188dff5446,939539959.7606969
83a376df2024c4c9fbf2a0ca,424269964.5596999
a8bb80d99280e332084b3950,715919831.1165354
c16ab4a11cf67a39fec6f049,716109163.6598227
9cd1127b1bc10db6b8ce5d4b,1214202511.5662975
ddfa979b1d7cdea1d7dd0a86,427844475.4030291
d78f7a1592c0779093150ddc,875951315.9270614
97ce3e0ef38ad12f7fa8c4d0,-4779123.642245531
5c789f2834a1a69aede6316c,412718271.51026106
c29ec380fc7295a9a770a74b,257491238.41007376
5987f6171a2bcb37062ccc94,746306810.7283044
1e91de6194769980800b4de8,595479916.2203435
0a0f206f04bfb10c137388d3,1150172149.147358
34dd15023216e187daaf5a07,843232736.6781739
33d2d1db291a13affdc209bf,662556760.7123269
6fa5e5160d7c2bed824bc0d0,570767283.5764465
8c04aa7506b8c80c1bac23f5,538482623.1105012
e5d445e39104d9ee6b244822,699369023.1666403
2ca6b3016a89139ec7590f9a,1107172605.5724282
e567e9e5862b13f0085505d4,417336413.46203387
edd1c4fdbef4e6beafbd39b8,439816380.28378093
039a9029c4341b1528ca6b46,506127768.2315721
fa1533051ea4145f7f710ed9,494307536.3482388
9c99a85c5dd878568582dd9f,418613674.91467965
9ec426691c80918203394ee1,222381018.69582385
66f58d9d1e1eb7e81cab24a2,1053239150.3829985
0d0f8ce05ebe99dd3bb7b23b,1233481634.0986438
6a65986cecddc5c47fbddb9e,1160313887.774412
a82fc744f537ddc6fbd16883,854436880.0785482
d4c40178c19d6cb2fcc88e48,586859903.384498
4034cb3cb77e9cb39cc98fc5,657404464.8653036
41ae9d3d280d4eebe510606a,794699489.5984484
4aaf6763c105ddf2a6eddbfe,566469788.918966
633a7038a23ffaf4b3f7896d,844096742.9515299
2a531aa9576c5f91891cc8a9,773337745.8367589
85d58cf85a179e167428ffa5,848447574.0267018
42f05e5d4862d653efda75c0,705452705.3518623
256a46a6d45d168169f63aab,625817021.4365689
4b0fba692104472b36c38c3d,672072495.0966414
253c85b226a15d0ec2fbbff4,854692147.6538193
b0bb2299d5f456f800993a11,650932301.6208316
47fe78f6299f757b231be10e,726544572.0278689
4d09ece928ffac7e7d270bd8,44788543.00232422
fc762d2d172737cabbdfcc75,896846294.9054008
2809252a96f47776d12021af,981836685.0368156
29eb473852b36dcfbda0c702,981836685.0368156
231c050bebe12f568ef92afc,944831682.9461803
acaf9e18bbc7295633d92e01,814241401.6617074
860435300909449c0443c10e,941802903.7800238
f967ad5e086f485c27f09990,929201188.2912109
678927546243e932b48d6058,1085586839.995212
c537ea2620b8c3a3f013c0b9,1067387413.1791086
10037227b2a24d9a72ced322,796435624.0214131
1b4b3662ca18e731acc18928,1056661644.2757671
e6717956eeaadb3e95840256,1003336315.4009066
ccc4457f68fcc1a416e3acf3,942594791.3386406
94d91969cc4b9aa1e856d801,824972106.3167408
2cc821cd7b5fa82b27308f87,449235225.6565363
f05b3779581ac0015f29571f,543190266.1522818
dfe09a5f848e8e819c361ac9,363459667.48046356
ba87ed2a657b0b042a05460e,817058841.9057872
f967aa89a4440cc1c44bdc54,560741801.3056524
81fc8d666c8735e1095d0d4a,734122998.4053811
fd8b9540f1e9da778d566d25,240083378.84703207
70baafa9789d2fcf1bc212bb,658683674.8077648
4911f8879e5bc9c27ac13bb1,473916069.31759036
ce53f3477814fdea2889cd2c,692173766.1577779
62f022e19ce6608919eab5f9,715930572.216136
55657bb933aa2ea3083e0b90,356670206.73846257
808dd470aed6064f02aa5103,437362558.654655
39bc028f3b42d9ea48808ad0,597041620.1421854
c0c01ecbb9189d77098659b8,485376200.99490476
57c68d470f6248d00b6719e4,847143938.2480907
26c66cf2f43bea00e6387326,1105175810.0477579
b5f0dfbd34392f6855bb4b52,641709620.5366125
25202264e18928158b89278b,1113445938.6966946
e93abbb49b24717d3a0767e8,840203864.9461625
906e1f2e1bc5cd51a55b0266,853472495.1066475
eef1d35ffd08dd161a36a2d1,941233122.723517
35e0cac576415a4e61acec80,1077872658.5180516
53ebe061b85f046ed12ee9c5,1018277119.537045
059d77736dc72013de7767f1,328459264.9323926
17d7986a62e0b066e4e5530e,531656409.97589505
8236c798dbffb3db51d5d744,394166861.94699883
587e67078115103d184970be,552651908.7553434
7569fb4aaa9a52d6a525e3b0,552651908.7553434
db122cadb7a9c33f420fe246,552651908.7553434
e852246b7661d30dd2e1f0ab,552651908.7553434
f04eb16931448e87aec205fd,626533655.1788017
90e858d3740d4aec0fa21c12,691672660.924795
65647ca6e47eb2b9ba20058d,808850805.1004333
d0792d22549d1b3f63baf3ad,527318854.59074974
76c4045b5dad9a8226e9244a,655313603.773783
fac4f0bee67523194fd4312f,524903089.1192057
ba89ed56d156579ce288dbcc,537899942.4060749
adce397b6d1473b9b6d02865,567416534.0642835
f1a924badef699637ea8fcc2,755721468.7200783
3bdce823d3b96e8f0170d96d,600670915.8694048
439004dc23f97a878ebf371a,655446859.5671438
192e05cd731950f91fef1d83,722346039.2140558
5110c49047db23ac3aa4ace4,1172667710.026721
f4f7bd9d03eecf35e9f37619,882462006.7248399
141dfd80a005f7b32bf70375,1011965098.7871501
08513fe1cddb2cad74874a59,317897651.9476608
6b23aa3ca5edd20134811cea,944831682.9461803
0fcab263453a9f196468e552,953647522.1234646
127e08fa99afcaa339eff684,218614596.5010528
d2c46ef63db73ba3cb7e32a1,691146147.4121697
7c50c93bc9e8846345892c12,898310288.5200778
63698398738ebc7ccebac817,645292731.4807912
417e974a3f0d97e502e49800,1086041697.375981
6483f2fcdfbd26c621a527fb,1042320628.2062569
3b739666f401ca6b2135652c,658704392.2719604
1b750e6e2e92e8222482cb46,1035393810.4773808
dd34882ac55c57480663f7ec,847929748.3846439
026c6384ceba017c5f2cd66e,706319905.545065
3f4272a3a4b14ce152fc3abb,771237342.9231503
5cccf025fcc0a7d9ea01b170,266240280.84456915
c8d179013c5bb6379693ef03,340263251.47213715
8c258d10ce32150f5fe5b712,823925505.8876848
eeb6fa8f820ec63aa0aaa303,855510944.2232077
ec8b305ddc2bc211a8a05d0c,557600816.0198696
5a84e6d2ab8db0fc60775d03,648079482.5287212
015d17895f32e2a8b616ca1b,694929911.2817721
6fa35f1af6d51d341a3165ae,631856227.6095582
17821a9cb766b0f3ecf24e83,506148013.2184198
23141c17df584746755dc508,560625895.6607399
00076c8f390d5dcccc133309,828378360.5011175
25488b1c8fedde6250b413ba,412505479.11377704
5ba6b4953759b45cb83512c7,781066512.3732467
8ea02baab0c59eac6584f62d,811604432.7042065
b5c34f90096fc88b8ca758f2,1075617003.1217525
35bc25d0f9de2ed4f714fc8c,1023496867.0233283
8b0e1911b8ab8028409dc9fe,1318396769.2185674
2ba1672e49c023258d262d1d,551854694.5412394
2d778563921376962d126cbb,735668762.7487468
bfe7c873b2fbad871327994a,1020595387.9393818
72d0f19409c85dbe32cf6ec4,1069292943.0216866
d406baf5cc9b4473ae9b8426,460391877.02343863
070912b7e5fb205918c1f4a3,474848275.6889235
659abd72d12756ba0670f466,373538129.52393574
7a464b948b65544159cd0db0,764569349.8384185
e89774d061d50c83b409a071,352838217.48727155
fd6b2efe5da2c35058333bbf,973958590.78521
4577c1623c8407e95e893e63,721788827.7288429
21adc839dec9e8efb128abf1,522549997.1270857
aa843a050ebe8e4b3a04e9ef,1001921772.6701647
0252fcaf7bcde09274d34be5,902530777.7121472
46d77c92811f0c87d2d4907d,1002866866.7386353
a8c662f906075eedb098ae5d,617864718.074727
b8b46931b93b7750e0d1ada3,634371441.3173553
efde559422ec1dcc55abc686,855933830.0496652
339bc881458ca34bdcb771da,831722726.0158391
d7ad6527cae719481f849927,835756893.8499223
df3abaff81c430b4ba85d4a3,953075115.647827
bfd2f20a7bfb0d865d7f7193,1114565359.5548794
fa3ee96e6b6ffdfd00aa335e,802430375.1796329
163228979751798ded8c3fcb,741664236.6557128
3578144f12e13e98e8cb2480,503437067.3387325
7136cad475a0480044707984,696640625.0697033
93f5694b4854068f42ffe55b,530106931.58864194
51608bf64739db05c47a3bc8,617420204.3669217
6a01b6d09d516d67f4a2fb43,598844077.6555158
5f26f33bd89fa7563ac6873f,558404295.5327717
aba54b001154ad881dfeea6c,411550752.46752083
b2eb63e5da917ce649a72142,442775531.95840013
1427aec89ee9564b95e93cd4,542680628.3085756
a0087db5e9e2cdd6073021a7,590928632.2611551
4396f94f7f3c403c43d3ede9,679125201.9827687
aa703cc78a1ce659901e711b,696058895.3604637
0dd1bb83f0f18af30da139f4,817221489.5747931
37efd3e2a5b6567957c62081,591259509.7652779
ea47ad6335e74dea06228b16,634183532.2845615
8a975117ab302b77ac057823,938261571.1491473
ca5949c4bcf0b63e5d1be784,631957975.9133275
e9f3f41366d5d784c2928937,800096079.8792202
7a9c505db21b777203d34bf6,907123823.4303925
238cf9f99c4b01777a97f82d,491115010.20438194
385fcde12021f4bbae6ac2fa,454070422.1227279
d9eaec557a7a6674565db1ac,875509270.8886317
30b0c440c0bc8c6005855ff8,780752982.5008799
09feba43c0b8f3560fe09be8,1049901734.4203186
2547bcc87b618d3d7e22dc21,524575651.6274002
1240a616080d6ba5459335a5,1181984667.6440907
7cbc8fca4f84908ed4e7192a,950203403.0626298
151a16e94d538a7a6d658ee0,919979994.0411234
a8ecaa9120c6da21229cf145,906927100.1429055
3ca34fa833e6ba10cb4b1944,566792711.4338795
dca2e851b82c512f01611ade,1098065603.8163302
3747996611a842c452865a9c,787861138.8094783
3528df61a44a9895248336c9,526642764.62174845
398a67970cee5dc873d71bbc,814832271.1433706
1ba2c2eedb352ef9bb59c638,1063150259.7791231
f6f4a467f40bace72ecff598,1060415959.3599203
b2af9047dbf58867ed0c42af,1152019198.8555076
012b8d616667a6dcece0dfaf,958077833.1867449
0b117f10e699f10f97a7e7c6,740313558.564578
8d5192b6208902ddf4804839,985052517.5618527
b86cad78da7bf06b5ac39f99,780179420.2089326
4cc8c95dee29e43463a8dfd9,599242026.5823183
76846ed8b7ab36821b848f2f,774475047.8479788
5428bf7f37a94ce9fb2dd435,694299625.4672723
b22c39c3df7d8e32cec2ba43,475513979.8485037
44f5380847c175a42becfcdb,1246557743.5518594
fae53fba5d405b2e6a3abf01,7685378.864416599
3b52bd5eee5ef8e3871dcb3d,1069357047.4768043
21eef7da02b0f2a2fd987135,632363106.9080995
1dd6b0ade195edae38a4a20a,760086547.3196783
f359afc7bb50cf6a61ac63d6,572651446.3953166
b0de107a8cfad95f09876eb2,957449277.0200093
2e8c76f4ed59cd3924f7136d,704042598.2990136
06a2efde5244f7d653ddfb8e,688349501.6643407
f72e2f6cfbd32d97bbff3ac5,803903967.3340793
9705748d2bb061678a80826c,1129009614.7402027
9620068cef0622c404e15960,785020578.1453805
cf2e8824527989d3cd29c058,683860474.5301061
6e606a7c8bc632ba0ba37184,648983526.1708951
63fa384ea296390350f23d7f,773061064.42701
4d3f5e7ecf4d361d7eb55f5e,681668031.400308
e31a209077a3e47712588730,792361356.8811249
5f18524e839c2987594a11a9,855118136.6278582
def06f49a0b8230ab613db94,636545207.9189432
faa72370e4c7718964930805,636545207.9189432
983503bb75d84c410d1c5d3e,972658002.8628085
30f381306494ebaa760b990c,869120215.211152
5e72dbafa642e4f416e6f01a,926859187.5428044
3d5ece38670c1c96df4cfff8,869120215.211152
1bd6861d451d128c8bdb72e4,854530478.1973734
072a6f084d31a5a4be4060dc,1069296560.8234985
4d8deb43d663fb079262708f,1154554157.748779
f00b8eac1812a500d7a732ff,790618396.2181935
77a62d5e2c89da24f66a2118,607738379.2413417
961886897eda4b0ce54d1d82,1130430615.934411
6f6c83ff891e43b7c84728e0,983610726.5845985
ca8c85e8100f64416146368e,762098376.9380301
24297f4a3e14c24c941e7720,1035363973.6987748
98d7f0935f021acf313630a5,794873695.1169314
a362533eea6c235049bf3359,942661847.3601849
2ddda0ae748b38a6258f660c,1003406479.8213766
b18107a422b9eb6da9fb692f,839071987.20021
11cd643195dbe5dd4567b62a,897434932.2979848
c9ee7f0666429c0c15c37499,410501644.5958574
c386d1ac4fa8dcec4cbf9788,911603448.7723789
21e0bc9789139640ea33ed09,879701353.9982435
cacb91ac1b835d62422b8a8e,840144677.6574091
bc41e69def6bc7490800c4a4,443767256.848794
7a13669d2d7ed2e50b80b4d8,486671894.8880062
08dbbd8d672fd09463c061a5,461843903.8114718
cb93b0d5e9a26628b0462b14,817783740.5826547
d6a43f209f810455fa41dfd6,379709339.22775906
ed5dfe95f82f4c087af07045,230204040.4086154
02060d2f56e979a61427f806,391358298.18667066
88ffa9f0bc3f6c9f2e589a75,941513915.4193769
b48093abeaa178d1f7fbd83b,780049441.7195255
b42734770dacb7e580a6d742,992843571.2554476
d3aa845e96d22f31a3656aa1,432486891.01997304
becc3ae7a71d597bcb16d261,849311808.5968949
8dcfc24742ba669335a2d65f,775755757.608299
45e2411d38589a2d85774c5f,840518978.4204963
9761b0f43949eb5307472ba2,873776240.7406709
e07035cb49625760c7da85d1,265122356.33376646
f88bb9c5a471504c13d3616c,450355501.70203793
4bb5265c6e63449e5fbaa270,905543263.8940417
ac73b8700744cb7835f328cd,830571663.5783155
a632ececd6a023aae8a7b730,804381945.1091416
858288683063dea9d5c57420,563611877.6045175
d04f549fdf8f34bab19a171c,431187592.5803169
6ed5fa8f114431d158d35f43,173800481.58443803
f849dfccaa8163d24ed935e2,987992084.57842
bfde6e7200fc27e6e6f1497e,758492752.1688218
59c11d3de7153d2605cc2273,737103382.266041
33ddf4e1ed8c864e9db16887,441178225.3371249
00f5ba660a4fcf6ddb96220a,638926192.2312374
a13004b87c6d7e7bf6b75730,813102355.5259204
eebc02ff14b6d270746ca055,780084796.1448587
65ba6e178f3565a84c6ff973,847009096.7164232
a57f40f00f80abc7450aaf9b,671249859.502507
df37b916acdce817865197ae,908099077.2649167
b5c074ee2e2538aeca099fc4,939216509.6755204
004c9da9ef1b3b5e309e475a,587512849.4913592
c5b47ac5c4b7476d50bd56ec,880003218.623524
778ec765417db9ee48d697de,663807107.7985016
b287339babba162e290d0fb0,772721900.3177207
4d35e00e86a9d508d82ea90a,89594029.47902215
0dc2a023fb6c5e0b92d86ae2,653680617.4006112
5787d7c671378e596edfb58c,831992738.2490622
8595b5517cb3f1ff8094d67c,795278595.6859989
f4d53276bdb5899c6f059c67,855898349.1395615
9562ef63320854bc6f94b5a4,513775430.00920063
c04e72fb6244d9a9b28322b8,871946485.2048429
3d141576443a97b0202c9672,1214593304.6242266
7caa4bad394586a46dfad854,892286154.9314952
8420bb74fadc0c8853cda025,503773308.75777113
b274adb68a37458cc5181fe2,941775544.0543239
8561bc940a91f029147430f1,746306810.7283044
258a968e403e747af5693a3a,923899657.4940898
0de34892fee879f449facb19,675109796.6308496
9634cfebe7e6b095f0065ee7,569740621.9201922
1f3544c9f47bc00fcdf59d74,270795565.04445404
e3077f6e47d130106e7165c9,554145869.0527451
f0ce47907c3c30b6b5e990b1,809277334.911891
1432cf7de2beb14fc7603ae7,1314440012.106465
60f0df18cb4324ce5f4bf650,731599333.4350501
7c1dc421f5a689aea5babe4c,691587216.578041
020dfae44183c65b708727c7,26424687.31186557
92a9c07259efc617e7d58f9c,607420369.1958923
18531c57f6dca78763d360bf,789708433.8205392
dacd62440872b6e94ea56fab,525176736.45730776
b607bd072e8293d6594f3829,869995638.6523565
eb86c1da60250e5559fc3cfe,577987064.4749
fae649fc7256b9a3ec036583,711696600.7306328
b7fa81aa571906a93e9b6cba,858514400.2648865
0823be832fff81b3f1291859,594393110.6132746
fca3a0fe5db369235960d285,226574888.1505869
496fd5c93b2a578d970ed55f,455892187.25977576
9c63c6c27c74c03f071385e2,985670693.9062715
6ebe90f7140b738b3696f086,799677720.6846734
7110d6374f3fc282e4f4bdb0,495171255.14384747
d33994c75d98941acffeeb90,959183756.484453
b8e8d84450f5e0bc8a721c94,956638848.1324129
cba57e3b393b3e392c7431fb,1116237046.9338884
fc2ceba651bc629e7f690849,769884795.4269326
857761b5fc5c7d101cb765b6,641676177.9390545
55f67dd7302b68477e803399,617117688.2383227
19f538269846412f3e150a4a,992626245.8428092
75e0fa8e5c83c49d3a0dea48,951175775.3959115
fcdbfb9e15352cf210cce7cd,892232158.0074204
c2b91ce4b1bc8c576a0ce1c8,861229126.8441896
73eaff92528288fdbcd61e2a,1057542628.3237648
f6544a1c169aafe6c8142907,904308708.3163431
cba9aead5bad82b31da51e6e,642814330.7449328
b239bdcbfae846bf74791728,1050498826.5201137
3b823e81c5378ee3c977e863,644877778.4924575
1b4db5fcd1f92d3aadd5c28f,683041185.7644154
b50a6b85399ea2c6b5c33405,915610287.7793489
1e6176a558f301d81bb050f8,779219342.1891433
8bcc1b035ea93a5192256b37,643580824.1739506
71a3f0980cdfea0ebb869935,700732776.5352702
8cd0345dfac13ab380240b0d,644877778.4924575
e66b2c71519ef8756db69b97,454203709.3081996
c843044c1fb30819300448d9,483523057.6733373
4ae10e7fec364242c88e511b,565197599.053959
c9e92b994e48df83dcf9976b,1070764926.7352033
27f41f09ccf8d182c79cd48a,1051786021.0239062
d8a7c0b01bb545c414e12a23,930541788.1347691
f3e2fddf1dbb400788a5517d,1136267653.8956082
89a066b7d6a31dd066fa0d32,632168155.5449636
c245bfa6587eeb55227c8a4d,402553680.48387504
500d7c5346ca11ba934e7ca5,979640964.2240906
536fa59adc007df763949045,817270805.7763643
223813dc0188fc229b63e8f3,749380790.2664301
7c972ecb7b90537b1da0deba,472129508.05501735
98d8411005ac05d77cb12516,717288451.0525936
d12c08cf48be75014a149873,1022090593.8026795
955544a0bc2eff312e965c2e,1189933255.4106994
20488db7a62f765ac8da0a2c,1137706034.2941983
3f370094239ab6fc817e9ec0,981452493.388854
ff54bb34225682d25c551178,1022090593.8026795
d0c7294b2184d0b4d0e2fa07,981452493.388854
104e960974eee31e7e0eac6b,695420244.7868302
0d477acd9c95e9ec63839a53,809978708.7025841
6d255e0026d70dd44229a2f7,1052521109.2082818
926cdc0242544bbc850520ff,420799977.6615906
e75a05dc0018f29517948ea1,461943113.0163008
dc40c56571cbee9c2b7770f0,683535729.4456406
2f76a2b53e091df35a125b13,718550924.0025045
a4a49182c79c72854732594a,586123057.449361
50287f73d47b4cc4c2e1840f,863146539.5402405
5efca36c25884a2822bb7a81,543069562.5554966
4347bf26ecd61ebc7a16b4a3,794236461.9240457
7c979648ab3729b2c0cd2106,883221488.3152941
f40acdcf5cb9925c09c9df7a,804071913.4969901
6ff3eaf8b5a2f16efddde1cc,906230503.4486746
d35596846155e74d1a637d7c,732945411.1880373
a389a1ca097a820fd9af9d15,801781253.0632322
ef450748c440c4958e5db54d,931399359.1553106
02779b92b2f9bafde0c75c11,751037629.732641
77e5e0b64140fa00b0227a3b,372778234.80480254
eb55b0778607da932c3b311f,931399359.1553106
9fa391febd5d0a8e4c6ecb8f,127520534.87838829
6270356f1cc3dff186d0ff4e,1032297195.8196511
ea7d5c601c3f8c86ca8f15e1,786934576.0970842
072efeafd082025bbc5a25e5,658663560.7801938
d8bb6151d30573c7595ee7c0,796655043.2771007
f26c43f2304c8c694c818a9b,529274337.21671927
14ea4a7c57d830eba13638b1,768375260.1774758
c1ac42dad98d2f23dcbf140d,774279861.9306407
aa6af44635b5d51da4b02059,796119286.1057422
291a4ea1a695347e1901bd4b,1071797526.3912106
024d2e34a561efaf4811c17a,950306176.7875413
e5a40a555d11d4429b9675c3,694874831.6151396
3a10398b72905bd710ffe9e1,858556600.5353043
340d1313fc2dc8e5b6918262,849004739.3177834
699bf5460c63a4d0e4542ade,1022676728.8009639
e98bb3a89bcec8650e33e730,559044365.4790493
5de86bddd492f76596b17a0d,964003860.497673
95dae083200a9e43a5aaf210,944977034.3869734
23fe512fcb21a0b84781a318,468561546.81390363
a9dd62f527cb0dbfa51aeb7f,552730002.344484
8964dbb5b0cbfe509613a63f,877598975.3965794
f75009356c700f7da7106cc7,719517013.8397144
6f502f363fb55811478e3b88,752365475.2691692
a48f29071cf207b27ddb03da,1053549173.4302975
b46bbf66cc82a4345c5da177,708006579.7532874
a460aea3370926825b0dbc13,964012099.040446
7a21a8d99a85171334695004,870204868.7327968
279f6f594d3f8ca8e8a5e2d5,1228557225.6489036
bc3c509022e3f6104cba5203,1001024431.6417584
654d2a3a0e02065560ba2484,495264432.48647547
02a2ebb6eca5772e3526d78b,598155848.405385
d4646b7f4dbebf9785963cfc,686453808.6781774
68fabddb27fc928b57efcfea,690420388.3512855
53688de79b052b3185fa9435,798802704.2366366
bb962a9e3861b06ae1daf833,681026480.1622963
d80c5f0b8ba55e7cf105d282,706030302.8492002
ed88c773fa9ae8bb29645fbf,674987930.6185981
0c3af9e0e9c80a68acebd041,920936215.2614013
0faec12daf0493a512b2fa0c,1140699336.6493678
1807debb0a0b590b9ba4ebcc,885372226.7468581
20a2a0dfc963fb8a355e704b,950129848.2640755
a2c033f497e62ea10ff8ba3d,1115185253.3122144
985e40843a30150e6892e4f9,1050099895.3179115
2ba0807f8cbdac389424ae04,975075205.2599187
9a565e7220cbc3d5d340e8d7,922789766.9196385
33598222854631e92fb72baa,806539267.3698893
03fb5bfbc1895115a04e8116,814754121.7814635
5045ba9a65b4bce4fd305f82,847219525.3045104
277f6440854cb0c98728e685,1032982380.6719918
12c7037cfa63de49e984a789,950775449.4670348
ed9976e922a774cafb601f5e,426277708.393942
ccc70d1d8e4411331730bd7d,389730136.131394
30d38a7bab2eaaef1ff6be0d,780564010.1794317
31a6c440ca9eb29acc0f1086,1220229795.0748687
7a82ce4b2dcd2b43485f5047,879572868.1417941
a74be48ad396ae4aa33ffed6,1173713127.4214625
4ea46b833575642ecb2ed1cf,221436.99475216866
b780a0ec18c61b0760df9433,725111495.2339565
b83a5c303a2b079585b9b94f,693156150.0698463
a3c45875c0834b144f834798,482252968.70277846
c3ae3f44bbae215f7f2fad9b,406102069.34541893
5d54a0a596d49d9f85f1b5e8,912961034.0824323
355d1fb69bcb4e8e8ed9ba1a,851428777.8296882
cd791a46ed616911ae7d4fbd,846302897.0902056
d2d2f335839ed35571b19bb1,856073050.8109251
0823b0dc92805ab05d3f8650,924969227.5532026
f92f4d135119fa88994929ec,909680958.5773846
401f0de98764e9fdd4055406,279713853.3538304
68a7d01e50462f7506f8c8d7,490836010.8013772
e4434407771070783b97c014,409232775.54900205
7e1153d411af129357ae5c10,693865889.0296046
f409c701e200046f574f4e06,877112988.5609443
30a8b9c197bc42f088d0b873,692930415.1483339
d5abd56b5a8ab8c2f61a07f3,1018694425.6437495
805a27aeafb3ca91cac56d14,830432105.3907161
1ee04111d277e8758f740139,656478525.585928
b9de7d7b9a8ef7c64e5f6bdf,540443391.8336635
5a12a15af3c0585d81ba8f5a,826696910.4766834
abb63383766a9853c1091c5a,992590006.620904
1f95c205d5094c674f6e45a5,1332939055.9376764
4911a6285f548dd30c8061e3,585073610.143171
0b9730cff49bcaeb4d703c06,866072678.0603946
f033750cb9db15e886b156ce,982670286.0750241
fc7e93bffb7fbbdebebfaa2c,1048464310.9186718
4f500afb7f7bb42189820a18,1124863964.4078603
3921d7b508fa1591d40802d4,457115864.8127951
caddb9dce27a7e8012478da5,549120955.6330549
4eeafa126ac5f301cf60f9ff,570046502.0300764
59afb00a84b4f2a9ffbf71c6,672437452.3976647
7baa3608aad1fbf357d789a6,923837622.2349162
a5b8869e9cd3d0cc32a0b298,893326710.730994
d084dce4ab9c4008ffa3bbc4,936543648.5766873
e3ff13537ffb7172336ab5c0,915017894.8139114
1bc2ae31ed1970ba52b1ff60,913519598.8789244
eac7136b26bccb3c5d2b6202,862232586.1377932
073fccba71b28afd815be434,631432435.0545603
9b1c23d616e9407fff6553d6,442294284.5054079
4122eca7b73c1347a7814a70,772188384.0118915
cece8267e60c2461d6c409a2,1191645832.3812053
ba4e89128058d5564987dfc5,442294284.5054079
69843aedb25a928097a22a89,472512003.4607562
a45863121bdec787e119b14c,-140660752.3014493
02e8811bff38125bcf8e1a6d,597007939.442672
d709a76487a49bf257489c0b,466921876.2142049
46c42803286c800351fe633b,534164774.3639464
2ae3ae7f794d558ec119287d,821949180.6873108
76991a35e9c1b69e1616659d,615760059.2552899
3de5d35f742cb4eb68d5f314,792626729.9576364
a53c748935206f61751dec1f,602973545.5933053
ddaf8a1e5e6922cc3dee5caa,486567759.30511045
841fed959f036a03697868e8,445724315.02179116
ebe1b5c9471f3441a388f7ac,605460015.7636591
f0f9bedbcb57383511805d17,816419119.8719832
f9402b785deedebd3ddbce6e,789885390.1901336
d1f92e6b18faf07ab70ca1ae,622479747.7325796
6e794276348acc39751eaf47,1096683152.217496
4b04e0296820d04421db5219,573539470.4254222
ea0ca17e989ec57a480aa464,1082575037.79891
cc6fcb8ea6556f676c13a76e,814035928.2785503
2778de5e56ad7ece898249e9,1118213901.5606735
9f0bdae4f8609ec93588de3c,977065717.5877018
90dcc3f9428a4e7cc396a15b,631422663.4189146
2d7bf0032580e6b6dd1ce36b,859568124.0470982
c45d86d17d1d0519b455b7d4,814211269.0911182
4c7e7cfb286d82aa96356fb5,853730240.6610909
edc204c3e18368e0a9eab593,1237441564.1145978
e789e801fb5d4501b5d64e2d,742561532.51622
3997c10ceccd2f8c8e43cda0,1211895666.5916872
580d8eee8dc4b7d43cb193c7,820386437.3678871
c823e3fcfbf0c43bf2d82586,1218848404.5436726
30677852542c78698083d4f3,1003336315.4009066
8fc78c514a2f1cdbc5ae6e1b,1185183082.2034063
73c618d704a2e1ac2bc41954,864959056.1904569
4ba85374c1d1f1d3f4632ca1,248776552.26520693
9a471715e4c4865b822a6b77,620945569.5344247
4e9f1e21c855f1166428fbdd,1010594488.1088266
f11137d27a5d7fa57f94e97f,990358683.0947611
5fe5f3c5919c0ebd57ec8e36,797586236.1920636
e40742774df7d2b614f32de6,543783143.0116261
24b28522c72f7fc359f2a718,866608810.1109957
26ff1e1f4a6f6bda702fdabe,999395622.4751564
9e617d1fd8a4f33d7b66098a,1307683860.4344223
3b4e889562e4078f8f369172,459282578.9585248
3a50d40f15b1cf5bfb338092,213798098.45376801
cb2188cb8e534973ea3411a5,623793544.0686703
fa57f96bc6affd285d10c4f9,466921876.2142049
c0ea6c76eb977d83c163fd7a,605617202.2076644
367cd12d7f4aa93124047eb9,633099627.8142449
54952b5f463c64c605576601,287378045.1874774
57eaaaf24cf82d885f0f1dff,671441578.9213601
f2ba4a7a0765c3ce737b5c81,854090611.5069218
5282c3c48495dc31359e70c6,476396371.54344845
552b01d72edb192663998c4b,950839083.2252679
5f3a1ab21669ad9234d4dc63,952666248.3421726
68f431548c330f84c46174f6,953661726.502779
048051ce9bf8f6a48e9451fd,1098232297.8629956
fa4028ad48fb2082d167989d,694940827.6017854
5b1902dd7768f5144ae7704c,930795729.7554364
be0a8f4be774eeaa42fe460d,885927552.969931
16263617308958055850aef9,1023463881.5915421
729f5fab1578f8cae4fca8f9,997081576.027021
bddb9388922dd56737d8847b,907112653.553047
9847a4ab995b7b1c30196704,1013051637.2099185
d19937a773269962c7f9e8a3,1011393783.6475437
b3c8714dcaf5322475ce2c60,986050132.5256487
875126e5776dabde40e29b09,597410867.59979
3a36f59d7c0e6c4eb85ca0cd,1240507650.9476233
630f00e15cbd7826475d1509,773626826.3320806
434782c3d1dc2b9ce7bcbbd9,837057175.7228303
a470bd174fc7587dc1449c89,1224054992.928175
99c6f87ac92cc323c8caa005,877869287.5335133
ac9ae945fe25a46184057606,872726966.8928632
15d910dd93e0aec22ccc2083,1207789224.4383872
6e1a9c8457d3ac6a57598052,940890821.8402412
14e179618d1a44c5c55e23e6,450988702.57635427
2b8b979cf1952fcedc63ca9e,223057460.83445466
7cfc3061c0b2f3bd48375ab9,635205930.9392915
7200e3ba2013876cdbbde972,526650301.8972566
9ddc1924043ee8361201b39d,791659029.5011003
f22d6cc8c9611a7c23fa8969,771815219.5030324
b7c0a0a4f5c5b986a70ff249,276817495.0453273
adf176b63ea23e08d252b5ea,846156389.9267896
77069fb9fac6b61aa6a89ae3,1102887574.3493192
7f0f27f6d30c743acb3e867f,1075715898.005142
7e299fd8c2d53ff1cf95aee3,1120821363.6461406
f309733881a4f89d9c8a8958,884185682.3535576
0f937643c067371018c8deee,632958388.2835011
8e35609c1265ddf59e1c015c,771074266.1141287
c1ba606f32ce0337cbccc2b1,815873518.9174148
15f02dd18da12f4d7b0ac2ab,685839598.0977324
bcbe8ed608f233d5ed7362c1,1295964178.4907017
14611fccccfa2a6499b2acef,497262943.96506953
b10b428245022d55db248b72,550977793.6345911
13e6c5cde1004803fed93cfc,469390699.17749536
ba31c38eada33f680d44627a,833098189.7483146
3786daeec4a4fb40ef07d8e5,756297352.6808156
7736ac030d8b587f44f7898b,1101159833.2934568
98f89d21e5dbe53f8704e745,875259307.3875117
981fcb79db3881259eb303bb,433159318.92645943
08bb88dabf0070f72a801a4b,902306773.9627018
32d56542ab5486bdaf4466fc,398727976.7164972
c0f911fe7ee2113ec59cb5f8,540470021.4678828
3adadd50e603746e5e4fc082,763357504.6100819
d117e9672b3ea0435e7a894d,433159318.92645943
020473766363019ee40d6685,884455676.5212579
b04d16faf40ee02eda59a9af,453193600.69766665
bd6f3819a1c0e551598fb9c7,94331140.05960763
5520cf373444931ed8630635,275875336.18956745
40355fef059659469e16e3ec,400924773.7939173
deb844a2812586991b3022f4,663127914.3259816
ac0b895f523b53b4abd013dd,541000979.82078
ac208e250f5ae3e5e1008351,580831997.31318
0064cd1c55914cc8370a096f,405189077.826212
165fab7a9f8dd404cf4e9d9a,414836170.0910679
df3eca0f59974a812b4ea9b4,1064593347.1478646
1b7c062b606d0560e850a2e6,441772454.9815433
87ddb3a17b601cf7c61e8c07,642622861.3687922
837cb6389640f3919bc73e9b,1058812698.8924265
77bab76414ecb20888cef7a1,752469964.6621425
a9268ef5b7133cf6ed1a376a,812954356.6983193
cf7cbedea50333cd2dfb0e30,769884795.4269326
b0cfed2d25a5d78c96d39d20,822860172.2895014
ec0c283eeb8db461c20af1d6,829998863.355489
27c3b7ba2991e7bc0c9fc322,953137938.6888599
0332c7ec0d3e547ec6d61664,1180148830.040259
e58b92216ee6438a921ee0d4,647275504.2011404
f7959842378c94c9f620f561,576801790.0902998
cd0236af88ded6bc15b49eb2,1101159833.2934568
d40e0c2222c0debe89735e88,576801790.0902998
2bc9bbe0f0216ed9d865a85a,772969175.8092047
e9bbc31499ca187c6a492175,631162894.7318599
f2409d037bc8b3e63ca69fd7,662577926.8463813
5ad71b7cfd356a75021174ab,465384132.6408784
67dec8c47ad4de9605d56db7,503321321.86121804
c6d679cc07ce4373197748a8,1237657559.5218613
a36ff3637b7d2b1c52999ea8,910725129.7639146
3a384d68b7ddab45e01b6e99,712896128.6189822
42d34ca2252acaf6e777d23b,1221437683.0817742
c4b2a42a8908cc35e649fb16,658636346.8232634
18c38418824075acaad8f960,614482058.909082
85bb6775065df76bda33f738,745614010.7750033
14cee0bdd9dd5537b96d0786,545324767.3860515
ab332133aca64315672a7192,675923831.067206
d53b60b0f2c65918153ca2e5,592925316.1609167
ed1f81648083d4d2726710ac,404979548.40058786
b6692a933facd74b4b11569e,-101422916.50972772
90e00fc58569167c00fae7d0,711117351.7492571
8a514fffdec277cd46c7cc71,761059777.8573308
7f0b4b5851c77d78805320c5,472899110.2143677
fed1a608e3c0f2b79cd02ebb,529636710.96201
075a5474294e25da55373a09,562264708.3127252
8826b9e008064cea38855d35,509167703.6708503
660eb3b40b2bcd07df8f5c3f,467620262.7515755
d55cdfba22aae78b6fab5491,566432334.8926821
ea6e83dbade169818975e5b3,595624053.9635121
dcac44d3f8024c6ea1632432,168741631.43836176
2772adb268cffadfb2917c2f,590591568.1109242
3192bb7190b9130c4e67be4e,709600020.7074294
9d892f73b02f001c2f715607,572221764.764282
c27d72aa1fc5d37f4cc105eb,912987572.8076835
6c0ac32bc8a66844197c5fb4,1201965014.8393245
52338f4f7c8af6c649106a96,720449094.4476835
356815b8ffc300fe03073b7a,515528181.081022
22c780d56cb97fc34f29e9cb,28367960.890146732
806907598158861a6958388c,648404541.7424254
449cddc4dc3ef1e93b7f7c26,614395838.9019438
b225270821758e45cdead76d,775533610.9807118
e07bc486c6f5541e4788f83b,1087383145.728083
970c0d4928a9292748c0fd00,992228403.1415073
f73f720abdfe4b5adfa2bcda,792783449.2161852
48d3b0ef6e5f999bb90fbfc1,881143885.9051244
b3ec2f8af6e9adce047536b8,942221139.2348506
0e1c66f843e06f14d7264864,830635790.0674781
91c4f018fc7939d150593935,960492893.2550927
102434eee07ed18268857a9d,1126695527.9262452
a4c70eae507d630c2f285eb5,1060814334.9659851
45abee1de734dc32936d0b1d,758958650.3087559
82bdf442e186baa829e06da1,792687819.8418007
019cd320e02a64ba3ba9a37d,657074627.642383
ba1b3c8ac8afafef56233c84,887836540.2236545
3c3a0f57e030472879f454d8,1000612295.5733311
d520e90e7d0c44a6b8852e5b,1079392108.5003579
38328747d2e1e0e568c05523,915529863.8285053
659e9ad0f593b644071cd850,919787840.907021
3e6645f2cd377ba17ae2e46e,-8658458.376354575
307eb683db84db535106c445,949272282.5944206
26c8961848e3a77d98049638,646837817.3058317
52373e15e9dc1ad371a0c090,765708384.151108
e5b2a446c12222efc187e02e,686253849.0185723
156f706d1d30de19f7e369ea,534957347.24655104
aa94d2ad36bc0e91bf561be5,830318171.7500489
8ab41842b8e41b89d8670ecb,599468250.7937583
b19ab02a8e22f3e88a26031b,796719751.6694505
a6b1ca7a4e91c4c0f4366984,791826920.4586991
a277d5e8216fdc3d7c93eb2b,924260669.5725794
f939b7271c4d399a5e647f8f,815091029.0835838
941392f9a135909273422dec,1026575225.8629075
e07d8e9e38e309958288a516,1144576861.7061815
258f10f742fcc835d53063cf,1180771043.0512366
fb672b4cb1b66f2022f36a40,1030160588.7271594
ce9dbb6d009cbdbe654edcfc,815804524.5535161
22e524f1fab17d5b8616d741,916317054.7226198
7f0d874df9235245f47b04c3,848410908.4352201
27a8a052b815998c771a1f55,916317054.7226198
b80593fba07e21f8bdbc352e,1100738303.5169232
d18d990404e7fd07424f5a77,720566401.3811243
033599f7e7ecd8d9c8cfba46,1020316091.9458337
51cf2fa527c3db62914169b7,595189429.0979145
2b2fa2ed0055a19859e78446,882228350.776295
a8e1adbf076dd737c079129c,1309580469.5262728
adf948af7b24f9b6f29610cd,662458791.841646
23473bcde48f634641769e22,433951272.43404335
c90486bba327ede32dec60a6,486047014.5376614
d254d88ea0989a609b71fb72,361153817.85453206
2373c595d24a7b862b518ec5,839066780.598777
ec401de1c0ab2dbc149da048,654164543.6433803
17c0a8fd3a2c8b5b18d61e4b,517230770.2207702
1a1016e7a96da2237b391be5,643719274.5043268
c5b40b510bf7f121c93a2332,653484259.7214746
aca37e216a27b4dd5337df99,732963499.929753
96f59167d17d1c99f31be997,767627371.7249777
062b36cb4a87cec372f9f91d,780692528.4020761
0466a7e06b152c1860d44334,881407965.1162286
f44726680d0c594a2d430bbb,808705619.6434531
8aac8946e7ae5725971c5557,820912704.291182
e1aa6c46135f4d1aa1b7a1f4,855940352.233927
fdbe5801070756d1744211cc,694402007.7589734
6ec4c88b8d3a16148e2e7348,934303543.3721949
57c87ce038e4e523b4ec189b,703133987.8172381
9bd500fb24eebd53d8262b62,948284328.5724719
85a86e01443aba593f95dae4,667703945.8959571
13e2ec0a12c8a48a753b85ef,563172152.7889794
b93dc01af5f49e6dcfb7a547,333367063.41455203
71a42155184509caba01a1dc,668288719.3187476
25fb1c0c4aace859265de172,758958650.3087559
6f63e4f866bda86d5c993c8d,565391443.6494489
72bc42a5c73e7b1f9d54c835,833938757.8549453
c06f36b42021a1512cb6e3bb,339563627.41377044
f1a7fa5dc1996591ff97a34e,764819630.4939826
6128a8deb1f0bfbbf0d67769,1195170230.052145
b5254c6c29b4f6984d328216,90607738.3681252
6cb19c3e491a60bb2c166669,799677720.6846734
dda4ee9f3811c29e2b261a5c,1079392108.5003579
7a564ce9a4ed3d2b8fbb1103,758958650.3087559
63b982fab95cd17211a4a58d,377375377.36493367
5272c50f1d8fded01f7fb0e0,922207047.6664519
02b47e60ab77588aff6cb433,565253208.1976403
ddcc7f7a087aa5f4797a8a5d,799677720.6846734
77a887ca508d924ad5203194,625715354.6195521
b57ab7afef2b8aee016ce6a0,993581750.0285501
640a801d503d85835eb65a42,950096802.2237853
767ff947b16b2271f516c28d,997672416.2728473
1dbb46a250f504e9c8673bed,786723234.915881
fd6e9c9ed7679485dfd0b022,757851482.2067986
7dc4f9de14c2924b229ca0a3,937121848.4803333
3064379f468404110d594c87,803175739.423105
6005ebd6442c62f8becdd2f5,1057597714.1527672
b62e960eebdf95c2eaaaf9f3,1060636121.4283909
7b0258f1aaee97661c34de64,379223520.91696376
91e2f9f7d4ed776d38a3274f,789752683.8110473
d505277049a254f960e114ef,727028132.2350023
32040dd7b8edfbe331773288,829998863.355489
70e427235490d7d9c9239676,1096833929.3057938
1a2aa38b8e18fd7ed5be77ff,846609476.5755506
4883f7ce7086ba9c8ddd4315,764904366.2855977
4116cde03803e63a3e87e847,1240102640.136415
d6de5d741702387dc3f4481f,968055450.3855519
2346533f4712f3bbd036d85b,959183756.484453
f6a12c0f02fcff1be042ed0e,769884795.4269326
eba3cb8156e0115bd7dfb525,1155123549.0559492
ff27ae490bf03513b6bb386f,1155565993.1387172
e87779bf2f8af86fc4ae9583,505729925.9082345
4a809b3987cff0290c1df8fc,480841547.834448
8f4241a17d1211687bf232c4,416026979.2214795
bd8c1ff6f9919ec6f1dccda9,725525522.7999499
081e008e772c6a79b809a87b,874311539.5881627
0eff08cf4bc42dd442a70231,818448706.7945527
b4e084d14962cc58d4089955,721689488.5016699
d02c3b5ac6fa0ed6db06e490,988109887.3821063
e8abf103cbe9fecbdd758516,721689488.5016699
05308c4f3d0e0887e4a68a92,529474698.30051434
256a6ba3ff423a899229f154,667871485.6574302
097314d920292b46eab5dbc1,922634233.2749039
4ce0fcf14266d144c82f8d4b,532381727.8344548
548791b5faf236b1c03b7523,810871022.4312546
40ef1682158d0c3cd07f484b,1145481207.9060054
7b473504c85e9cb576f951e2,1040215176.9197644
730c7382d76a07904f559b28,434525600.7879569
e05598d3c49f409b937ff2a1,719354814.6769054
844dc89fe6588acccf0c7536,517642484.5306989
ad1492590bf61d2cc83b493c,800086189.5740678
88fce3ad9b8a965dc11336cf,772344773.3828107
b76d853ea415967415ace0d7,861706313.8848367
c12c81b3eb12bb329466e88a,1352134504.1607394
4e27458d179a469435d02ff4,1063026241.7744863
8d15b4bb1447eba7a680ef47,546925021.1188897
482c7150c7555cb35558398c,1140110315.8319917
e5d6be06fd53d317c8e5c7c0,629656932.656906
f798e7105aa8aa66750a2c85,1014290052.6238579
eb24e0a0ebfbe16eba466280,862404382.7538362
618dede0dbd48df4fe610af1,1005052841.276325
6fd936b82bcfd3cd2451bdfa,870395580.0837736
adbb5c4ba7be2903799a51b2,1007637692.3084661
3a99197868ce338c738a3b20,526962214.0531148
d4c45f35f214fc226ec85b36,1072712123.2832098
c3140ab2134de662162af508,-31084988.56705022
0fe23ccd8e42605f4d9f78a7,24221546.11327386
8816e8101ddc4e704053e23c,821949180.6873108
64ecb100d7882ddec6bafbcb,785503399.2647446
9151a8c65e1f01ce591c595d,538382799.261108
c8a40314be3014c2a218f5bd,893721788.06703
29bd4cbe11f44759e07487fd,569340780.8996301
72ddab9ba5f24941e4dbed6b,980826127.1036718
1f18df9ee1b19359816ed13c,886214764.9502537
fb82175fad61a81e9b665fd3,1116001534.6808562
dee2e190c4e2539124ac3ee1,847964696.8331409
0cc2f3a49dd703e7554ba638,908224110.3638276
ece0394e38b152e6c1571324,877869287.5335133
e14328c988a27176e9fc63af,795309841.2567687
a91664b9f15f9d6f262e7b2e,1193777467.3919692
d54270fd6b09b38a978cd7b9,869524965.8107035
40c74dec061500aaa78f78b7,486394771.17162406
cbf6faf7b47b43b2a77b3654,818024249.706612
52fa1eb3cc7cc2f77ff98764,517179139.02076256
bae512bdd3b04405c519bf4a,892429956.2697117
e7fbff0a25cde72a38e7c7bb,848727279.5201026
d3f297fadece964afe5f1cc4,1092660502.90934
2679ba671751ff16e76f1807,513640737.1996416
8059e45ca26bfefbb18d8e40,734447985.009589
9e7ee8e17b1e76965e96ef95,821555235.227982
9039bc918a76e486041842d0,677809636.467334
1d7912750a5e345f7edcdcbf,490641664.6866885
4fe0482ad622080f55a0460f,690347429.9507185
953fd7541735fa8d9a342642,929037475.7126175
0b3021c156324d1e7974ce3b,805703631.9149419
b0a8e4b4ef6678e6b43865e2,868087129.7566483
bb47fda808b52f30364a4d6f,677040383.3073376
d846dbe691d0ee3ac5c3bec6,899623434.6383849
21932b5a5fa65d237ddb6293,677040383.3073376
07481a101afc1d5db45245df,1001605592.4736283
d99c00c516cf57b6fd9e877b,528423579.7256212
6dbb494acdc64c03742fa730,951208679.3802695
35f69c7a9870ac62735d7639,500313632.5086467
2721f5495ef5dde16fd29cf4,930396760.9113755
0c068dbfdafa3429c71189af,520073388.17810863
f3293c4064d71f9322ca97b2,1072664924.1294172
5eb268b95d7b6006b064f9af,792226539.3009927
e13a1c06ccbf814945dbc768,734088401.2777398
935a1e8c7e62ca9d3bff398e,846105283.3467479
f0c7ecd3b2261873d3664748,884337117.6231595
d2f20425e236285124eaebad,529401381.39142525
05926b977b5df59857194ec1,703146099.7387809
f548ef815603ec44f4629a60,1028376312.716084
6cd147720319f60ed2599361,960499963.3033698
6302477fe8172d08f3b4815f,428441571.6454021
b0af9b1e84a1886489d46b91,793112570.0367446
5f3a2a31f6d1838e0a9531fd,1008680292.8252692
96786aff35713dc21f6bfe5f,895468310.3860554
68de232e27aa83405b4a19b9,843426482.4041145
8d252e9b0912f09703110b81,375063309.79107076
f4e646df504728ee1e6ad0d8,421542588.8767843
e89cf4cc82c5283f3db6f5f6,225476759.3631251
1bc2c099466f9a989266be0d,465262929.8326661
bef2008b362c4af1fc3be566,474979892.5711391
7988f76ba063d25a4f467730,680744346.528351
391a98a344e894c6397d62f3,831608827.3949382
5ab0b8b0d6d93c4654b5cc14,1008365733.3167617
305d6abea2f3e496e3b6fcf4,873794497.7904781
f512fde4fa3f1f7fe885de83,778976784.9811101
c7b6e7a287602275f7854ef0,969683303.1908226
3d11a16b008c26fe43deca03,940705244.2357037
ac7f21d22d013874c362d440,593812107.53619206
c933750eeb53302db0245782,513013365.46582395
766a8ff17723a5c34324576b,655156445.760283
802fe3175a2059f12d7edb99,793584462.6832813
508bfd077c80b6cdfc5a10e1,995520148.8602298
ddf8733adb641e15837bd728,692671775.0577898
17914fbe0c3634dae8ce9d71,706901989.8043001
09e4397bf9794fe24d87d07c,705625545.4383585
302918a3460b98acb64fafdd,526603798.02429575
a7e57a8be8fc8d8a844cf9f0,304163293.47982395
7b50b071f4d795c9b5ad7531,707476194.3446656
91a7bcd95c0c960e4cc22d91,774715113.1934305
5d4a23137173c0e2288ec418,552579836.3812402
751ba0c00d4fae1078c02fb9,683977193.0521586
e6bc998ad1d87c5be3559ab1,801783840.3617343
53aa9cd32e2a6aa346d3d789,801783840.3617343
06f22f7a8e4e78f45ae81638,910447652.4866868
2105c17a4e2f97183e24aa4b,703400437.5546291
ec13a869c212c39b6ba21b57,631667952.3358561
0b49dedfb53ec812962e31e7,804801000.9860188
69e6fbd4d3816c4cc37b265a,932958582.7787644
ad46f8bd482500f3bb935737,823160290.4500029
368f7a70a62962bf31ec9583,1120423590.476321
07412230b931192771072334,845385796.2068692
e63d334d9ae8b672dc7b7d5c,1120423590.476321
3e1c2c5b0831edf78f7b7082,845385796.2068692
226277c02e8532922a1c769d,944857437.4548936
7902ada9116a1cf7458933cc,1103158179.4903636
b21f6e217d6733230a8eb7b7,1043922212.8863508
09ac622c303bce9ad5514442,593898551.2143512
ea63bca8e3a77fe88d88fafc,746264326.6428869
a3c7c54fa12d5b57dd997210,692298035.1873721
cdadb2607807935a0a5597e1,639720811.1485357
8d041784b65d33c76e5245a4,1083264432.4281034
e6807209b634455bad257998,271711875.39836365
b1e3f1efb232cb0976506cc2,977881103.119517
dea95d98e8bff87b905f9172,1184574677.7313912
44b6382d9195ceb3f12d4939,829453539.426852
41f33deb9990562def18c917,537436121.9782864
0a61250b2c208d42a3077bde,864959056.1904569
c714b30713eb7877ed3cd92a,548373698.7057627
bf120b883bfaf7641eda65a9,795338887.7959534
90b34ed38e0f18988f11d77c,997582772.3075271
feade1f4b3b06fdc12ec213f,777313250.5103979
00bff9be2d524083e3b3149d,530752682.6108252
f1e38e53ddb8a9d5b641d934,878159905.2547429
49dbaf0bcca86f32f86e641e,1222069140.5220618
18539b6cb6884f753e0ac18f,1086838985.6813488
7586a79a0151387a1c0cd85a,731045827.2414407
d533a334c2ad9d510865fe54,498054162.2005812
95f7bbdcfb59b4cdb41b0394,796735879.0511011
4a2ae08359e1ecd39b43afbc,573984678.8650556
e8cf39cada5b7755f60306d1,484017931.9155307
0489a476b376f7f6efbc193b,427488998.7603294
7b31b5e53015f8116fedb0c6,1302914288.4423127
4c0892a39011cc6a37fc1145,575543345.884186
92d7d4fa9fd09075bec14a3c,1065541950.0884495
5e5ea93675900efebecaa19a,512256887.40506816
084de1226de9a6f4a6075c2d,802905796.6124208
54f16cb9563346e15b019102,598087940.0578979
512a6de80962ab797ed2bf72,928498922.8498237
871befe27fa79fc1e1813b19,1016671696.4355421
4e0b1df5e05ac505c701f519,349302386.875506
37227e66adec69299f853e51,659811848.9432878
0a0e3ee960f60d04ffd6bc0a,558183705.8862594
82b15a5da307865c7045dd56,1022018958.4812675
44d596fa36e3992208292ade,992782811.7380719
3569024b3ae4865240973e6d,507818482.0459679
31d3215c8345d48ce9734c65,659756705.2232721
147e7f5381d3c951fc446376,842487696.7974728
77deea164a3a622df41249f5,460663468.8853917
3cdee5304896e4cb9604ebe3,795289147.5236452
f5418917530b72c9fea14f66,515308010.9401971
ffcbce226963f10da8c53fd7,975721870.336814
2fffe55a1584619bd7c489f6,656968995.944308
3920eb3f72b96fcb58ef778a,480780733.8207239
d10bdbfbd411ae625dc80611,881528917.0690012
d61ac80c0d4737c3529f4a2e,646024437.3262682
f8948886cb4cb018eca25d19,742671930.243501
da5bf7f1c7b2f4ad670e2382,678133657.2204486
f406c9c3c92e9b31310a50ec,939742905.0285712
171b560236ce760573a990fb,1004339108.7860014
4d852bd93332172bfb081aff,1004339108.7860014
2e1f7569d134a931098a2ede,905994302.9563624
6d8d2ba62c52445d78f687ed,1283559716.5403976
65ae1a893abdc2eaa63d9271,1030511174.0667939
c9c51c39725d7df94822fb20,448944434.67543286
56ddb54e50deaf650a25e82c,665005995.4429402
aeb330dede55fb66654901fa,820386437.3678871
4f4e3350c429c6afc0bb0094,864652133.8327181
39377d0d271da03ad85c7bd1,671441578.9213601
bda2fcbba2b412981e708054,742561532.51622
eb89d0b7914010148e6bb597,714990620.1966976
513d0ddf1ce44ca671675fe1,1082575037.79891
14cd5f188cf6d2433240b5cd,633099627.8142449
dbbe0b6f5eb07a5f9ec873a2,804181429.7495908
f9acdd3fa50068bc0180d008,604980529.9595166
4a85c36fb854e922936b57fa,431635713.28315234
937876bdc44c3b8fe063a9aa,448944434.67543286
001399d3861c5792ccb8b515,1211895666.5916872
f28514aa4d6ffa36104411c7,1106879042.4978175
3b185e3e31f7f5e6a1b3193c,701739744.5215429
f4c7cc4a249ae7037aa0b35e,812938219.6357144
b74a02ef5cc838952bb9afd4,954920091.7725239
75f5aff9fa70208ddd843779,787956998.9493091
b7273cac93fb7a0034039600,1140110315.8319917
b73bcc0cbfa173c9fa404369,1014290052.6238579
3c4c18326318a7207b589dbd,567748138.2967637
29a230f7dde5753e65b661dd,921120085.3598148
c083a5c64c4d6952accd7bdc,626783961.4199347
1cf29f882ee8b458b8f27091,824760849.0719446
94c15574aacdc5c3cf5a406b,696084888.828918
661f7eaf134a5b142843368c,847634313.6772139
14a5bf235097782f468fbf23,571007484.3358587
d2d46c70dc048c92c8e4f09e,742596540.5238597
f6faf74c3f4e02a6b333b7af,949032807.1099675
6dfa362ff7a0d55693793db3,799361834.6527907
b070e3747bcf22ed67509efc,920854542.1294131
7333f19416625d6f4244fe02,608907785.4720968
3c86651d9bbfbb335f15b544,802997665.3233845
9d8affa93ce4dc7c1a21b3a3,966785607.8240016
eb8cc67810d95d1b102410b7,1031381662.1896559
047f94605add5f6f84fc3f90,563431687.2903081
56ba332c82c36f07ba6bd271,1153779526.8613317
5814a1dd61362ded4f1d8d8d,757970273.2279005
141ac7bbe9637f9e5142135c,1212665526.2250235
08db0ce5cd15db2404ff3d28,617663967.8145264
c38677ed0876b7996f596336,360894161.0540664
daa4d7da8d7df8efc1adc9d1,482841302.0952433
f15c6403c6d4e3676a607780,487318116.10738826
4d0cf77f8cfcada2265ac585,589595379.3410332
4caab3951bd6cb6dc71ac8a0,550720451.4973099
7cb64b94877a9361f20027cd,687129812.2380198
3f438d6202cfd4527bd8f983,537169575.4657319
b7763beef728bc2021ebb841,252813660.8184843
4cea8ea969dcc433fcb59d96,796015446.7415247
24fadbd1dec637edb728baa3,862404635.6592935
63cf422266e7c39a6c895b3e,829517870.7202635
dbaa5d47ff63125584bf7ac0,841899185.93141675
da12ac932dd8a2fabade4bdd,779262818.7550081
f35538e95b4a567f9b834034,1091991543.6048312
6ee1e976768b68cbc8008950,1169209471.6564257
a910019b3d18da92b4c6862f,661793835.4679737
a09413ca0b723170c26652a3,664423436.0214262
2b451da55be3683c33e4de31,1127405163.914827
561840990333852ace562b82,842409561.8935013
b6695af1ce28eb50d7a2c25d,1019350812.3842201
9327563b40f2a0f888c68f28,954560149.0238016
3438e5d77044f21743e56edc,725439461.8823414
63cde4fad1be942dc5ee695d,537875548.1182448
8e712705b7de6e791c8735de,490522060.1349086
85de01c0aa787152c77c6180,500930776.2336384
c9b0673becdedeede0209697,620452937.0722797
15ee6357e02b76367682d6bd,987725300.6214051
5f284a75ec8e9c72abc76695,1076625634.8835342
37e696957da15625da71146e,888195573.4430904
96a478c359fea0014fde607d,1065901535.7619379
1a61721fb7306d55dd77b6ba,1065901535.7619379
a7577260fa10bf408f1997d8,1010947109.1425921
b3f8ffa761119a5441a44ad4,1173572051.6840117
a5c85b445f503a56e0e2a924,975864585.555066
5aac1a1d5da10b76ba4b690c,812249103.3694057
1420543e2eb5f38e4d38ba81,1111499472.1223385
a530e3ff6d7bc1abe333245d,869739438.155421
aa9988248c7dedb016d8b6ae,962285817.1539409
fe8ab5495cae81b5478026a4,376731089.8778325
b463c62e3c21e339e7acb52f,713806176.5633565
00a5133e7373eae3f0be8f2e,498419777.2462461
38b424cb0e54f0f7f2745781,639246803.7685823
c43530f324a3ac90f53a8849,1069201724.6778531
abf93b2418fcdac14293c9a7,763250284.7214435
9b1be976725ddd512cd222a8,930744612.2546846
9b7f17ddae12105d47fad7eb,1088683616.7045689
3caab5e89722761d5ab2498a,497846775.653057
a2f40c8227b466249d6cb659,1162774107.6349826
e6a5007ffb7c1321d4fc21a8,480288142.6028087
0d50b435188b7830a6949026,465175673.6807437
d4bee60a74c2e2235f507ec0,1068894965.2927635
b474103c4b637ca25b5d89e8,588992428.2139059
ce6ddb82d2ece3b8d58fcc63,225625586.15783995
28403f16831effcb75471738,391771036.8314458
03f518e2e5861002772345fd,571202794.2538911
011a6d0f12ba108ef15076b4,349699359.10998964
93ac0b004ca60ea56cc2bb9f,644416685.0082756
1b70fbd3e46da8c47c3eed61,600545445.4543447
cb40d6ea6a1eab77a60c1ba3,559214265.9182945
87c73db5d50e8ec3a22e6ccc,562862266.700041
9aea45bade274e4ed91ec301,501373307.98361635
43c22bfa9a14df7b0126c12e,722789607.6984463
6d848e54ee68e6d8f23b3b1a,473534276.37612724
e5cd7a2aed48057b0dc8d970,496997237.4466812
bc4b94c892fea57ebae3eeb6,727310492.8538592
e7bb12e99318573a6e6ce1cf,660659931.2154396
4b52ebb0f0a8878def4170c9,603900273.9450126
3e85b447edd3b23b5a0d3b79,650663119.7039917
15005fe7eb24aa25b9e3cee7,789752683.8110473
22e00f8057294350ddf4d42a,996648639.3063695
ddf2583bd65f02abf7ce3280,642375963.5437304
704e5657734af93d19a0e5fa,806429582.2178999
cc1a11362066152d21d4cc60,255023594.1902485
12062de068acd322b610fcf1,1286076869.5219214
e9804af0513b2f68daf182b3,925064877.680586
f13d8f4b2e3114d71e5ed941,992547423.9998932
11bccaef3431fc17953eb81c,1069039825.7667463
ef2b9c11f884cc5f31c26f60,697609251.6246088
25986c851e13c92ede6c6d6b,984816549.7570817
37e28ed39a51956880d211af,1057542628.3237648
9530217ea0b5d2395adfcc9d,1073284190.2923772
d8607e3261ef1546eb0c30f0,1106129416.7903628
22a025ad47ba22ea9fd1a094,808995023.3773998
1c88ddc21f3e8e4ca633621d,395456449.61699605
e45ba581daff88707ad842a9,771640052.893049
d7e97cc158c6c54b02fe635c,859033680.8766673
04bb7cdebb8b66e783058248,557567803.2068201
d60cf6dcb7b4b40077536604,959406656.8367965
85ceb648cee9f6f3d221254c,619884525.0567396
f58528d3ddce3bc6c71bfce9,1019623275.2856113
c269765ece36cd93058efab9,788240987.746234
919bdfeb16dd0bf67787d53e,796655043.2771007
ed8eacb8746dbcc3c2ef3aa9,965816975.1896508
15ec532ec6fb73074b9b12c9,981691145.0170895
58a724e8a0e05140b07539b6,768375260.1774758
2b7a5be93795a65d29970b02,718971113.7876554
6dde9af12b6597425160a47a,960021314.7397743
f0ec99c13c61e89310ca9b8a,506194290.21588254
65c83da72c07b8e74bf581f5,1031925147.3773743
3ecdb7a7d178b48361340ea9,710450239.0009891
af22669e3ed10470623fd8eb,1038319962.3328664
748c981380925e1247b9e64e,1112045598.558169
78ab6cb1f62a7e781d4c4d0a,558152093.8069146
e80ba06329760362c7685ca5,451231567.30552936
3cecc0cc43ef46670a8e69bd,744142506.8861032
527e4b1b06637b5362c8f17d,841787900.131917
cf9eb2cd0f20b13cc8816bbc,408983807.9121407
4b3a6baf8196a59bac8c08c0,660292314.6861976
9bb9864a6bcff25b17477717,580331754.5994718
4f7d630c921cff500705ee5a,271221831.78013
7b7c0544ece4aa383fd5b4ce,679522693.3356829
191094739043620c72aad2a0,716857780.6489507
a20435d582c7646db231e7d2,866932299.5953169
1555743ec7e2f38904852860,519348566.9254551
1c7452cfc46652a60b7a4f05,862519995.0021333
97439d5a82f970e7f50d51b9,767589111.0834416
7667cd57d0bec809417c9b11,769936304.1597385
103f6eaf04b44c4013acf097,1078478722.9480412
e6ef433629e193042bd30f4d,893321798.5806222
2ee7f959d069c9ca223115cc,829986924.8976275
b46625b69fba1afc154471e0,667217686.558697
5cc0700421954934cd8dc445,843991368.3628262
066f1b68f7c053a196662fe0,867247031.0703523
645e1c7b799a489887086a1d,884337117.6231595
f426c41d6d8bc99f359f480c,769524106.0903405
d1be4eae680cb16d0c842606,1028376312.716084
57a5f4f83a474ae156f207ee,792226539.3009927
53eab0ecc3ff098d55666699,1361246969.65063
54022fa49ecd9cf290aefc89,1044642455.9405932
545db4962e6294cc5ed07727,930744612.2546846
8e17bc9f09099ba3138c232a,1186133534.589468
3b4b303bbeece313f92cb85e,757286193.5689691
d0119d7bb15452c473ed28ba,1011597134.2449994
1a36f98c62f5126c8064314c,948486914.1557245
96a77e8e42d676b0da3fa572,519192947.54414904
d7d6f668e3e40d957163276f,730848155.404707
5b908b8abd8dd0862440c172,759167793.3593047
81716dd4aedf72a6a14392e4,479757929.5850242
47d252717c4bcae3e1ff19e4,861336497.1254426
4f0b2f7e4d787a108a4d2537,973882593.6917014
90a43053efa1d292af692a87,632846545.8937068
c3df4b9fdaa4dcb13723b5f1,791310567.018121
4b905620f76873355d317dc1,743087070.3604662
ea16314310144a10c81da9c7,468879363.57610583
0e5db1a36a521a5d2912b238,482461144.8396447
c53c58dd7b26902f67c3becd,465437071.73038936
6c17875f20f58b1fb211c18f,1230276568.988411
200020552855ed39d1af999a,553447534.9196779
b44b862cbd855d46954eca5c,626895323.1721793
ce47299ee877638c4729f60a,632929928.4309783
3a28bf9841e6a9d3f1bc293a,741541588.4948516
3a488b9e24d9b8fc7c222e20,-81000565.48440123
5469c33200ffa87952b356d0,-15444624.48758161
b57174dd86ed451448dc501b,513088421.0628929
ebe09efa32acf6d680341840,968211710.3801118
33f7d5aa494288cc90d60456,965539090.2687789
de9a32ec454c2696cf75eb0d,695524451.3137081
df4400c44a166c851ff46eab,683493534.5379976
5dcc8f6a6854a864dcd27a87,801783840.3617343
bc08ce9f24533cd644ef08b8,519012104.83920896
2935cc0e053bf558a8b73054,801783840.3617343
f08001f2590d7b734467c58b,766400053.5842813
5a9892659590355b91442979,802662664.7461727
ea34dfefac91681864c2bfe1,834172288.3996565
ee3b5d47d05a80c07751f7a1,1104827897.58472
448ad01af4c5cfba3feeab26,1104827897.58472
bcf43ae0b4b15ae168abca97,902430402.764765
8ccd326e4f515bf7e817a14a,1008305752.5673292
94535dcf38c9c6461a73db02,373358320.8825005
9b3557302e940d4da341cdab,510356338.75356615
edf8c961862a4ff8e1e44f1a,827976800.5857925
6e508fb72f189a4fa91bde58,917206351.5432805
7d0a4771afb00cf9a38ccb81,1117594580.8938355
8c32b6b31d1a1d5736c4df61,1159993675.478294
da782fc0c8a79e3e250f0f67,627738838.7515833
c86e643b7f7b57b4482020ef,567196260.9945731
4632f1e8fc93e268ddeba07b,662125017.540528
2cd372392fda500e6526695b,643450239.6265647
a05ef49ad8b2d6c466ac7412,663321349.4902284
9f50ed2b7e40847ffd877f4b,1021095602.5396686
c00083aa30ba7d953361674f,71742038.53584492
50857161c59b991304f5c55c,694793517.6379
3676f63aa0ab23ca7cd344b7,636551182.5258342
3710ec95af4702c45f165279,789197522.6975048
16db516a238934a730ced1e8,519598718.3007693
d450dd622183c7cc43a20d70,473585509.4085625
ba84fbef80c8a82895ec599d,1212548890.0140495
ee85a12b8f764bc15164dc7a,626936792.572285
0038a3b703f4ec779bbcfe6b,945608845.2066239
aa643acab634ee591a2a43ce,535641118.63736653
d6438814f4ff3853bf6cdb13,848301917.810897
a37522af63bbed2f4d10900e,1109952624.1856956
0b715ccd3b3e01444b855857,657806182.7206885
fbdb9caee4455e99259cf921,507266525.4196403
b3c02569b8fb721934f51c52,579348854.7519029
c07e2ef0bed4be12e41c783e,507362744.08726466
1b4e4016cb766bfadea42f73,240459140.3949871
ecf4e968c925cf8322f8a0bd,504785519.53222275
6cc0e6bfd30ed93fca2bb217,392961683.9703492
3e7f514983daa92e49a7c87a,806380803.7631774
97a22807207cdfb341d5c50c,23196767.808414698
3f9e95762d2f2056e9716039,495506151.08248746
255c5b92d71a00c3a73b9aa8,174197369.77128524
58d24ab99d74ae4c449c90ba,720114158.5339899
51d1df6e1f28c40dc9074b74,797261475.862385
16261339c3a99635717fcda8,1342340449.0394452
1475cdbbac4aa486266e439f,904402530.2514209
2a9974fe07b1e4427e386e06,997178530.1903179
cf76689ebaa20c70d9db4d51,1084975139.9736845
f9379319f992cbadc43b9189,802291670.1111673
62313cfe4272d263173e1ea9,1006104041.3885949
b2c62bb0cf8d210dc4635653,936928650.2223144
5d2fd288d33283826210cb90,1073284190.2923772
3454ab4ad567d2d22d990fec,759978491.881248
58be66aeab226c35330d57d5,695564744.0278339
315ea6fbd6b3261cae7fb900,846004319.5756866
6930d8e260fafaa5c317dc82,701102548.1648749
0fa99fd0e8cebb71a3bb0871,441246152.8086657
fba946e4ceea37176170835b,686241575.998481
b53d4d8d0bd4a0ae84fbc22e,498034740.16736
8bb1a2ecc997779d1addf12c,202129628.5632046
6dd97377cbc262b07ea2eb99,496620753.53405607
5c50853824c890a5a7f0cd70,657701070.9796978
4c3865a97f5877090e7a9649,746999511.9416863
a3cb2a035f98276076f2d848,506658028.7697793
40d04ff9c405cccfc82ed5a5,779581598.704211
22caf82aae904c79057fcb3b,626668928.6855919
eaf87358d89af17c3e004c21,1194321307.6743999
9ab5ef2c5650c4bd05248990,240667957.3811251
d96e3063ce77ab1235e2ba26,683604764.1628255
665d62a8019b27bf5ce6e6b4,515051394.1769235
56234f11aae98489ae00a8d3,860353086.9672503
76a5158e1a5c1f9fae8ee882,631076134.9929758
d974970034de145d469d09c5,895328416.1610883
7b5db1e4f4f47b4bf7c827ee,457738570.60853964
73ff6ce99ba5dd8cfab0faed,513757420.750252
e1cecc8f17883ba6e2723826,675377339.9060286
857870b1412b84f0f19ed751,442775531.95840013
d89dff35fa1944191aa9ed98,890259932.5567067
86b89233e0176e034ae3cb7b,885907695.52846
dd3d529f3745159d9e7746b2,833649692.3208327
af10ec1529a63d0bc10b056d,913478657.6597877
a2645174e4e15c49331f576a,971583295.338931
311dcf366691c44243b7b89c,826425917.4269176
4cbc74a93e33f7b4812e1a7c,421978855.3114858
6e0140e1d667cecd155c6e23,673427744.1291559
dba6308e2358f30b7ec33f59,970134291.4010496
761ba98d35074faee3594dbc,835585300.2356508
b961220d34be930fada80887,729012350.9731323
c9c3973bb37b5c688a7c0157,872978395.6200187
79a0bffec81b17d606a606f5,971583295.338931
135f6f92c4ec95847e8840eb,82508018.19537044
05858b1e4445f56f22e1f4bb,1000409602.5902686
623b7d96c0fa09e50148aa7b,987134389.5970328
e61e5d3288f02b904d3b1e38,1022090593.8026795
0d173e7afc8f8babbef6ae97,1032894203.1928524
7635a792e5002ab99ceef583,529327244.9457493
4da93e7126354a474d435a4a,996919134.0634391
a4c71322f79dbbbedab3191a,949766226.5177262
57ef53ecf8b709ddc05aceec,641330649.8846259
65c3e09ee6f1ef0500ca4316,903735682.6414183
74d0b6e87c2045f95fd493c4,936433212.8288534
4a3d0390e005fa5b4c9403f4,903811330.5738766
a3aac701ae444b6d91b7bb0f,1024696241.7186289
4afa3a1b63c076123e7a5279,852638647.0217234
c97adfa6f5ad3e3db6b80edd,1052756615.8948112
58cdc29143b85386c76bedbd,1046426306.8499863
1f81176d8a0c61a7177c6c2b,1068604709.7184539
1c2e69465c75fb3af2d57351,1200877916.5257945
7a10ffd970cc822108ce7cf0,869493234.0251617
3bfccc757ef82ff2774f2db9,993441282.5515429
3c753ecb3a4f8ce43077a6c1,1148046944.9882267
100e9e2623cb0fc52fb08813,892150335.6693898
90a269d52e47c1705f9b6cf0,1183389177.5965095
34f4df9fce2ec05633d0cbd1,629126409.8056314
1e4fd826fc8693b17f6efc3b,724865786.9116458
efd9d848677015f13688453b,449161746.5936593
07cd866c871333283ecb2d23,1031628768.7270105
76a307d6b36b8a51115e91b2,684195438.796384
080969c751cb94822aeeb755,442854964.3612132
1e37fb708b70b6b5e8fb5cd2,574486773.0954003
4e47d2c8ccf9929ad9c84544,473025312.7832389
3c877a0fbe08cda958ff8f46,991682258.9878027
ae59a0d6441697841d86cfcb,394356286.27464855
2fdb80ee4f9a35663e92b3b2,778551066.4781199
3a513410a390c75fc14b0b3b,736317257.6717955
0616401503f2ebc05af7ce4f,604320341.5981007
98b973c8597d5805f87dd074,804609380.4314611
7063abb555d919d5300af3aa,1132125518.8011699
88c4b21ecffe12cb6c408a6c,789197522.6975048
75a4421cced1111492d00298,623793544.0686703
0482cd89d767b3b7de976c3a,369130194.44503033
bda9e5d8048acbbe5a9d49ea,472111957.6525943
2152ed6b2b2eaf16ec272cb6,592591944.9345248
9bf2e0c1bc82010e92da2540,691554560.1912085
110af3c21ecdf156898c7c0d,986860088.7917712
2790ead3eba9370f00024472,532400988.7760588
9b06c7cebd33cd26cd6cc089,1105255742.5285983
fbb89795386c14f5088fccdc,897758105.0785158
e8a3d9d6134ae8d631791e52,1020376450.3736529
5c535b7d92e34c0fe4b66891,1423954076.430242
d88544e4e85add30aa795ce6,488467987.7193093
01b78983d268b52137e5ac1b,420183313.15228
25414034e50ca33fcdcda4cf,693676058.8188348
2212e0125cb7f75390020951,764465562.8691833
a4d5ea1b907e98be72b5c49b,911346932.5299761
2df90c0a3e2b9138fe276a75,984372532.6959279
c520b7e8de3796450ce49a30,505881056.48788977
35114fa32397272437e67a54,490468436.5483179
bb5726ac16b4ade709151159,516460093.1080197
b4dc6733589bb35444b74c55,975187544.2977734
3b0b0bb06d95c5ea1aed2d95,703968302.7478106
fb7bd85c05cd74d945d22de0,889512050.2082723
6396667677a878ff61e1b536,816791677.3983784
47b5804ba1a998c3e7544092,815732804.4279763
ad4d91ed26c1fd5702b94064,727570653.353162
2b802261b8bd839aa0b04b16,901766161.0827832
0bf9fe130da23aea7142bb7a,1057401973.3310194
90511f2411d4a37a7224b995,691126183.1753942
1355fdce5b97bb36da15734e,1041725642.3838861
775a6affce535c5a19ea5f30,959907090.5920333
e36d70d72c2758d7fef242df,933781792.4339955
2fde05df6a3aa9f57385e6a7,412016418.20511115
5e0100ae728e347eedce5b14,1028376312.716084
a636ffa140f80412f003734d,940205214.3432701
74746d24b9bd86e23338bcd9,792226539.3009927
99c539fecb3bc233288ff905,569914003.0221871
44760087930212643641eeb4,1088397785.993904
2c5d940b5ef2276f1fac1ca5,884337117.6231595
b26f22f1fd5a991ecd1e07f8,991370708.259988
1ffafa78622c45ea4127ce82,814481654.7401607
32a555016892e7a74d231545,519192947.54414904
8d06037db08d0754bb67da4f,867247031.0703523
80255211d99c72e343b32798,1052025003.8428091
070062cd1c769f3be9255af1,1088397785.993904
0451f65828e628c2220df77f,757286193.5689691
d96f6225db81dbf3d1a0e9bd,535270823.813465
b1527eec2e6709dc51e03f9e,950203403.0626298
5464fe43eded098294d634ba,691126183.1753942
ea37ad89fbe4159940586718,578837835.1876687
4057a676e7012fd37af9c3b1,420799977.6615906
51273a81121232e7f30cfd1e,579657379.7328656
3cfd9ba5c6993718c0c532ff,574350160.8308259
8567e677b30c410df80004c9,700078577.8879112
7a34bcd9f86f5036b526c3f4,657041162.0574595
3dda25226646e1e91f4c948d,657041162.0574595
a2529027db6b525e365e7be0,547722576.8028781
c6115d5e908e04e67915a581,632188463.8373265
8d0ae601094562744c8dba4f,477131373.29374003
55209683056fe2f9faef7fc8,668163717.7655865
e840095310907e82a159d683,657041162.0574595
278fcdbf16e3064ba42c6785,821698165.9134518
74af10afa02e7724eeeef108,843327885.7142652
b763f71e8a5bdeecf0f3f0e5,92186887.45994139
5472d536d1b6b731537bb67e,742279372.5297031
995ba6d1fd63d5160fb18e71,-399649.1236895323
f424ca724e7df1c37ed78aa9,859802041.1353283
c2aa451b62293042b7244fff,878172897.287231
d4ca9506161d3f4bb3ca57fa,502936019.34491414
799862427c1f335eadedf4e8,468226116.70126784
1f3b3bd08063993c23586c93,633745821.9069152
817422f4c278ff27a22b05d7,632658872.4754585
db9798a3f9ac287754f3ae01,1037564931.8650458
7ead45d1f505649429904307,579423993.3819634
ac7ab254166442188c6c5c25,716424707.5052664
67250a8950aebdbc67f7fbfa,859037437.8627241
641f4319c315cbb74872b8ac,503448286.4335827
710b0541a025b1b6a5a80c41,687963564.8500334
a10f459124248ef30f290cad,529879648.6690366
1aac53220223d0d823e70d0f,488918595.61155397
9d0ae0c4dc11d8c6d94e545e,689962333.1861018
be685d2954b8c7337ec94942,934408555.4288108
e43151473292e4e98f121f63,135932590.78976834
e04fab3d74d14be3b8dd2c8c,685171113.6310252
c77509a6eb6665bb8eb07d95,887227047.9694707
9753470e033b35407a2eca2d,842977996.7076494
825f57ad0527d4abf41cffc9,1214821892.6346824
0d8074979d302868c2534262,981736610.6146438
15a3e60c7a5d55243057d7df,485219583.4535363
6de06f867a28393a9e95c7d4,-139172257.16821408
4d418d0079828e244dbaff5a,603932392.5590984
2de93fc191360ae22b0402dd,740160517.2625184
86792949f2e6a347208cbffd,552579836.3812402
6d8a0768adedcc1070d28390,1008166377.2632221
459963742bbaadbd9db97723,561400808.3852882
235b10cad7233d579a966948,915461507.5473311
4443407341bec8b7b0af40b4,900200101.8666435
d7047492f4c53a0cdbde60e5,935778564.6556237
5541cbe23acd6ffd4aa0d939,823160290.4500029
1d0853f825cc0aec6f5544cb,1015810108.0714067
f016623361c6ccc5163e79d5,950080227.3423674
d280fed64d1c23ac9d79ce20,950080227.3423674
7e86f11cd63ff6c8a3c12fe2,1007480639.2153904
9d7f161ee660b1bcb54574b1,1210277842.9358833
a0722c5527c6d3cd5cac9477,1096332655.3784711
278a2cd98528eb1341a6b685,228687180.21253777
b755f88ff3907bbe2a417e07,909813250.7740755
2bb55b0a92d62454867bb158,680162878.961894
960c9349b6ef9b747ebe5829,813964727.4077712
2c8352c418097f82a50d9bbf,895574777.3920128
47d7ba800f164f397fcafa9d,650805691.4578402
610061a0e67aea7d222f08cf,1057927385.7430654
a33de2559b5f56d1b3cfce08,950574317.5819517
f020fef57e9069e4dea2d71f,967686835.9693303
883f095dd3f7e972d7dd3c2b,543986250.2062316
b0b784bfe2d3c1b3b1320613,853596716.2004284
1ea66dd4a72d93f5967be730,695967564.6504259
90b04117887941ac898a67a8,332150080.95897853
022357a3d48ea87d58ffb46e,506428745.4411291
292224fa68b0303a90063801,675515181.5183259
6cf924390dd3ed4454403887,569771423.3045299
555a293dbc104e00f182fe34,641434842.6841937
e13ef02a57d35f71a4fe6121,449494397.51869285
c82929467d22589ec62c0475,659039377.0719247
18a74c9a49ad381aee5e02de,494427133.538919
da40d46cb91d9e59fe12e6ba,660924120.1001632
6320f26d77fcd56675db6b97,1058361443.7506262
3307731f3bc518012912f1b3,1073432068.2555873
ba94572d1e050bb92522f112,163349721.68376982
6e0d6bcb01e99fc4959d3f7f,414535992.0285741
dc3cbbb2fa00043d02958219,680657957.7407302
495aa774f4db66db6df30e93,588516803.237029
6ba298925ffad32daae55385,796655043.2771007
8df5099d856c7f9de43990ab,749134458.116231
93c5c5d9d1e99824178be9ff,1043067342.6049974
ffbce3ccf241890ec95104e4,445423304.600718
2c03c38782e365e68b32d6bf,693587613.3768574
7734421098413f27fae86fef,833482418.7549945
2b50969f1faab80655bb9104,552842981.9362228
025a98586386211b1519f9be,311428304.7819771
6013b8c04f7b9fbc74ef1ec4,514634276.6212926
11075db1cf9899c8640e1b90,511347008.5690165
61ba09084039a467410aeadb,852306348.5103676
eb2880c2433c4b2500fd40ef,498406884.90541273
f7f8607535159c82dbfc6c14,-57728738.713825464
35c7a7c0ace36f4b95423c4c,233162092.432101
c71123c31d02408cdaa74daa,981691145.0170895
dd8aa138623604829d56ac2c,414535992.0285741
cb94eee5ecfc75d0fd5ba6e5,657378828.4943515
ae6bfb4eb4770f2266e3b961,700340612.5636417
573ea1962372999346590c0f,1251092649.4542542
9f7204b4bb3ffb8591e3164d,989953463.7589273
a4410bebf9843297fe32d63c,695650436.7110089
2afd9dd680803e3c12d5242b,862332650.9423767
a7618c242fd918ed894304b5,511411110.60930943
5ebc5cc2c1488f681cd119f2,749134458.116231
cd53a991573ecb5c53f47986,760849754.9691426
75ecbc0c0e8e76bb8d734f60,860784000.5411109
47c2934aaa5934c68dcb9e51,687848985.9904588
386ad1ba1cada9649f3415c0,629638362.2223448
9ca0839c9c294674e86eb691,1047927702.5202239
bdbaafd11259af6300321a89,600685248.6434705
2e41ceccc918145dbe7de0be,622299170.5350963
11df35a3fbcef34e47747e38,382913298.929382
b0bcb64f2f2ba69cc712e0ae,819702467.4287944
bce0a4447db2d54d36661011,661044880.7565608
ef7ba10407cd74590ea3fff3,1058270034.8593056
a743dc3903eaf3576046ef3d,691691054.3475959
b3d072ebd7908688d908d350,1149520346.7319272
a48abdedbe3d132276dbe403,950306176.7875413
c6b7e739125907c86a8997d3,886583100.2751396
813d9415d9abca46ad4d92f0,1230197665.3847034
c631f8920a2fd1160f6b15cc,736896313.738481
16194707d4e85fe332411bd4,768375260.1774758
31e241881acaceb02ef915d2,900244751.2484837
a3f1214ea44063ad10956fca,817688945.6410701
ab086fddcb949e3dc0ed9b5d,898226191.8584069
ec4df02b32d90c019125d108,958139727.606354
09eb808ca3859318d6328db8,312030628.901038
f520fd12dd3ed32ba78d357b,872758565.7617105
0a2f7379cd1bed7d2d2d5a01,1065453560.509635
30652905d3eacda34ff61a9e,737651972.5332086
0509650d34981639b9c64a22,783126267.0685827
77cd6b199ee485314bc74626,840320364.2379014
10c836c2e566dfe9edcf3d8e,1064232959.08112
e109ccb29c02c9b35b789c90,1083463394.9815533
2d60a221b478264cab9816f7,901888095.8757068
d34c48ffe935cec3358b2247,962904178.1652143
9cbed1ed72b444c22d8c1614,645525531.8862753
735c3aff4c151dbc32f9a76b,929947976.4541981
a4b6ceedaf89cff74a292ab5,882427048.49233675
052957f95b6e7b41bc625009,734761315.8738564
33a61cda27fadacce0d1aa7b,932983916.255625
6c3bc8c58ce67b8bb9f5894f,976482237.8483806
1988513503246248b80c7f17,899544593.4702896
57c29184563b31f5f752c5c1,1127257121.4777658
bc6a7d4ceee8bbff9ac5eda8,783129597.5137695
f1b7ae24195b4414e6d6a001,1127257121.4777658
e7b3ec90b47c9e6009ca8a75,920900000.9937947
39b62c6fca161b80bc6726c4,850415844.767154
55163359d7cd910861059389,904651855.057861
df35908d6ae2847dfc73cf9f,649047025.9478853
ac822dd448e04e9f8dd1721d,836382699.4708745
7e86148f53beefced6e0f3e4,234377660.00885594
6eff15cd6372aeaab2e665d8,262629772.01051807
0a1af9bb571b90233856289a,692344825.4741949
b3cc5930a3cb26e35a45e09a,1046101049.2686512
0c12f73305bc7d72bdbd9789,570425352.8564861
ac048209de77cae737d60545,457668697.6275612
9239fafbffc066dff0811302,411324470.36315876
8e0ba427ea909cb7943929b0,772751060.6731031
b3c99f30b16fa80cdb4f213c,681858290.4664026
d1dc16c82942902c668a5c9b,855123970.3355347
5cfc9e48ab90da0f4e98a7ae,662447743.1386511
9abad9f79352ed42d1a9f099,579244593.6914489
dedeafb60b4a39950e7a984d,579244593.6914489
74cca5cd08c4bbf5d0404d74,802002447.7178953
b6aa1cb0187c4a1715517fca,579244593.6914489
e22bad460ec1bc991f14bfbc,1051268654.42445
594d46a91315527995cbd807,794174261.027116
2c0b4c8269cbe25a4e85e049,446780018.96596915
1014d3a98e886e1a7358e29f,741753421.7932191
73d6bb3d6ae08921a6117f5d,552969923.467901
de3b619a7c80549db6ab16af,249500880.27256626
da34d6cd832009e428d2b467,458189696.2542248
104722434c2deed04a901aa0,412211951.6402569
cee66eef685e4764b9553a02,513757420.750252
58b40969f1b73182cb6d30db,513757420.750252
964e9c3f87176e761484543e,559438114.2863909
19487167081a9b0dd09d7975,1036054446.1495693
7d8e345c9b16d0fd69f848ea,1001932927.7170944
7d4ba999100c8e694fd820cf,1018898300.5121102
c6b157e7a6ca08d04ec4de4f,586039239.2782836
84ec2d5245cfa146dab05065,770688101.3061569
c844a386941b86a3d4c0312a,676187503.8278664
0648aae13097ac649fe714b9,1006253283.9283967
34f220a8ee1f24bcc5790364,478315829.7014343
d12eda0ba04f846d73cd7acf,667207918.6888686
c12904320223ddd043f39c63,636551182.5258342
8bce0097d22b34a804b502bb,643527696.0647064
ec1171cac1eee089be6f427d,680110843.4325082
5d85d77a06d0f0324d15d162,986860088.7917712
0349908483ce628a0a5fc164,930795729.7554364
d74da3bb780515b1273d741c,897758105.0785158
64cb8fc8412c9247a5c243ce,1020376450.3736529
3a53919313bd750f2b1af906,971194289.8092717
91d265ffaa6b407e9747b15b,950839083.2252679
1db1d1b76e09197dd915a8f1,915808353.9863231
6645a3080e5d10779672d139,1057396894.2160864
3ff6e77706eae698f86eec29,908623222.589793
4670d21fa84e40184f03d5de,913454087.1959008
ee8bad3fdc93f7fb79c9cbd8,872377455.4821305
b624f0438025478c9f66fec2,925679217.0938497
37dba4927e327d3a4a0c1d36,763292516.3709399
8d16b1bdea35630a3b09b192,605181010.4661703
d54a4c353cebf18d452be515,405329404.8784102
c402811ade75f5e3dee73ac3,741496492.5652552
dd926903e87d691a0f15dba3,910294991.1630172
cb01687abe09df6838e1b224,609061814.0567393
6ad3e1a47d1055b55d14e091,701401539.8350482
b8d50a94e8166e471fd8282b,683081896.6287491
a77d82703468f2f9e8f2ea0e,896140211.0144355
5d2be469f69f31090769efe3,898661126.2915217
c4e8559ee733a551649a5dcf,1065247947.0983949
5996fc90f923d6e8527097ae,372384627.5245351
32d5772adbcc785ecbc2c55f,765166050.2070646
5f088237d263c37e78264bba,663718048.4082869
799afa0396b9f268f239db51,471699582.4289534
bd23b1463f0936d2ced5fc67,621633724.317633
8f35a5d800d98481d7a8b6a4,604627097.782116
371b5ecf08973fc6e6849d14,531786373.4386333
fa70a55dd0e2053a1b566de1,35539172.6406008
584364cece0bc4d17f0e7fac,428651071.6542108
cd968f8973a267790a38f2f2,432370460.6662507
c46b122728ef4c9ae8be444f,825606435.5701776
4056182cbd8c12cd87ad9e84,767752311.3871715
6ac747618b6ca674e86cd275,523030861.6430819
afb02897c700dbac941ba8b1,901427711.3286424
198cd3f4e9be65b83f01ceea,828885875.3864653
c92bdf97d7f0a9a12c024406,727271639.3045616
e00e5934d1941490834c3145,990189233.9095268
5b139fdb19ff722a846d71f0,903283197.118756
8b554961129384797391d1ae,1000518244.7286711
854e27be18fb8f24fd433eb7,730971953.4857633
241d9f8599ce6cadac1d6609,971294859.7477002
b85b37ae83ef95baa03752f9,819109196.8160312
5b3ba9e56e24e08e1f81e220,452003159.0547167
58c6518f9d2d0526d31e7566,503197458.78486335
38a1e2050dcab9b4c70c5e83,470151075.20639306
da94e4a5fdebe3ae7bb1adcc,759241262.7822702
49fb2771ea6c1e8950cc9a57,785364213.366195
f2b67c40a560af8729bc6072,610557196.0925817
13fc2dd1cd32d9cfa457a5b1,687803868.0527191
b6ebc3b8408793f5058cbb90,999301042.2170712
75ce506dcb994b10497e6816,447585234.2549046
6dbfb281abaa9a6956c080d7,308978740.82505596
af67a68803a18663e4b03eb1,388314031.7027628
a9c212f77a048ddc33ecebba,677820050.6932553
df89fa06e32e90b0b6c2014e,743681268.4042636
f20a7f264a8285a75dacdc1d,1027243402.4970783
61a363a73f3c93aa1775c4ff,509741343.80992657
d8c1f7303b205fbaba2890b9,430469044.95641214
70962daad7cd15ee8af564fa,938435760.6906834
087caf4bce7b0a3fe3c47dc6,551836575.8574204
5d2200b04fde91f830478aa4,464939140.09500873
821eabfeef3dcc622fbcbfc4,423339057.802682
3d722d960b860b4bee79ae2f,707259912.1362551
4d3d887d2236c2f897f3bbd4,593449707.041576
7fcbcd9e274b75a157cf5d5e,602751556.2154697
88ea2d2d7cb6d641df3ad76d,1092160453.4630198
c06088db17767866b7f4ba7d,988290595.6395254
e4a9626b1107b9397d0067aa,830183096.9406383
82abb1fb693f34877bf1327e,827884052.0074097
3279efb86571efde18eeebef,540588384.1039977
afca7b219d52b22522abd00c,550279271.5860246
7712f963ee37e91abb7342e7,649984308.4298607
2a2f455525c8e0bd709db91a,576539568.6350669
833ded72a8cc9c0d606a7a74,774723522.6622533
f3bf0be37be6292ba0a8736b,925737066.9247456
c06c8b6425e3a7c2d7481e42,494068191.1162797
27d4f17375f76219b446c092,439911939.3243116
9b7de95ec90da0dc8cff7011,712253779.098346
8fdc9f203c3de5d486de7ba0,240510475.62806785
ebf2d540aff82f1aadf95f9b,560033802.7910925
51c48d17e774d6cd84f4c355,499874324.3559251
5c1d1ee26cbde5b766cb4ca1,1284823065.858449
2d26b8360f1da9a677670fcd,997512193.0056047
ce1b06502cb0c5d9846cff9a,801377767.0735825
3186cd0a3125adf3b25587aa,731384859.9584987
f839de5370a225ff993f5b2e,671948392.9277126
2900dcf3f944a7fcb33aff36,126164476.2185092
3f54091296f773f5a1bb240b,1008192890.915678
499f6f4997474415f0bd596f,1056528053.4587862
110539d2ac34e5180e3fd95b,588139734.7313513
dccbc668caff517f649cadbb,904907316.4957011
823c9c7abf2d00140766a2bb,1167373860.5925796
94af5eccfe170cbe7d428184,867895764.5676628
dd21457e18f07d7a927c0104,489667057.5958142
5219cb469fff40cd9606bad9,440730293.27474827
5a83bd697db5076016c0671e,216268587.99816787
2a1edfd6cf74573521ed74a1,488781405.08331144
40aad45bb7a980c9c5e1884e,640288780.5133601
a315b497dd8e80464bf0480b,682602325.375926
7095d576a0b963eb340d8fdf,512958467.52108574
9d6288cfead77d622f5f5b95,358549802.15364015
4caf356c110a50c6c94f3eab,922914088.2664189
23101b0002252f3d4b3e1d5e,840231433.5204593
8d1f7b0cfde7e496e7bfe972,1052964905.700805
28e572584fea1555e2a517ed,722270739.4200382
6666ab486afcbc162fb560c6,974235365.9012709
b0978c973ec3291e950185c1,836420488.3914603
d6cfd3ddca2a59f0b6999d77,1111143228.0605059
a77f5c03a98636d90f50e11a,1038324108.7095965
e6387696767d20cfa4918ca9,908321100.7775912
1dc0fe5bcea9d08874871326,387398809.0206982
ccdf0abddccb1a670f31c2f2,892824046.5406215
3ba769d65f02217656e0f5b5,855199793.1515448
628b3b56449724e7d945351b,966277758.6729078
b47713520859d58efa95bb06,970072487.9858885
e6c6625db90e519f9dcf1b23,756987666.6331403
3e1a1b2a518d3ca2fe3950b4,784432286.2137129
24849579dc9ba7fef1b24396,670418007.6467311
6103571d9525ded3c09668c6,527865171.43177664
a678e89692df9b14da9f19b2,658642505.5726868
47bed52dee0d311ae0016b08,482818904.4346881
36c0d26b83e575a500a6c30c,565175249.7432344
34447730b60ad12f4775894d,1208373124.367525
aec1778ae3b5e60cac280b79,951074383.8267436
d95f38f5d1293c74ac52e823,1208373124.367525
5dedb7b64b6ad0b514de2bfb,809609194.2759221
60c71a98253b5550d773a529,908321100.7775912
099ee1a7c91105ef46b5e7e8,674545990.5593342
b56533bb19eefcb244e69470,1100611548.6371396
62f46b8989bee43db86ff589,463017123.51288784
4d485ae48974213b1594c905,739181768.6637644
c627c6287efaeb6fd9049312,442672891.25182664
976945e68af6a66f6fb0850d,630673073.5011812
93e443a5b3864d52765e6484,711449951.2819822
6ef9ce7a53ba3bd892e21f1b,658994252.1695083
6f3041147f930cd6cd4fae05,382003276.37316203
3917b95a3d05a5e58c117f68,467446530.1546644
d61ccfd4239026feb484cc93,409840668.48594165
b443781523fa0b5be4ad7739,803253070.2787842
6f0fcd78c473e4e04fd411c8,778786095.6878484
7f134c92e20aa9c6f084edc1,905159447.8374438
75075631f0fd84fb0ff49417,522756050.17357016
eae4243c274735d616c6b9bb,876846911.7551117
25d233d2779009affadf5e91,826275614.6943592
1990717d8c7aa8e732bb1165,963602873.9571742
71b99de83d83dd970b00f07f,777670172.2197351
243ab5db6e47f3536d04d312,725954633.7910421
61cb98125f43429f7f93c898,902530777.7121472
6ed772640e5a311cbfd17c31,518385365.65227455
d9f0b4c92bdc9476f50638ed,490416029.462379
796eb5ae3ca5b63c9fbb240a,855933830.0496652
e6f3eee9f5048005f24f0943,729275209.0727594
291ff191bb029742387a72a3,836967331.3300003
829bde7f8716daf76f65ffab,738437968.7073393
110a2f124bad0f9381edce7d,1072005970.931792
76b719681617ff7f28d33df3,1212086237.891749
eaa6d58e226904e9993b3493,878903992.75355
af3e3a83257eb507b96b2a1f,1083879903.2368784
43969367322e86c68b51c2fa,408020639.60842896
50fe589dea73e764b7735938,70973122.21378219
13c9960a03a1c446aa5515cd,529274337.21671927
e7834f52ebad3d3cd00d069b,682425481.2127454
fae37ecd6046e53ea121b1c6,724330167.0666683
8a0d2f8860a90322d6c3b61f,464096577.33748686
008c7a02d158f3b17ee8e015,434994352.4088397
3ea6e8da2cb0bf83872dfd8c,729850381.1329244
9b184e58842bcb14dd42103b,583121619.059052
43eeb2567c61bfbb059fcd4e,939187103.8492718
ac7f6087e19c2d3502368fac,488959285.9643492
73494d52196ef9838b1be34a,872144950.3948057
112d996c4c0662bd13af3ea0,843088049.3424153
8c3a02c9ca043cf0f322ba84,592641367.6709732
a757ba01a02acbdee50462b6,1029109618.4345497
64e3401f22d18b573ff0504a,584041660.6358317
acd7394afcee30e084844c63,862232415.6516757
35255f80583ffbd504250554,648376302.6921238
370a0d0da794efd58cab251d,941124496.817397
cdb5f8327360c750469cee74,900244751.2484837
dbffe8f46b3d9da2e57c97fc,1056548774.5626086
25b1ada57fd1e5c88d939c71,766802212.1464128
05f79195e285c126125d258c,675347451.0243607
62c017eac96743cfbb61e86b,937122849.5986822
3ca7f183cc0b303e5d455309,1155855434.1101718
a3dbd504524f980ac5325150,1031316401.5641772
5703df84eef7ca9bec5bde45,928785366.8940457
513aa9c91c245ee4be31507c,825360522.9647024
d41d07d1aa700278cb81ff30,1019673536.1549895
207e39d9cc4402edd48864d5,771951870.1976236
7134b03f54b10f282ac34fcd,717320025.0748638
6d860c215908949c4ba1c536,-89355857.28096497
f35f884365b1bf6fb303d7b5,450555205.8945302
4f480aae78aa068901ee9468,467511891.6371882
39a12600317b58457f68b5b8,530091530.12190807
5f0c7a6b4f46203648a0bacc,466715693.0870751
d01f6c0b2b338289e9fe3768,116600151.54374516
613ad83abcebf6598f0079ab,778193847.8323513
effc32659ff9bf30faffb3db,778193847.8323513
73fbb3e6b22b957ba6b7557c,562938524.2627435
6c8c5e22025ca4f450a428c3,620675656.685432
d6e333e793f75c2ab34fb127,852309301.8034744
b82e52830b51e823ac7187fe,247776370.0979932
35ed4187f732a1ea68dce712,761139092.0768436
0c5067ff99e15fcf99792cbf,761139092.0768436
0ad01fb039a198262ec59b72,856917296.7368841
906014f0ee3f3f4f0576d4da,170102454.6522814
13477d8ef90576ca84258984,61294459.706804514
3083a7ab1deb092f7aca6a54,712996404.42759
a92ae34df90cbf8af7695ed0,915348469.9435613
82d22ca21e31222068e1ecba,845320188.8313124
11727589f7c66554e9114407,849577035.7640309
9982169d6f3e9ca61dacfed5,929034360.7285309
2de0ad9bf15232d6056285fe,868645206.896009
eb6e6060b78676d13d6bda48,959912360.4062202
6f37300b1fefaaf746f53907,939139680.5408493
7698775967b96e3e7bf66e6c,912385870.9680017
863e5cf88a808b8ca96907ff,927992696.7421353
77b5c9a5f534a5b80cc16d09,990731755.7872398
ade0c9cf1f9106e342c69bd1,919627931.303961
6fb45859693c703fd9c812c8,849973525.7445291
45badd183bb1a4c630174f3a,624414715.3751496
f66bad2cd4b09ac29f540f63,751453126.6766002
fa3017d74586eb4c3b5b7db9,1024030321.0111552
f09bb33b65b5ebb8fffc3a21,1069363098.4839268
600dc823c42aa64f60fc3ab9,905971842.5520889
c1d9119fa7ae7d44362f18ce,1008581306.8079147
a1305fd943ae63715529209e,953149780.3952153
8d81b4681ad0055c274e7da4,922004377.903849
cbb10e7618b1385cf922e815,1098346127.8050358
b09111ea69c4be8ae120ddc3,936553393.7835255
099f07f9ec4ff6d835337f86,890994433.3014907
c70f6bd5ca138bacfdf8b5cf,840806078.7781239
a6c86ab7381f6c43fdd61a01,522146234.18208385
58c2b87098ad454b1fadb13a,655765266.5581135
6afff7782d129021eebee968,1098987914.5927243
ad92f3ea52673dee0a56902a,1187053008.5587857
3e040e87b89a043564f0d0a2,1054768331.6074789
49d020d2056717c2108b0927,1034769761.6036826
a4ca465294c114b1065bfead,1011963534.2805027
ca9520c7b8432b0521b2e8dc,460599699.721189
4d20f253940a4492b4f6a9f0,675586021.9832
09b61cf8ff3ff09ac892d073,540741878.9555422
86e81141e429bd81d7f0e73d,1007030415.5167092
b9826d7a6132b16df1bf58e1,530991969.8174478
a90c60e05e29b77963a11246,443935573.0027423
6e9984a3c3daf63fce5cd3d6,1090706984.543014
a9eafeeab4ba51d3644f4052,676097016.7547318
f74eed3a7dad1bd8d92854d0,706859271.4546897
5b377636fe30946fff973f3d,659932700.3525457
5bf6c1862c0bc967da2cc484,930821306.2243124
cd5111edd2fe80f56db29531,714305717.0841544
c76c4695ed005277a59451f4,868477742.4333557
7dab6cd1002a8521e5825bcc,856917296.7263863
5b57258272dfd1babb29e7fb,859335490.2326674
f68b7dfd0579838324895097,901232717.2975224
812646c7de863919cae5edff,1031842729.5375948
0da10eb6093728074b34fb75,1175396454.148559
c64346c8b0ba32a55292e66a,934087671.9738677
ad6317cbcbb8bc27b0774fca,948933513.7341708
9f43c80d2fa31a09592b030b,962168848.4851735
5b84f5de073000ad4d4b1a04,1019199013.1183612
d94d18cbc812d560c1e38ffb,768415916.4603343
ab3110b5dc8ce81471f69c16,1064199275.4514408
138a1990291ba31024455eb3,964011084.7226589
646bb3de5a1cfe4bfb7a7ea7,904319276.4500542
d8fde541f142e6a7f0b28099,696066728.0278902
ef61986cca74fe8585b1b287,691567998.2167677
e1d8eacecd35515eb19f9135,1063970531.2316658
8346d64ed6211083fd420ede,738134052.6531286
4340fcb9c80733260565c24b,897677020.5827146
ff5a27ffe7de039e65170f9e,693570238.8676801
ce407c1e25333d7c7eba1b0a,945608845.2066239
f927027bc766ae6c111fb685,416830874.36771715
3f9a3edf25152433969f98e9,796459187.7035196
987476ca395533347581b2df,1093206404.9007103
17d0e3208fdf10c77e95bdf4,588292279.9135396
b485036419de03f5bad01f35,881407965.1162286
d3f7847147c88352bd3b9707,922883481.4593861
aabaec5accad3f545f864a3d,362241370.0215679
400a103762ad652e81c8d3c6,1107049971.6190667
acf15357c1a919b6ee78f676,1074460239.5905175
8d983b9ca65f19ff3d69985f,736646878.313431
b9a80a4d84eb918792324dcd,506753666.64278084
223b3c04803ae7b855f9fd10,1105260215.416301
e5c8f2d536c3f931eff2d70c,684509379.8684121
f976ec33e004b2d4d32c2eb2,585767315.8219912
cb00e44cea76a92e9c44e793,419228502.682456
0e6dcbf136294f2a99410052,804175995.1948167
102de0a5ee4f19454b922b96,722890370.4332947
cb1c8ab11838d9f0a1197e25,850368311.7183933
2e2f1072d8db7372b2c2419d,526007291.33170503
8c4cc779f5034e9c10b2e698,659476868.4388014
85734fd69714897264ce2214,683310500.06636
5694c1f689779fb5ca95686f,824645017.5374424
f3bb60434cb36fcdfe218478,804580594.65234375
cf8bbd3528d3e7e2b8f50c29,863822436.9965228
7db1c8214f229d865da455cc,584740860.1788856
f3478cf008a7ad268a434ba3,644014101.3161384
5440ee15bccc4eaf827fefa8,831819161.0112653
78e85ca7c532a77700bfae6d,954250016.4017266
eb5e382e1372c4e94f467673,674570296.0482179
5a11cc89d3b01eb87535ff1b,933846933.6670907
d0f5cebc2059ca89aae30c76,338507085.57721764
883371e374936fdd74d09fe8,513170879.2686797
9ab4e5f8cf2b807603329cdd,692594949.4038396
c37c7859956931d77cd5c9a8,642249668.0231085
730804efcdd755786bf734ff,450367436.6170863
9d021f3fcbe5f82fa1c1fd94,786144971.7372987
975ea2f56001edae07f28fca,593011236.0858161
8fea95d0a70b1ea918803f58,852306348.5103676
4718488d664194a3c0c5b446,674597221.7528852
1b87ffa033dcbf4e2805dbb8,552842981.9362228
1a77ac51e03c77ad280be447,499874324.3559251
228d165257ef052ad50433c7,693587613.3768574
513a83ac5bfe27c5b813ce4d,289251445.35732305
73bde441e18a9548c034372d,465095845.73923755
26301269301b6f96862af599,805608475.6154976
7b30dbf2f6d835ea0c14b392,666908201.5403377
254de3f3fc52b8cb62141baa,833482418.7549945
f566603aacc78da47a283804,1073432068.2555873
990c8d65ca11a97a1d34c5e5,939187103.8492718
a9878134c12696d8199a1ff3,984630264.9278619
58185ef7646efa724e904f5b,1070277641.2185483
37d5b8f329ed1ec29d4bc035,992157462.3560485
e6f948282e81570fd03e4df2,893484074.0003916
8b801b4cc1d254d0277fba5f,511411110.60930943
33a334a16c4547b9d7842c3d,600685248.6434705
1ad9e105d9da875001111075,1047599353.783787
08ad96681afa49c74721daad,716387450.5979354
beb73d27906bea7a7d880791,1251092649.4542542
bda5b2e5a87a4905a30f3b8a,736896313.738481
5cf70a67ec25288657d6fff4,691691054.3475959
baeb4e9d612bffb63ae3564a,1230197665.3847034
1902f509aa05287ba42f546c,957434094.1072564
c0cf9517f20ae81c79ceb0ed,1106001715.2186728
2ca8b22013c529b412ad764b,687848985.9904588
b38816ece917027a179663d4,843481167.0670308
c89167e42af0d42c88e8573a,1062686764.4968655
09254c66d93cbbf2675b775e,1058270034.8593056
89f8ccb0c1e2136adf87a10e,525428825.53151244
cff851746578050bdfd46090,783129597.5137695
d53ddfac67129aebbe054024,882427048.49233675
53b5ffa0cf0dd12e4eeb6a2a,929947976.4541981
62db5fd2a4eb831d281ba8ba,1064232959.08112
59b5fe8d4f5ae272dbaa5ba0,1213048875.0079558
3c1b7a0a306e16e8c22d78c9,976482237.8483806
5219c3cae1c92b52551a8571,936285762.1176914
de6aef9a5e47a614b75ee576,718971113.7876554
d168181ef0dcb853171cdbb4,986217291.7749076
6c8e27967ec63e6dec4bd6ac,904651855.057861
8544bc14286a51e60ffee7b0,649047025.9478853
ed48916725be6970cd2f273a,425767486.02102655
9ff3268cd15cf039ab958413,485829307.5308864
16cc5c280124618cd5d00027,428659797.50696206
ac028c1580f6e4da4ccedf0c,497162175.48207986
673f2b913006ee8b33e75b5e,750815598.505996
191f96722301456877893b22,588576533.0915232
a7d8e636db44cf5d3ceb67cd,795401581.8947884
1310e9cafc0b9fc21c212f73,759350806.750083
1bbbe4e1eb264f5c69467e50,669838928.8703439
283c1142d027be336a7bfacd,257613410.37474626
4d09c2354c67243c968dbbcb,510764978.26371765
db3edc43e89840a65749cd94,581694039.1443582
0274166db611aabe4e946a83,542832874.8702756
8153b36347669087e363801f,900919558.9997847
e04473aa943812de1d662058,1105439952.2491374
7742e8923a4b832e3d94f3c7,835132827.9344472
536b5a8aea016aaa90fe744a,907897322.9171225
d2c02052de9c97c531a4453f,617369397.5226837
48378a6148532f71abcc2f98,888467105.2076583
fb0dbfeedbab00cdc7eb93ee,990619143.2880288
699412bfdab1157487c81725,773053320.265948
a63c26369cfbabfc9c2603b6,1027458799.133771
34e5602cb58501859e32dc9f,542406458.3188772
da83b03a6c9d405f55714b0c,1151950254.769777
d938d682332fa9e5c4986024,840784838.1510434
e9e39766e2c96bc783d580a9,1227446531.8869708
fce89a9ffaba32f9f7c5895d,1187782562.6139066
2d6aaefe0f50db8acde6fd1b,750693597.4219428
1710873f951e7f695fca3568,535884479.52473557
0ce068461fb3bf34eee000bc,739057944.0881327
b5606ddf3a4e60e2a0e0d6a8,729973280.742388
2c2e56e3e5210c111c7de708,651240204.0471487
94118bd8c3da3f14f9c7836f,543841612.1883503
d20a5b3eb857e1f4b548066e,752268706.9051534
ad37e23456bd4d90010f7784,996697289.2197467
c5602c608080e2546dea5463,55228864.389929056
e3bd8bd5884a55fc1a151687,902360060.4563603
aa31e5995379bc38dd40b8f3,834733567.4337385
fe8a10fb4031669a9b21c919,777884335.3266708
08eaca41f26eb387b67bf30d,975864585.555066
23ef4d57d130e4130205f30d,431081878.89426625
d6f1594affb8db7a865e3452,415343813.8613009
abd9cf3c36309d590e58c2a7,486965979.68603843
1c177af5bb41e26ac0135b4a,913242467.1768782
a05da8df13eb4b121d536912,763117844.736557
5a5a581ad5540fc82cd3c2ed,738612062.1986549
b50ff8bfc0b4c4b165c5ccf7,867547409.5909097
2abbf26e80643dfc1b75edcb,1217500308.638806
ec903c33a379d8d2cc04ab36,971736182.7767148
c062d873af3b7cb98ccbeec9,1335699768.1067176
927de0269795dbe0566a0326,1079475231.0105448
ee703dca75c4dfd5d035c9a1,546289953.0436364
b8a42b02c50438c2ad7598a1,246770685.2373423
f7216fd19f41ca5ea66a9169,246770685.2373423
f487761a658a4247563faa38,650373422.3320285
caf878b42daeee3c7de336e9,594621293.175133
29d0dd2d4b120dd54c34b13c,828357412.2017614
1cfc7d60ce613536d23b093d,1043898945.4736587
c6c7409bbf52c86461aa1dd7,931881854.3212973
312ef52e0250429a5ecb3b27,1161188758.557266
48299e52748ecff3b69f7a90,496925112.63363504
a02f6ef1f148659297d46b33,781362855.8665655
67f664c8f9250a22c10b4f67,833757425.8101978
4977af03eebca1aa266289e2,692168258.7679704
39af71aaea23b5c1e987de32,353171859.23946714
d69b019e6d54faa1cb044d39,899398545.5032845
024e94e72ae88464621539eb,839549685.9969821
b980c778ecb2709696265c10,1226325985.61866
8780134f8b40f0fec4d1b661,775766359.9948866
107f29b67164ad6861cb7059,1209459643.965105
c8958d280d0cf2d8a0b481f3,993091604.5404364
1f8f74ce8831d5532f330925,952666248.3421726
7be46b6dd9891ab771fc4be4,611613284.9006939
4f4f7d2b14079ddf8754d6ad,691554560.1912085
5921ce922675f6517f8f0007,1091601002.250442
49f0323d28ef0610248c87c0,880325725.570149
3ef167ca6c4ac77f6968d17d,521426602.85433835
8d2f9968ec8aece8d1a20137,1120403432.9324436
4bad47078442f3416b2c1ff4,276005295.52558136
5e1cc2905f7a701f895123d8,790741629.9445462
a8633d3336d097920bc8a9b3,930773420.5326946
72fe83366bf13a53937b7034,885341320.8292538
ce78e1dbbf0f7aee98e244df,949670837.224153
11be39d287e5a8bdbecb5994,885055492.518378
40a561bf79fa7a08155e1183,690673304.7873367
3dbafa8cd5225e261ec9b6ef,566881780.6714376
68cd88b657b59f5671f59e04,336663597.6079457
6a2ce95a8be0654f193592e5,365423133.90676
4e613cde51f9760d3c051562,758528241.2867115
1b69d2c7fa8f802c4af1369b,520312796.8870771
f126c4b36c00d0ca11c21a2d,729431991.2760212
e6a7e6b41e6c6bbdc16e1e14,691346088.9661677
5a69ebde2e113923ddbcd18d,1008043945.7007599
72f0540aab38ebaaf9a389f6,869848143.018513
75b5bb7b5ff8ebcc863fbdcc,952359959.1490701
096912698fd9a59d94935478,793399821.0402771
f0ad965090221d2349e90d5c,951942095.8909947
1c224347a1445ae01184e0a2,1090004308.8046665
0ee7273686a0a92fbf48a383,1028265640.5274379
e2094d28cacad3e2a711c5ca,417036793.68316823
f50e0ea2c3831235704b8c72,460189391.20400655
1e64759f297a66524eb07b7e,740269179.1560041
7636a187e29abcbd8fad6244,582852529.8342893
9b858a70a031475e422e375f,899805398.5453031
56c2e8e14f9c6c9a9f046a08,681197995.6251112
1bd7b990be19afa5acc78bc0,524491322.1745362
8b36b7364e4a4c80a6e50bed,1016444342.3825607
d348d38769937c8f350297bb,809695922.0883503
f4350916cbddd5a544c6ae46,513458185.90111
237bce11f35d32ff029498a3,800461685.530036
faf92fbca9baf8cce4a00063,608480104.7763356
812c9b5407424f956d308b06,1002998945.7154641
9fd4adb5c63fba5a11661b23,944831682.9461803
168f81689afa1f055d8bf7c8,859190275.474248
2a9bbffb1b98c49d79bae509,845063339.9797974
b95ecad591e5c69fdad8763d,530689198.07630765
dc51caa89a74da37ae644ff8,530689198.07630765
d97895a836e6ea22ff3265d8,387140639.74474204
de754bceba2d206a9cb4f116,455271753.3757994
036177aff84b1901e0f18759,337302284.9208122
8a6cb559a488d6ce1b641585,692932458.7327977
74c4f233c7f385be73168e0f,633099627.8142449
27a6f3e8f9649ccce7680f0a,874052960.9059203
711045fc099712aae3fe4d14,498364821.95857185
01e033f5bd502c4ad398ece7,671441578.9213601
a99261116e0158109b3e3bc3,46747101.73433924
2d8d64261ba659302da4a481,665005995.4429402
9adaadeeaf6a403e1c8754bf,856616259.2968225
2ab24b9c5349427998338d21,572268133.3833615
09ce36a03c52d6721bc5276b,631164270.7362643
80b37d5ebdb325edef39258f,961283692.5652852
78a080fc98669c0cd9153904,1131582193.2037263
2d14ad8ab9573c406e203ed4,862961694.5435421
145f33a8350a080231306bd1,864652133.8327181
b0aaae3a435fde30c4c02fac,820386437.3678871
b3f5af523b5d6d938693ebfe,742561532.51622
25d62e6b1a1a52cd8080354f,911165618.3676951
5a06a8b33611251b62d77e72,822635993.8516012
e93a9b257ecd815c860d0b82,1059658098.3674914
610f192d22864016cc2df1c9,574724695.8948544
4e665d479b3bf2e25cd463a2,811354165.4907777
343be18b0f77260f32ec05d2,325839706.6453501
33dbec39ef8c0667e4c3f039,806351788.1646307
b24fb90a2aa5d9d0c7e1541b,1005204953.3061924
b56a3a017449fc4ce417009e,595441135.2880341
e0dd5e6879d824a95c3c1773,706810111.510041
156a20e2bf9e48b9a360f9c4,427392651.4426098
d5583fa23ed97a3b9413e910,1000107420.5871022
4e6f695bcd4d3c0d8497c1fd,1004174393.8050034
da7a511a5f470d99ab2bc4a6,892693109.3859117
22a6058ffe790c98a8922258,1067227520.2227409
0c19c54de06d1c139df99ab0,879401756.0081885
48e687093fb26d29cda9ad6e,645672463.3400719
3ad3c519ced4b63ddbfdb0a1,487020569.3557111
0b221ebf810f632568c1e2c9,449127074.61182874
7930f32456e796e40fbf78ed,852451234.0161484
f084bfc530f4039f6631537b,846730316.6351798
f9793063f561dc76c0b49a9d,736350118.0176415
4d2ec23fff8eb502a9d93353,1003180729.8389108
a6f570e11883e74654898d75,746529105.287893
cdf11b53a23fcf9b6032cc8d,707293970.9846368
6f968f62a6fa4dc255397bf7,1288673540.3120875
d692ba46b098c6658799ea8f,786481055.9520181
774a4b48d34052a978b1180f,941674660.1638881
acea4c7aa1185baaf6d3b60f,1059107628.3316953
07ce6f95a7719abc9a204b6d,940926364.476264
b371665aece480b8c1602773,1169396220.42482
5edc37d9746cbef8352f0fa4,664248450.6723987
26617e1fb3b4f0e4a70e1b0e,1114283984.0866835
b1a13541b37964b8b85f4669,485402018.8477446
94213637892f5fe643cbe8ca,485402018.8477446
742acc26686d04596ba60a34,438864085.8417772
acb1d16ce30aee0a39f01f09,834033435.8262306
e0d837e6d5d74fe91d39d23c,679708379.48046875
29028322a6d692edc5ca713f,687652656.7581288
03d54a6e80d48c96a7f6a1fa,691807234.9404579
8616b310e335f539ab1109dc,734341806.888819
6c21f6a3513869f93b32e9ec,981989231.230396
10084cfff54a17bcda6f19d3,1104015489.9566076
169c742419c0d4335d09fb45,790464256.7435877
0f06896d7502890175cbc4a0,907330287.8288971
7d2e3464d5f2f79ac29e6c0c,772378755.668007
de9053a55630670ee8e59c9d,770164809.8420722
8d54b9bd24cd9da341cc942a,844269529.419003
95570bee1792641c7c12e4ef,1008470827.6862671
6d0c5546a498fafba15f2e17,330304919.515188
ed43b0ac46067bf886457c01,804254742.5185418
8890eca19a9e1cdc9e0f0541,1027032693.9561684
760a5dbccf4eb4ccc2622b77,653468444.9211693
20fe2d7fb3910ef786cff965,672840364.2544752
602abdc140c40112afc1dc98,264618809.08134753
b7f906741cae6861bd5fb922,240408328.23326772
4d45fbe5a5d39188b5eccbfe,1279018183.1953726
08f74ad7f06f2c409903ddf9,707476194.3446656
7be186f4eeff5c0efd58e424,596929854.605912
3d1a767dc286fe1cb86ed9f6,1287321213.1353664
2ec9f5265334241fc594976f,848301917.810897
d737b8b7b39e99f7d877b7ed,579661493.864811
8fc50169e6ec98a3f4229ffd,1132014866.904252
942133ad6b84f9d08e1d4e7d,835028025.3852086
c965b03014d21473b27072f8,1018665956.9711053
f1c8da86597a427e24dcd557,894133265.8948308
8ed5e7770d03c43ed19abf42,841375792.7144313
68ea36e3f441cb6da8d36198,1127329735.9719791
c97715bec6032974060480d6,1086161788.0979364
e6eb47d050702ed49ef5c49f,1099105243.5294034
5a82fa348f3b97e74cdd3a61,926375732.1616174
cd05166ab9bf3128c23fb8c7,1174471310.9833221
cbe4318f63d73fea6238079b,1086068442.9954417
efcc8d268982e95fe2fdb311,1018591761.3909109
c45d7f326a2f279760d1a4ae,542406458.3188772
7c5ce0e65cb26773edc9ddef,985400355.4458702
357fda0abf79ec95f73e3584,468726146.2668427
a1e8f0c7cfbfecfd1549b0b5,936846714.4749169
3f208f32cc24d8ce1506ed90,710813235.4700106
87ca8a2b3251a38d45730f5c,601644696.8562963
728961e03bfa6e3242f06d8a,618593038.3432107
b9f9dd0d368df912e6e0ce70,778946507.3134224
429b049255a7edf227a980a1,486393793.54941356
a6259664a05091ef92129c7c,693085134.0550863
674c915c52b27df2c06b8bd3,629151520.4837925
f8be64dc83c5923983fbb770,640014286.2548982
445fa7f5e8e9d7f12e8991d4,1221237365.2887144
0842816a5ef4f24435c8df22,948305114.3887749
40558b62d83e4362efe1fe26,417910942.6265415
bc474096496b98177e40f590,520586254.1627315
2b55989b2253416428ece917,520586254.1627315
7158e3a6d456211d4533e246,425109394.5890484
d4fac54e137f5d27ce5f457a,642029174.4675641
faee80ca0efce20e731823bb,864420292.7595367
8ec09555f5a47f96a8683699,1045378878.7478706
2d7a48a6b9fff20ded24f86d,548812758.2660064
514b09016ef85b9ddc4fafb2,829901092.4821754
a1c975ab16effc6f97935e16,897343272.1051654
e803e3806630c6579f004610,1101017736.7058306
26526235b34fa5b7349df00a,511480899.62077874
ba762cf12cc038e5c43bc6f5,674681286.9248945
45aa335dae223bccb31ff7cc,595562088.5269338
1dd3d7e197075859c1ff5b23,1176485353.842185
2db9b3463f85dfa87347d6e3,1130266165.2055724
f72cc14d79ce15491a96ddfe,956204131.7005007
4e25bad08182b79f5ba9639b,1021110761.1187623
e724a1db86d8d0c6334041b6,647753172.9836861
8fa53bd51f5d54be50b3fa29,431005737.0021199
fb7048ba61e9e6b1de829bdf,627016275.8993098
4bf70f19da0bddec9241d310,529538306.5305463
13c7f3592bd432c7cd0a42ab,565019615.5900693
cb64b363295d36b9b0fde3cc,758034247.1264749
bdc17ea3f30318b11df30508,1016267203.3258939
cb7f62ac4c1afbb4256601f0,437008641.38554263
5d6c275d9d3326e738c875c8,831916496.7654803
9865836c04a9582688f50496,101461509.98258078
55a615b65a28b64d46ec63e4,426104130.6924585
dcc9e2c9c1151bd9f93f44b8,858426522.8713392
1a2c0e46bc18bf3224450064,794896402.5478854
3de8187003cbf6c4813bee45,500521309.8814875
d62663a447beaec69808f85a,399869605.30794215
1ae17f134221d5d9ee69ebd9,461644223.8375398
35e55d060b1c4239a85c0ebb,75605680.58596444
45917f1bac415feac7e41124,769476351.0601052
ed44705c17c414af8442b6ae,611066697.0638113
6f01f2c67343ebb8ec717a5b,526806274.21637905
8f2218126da9580268661c70,983999239.4067456
5b36bc6e78872d2ca6d3d1f9,478490689.3722719
c5c7631ddb5b485d0e992f7b,604447657.2191677
43c88f1874dc7f91c899df36,946965881.6890602
dc544c90e6ee38346a6002bd,779495925.2725556
02990998f3621fc5a3d0ee63,470687724.04365563
dbab5ea45ae910567c97fbb0,1077018684.4866445
bbf80c409ab3a6784028eb6f,520338965.26474804
40e56beaf4a7f28f8108b132,520338965.26474804
e857db57a89e165eade00770,200193161.33167654
41fc4ca2b3f48508d840bbb1,306517587.45477074
08c1db1e620e975c4d476b2c,508570976.686316
8a1d93bbc83f4728657317d1,521938686.8874479
6be0ddd4180b5eb92908da05,423940872.38450074
ff1498465e4db86f4f652e87,711666390.951188
6410d336f6e61c4a81403c61,500073899.9790836
169cdb07bd175b4325fd28fb,49223728.577249765
546b56fbf616a6dfd1ad9d88,967439297.6020825
666af58bb684c2d8e7574e86,762125516.1861777
9fe75dbfd537f9ebc6653f18,649053620.82629
ef961c130fa3b9015b103154,1031125018.6051277
035ea0f13f2ca01c902d5388,611796728.6013236
7800f742ee14c4b4142f8b58,569653857.334894
0c621256c4d7ca81045fcde2,797934955.0565057
50db9d168354ea3d75a03a6f,951191423.4699311
7bcd1fe7a140b6eeb4df2aae,596278058.758277
49a4cebdb22fc2d72bd1aa78,595653625.9217929
69ae1f2868fe714ad8e2f114,624510682.8389935
ca4f4a66d83f2043a7dca261,573237808.1221725
c0ef32a7a294e5891505bf35,573237808.1221725
5ad6f4091b77715b7f74587c,807667841.7804831
331e915e2a66fb70380282d6,624118584.8902122
3a00543fb00cbc044a5b3527,35534440.45000696
81df59c6d8be19568d16ea3e,435298173.53576934
88a4da0d72977b0c56b31061,606065790.1440845
3ff9e75c6de41de517d1c4a4,-98450882.82624364
147f80fbae69dd577ff19950,1055189472.2516485
78beee9b7fab8600d420fd27,865542095.4005449
c3733b88ebafc0a05f5bdc99,833460816.6787572
568509a7aba60f8fe2d0cd5a,295608035.3479711
f6d3f7e963c9aa1783b3adab,490711410.51722795
ffcf6794a400aba909383b41,862065661.4754306
fa0aa00078cc178de0cc7d96,883063281.9913542
eec51f949083f39691e37e15,893548228.1327872
26f3d5bc3adcd1396747a414,1075617003.1217525
cb9e058f82b10cf80990beea,804978687.999401
22a0f3315f7600e5120db131,427334941.9888221
bf6845aac15fde9b89a7208b,734438213.53153
6e3cbbbd3f4d0578144cf021,556683063.6166835
98a0289e513d5ba036b24252,651209447.5197313
597d3f78e2f413acabf825c0,650228096.8391163
43a91a731e86b9a0784f717d,875815403.9521462
f34ff57e272cd08056e6a243,688787801.1928265
6f68b289516faa0b7ef36a34,418585278.57893866
8bd8a7e19b6d3b8bcabb84d9,688922853.6092367
74b64bd536ebbcd7c30ef8fd,1027440888.8601722
f968e756cbe6504fa0f32458,953019757.9411714
e99d9dcb9880cbfd219b4297,1198628067.9117792
4c9e6812520f4aea4ce435ae,530118913.70430773
78419be95416d2991ade8be1,523640162.8093041
d417ff438d2a418b1f9e50b6,499219691.932083
3ac77ed776aa4630c7293240,867245166.8030524
95173735a8f6e554f083c065,834241810.1374398
83da39bc1a2eeb75e2825c22,948369299.3357179
4bf89c9e50c5417ed669c481,669556906.9087144
f90fd39477c8da38e33ba0fb,1045461929.5661247
b45bb2d0d137de6984d4e1ec,250812850.50850463
bb812343bd6cd66e9cf9a9ba,325520654.5410977
e299f614cd8ae525fc8fd0e6,1096687566.7256017
521e9326a2003c7b56fc4365,761069597.2172459
dd59ac4f6706a1399360bd14,903283197.118756
d6c6e7f923ce2cffba8ff9df,730971953.4857633
df07a34d0ee2f78f115c45cb,1015078041.1715481
db6061f876f890071f7ed957,917450287.5827779
b31601cf48b268f3b4107564,801781253.0632322
3a9b2ef74c59e96a6b107357,621363602.2886391
d600310e19c926cda14ac923,932379589.9364772
183f2cf1a1c7eb9700b6e72a,1019793944.6055088
42556b1bae874a5c09777873,947771405.8412173
57c1ed738536d177d66fc52c,1106830818.389934
26cdd114566b7cc63cd96fb8,930811653.6482491
0f679cc583a47b30ea132bbb,533487163.7807681
32ea7e13e8d9391aa9b7ab9e,257737253.9375648
0a482968c7cdf212401d72b7,764997838.1290433
85e4ee2583c51592d68ef5d9,510592893.4010917
f4ce15aaa352d707b68cf773,523268496.22503185
7d383abbb6ac49c6599ffb0c,1205160080.422286
6c67b1b0991a1d79251855c3,937998820.9803519
9e52ce2cb6f6b7e2a152dd54,961900842.7290791
bdeed3a7395cdb9b175273a6,1024803642.8339864
423ddbfe2f575e6bcb22e7b8,908090583.2879677
3247399a31df838ec5fe58c5,856841949.1479105
bd57e5cd29d935cb26006835,823643480.1321852
bf00f36c4dbb273d7ba4b7dd,462562234.8017462
48b9efef82faf72bcbdf66b2,843088049.3424153
d2526a3e39ea01f87c99d073,952962921.8054471
651d5cd65f80c4938deb7da4,514583813.3635819
0be7803a34b11d89133beaf4,572003046.413692
a54b0b282edbd217e9509287,1120239556.4934566
550c5061428d09afa0c409f3,621823587.5759152
7538c609fdd115c9dac551f4,884909932.7789462
d7e3cdd3ac239a5c318f2e9b,1284115724.2414112
9bb193ea939c5308a738fcef,479377577.5755144
33425419e1a8e854418c5180,58637822.464782834
fedf2e30e390f5cf74b27e97,693196365.058807
024c5c787d005adbe770b9bf,399163510.45351094
13f681a090b36edf38a4abd0,538653150.3174676
442c6bda79f63bae28674b1e,1031068441.413649
47e0c773f65485ab7c78d49f,734682075.8846182
9e30b310c820d0426f504d90,424418720.5186542
8cdfda9067e0934a8ebe0894,644309716.1356242
0a8aaa78f68d43e3b1bf6c51,756297352.6808156
1101f533fd18cae5d32c1cbe,787299541.305115
9f6af9ac2404a8d55f24286b,531736360.981077
75060f295e0aba8e1224f766,432499825.9745599
f0e68102ff84f49d90fe38f4,600567627.9939513
3c45bf3e3e31e7804ac91704,444729439.3061831
f908e1de4c4be0d77411a998,675774454.4545922
ca643c04044fabc6fc566d12,1184460334.066285
8aa76df8fea21a42fb6229ff,844550270.950793
c214d2383936dafbe0652c51,842076572.1022509
993898470c6676ce46ede92d,909066793.4439522
18f6240cad6e92f9151099c5,1064985020.9384518
1e63fac2629793fdcb793f1e,642042422.9824547
e0137390f0186c98f4e91263,941018979.3273448
e35f95823a486c52b0f4c2b6,602951821.4307083
ede10672118071a215ae09fc,901076097.3143246
fcf46edf6d612ff1f5ed6134,843973044.716036
df4be33c0931aa86231b7a2e,1218914985.8281515
53fdb16ec08e794dba9a10ea,779482653.3903168
74c24c5e142e5267456b24a7,823408743.4833256
f1bc08407f40396c094e0499,934029270.6849606
496ce19c015093e97144d375,447890452.4905672
a183a1c009abf7251fd725a1,780927926.4795351
6bdd97526b1a9cf10853df1b,909886605.5146868
f083a8f187e2227696695ee1,902112504.1799557
2621e068043a5019aeed6c8c,868283960.6241413
3b43e7acfab46651b099b1ed,1002999722.4708216
6565b3281cc2d632febbb6dc,1153622714.6297188
09e47ad8508e7cfee83c6d68,1025019203.0104289
88b02e7b20ce6db956afcdd2,1234416018.4864502
bfc41facefe9428865e4c29f,1120240464.1052232
569bb17b961fbdadf7106d56,1090231689.0545306
2314e3ffc7242a429e00207c,935487142.2504886
4bc1e2cf5e5ffcbe1020df08,982182188.5993905
949c4a5382aff4750b4dff83,985374152.3290994
a63b4a22614d334b4a61ea16,873304084.6156192
734fbae84cebd50aaf71c48d,1205277685.3481154
f92935374a7ef86314223c5b,992525588.916928
6cc8e22f11d382206273af23,960067995.5386326
701768887155444b77c4f446,462012060.99070525
13c86cdff4dd32a9f8b9adcf,1164132966.2805314
8002e2cd1b70ddcae88ebc4b,1119504270.2302172
d0d77497c8a7d567f01d3afe,646188653.2364501
95a7b01cd60cd10e7364a600,503388448.0664278
d1e38d7cbd32567c874e194b,503388448.0664278
e674ba41f9657ac8f30d4f7c,788973979.6186894
6bb760d54e5b0f54d9612a8a,867247031.0703523
9e3bbcdba89c647e4ce53182,1097613057.2386324
72927abf4bcd53d6907aeeda,757286193.5689691
aebaae467e5f01db3afe69ff,645073697.5372013
3ad457c8855ab8921a7974c7,884337117.6231595
1f3d3fbcb686ada1a96e01e4,542680628.3085756
0775d831f68b88ca59eb871d,814832271.1433706
5fa3b0993cb43d3c72c30093,846105283.3467479
bef19d0084cfc9f6fa37ddd0,682112271.9527017
85a856b4d0dfb1fae861f513,519192947.54414904
07fa1ad76017843232107517,1088397785.993904
4049086139009c35dfebb3ab,631957975.9133275
655120f80a39c19221623311,662555525.8412646
71dca93007d6ba45fa40eaad,691126183.1753942
9f41ce015f02d67e193c41f5,459818119.9412305
9017bd24d173b2fcf564b32b,1028376312.716084
e5ef29d41082025c42f7c921,817221489.5747931
5c60d7880850970facc54bb8,957607108.0082437
f51fce25d8376d48fbe73a43,469274045.4696898
9dc7b0a394309d8b76d0bb7c,848365303.8347086
a12ac99bf63b547fd9180a79,743792450.795602
378d846a7af35e0c3efe53a9,904712201.4474697
0872198056be7edd5eff220c,1119301830.7095387
efddad1eec775ce61d3b7b64,1174261827.7210975
70c19d59c6b9e194b6bc09fe,768105141.3730938
b0d3d98076883f346cee8d04,1182371554.8550754
c7694e92a97bb66794e62fbc,666945914.9099675
7b4fcc72822460a428c19282,783846179.428798
a6baf4631223d9b24de8b590,885017507.0022638
a6f616d63d134f14ced205d1,1027944239.9072341
50c123baa5783185ddbe29c6,854394390.1698315
24756921525595f1684929ba,719181796.5721364
caf9c761d21329c993a0bdf3,759776721.2610513
193d70ead1ff1043845e7671,546560191.6773027
62ea31859e01c2f4d4e97baa,710544632.6681722
272b5b5c28e46c6f5ad95c22,607276069.9323543
552ab0964056c1d1d1b7398c,965761554.9640572
23799891583435710f66303a,563904168.9991983
34896afec0b639648c527483,831732666.4338338
eaf53eeb911ecbae638409e5,535981964.8894917
b1fdade0fbf0470060fc2708,590658826.8982702
8a20478528e97700dcc84abb,506658028.7697793
702525f05b47353c95b0905e,787975200.076476
b84c837c5a1fd0f1ebc5f8a6,509410359.7810044
ee2d16316e6f4f2388494c7f,561776272.0010552
ea4af07bef4ed93e81ded95c,950749360.8803961
1a71d0d3503f9eff28acef6f,1211498006.1306634
1fe392004a09aeeaa6e8bce7,662657067.1245531
46d4b0cdc81137aa56f516df,1056952711.2077708
4d666967b74ccdf5b04e9787,514235435.8992586
fcf79745f8cd716d3ff9d27b,670066099.5577787
aa8a19a2fd3e2cfeb3b7dbd9,974110927.4231484
f055602beb49dd6040641c9a,850565018.744741
7b1377c8d81755bb9b501064,732513888.438875
17d0418e4a439e9de8006f5f,730793627.4599626
48f1c6e343a4724ed865533b,1193797928.6216364
353207faab3dcf10feaac8ee,814488771.4219775
ff188e88378c8e2abed8119e,929811100.6507609
424b41f5e01ea2e2ccd3ca48,724900024.7327781
608cf4f46a188cf84f853c72,350115444.15313786
f9e7582dd99d36bfada56249,886834238.6813748
d52f04fb69bed41ffb10fce8,370046717.4014543
ea84b58f733c8e491db98a52,948933513.7341708
68699eb9653684fdd3fc79b0,930821306.2243124
31f52502e89beb1b2e0dc3d3,1014329064.6957954
fd41747287a480d5c4dcb56d,1010280786.9239732
b7afdbc1b57b52e6fb03accf,1170794833.8006356
48b270a493af4fa28dab9211,652641549.0120572
2a787b39e84958ca6b7001d0,659555152.5144398
e439c77c0d871996bf06bf88,641330649.8846259
91b8b9db5372a2c3a5c30c58,943063565.8081622
038272b33c075765464761e8,780077946.7406144
fe8e45caf7605fb91d6bc5f7,611725375.0391607
d354a2581dcb183c0cd70540,651789086.4129891
9421ce9f204f373a50357fce,443593432.2416905
56bd3b61805077405af098a9,560153492.8070741
0a606d19ae362a58922b172e,745891554.387296
ededebb1a544fb3246d3e131,282792579.19111127
6b6c365359d20be719ce815a,815430247.1392815
b8b22c1afac62b05ad389dc5,456879360.28651893
3e3717eda8ec9a68c9d83027,619370917.7897727
03be8ec62dae56680beb2cf3,652649655.7286667
fe6c8cd2e792d62a4c324da5,576907591.6156918
f9c133f7a12f2b8c1b2beedc,671370544.9576542
4ec47b8100d224499ec608e8,1236692354.4654791
143ca16847cc47d4a4c01ac0,679125201.9827687
22127243f7ba3a68c3fc33bf,606270702.8234533
835eff7679889fcff6795d8a,656581812.921795
4ed3eb724d4e57a7b35ddf5c,739181032.7010378
4d743a1250f7d91e2782708e,547462815.547663
9f5cf735a842860e7ac753cf,861363106.6780913
e54a8b735724b2af56c7a36e,492576809.54275674
3b39471f854357b7e5d2853f,956104577.9771962
91bd11b5a8e0c0124be78f46,657877298.0576041
6121943254877ee48716c4e1,405646638.2367021
3f4c2c98a5a6cb78d7d26327,486031092.469492
2b6d63d6b072901effbc8e1e,847543752.0510793
7e4b240c601e37977faffeb0,847543752.0510793
ac29d71a80307cab65f29ff4,658720346.2918576
70c77552b1bb67a2a71c2ee1,1076754477.0055187
54a09a85767156b072c808c8,756170773.5175798
244210fb4bcc0a04f2cdff95,1261325239.6030278
9a2b53c1c7151a8b26a71edc,440925643.3686507
918c48a512fd6ff22fdce5d3,656610318.4126761
effe4219e6cb56e5ab70ff6b,873167164.0969914
936e6d2192f28a2b40939a4d,1027992967.6891859
ad9a1b23979f0edd2ee19f38,469937626.90805644
8a8e4996e24142eb413c0d12,1151772408.8592541
31c69cf4d197f97ac594a896,752653450.093012
143f07eb2a8f0a9e26fc4c56,911413762.1529704
e5fd3cdc6a19653275c7f4a8,806387233.5676055
5c7efb015b8ff7f108c99723,878719338.3022323
394718d9d069a126e13be804,645946489.5152247
56f30ea777f5493139f22384,1221342598.6440177
37d5a902f1036cf3d80c275b,561393244.3414547
3f418a8bcc7adfa87e0f67dd,830757253.9591514
051416c05445860d5b4095e6,621958406.4827121
887761f34ce0996bb05ac48a,1291643847.0646868
e02fa06a8de8a603e417d5ad,12355667.907195807
6f5929e67fb8da068b91096c,1048576633.8335564
291479f573955e063f2d8bda,1272648869.0067296
e60850405ccec092b8fb5d02,692502361.105539
464864b367e16547fe319229,638471219.8877712
4c14547b7e02e75204ca9f4a,877132154.5070297
6183257f16bce94113879745,626729862.3352921
46c34a4e5987c20eb1f5ff99,626571788.7088513
3f39b25dedb96409dc9d1947,1107278683.7817402
e7a85e64ee07971696f555f2,1160479124.8189788
33043b254b9085fc82ee1f7f,140970657.52111357
bd2759d469829bb8926dbe09,1052964905.700805
affae17b6cc59bdaa30e29c2,953855373.2275937
e611d41aaf38a58acaa0bf23,685006353.0797495
0de426088a306321990cf60e,307989010.04937804
685982808b30597cc013e2c7,683288343.7880176
4cfd1be6a93641b110fcaf67,350994776.9661601
68fb3b3cc3e5b13440eb014b,1136589783.5471604
532bf5813d7e70958f71a480,1045786124.3982079
06ee1d8f3ea326a0e3a9791d,634208296.1523143
1862e0c4d8e89fd2302ab376,1005593826.200227
f3dea3d678d959aaf6b2849f,804023037.1135194
2478e48a3c6bedd57c13c72c,745248567.0808418
efa36c7738fc14a11cc352eb,597452472.427488
2f6dfe9443645d6629eeccb9,622876182.8115133
bc7e867cad6f221dc44754b2,742967798.6823109
e4f2fecf58a038d7b18f7160,963559352.3197994
a7620d5599ec354541c8af13,951180393.6027048
484cde8e47fbf62a339c8219,656836046.3492247
5fcd9836a3ea537fe86d457d,660672298.5695508
1b288024824312c8b1681bd9,559247738.7091026
44e4574527acc86977f5bc41,1088054964.2376618
8b716bc4d6d833f9bff3e729,551629746.0016185
0ab85344c5fe6ccb0edb6313,1025249115.838422
03ad99f1799f2a20c8cc0a50,795003013.8598785
6db318f828d464be421eb572,778674216.3748366
c3e648317c360c76b94bf541,541182442.7402714
19cb65620d2330624252d01c,347185779.4722085
dba9fa9642ebc97ccd765db6,428679038.92965746
1d2467e5f991b935d676e906,552672774.880681
4091a115125eb4a67f494620,813621648.5622456
d197410ebc0e3b9937464923,347185779.4722085
722699e593085cdd72102baf,460566300.50609237
c059affd0c19f6d4d76f37c2,885042555.6368077
855dcebac302ec5760f67121,678657595.2410351
f433278518a80c3301f26cfa,771386436.5487082
66a45b0aaf5f696d35f5cebb,245564118.209301
0152ffa8757aaaf417e9f997,371221431.2205024
55b72f6c7163a9b0b3b0b262,347752702.0736842
c8346a875be8391145a2f9aa,50915214.2050004
11c86230e62bd2c9ba44131f,1037191134.5353289
c4b97a459e2c6d13710fa273,944831682.9461803
8bcebf3cdc54d4ec99ba0d88,526361736.3912146
ad159116d166e45b70329bd5,699754624.760403
6f060a8ee8d6d15f46289759,735247725.7593484
ab5f089f9d2ac1bf52222ec5,597179616.0964655
f4fc2da675d6a2583054fc56,417818351.28610575
89eed91bf5148b5645408222,746304424.303129
0761d0b7c6e319a75b06d420,558194494.0449083
ce84187750fa7aadd141b5fb,764533205.8436556
ad77298955813089bce818a2,687539546.8031399
3abe8f334f0f20f8006ca5d6,918142094.54835
36445c32822146606f75dfdb,720913841.0477929
f9798cc6285c9fb3ed7cb668,807900455.3382452
59dd396f70b8458772307895,905601345.109936
83e91710343450cb0812a6e4,1001757038.7067564
1e7a931100be734988955242,1055105901.1877894
bedc5ab20edc896f814c3f06,977915493.5300995
f884247fa6414f384480bf38,603398638.5561806
f34a38cdec7eb598e55fa41e,1095990694.6475155
106ad411e13ea21ad68e5f59,1012994585.742563
a87c585acf2a147e381005f5,199266060.89875722
ad755859e7b6afbc021fcf6d,1050169796.3527831
8015080cf97316a08453a9fb,1136573383.4352582
f56d8f5cfaca0691c6ffbe00,744693984.2811527
8ad016d414e2d2be053d7612,710511539.612771
8b91a957eca1985938860c28,683782150.2670033
20bce83e2b75fc535a148dc8,928208802.5902783
5724ecee1b12e888d538c1fe,527864097.5082139
1e90d068f3c86c6f691649ff,780244148.1715484
0fd954262ee740999c31d407,659459689.7705276
a6d7b144058ebc326b9803bb,894175995.6103933
a81abab882910584371c7b66,704432475.5671307
9e41c4b41cbdc2553d80e362,1029098326.2323036
b6fcc49ad3656cbd3f4c2ea6,788620017.3449502
9a296eb9b63ffbdf2a07cd0d,918866691.1714051
3fbc0746bd620a0baabbd859,1104288041.568051
3043d0b025fac4ed90b448e6,550315149.7022803
219555efc5b4291791143252,485781620.9978753
a00863c7c53b2c059ce22dfb,503305677.0847548
28b838c94d10823ceed62e0e,616488866.2172583
7e64ab35f5e336d5bd2e1b51,1018636773.9484773
52f24ab479fad35c8bb5a8f6,741851209.6493847
0d1ef14606c58310cae371f2,512644311.5051024
a465a567a4f60ac534505bdd,1233903285.197132
8694b149f7c0deadf820f0e4,1079575481.3745813
16d6b756f5ebcacf221918b8,1045842662.5816178
7d132190218425df1857b8b8,1056277463.0195582
7c7a3f51a58dfd1588d7c088,491536380.6317814
64d1c45a2968b0fbf0eeacaa,853261390.3780665
4fdc382b65441412fef509ad,1016184836.4719648
04ece9352b3810031f3f9a90,997220961.1074806
8b5b351e07a26c25cf51e176,-133431084.46066678
f923bfcb8cdb543c23bafd52,578039829.5447305
a15a12446d2e5993a0a6c423,788972668.8831863
ab3e1642655f7e705cb047a9,578039829.5447305
b62fc917b3e8ddd64bb81018,488919898.90303636
835842cdc8ea0a2206c2b46e,1047033890.8380377
02ce5bc5d5d286a4cc0928f6,1081166876.0542622
d8e51f7b40bf1887ac007163,1021175854.6228389
90f320e94aa429856e37bb35,628867610.4202799
967a7676754d6f9aa3e14473,145064680.1727057
9251f3dafa0e747b6e78f295,1044826904.5383036
17b5e8357e17b516d947ebe3,592602507.4255879
f943cfd29effc9c048b8e106,726589899.6142638
41719542347401b04dfbaa59,654117657.2925987
bd6ad9a9ab28aaef9b4955c8,634636092.3528204
bbff88040e5b20e874cfad9a,700234260.9418219
3d6a9a4f2336a46eb62e6a47,762014612.7740619
493367258be5d63dc8db97d1,762014612.7740619
67cf2149b4c214da77694088,661123092.1926723
8d2e85825e95f6941445cace,840049218.4619061
01afa737bcfa6b1ab530eb09,1097422654.7858543
25813f7204a2e796170c4836,490754251.2681922
3cb1773d90dc240c4ffed5c4,1069122108.1333747
6c81a0b90366db9f514362b4,1079475231.0105448
44c8131b88accb3b46b79ba5,548812758.2660064
ff185be4fdbe3790c72d00cb,636119051.2950125
851f50292e30b0a464c0804d,649785665.9251742
6fc2a4f29e3b896bce631ee0,490522060.1349086
cabc4fd04b60a66bdbe2cf9a,987725300.6214051
61e9c2375626a18bc9920c5d,733383865.2039181
396c8060d9767b4debf2a54c,955794263.3677815
92ba019bd942fa33ab742924,653459270.6497349
ff71037ec8e5a91aad6f0686,21203859.544117212
d162a90b37622c1dc6550690,498926727.9110025
e1490f0730f8fdc36993027c,640215428.3970572
5a066d6bb65d28c2094051f6,1245756957.7710915
9c7bcf000cb37f48d9f15422,894770793.5647035
528a6345df87dd0db33bf822,1048924325.8834946
579ee47bc31f5408314bca28,803548733.389944
eb61a13df1c8d8d0efc4db3a,498508944.31073225
b649d315ff3c97c4e8e9db73,197175662.02064008
d8dd26eb78ff22272358e302,840332589.4420412
6ae2221c504027acfb7368e8,544144699.5557199
3ce908c9b70f349158f7d04a,721689488.5016699
7cf74cbec871e465ec2f6a61,721689488.5016699
02e9b077d6cece81387fda35,1130899234.8523092
865ed399cc344e0638e45128,1012877586.778908
d9ed55fb72efda67f5144330,990012604.9433134
9fdbab0b428f19e7e8dc35b0,862767069.3400967
c061b886b7136a1b00c8ea2d,765641669.3600963
fd0f6c0b5234ec1f6c7d1fd8,1039786737.5609224
9df90c0644948ea5539939eb,1028942681.8403401
547661e79bf0c62cb8de63d1,718162428.1056471
68963f5f3657cb64276e3beb,649319273.8287914
cab0a460167bb64c037cf25d,77495757.93383181
31977cd5d4c09eff149e74ea,830497858.5815582
23264fdd1059460e079e5810,742628510.1255863
4769743185eaeb0e4158e0e0,649007629.6345437
780c809c52509bb4855a4efc,615674084.1733462
f64d4e029592761bee698958,506428745.4411291
be364e85b988ef8627ece74e,418161068.76947105
c73c38b652e9418f06f89b67,483817391.1402014
213032fd36fa1a6342570158,565825872.7249746
d519a8de5fdd1a84ca1baac3,749134458.116231
df91a494d5d244f20dab0eb0,504413301.513309
9be92b361ffd3ea2c69be23b,660924120.1001632
cad16b2ea432d926d961109a,641382106.8300306
56b22bd973f94a4bfaaf6b33,659039377.0719247
84114798ccd01ae3dc97cb27,304564082.52254295
fe2bf1f402addaf17a213030,1058361443.7506262
e01c1b69abb6a4c1c69c77d7,1284823065.858449
24671f63cd061228ec0b5b9b,512622921.43864095
f54c16df774e70d49355cf4c,233162092.432101
5537b994e85c2688fe555d5c,564029039.931642
1e5919cbe4373aa261d672d7,240510475.62806785
cc125d0f70d6d0819d6d90ee,641434842.6841937
51f94ebbd6d2533862a1fdbf,684841037.858522
fe409f9ea8d18c9d9ba4d02e,414535992.0285741
753b47e2a3b9fcdf9d7fd9fa,514634276.6212926
6bdb3153f267395eefbf588c,449494397.51869285
9bde9f216ecb90814670e87f,1082963168.4020078
7f5280804c59f56fba3d6201,351995360.95087665
ceaf16e097500022498950ff,163349721.68376982
aef06b27b0a080b5ee539b6b,311428304.7819771
abc668bf93ec7d1951c65cf6,414535992.0285741
56822f406646f93fb39d9e60,-57728738.713825464
2690ba8b22a95cb837cb87b6,357792467.9978796
180172e4eee8ba756207b3a8,495232485.1741413
c11cd2e00942ffe56db5ae88,997512193.0056047
75a287d87aaf6ffe7b6db546,463256167.22488046
08f35bfbfe1bd663c40d9e54,511347008.5690165
c2bbdb2e5d0191071e6db37b,832372969.6735226
b129a508d1d98a1b6dd2f61f,680657957.7407302
335626f385c28e8370c207cb,498406884.90541273
898ed7299f0c7b8a99e4877b,675515181.5183259
a98022fc80dd6ff27de693f9,588516803.237029
a59f1631e721d231eab4d146,1083779582.656649
98c9c866109bedd605ab7dbd,862332650.9423767
cc9743189c3671adbb1be49b,900244751.2484837
e22b8126863c9ca8fb04df9f,760849754.9691426
247715511199c5b680088b56,522534343.7000332
6e51ca1a9c2bba9fa0cbe5db,909977735.9053111
ba8d6800443dcf95bf9c1037,661044880.7565608
5ec6e033b9dcb454c57050c3,749134458.116231
156ecfd8ca6004281b191db7,1132730724.6609628
edc3879a1102740f2f96227a,1065453560.509635
c02ce25a3334860d3bad53e8,312030628.901038
d041129f83f1f13fd7b35e4b,1149520346.7319272
6946fb4c877f35e9215ef4be,656115098.4954879
ff2897a56a0fd08996d19424,629638362.2223448
e1b64df8e809ba220c9722aa,800567225.3694193
c13263f9c8628bdef086106b,872758565.7617105
e2b8d1aba0c583984aab25bd,864444981.3454393
3786baf40b31a20f3bf3aa80,382913298.929382
bcf12785c25f6e600eee8fc0,622299170.5350963
f85d09bb2ea40bd4b68465da,947771405.8412173
1f40dff9a973064aa4737eea,958139727.606354
79beab95c6857412ebbbdedd,1012830818.8234167
5ed8cd2cf2c6dd5b5241d6ac,930811653.6482491
ca8dacc29a57d39640e3e59c,989953463.7589273
723655990d58df33d55009b5,1047927702.5202239
79a675215fed2e293b27f43d,886583100.2751396
57999ba0ed9089739a1f4de1,860784000.5411109
00cea81b78d6007eb405d5b3,898226191.8584069
c00facb3e4cbb27c47a621db,1225195501.0022728
d1481d9d2bc9d1a3811f2faa,734761315.8738564
26313750bd29b2c59a81b58e,920900000.9937947
2bbbe93b615c46483056bfe6,1127257121.4777658
0f8fa0a074b743c92f0fc56f,899544593.4702896
b925f9ef733930be26417458,1083463394.9815533
0183b38955437e8d0128a013,901888095.8757068
1c9f65b631d2f2856bc97079,808397704.1656325
c11d82cd360eae99c04009b1,1010843673.8385985
4a80ffd8e908a3291a32fb6d,1127257121.4777658
1a0134583a5854d5aa9cdb9f,932983916.255625
5f5346deedcb7cf5dcd1e9be,645525531.8862753
f17c8b14e56a76ea84a45fd6,850415844.767154
b8ff548543842246ad439703,1093187920.7651079
53462704cfc47d32492b4847,836382699.4708745
25f925538316d3cdda8218c4,903979003.270091
ffe653c61bf13df43fa22190,467055320.4780165
228d98c82021e2325263c7d2,378487950.02668333
f32a7d08d176bf9177dbcab1,672960677.9364932
f2c86c1edac4eec6c01ec11d,936905999.9542093
06e350e3c733e5a0afb613cb,538713363.107336
e2544529df4efb7e90afcd21,711645224.706311
a639ec3b943cf90cb28bc1b3,235412755.70741355
a1320186028a726935bc1cc5,1064590905.9870573
97337d2f347a50e0ef518516,76055462.93750668
8f619dd7fcf5e1a17af301c4,812302127.8442757
72569ddc5828fc702b2fc773,1003761675.2020042
ec674ba8cd16c2264d270901,983603213.9166014
2b05f001ed1a84425a45d0ac,666872496.103822
0a7758f69ddd8fb27a839661,631726641.4621495
e3ec7a8fba3e1ea07a135dfc,421197110.63409877
4163b665043ed27d7bf26c00,302983453.89882046
69f7b81b70ea61f304ccd36d,693092692.7849067
ff61104cbeb37f077c565fd1,739318520.7261345
883ee78c03efdb4bdc57796b,455835099.9490546
fafaa5dcf66d22bff322c72e,410242510.9420811
eaf0f2b00b6994a9ba8c5ed0,465124712.7137902
9b1590945c0c7f7b0704d287,533131059.65061665
766d34ea891f3af53f1391ba,852993949.134126
b8680f925773229571014e61,938861889.3355176
2fcab31c752b699af5e8ce8b,896740170.595665
96d14697ed6847ee757d113f,657615017.9375999
ded79c11c30167a9d8accf77,499610186.3278221
ac50dfe70b599ae93ddee4fe,995282649.435398
3fc7a0f9c30978f24d688fb7,723350919.7171128
083f05fe52ab15e8d481ad41,935367779.3590515
075be16d8d9ed6831d139b2e,593976395.3303052
ffce0b151f293cad0a6f770f,1060512902.7245888
5997da918101ff14bddf20eb,607047579.4801061
e102f1d841d7cdb596d50624,68604102.44135404
a2c3da753f0116aa5842d4ec,845861689.7062606
43228eaa1230dc0f7f1473df,422052436.08940494
4349d6bfd5a518fcb231cb3f,686303131.5945501
c6c978051fdc655d21a370ab,861914276.1609856
f4cdf3ff86fe70fae3e59f4c,1124378604.5019393
ac154aaafe98dae45bf9782e,457201946.3541225
01f6c99999c154461765f4c4,893553103.5981281
d7d30819fc6ad6e7e41453c1,1074559119.264841
383b3198861942064a63184a,483865363.02085376
3a2f110334251e97abe3583f,483790028.96850264
9b9db425b698a4931173b5a4,777508473.4035407
3b51828a1e891f3a52a4653c,998927452.2765725
c94dc49efe0a350bb522a56a,848487531.7579467
39e4765ae5c8284e1f3f618b,646305017.1496135
04b28e63fbba92daf83865ba,879474708.7370387
b9643a26731cf2a9a243ef33,955788029.7914441
19e03fc1a7ca4b0761eb9ef3,869915433.6274397
c0224f0cee5a388014db4f55,901194933.2799894
c4074029fba935dafd82eba8,552651908.7553434
0a8d749a2336d8f66a4f19ef,618207500.7291629
e84da6ce78339d50a72cd87d,218067543.87247622
e9830411c3092327f4e66a99,448075924.45159185
17d51fdfe8fd16185bf5feb4,633678456.6733767
f07126d58455b20f547c4380,763610132.9849025
8fe7db56d501b9c11461f62b,766586051.2286992
1ae2058fbe26f384be45df4d,708591727.8558578
e74a31e6edd4459d4e215c5a,689734239.2066027
c91945dcab0bf200c3ef321e,946786016.8919017
933018604a8d5a9020aac221,664919109.9102783
876ebdaa0bc953890e323843,697566612.0984881
4fd907c202de4f06cade3b3b,1303370207.5942135
e40f616637f6187024b34086,739148449.188017
f9038f7e24e0a29bd9f3e24d,1039241658.4761455
b27fc4e7f6042d70a7651038,705708789.2856495
e68b18b57fbc5fd6cbb477e1,884110526.2489655
326a82671272d893ce699476,1059859799.1272532
d2655e69f5dbd09ddb9268e7,988066550.5837874
440cd2efd45c019c7151902d,654441032.1768681
e5099db945e4f04aa3f0bfeb,988066892.954848
3477d85a434f66df58fbc094,1043180006.6011615
56991f74ed430ed942b2d6d6,1021220637.4987605
7ac1b85bd87929705b7a86ca,989500155.9114876
0e1fbbe248919eb71e53ea75,681982254.0924855
75c16273d3a593752446c27b,680134679.2807032
7e74469fe0b030254756296d,832604269.2180381
35fca2d53ed17ea7637c528a,954667049.0445336
963cc728f3bc207a7ad74ec4,828989381.5763861
fa9dec2129f7218b4c4d4b35,609443542.0304909
1d0a6bf40e609fc74a319310,537210701.1672654
b9551c416341fb167049d4ce,691442636.6637893
89131a0af2db172538723b08,729808102.7747282
3e66557e876a876c259c40a0,490314905.135772
078144699729ee0c46f36123,1100074588.558227
fd15189b99da46b098a949e6,618368991.2588826
d69209d7a26bd306bde5a37d,917380668.8097764
89690c80b7adcb8a8afe531a,751357168.8346721
0e0d19168609ac1d75253edc,435044589.7202179
6cd0aca2bc40d83473a39885,875140090.4434723
6ea0d50e822913d0f444d89e,1007469576.7719402
39579c195f288da8d77f5ce9,940912604.0217108
bc54f5dc4e9ce267ea592813,710186214.6650305
1d43fd3f7fb4e24a0b7c9ec3,840819769.9757186
2566d8588566312ffa4fde42,1035665194.6301006
8d27746cd9d2532fe9cfc408,604391199.5110761
95b822f76b4d3d6ceb0c5077,1001921772.6701647
eba86391ca00fb217ed1f774,966221241.0822101
b9a0575867a59dc5dcbb9cce,816193930.337298
0845e73ae95dbd4aec3f1f43,808112506.0661972
419a2f823e87ab67b1311bee,937672458.4878197
552217c633d2562cdcaa81bb,605502694.2963796
4fd7984773d2872e51574ffd,781727730.8551843
a87ed2154a2351cf26f0027d,999944525.414397
a2522c9d3edb7e7a23a42b74,814785554.4120705
357e58ef96c53f39e267b80c,1077872658.5180516
cf0ca58262feb1f8b0dc7b68,960590153.7117631
1cb79aba890b35f9d2a400f6,1033873682.3702725
d5c79ef12f43e2bc19e22fdc,817857099.7287279
776e1192349cb7cf1579056a,1057104092.5034382
7de63633c7666484bd098e2b,705983340.7786185
ca1b1c17572f776fc1059691,594858947.497008
53e94de217ec45ad576fd83b,598839213.9073719
ed5c3d2952d2575b1bb757ee,1021616055.3839074
bdfa334bc331e3e547f7568f,935367779.3590515
9c6a01e3c7ef87d27185e9f3,857025375.8351618
05d9818d3f9f2a5c358d3911,1023886190.1342494
f6c990e406b3756ee39b3b30,453844240.2166034
19ace6cdfbd8bed6e99c86d9,530564305.61689734
6a04f8684e083eb6319b5272,583159006.0200092
179bf83034539c8a391e0310,1134881405.0565145
a42081eac6834da0560ea4ef,1021663047.2634044
784fa9e78f7cfeca4133e8ed,997017330.2541697
978edd828fc71300e6723e06,884000943.4009825
61d6969334fc63611c810e2b,878050002.2971764
4d592a67596afbca92d26bcb,658796672.5146816
50f8068603edac10c87411ec,388938106.544627
9965f598c5b95b3cfaac50ad,833170699.5034246
66cf83769d16a4d659edba6d,1012655077.546491
9c2c2b01934d1d519e651786,744990883.9582777
2b4913f28d07628bf2d3ed92,951498259.6525598
9baf7967c49fa209de8dda95,826024487.6995499
7a0f887a9426270ff3c24e36,1048892935.0842044
c1034173dda31d20c4efbed1,529474698.30051434
c4a3d64de5e401a86395a919,647359536.7026726
c4cef41167a5e8354a61feb4,696815308.5760218
f52226b24ca3d5b04b7cfcde,988109887.3821063
36d5003f0b5ec7f80e89262d,765958397.4658208
641600a4cbb13b35dc7913e8,812228293.6387339
c31c4bd09d8cfba562ed2b41,1124437415.8177328
0df96c81adcd6fbc2f7141c3,857397722.9794888
4499adb2aa3aee94d1f1a1b3,1113903294.9265416
4ec06163d39f96baebe11bd3,482285442.9006497
692cc1c9949d35ae11412fd6,172280121.59074986
f1da5388b772159ec90c3210,1317723431.8065562
e7ae63f81f8fad37bb9c1b32,934264695.5077157
d39797a12d9a4aaf15ac11e6,644186067.3348795
efc5412fb02ba9d8f604e493,853220846.5569875
bee2e008ee41f8a711fb8d29,739988718.6806333
80279a7533c44bbae477ea4b,828922157.908009
edc43e57b2905405a13f8f3f,39818204.82417643
751795587d1396e0daa25783,674088849.5266582
6d90801ea8cbc12f9e2131a3,656241216.3773942
71fe067a5ae994180f530686,656241216.3773942
2e99240e23b0542f1cc75026,442427639.87842965
fd6112c82d5808311b08e29f,614020257.0553107
0ac639a7c5ec115b3df8111b,647453577.8323529
af0cfebd54f32b9b92c5fdf3,656241216.3773942
b0015b31facc48a49f1313ef,396773417.13659716
2347f69ec1ce4a3fb6989eb7,389446816.5373707
209bf65e11bd7053d9658824,659119420.657337
41877a677d1856bf609515fe,1000360383.3239799
cf60297d9d9bf1268f35ad95,970391863.5147822
a33800eaaf178e01558ee926,705452705.3518623
69e663ffb4935aecb875854c,877897185.3567288
595415e95e075b70c39d5c5d,572798114.9970005
719679261d84d6b93035143d,1016356462.0279734
9f149071cf61295815e3f875,1154291435.2901208
3d24d985b95a3e200a734bc2,1190468732.8784156
bbe705b86c6ed4da775b68f0,24145445.256292462
e1d875468eea7b2eecbb49c7,691346088.9661677
0802b7e10706252dab8db909,520312796.8870771
2f412384597554f3dab07985,758528241.2867115
da8b5c8a320821ab8ca00a80,949670837.224153
0f10d20cff5664f9564bc88f,1090004308.8046665
ab8699d3c685fa834d7ccb3f,869848143.018513
85956152686438c48c52e018,684465051.7957555
ed9c4f4e06183b15b877f077,400672657.2624713
12e32a758e15fbeefa255207,943536435.1262615
22cfdfbff44541dba9091753,862836730.8761294
314a1e163d0b77b0f384da29,203791375.40421742
23959a0f6e27c8c2b4a7f436,908837407.3453528
6ab5a87a537d2ce326c867c1,643331614.1741372
d9ebae84cb53d29bbd8a466e,853953905.7090144
9511afb73b656135daaceb43,923405741.5884027
9231ec89e58a3daf459c5b43,988835811.3341001
8d97cda83fc7353a86c9393a,1004961017.1829647
3b380c563ed2505b7630feaa,1134949629.7750654
6e5ca223128fa2de422b4009,469901774.58968914
ee30ab004ac5270daf59758e,577380618.6164153
d6fee4f680569a54f4267215,750219454.4853321
db3b84e5b3a9097392a57319,762774187.0553824
cef379fa831f936cad745dbc,630085376.6646056
4db8d32011163bc4fe01d02e,778489576.0435696
f842221d74340270e757fd41,946109195.3959814
f6173e36f95ad05b8e94321b,942690758.7514298
5960f14f2a81075fa66568f8,531034524.3793326
cdeba97450c735185e486eab,935549308.9977626
f9a802cbc802d49a087cf23e,1104741579.031708
6a9ef848f22fecb9569098c2,787818452.8199587
f3986309e4fc4cde2b5feed9,989899674.8244209
6c3435048735371c36dd3892,1083930306.4157894
f019dfbfa7fbbddec988fb25,820513883.9083176
4526cb4a2b8238dcc4e496e3,1033531737.4488294
95561bd325f60967cb6653dc,1199822392.6981306
9f3e09a3461bce2fee7e1c40,921011160.0194024
1034b1af0331daddad70f3a5,172979569.56128395
3ee9cfee7b0acd482672ed47,877723675.3702449
adb51a572f3198367e3760ef,732875402.4610857
5c802e198dc0906016741026,477880444.2099587
671603ba1f755be5d7219a01,430899470.3864386
001d77bfb387bdf0b53e9e83,793765693.6881683
fd9fda1abfcdd1066a177e14,709406631.1772192
e1e78f3432ea2dff6b69c6c0,777822258.0672714
378e6374da00b72bcd7920df,693473194.9140981
54ec4fd8f49c897c644ce83a,773185787.056793
a67ef3a182aa268bc4d9ea14,656872190.0856891
8100a4b0288d5d9d9dc86d2f,230671448.94835567
699ac8957d9b4eb7fcfbcc40,817927674.039346
7b35a3e9f3e67fa1974f5c25,1282391718.591121
6e5383a7f9a68147c2788565,851741611.9774171
fca1c40a338288036b1eb25c,1173428822.7002223
237da4784755f090c89f07be,808325522.7000701
21a7c5d6ea818dfb25077e13,907759705.4122463
0cf7dd52e117832b4698b310,885603205.3413827
677c8056695a5a539dcfa3d0,856664497.1354109
e4b85269ca413066323f66e0,776176267.9550992
9019f1dd02ede61479b62406,33573836.93357992
958f3e102c6ecf5f6386a004,84121755.09399748
b05c741bc5013a7a6abd31d6,84121755.09399748
2c58f2cbd00035febac060e1,919849976.0310491
89d36acc5f617a6a97e02f23,598000523.374846
2fba6801eb9a7bce7ed2c081,774438782.6161947
45ccde79aee811756030903d,858532936.3428121
5bdb5174517b8faa23df9587,985052517.5618527
36a11817b32bc24eda6ec8eb,542680628.3085756
f1319a9332946bd68db250c2,416305293.54663754
39f70d6b68b22668a0631f37,754677661.5789516
3958d0cb732f3d623764be54,521157432.88290054
f67028acda5ecaa4c8781ba6,627284631.4208506
76f50ce5f30cb96d48a69357,619370917.7897727
9e5efd4741a57b9af54e9265,590035227.814821
8c45ac143f5cc43e9249c17b,1044882861.0708339
2a66eb4d2a205bc4474c0afa,896157348.8581765
85cf1ee98e1a85ff4619e27c,663715921.5891535
84c2ab0573d3cbffa0be90f4,691751670.7236611
48976c41de22ddaea3f8c296,500749458.2613578
001c03f6103d35389825b62e,789482618.7892833
ceab390b6906d5cbe65fc402,1064648523.4252349
79f989fd66108a2c38a9764e,886786809.2334753
cc385eff95aa00310eb22111,853551908.7910181
ed764bed1d05cb1e9a4e67f8,905169982.7936274
857c5dae475eadef41c25603,1108401823.6008987
7148b0d9e2e1e92d41633230,1165360264.7450292
7f3e02524981fc7e40eccfdc,257370488.91368616
ccc625df8f51248e3dc93214,486902767.4838172
b38776cf09ec8e90fceeec84,533218282.45153826
48ebc3d79e01061c926066ba,-1449718.5478342772
9580bf8358095abb15a10c36,283819128.0749724
d26d35e33a0cf88f735a9322,838909872.7994585
b4c2a0a1a63d35a9a08a6e15,797636547.9838295
1bf1913f806bd4b461233551,38730923.561958075
34d1394dbb483e55d1cc2da5,-40056658.284442306
7bef2da7f3c160e94fe91ead,483955995.65587616
528014ff6b7cdbfc174f4fcb,539603977.4511069
bf1dae54bab00fcd3e8c9ce2,683099473.2688335
f270dfd9ef449a02b6d7ae2e,665060404.8990525
31d6f089626c4fd08536fac0,560930920.3834091
259f4f7fd5d851be70d63633,405701430.4754593
6b74ef5c8ab1df614bfba866,865574636.0289195
7ee7fba3a30e0e7c2ed3043c,908371521.9183277
b24bd44eefc3ccf053939dfd,1053549173.4302975
0545fc14aece3f37864ced2d,690419887.4043146
e07eb36210e90ef0419fa0d0,1224660586.742631
3991b04509fa61b36a8f7d2a,1209356515.3060534
387af5fb4b4a7f5c3fdcce57,961076799.9511578
6852e8bbadc1a9f4fbcd695d,858229897.8968184
8c3373f9c0372b87ef021512,1128280217.9531946
6123a0dd128e45216f832e3d,1189296516.377367
0913364c688d7375d0f7af5d,503658138.3650968
8831ae77efac99a6c58ce05d,845102528.9710319
b6283a5714e0b977110318ea,442879305.9229367
d2d8f5356f77507f8839280c,1022930680.5066411
f36bb15462fb29f80b127458,1210732026.2646341
7abf9cd6b26e2e2bb6d91e5c,1193717036.9534082
1a5f6f7e8b7af9d48644f1e0,763440456.0956329
8e2a5f8431996ae0db65d0be,882234871.3627234
29535d858fa3a11792697820,819104222.6132342
8e4df02eee6cab9bd1011987,802744636.9115957
5a4039f0ca12767138ae585f,864060278.1443299
d84248b3ce8ff6f5fa480a83,634746286.3543352
5838e86b74020a5bead56161,608610880.3253032
02091877f01c926c350b013b,441677477.4583304
df298574e35dda90fb568023,501970074.7643633
d8b83253855448caa81f7780,623320193.2876624
1163ab2c0bc8c998e121b922,442932041.3116628
14f9ab54432e5f54a50be4a5,410927371.7213825
f4e0fa1172c1d4b70b6c4d73,494647066.4290939
4345863fe83682f6091d8a77,774014865.7101728
6c5bbbfa3a1515e5cdec9ae1,680539772.601612
742da63af109164c21dd57af,669733137.5579866
fdc28a68bf8a5bc86288b4c7,691399816.8984919
0f4b077de4ba5f5db6fb0065,577596571.9813586
320ff6c0320674fd278f6fc7,645858690.8525745
6acf9cef08906fe569c38572,805558108.6474267
853febf898a1dba351d6f917,558361391.2761518
8ae41ff6a828f175a9f628b2,491054457.4876356
56ae6108c1b53c649da2f6ba,589720636.9615017
aa990d4e5f1a0fc4f0bb29aa,803662423.6218338
cb8b826e929f4f8a8e3687bd,690819886.4228368
b85a7389bab2e651f05369da,80094778.64762259
1fe929afafa91bee53df4e86,613854830.2424951
02e89c055b7692dab024defc,494407717.2762629
66bc6e56bcac9bfc4a7341d8,1008070716.3174176
63cee15dc4a6808616a2c2e6,439797935.54170835
9a889078a0225c013570609f,690331817.9002744
3548fa5ad26ba2ea999380a0,482948097.0394405
d9d8aeafa748f8f1ff2fca22,837609776.7225286
9e2c21d635fc25f7790cafa9,252583736.15040833
f99adfe85d32b0a66f4d483a,1070074249.3261441
eb64fd330053a41ce5be4a7e,605847877.3599076
ea8d704272b2cd066a7e7867,852600582.8384876
e7c92ef9784a92c8b7fca693,878735480.0950578
a9b83e18ae78d307d1b39b15,757162759.9651444
ab8d6823d905f1f0ccf4a75c,1003141004.9781537
8447ca83d928dc34c2e7f9fa,598252816.9572325
5bd24b842a67601630036d0c,799376856.8876007
38d5b9319bc16bae99fe73b9,886411466.9145288
e1558509b120809eface5b87,674583098.8675472
4b8d7217da1b1f225f254914,777636764.1958681
09e0c3a1b90d46c361007323,605847877.3599076
d090a9e520ef74848bb060a6,826463441.5097735
07284e4caec09fbbb16adf2f,986988941.1011784
f8bb20be599b79cbe29f36cb,1081093096.7381456
07dd30f04c5953f325df9aad,914057344.086054
622872d345b4b0d9c1b9302f,846740322.3340535
fc9151dd6f8850502c747bab,1050799906.9062991
0fdd03a2dfb18e323d96f468,775842032.2437568
ad7cfe29b56c915dd016897c,733252853.7554576
f40a182d82c489f55c64ab7b,951306888.6516006
fb06aae0e711d628b16eb910,955362436.4951019
7dabee85f750266dce02399e,1007151678.8164141
ebcab2f8506c64a461591d1c,911487045.0080514
340f96c7de105aec5b7a28b9,1018637616.3523239
be1c6023731fb633c4f41f96,375657394.1055182
d6b051fbaa13e3d92a798521,889188438.7998259
bd04c8b6b5e381cd5f881379,582735809.8196073
2ca47f5c36ea5d1cf00dbd2f,715562720.7732508
3f2c18ea5d8e9a25adca4c42,965035413.975692
5bd59dbebb0d6fa71efa4c66,928832615.7360554
bdac2f1c4b306a7742f60ab9,1032286012.7950344
a0e26a9d56cfb3b7228e5d75,653010127.2202028
933740e21e9b61721b2c6053,681720609.9155445
a3b9c1a3b81f17e6b22b6152,706487928.7398871
445e241d8bfaceb149609d6a,226609006.76769555
937f0b37f566f65a1871615d,686739852.79098
9a76a405640f670c6355630a,556904428.300801
7a0f351e8562fb7aafe6e714,555955067.5186324
4c5b79f3656501fce2e2178d,497582535.43417823
201053b106a0b89a0a47e2cc,812754783.504348
724a5f9542f86cc43334d3e6,489868860.2923737
afaadd87a196e04b934e0b1a,422698765.7589322
a46cfad2458ac7ca4134818c,592521165.955305
f640eb21bdbb9369acc4e863,500462409.403612
8b3350aaa66b9fa1c682c15d,828765015.2748303
1340b0805cb34eb9a982190f,339707543.6509019
055d5ab6b22d4d0ac325fe73,807025822.8027911
faed63c1287896e97987c4c9,1009416008.504498
a094be8af52cf76977fa5083,1207118656.1578922
feb3384733ed8feeedf9ce8b,1207118656.1578922
eec4d59429b1d1bb75b4d686,519071207.3767121
3e9754a961d2cf348c9ff7af,1044275956.1598603
8f8a92abd28c8990534e847d,1172838567.4300704
256491790d0a2d5e1ebdc2e2,194599945.68432838
ede7995bc4e7e672fda4fa5a,1166134340.7462096
9e8a11484838eed1f4673a32,509961737.9367119
8aad5795547ade3c804c0ef0,669164338.4909846
4ec4683fcf928d9fb33eb7b9,548324688.7344112
ee18825bcf4065d29287b54e,1151749565.6531563
485cd615660dda11586f797c,603800141.441001
8b450ea6c21fe0b5157529a4,712896128.6189822
0d45e78397d4bc0d363be47e,1078769008.099401
bfa4cb65827c4ebb91478e53,1160080753.778276
deb2c93acfaf6994bb3c0608,472521798.72259945
571e1a8c252cd67ee0475974,992626245.8428092
04e337d3c692f3429d47aef4,657902404.5990446
cd2913f013727119158b98c0,1087971017.5523355
ba63594585c484bbd20ed3a1,645806329.400208
beb7b99cf12926d8714d1c5d,844617347.9404249
0fbc9e52ccf1b7ea8136cbbe,935493864.6510022
f36031f3a3f77a3fcad337aa,585777635.6925596
7738f18d533d0f0379e3a06d,887633309.9526651
20c3cc21b44eb37d0b359c1a,904308708.3163431
78257e76c16db549022fbf2c,744788552.7373544
4baceaad0b0081bdaa37473c,822929114.2669477
6bbf67d88846e94a63014eee,984816549.7570817
edb259013ceb62ad9b23eee3,1214191733.8980713
ecfe155a407ad2c2f74522e8,591534619.9742498
6906a20be4962df7725dda7c,1073284190.2923772
5d86b884df3627d93f206952,899988606.7652335
cac3eb4606346268cea48e32,905223991.5793115
e7439820086f8d1cb13d7c9b,635973253.1409731
b940561f2d48444e139eaf71,451763958.86704516
4433060d0fa95ae1382f2de1,66047018.003894925
27dd503d4fbf4d5f5d850d4d,647891959.2773352
42a73bad238f2d3f5e376044,899510309.9885954
2b53b13cd912f353cf9c4757,711496230.3482808
4cb59b46927df31150830d5e,574863907.206245
2f3d01cbf0ee0b985386418d,399882499.79451585
d12e6de49fcca906c3586994,395646111.8691225
8f541a839df1ae79d563427f,466778452.77575487
ae5ff2b5eb4f9ac44fef666c,680477054.6922207
ca77a424800783bb9c5c0450,719454856.2076968
c0ec1e7ae2c6c3c2f2ae34b8,560514376.5862373
2372f7c0499de8aa2e5ffa06,912617249.5812725
46de3fbec5bc6c0e256e7751,467667087.5106746
4d8b338266822739bc9c8fc9,815217466.1710571
86d46a3fd9d7bbcac3319829,764771746.1229589
b13fce1462ed87e57ddec917,610459870.1148473
625caf4f4f56f3f6bfd3f786,-6099012.29594183
2214e2c62cf8d2d14f11d47c,640099524.2280234
cee8fedd5685633435d77a06,1095850822.2825437
061386497cc2dede3ea70b1e,513757420.750252
3ce50f34a7974ec17178a79f,741613104.0951748
855ce1721230ba103fc0ae84,456289200.9010162
ff3b85eb538fb9a7dd03f459,65681477.6842047
111bf82100a6fab0c9ded743,767941630.8301544
8877941794810464749ba5d5,641330649.8846259
1122a042822658cb504dc147,767941630.8301544
d7d924ec35768a3e6bd39b20,496692530.82153994
27cf45528b4266162f7c9029,672659152.15736
916f946082d03023ffad6f2a,1159569964.5713482
68181ef118970fdb1d83f030,902673380.5236124
2f0bbbbb466fae3fe5c4f614,548478276.1538383
17c8b228fa2591e3a234d55c,500154164.608312
e5d9afdaf318dbe749bf9950,500154164.608312
ce2cce355f493a75ab59b242,718550924.0025045
b6825cfa2fde9b42fcf04c59,833944722.2871072
6fb3e33e16eb81331d389ad7,249500880.27256626
e29d9a401a246c00f5eb2413,794236461.9240457
fdf103976a39cc12f5effaa2,794236461.9240457
d1526bc5e5446680841a9cd7,1160105753.0188046
a96cb9d988f5dc99bf5df4ea,1160105753.0188046
760125efabf13246774a9f16,663549277.8430867
229607e2faf76efeeadcdfce,419545788.13542444
f14b11d270282b317d9cbadc,640016693.8267045
8a41638edfc5183469b6c43f,634602869.5324851
ba249dc7eae0609f20ccf234,647729038.390293
0dfc7d77d3dca86a221fe62b,1011931014.0420732
ed7f61ea4c9095bd4aca258a,644572655.9000685
d2ce77db7cade7f2c6189002,442879305.9229367
9d18c354e8939c9f18598f22,569323539.5707306
b95689add02915dab555d9f7,753516235.8115551
1c35d9468cdc55670d48db84,1081361427.767332
caa4aecacff2beded2e76beb,632228032.6131381
017487de3455d9f642a7fadc,1331195903.278861
8ed9c13717d2bb274a81e460,741440153.7459185
c2eeb1cf0549df1359ef4dcb,412482020.8065313
3a413637f3108ddf7bd53bcc,624726477.1213608
145a241c80430b1e4ddebcfe,907630986.3992313
c954618c48b70cb00efb49fe,704810705.7683166
fda6cee77fbfbce6ec0eabdd,813922359.0046923
b92c9c464e23f8b987290769,284071166.93016434
d81b170177769c0121b8935a,789046627.722205
7a832790d068e1e85182b5a5,445575131.18542475
462ced9cfb28550c160e5664,885341320.8292538
edd9a278b86b1c56e237a0f3,561092708.8436863
fe9b6a82fcc3266ddcb3e36b,930773420.5326946
fa74fbeb90bdaf8eb26f8329,793399821.0402771
a70b6661eda6ef616e19dded,394697969.74063396
cbcf4d76223673724b0f9811,654362758.815406
ba16ae6ca55dc3c0d5480944,745363440.4297482
3c840c206546c20b3e53d4fa,1021381928.937881
c61076b24927a46ef506322c,1093868404.097849
2e797c8302fb7ada13ef2d4c,683207752.7296722
3c9e3b97db788dcd10acf0e1,379638451.69837916
28db5acb7b224d44e3d7ce80,652413552.1427428
c7aad87d39537083a5620757,904212056.6694889
099721566fdd0a32546fedbd,930555311.8516293
bc67f29c8679adf31353bec6,744373681.097158
eb40a304997a6e66c550b704,920248570.5940905
3882da646752a82db088c614,437058807.99978393
68c319925551b9484778bb65,841614654.2487533
711b570ff195fb77229deb35,1151704427.9114983
e7a2e8e1c22a52f78ffd1b19,1036190049.9715482
814d93fc94b4de6d3a860bcb,643841216.5709751
817da44fa842fe304b93c199,410639417.34100705
5cb29f5aaad14b6c33813580,422698765.7589322
8a1105028a1a1b83c5080abb,367201330.8643248
82b69c38d041325a4bb2fbce,71276086.69613075
a57d01ed5a9641ad64f7f032,339707543.6509019
90186e67d802be6d12eb3696,629090375.69862
f781bb1ed340e08b23258ceb,226574888.1505869
db05818b6de8d77c1c3fd053,514090756.3505126
f4ed8924f5d1a3e6374715aa,524965333.81339467
d792d1eec60822752c8d52f1,918941872.2634867
47a3c63f65a9794384c655dc,807025822.8027911
ebacf31727972e81d0a0d904,1079392108.5003579
a759e4c03e49c419c8f0cd2d,758958650.3087559
0648a4bd7ca088f4b3834401,1206568319.4118948
b25734bf3ca94e775f467e85,878034352.413451
65a8795e7a5b88acd7a469c4,536423194.5776837
b799aa1dd2de813ccad401e8,691304275.5901797
c01440b8ff0d80e7bbad715c,683196562.6120478
a20cd5193779526b43612ebe,315407680.1960501
0cddda1c211fcdce819d5f8f,940502956.5826359
69bcce6b58fc3702580d3234,860216869.335609
ac7c0c806b57e4942d9ead3e,964032166.4851459
aa9e131fe4e7982a374bbb84,765690611.8283924
290725d6b15062397597b954,1060571524.4488816
5f0fa37b7c5cf77e0508abd2,992547423.9998932
c76f482d2a8f8db5eb79ae89,998391565.0116134
f651cc17b051c962e4124795,926726703.9483526
250d84aac8add089061d3204,1087018877.11112
d3f9cf66c1c05f55325b894a,1214191733.8980713
7198cf5aae5d0d5ba2e43b96,744788552.7373544
766c7906cf0493736436fdea,1008736514.3752432
78f670c0d7a26c0323281ffa,771374682.4836205
ec0eb8d68807f52b681f138e,1101256457.7417498
446138cfd3749c0b6715b0c3,998069396.7472063
64b4837e4550ce39f2f85342,907041792.2789121
1103c663f6b5ed0309a767b2,423254640.9983829
b9a573a3f2cedd87c7dc6477,897651009.5599586
de54862f5b7b8ff345c6b297,496066451.6293657
16b3311b337c0cb9312ddba1,339707543.6509019
a1c2003dfcdce97d21f9cd15,807025822.8027911
262688a95a32f10fa070a887,470113432.7688498
8e374b19fb87640c56243088,878034352.413451
4032d6a6a13399797a794ab7,918941872.2634867
99f1712af0fe96f67d11037b,551184995.0311718
bcc584e6a08822158e2a1454,594587033.2651923
ad14f4403926de76de2604c6,510950814.4208785
01f855427cbe3eb51b38288f,961634696.8331211
4673ef4fa28aabb0fe61043b,257675107.3264408
f4cf541f02d99ea1851b9f12,446377745.51758015
bfe19954cd4680149c682587,582493914.8677291
fed8f3bf4a2d7a426901706c,812333115.8440961
480aa7fe286f4aa31f56d4b9,887633309.9526651
1e9850a50070dd51861a5e63,579142087.0872887
e26dcf5836f5bb53553cc413,606972014.5014672
c7ac975025713f368bdb0af8,1026135259.0407693
73fd5bc0aee47d89a160f5d1,906212573.9434966
5bb9dac6e0e9409e89aa6cee,661315549.1132154
9b15aa6c85804621f5c42566,744788552.7373544
199fe72cad28e4554e359ff1,822929114.2669477
b28ba88f3665a2f26c2f8e47,1214191733.8980713
453ef603a66a34f17ae22227,975218803.5897038
d8f4955ed4fc363d6d9ea897,885759640.3808405
f2eca7e3226f625807f7d6be,949231865.3831649
361ccd7f37ada9c07ffcf71c,722628530.2974288
e7d1ee027da436cbaa122f48,1186928135.2041898
554ec896fe4f9d8f2e8eabe0,843694836.4816489
ba79c72aa8bbb0517c899b59,1068789843.3437933
69dd957e78fcdd4d8e874acb,537779897.1349651
df91a3c7f364df5e6831f2de,508109837.93798923
77866048ba7b69532d0a18cc,711210581.1858358
a792bde8819aebc5b2d73a6a,984846796.3804438
6293e4a72b5c84782bcdbf78,792880993.0131917
bcee01a5d6a36f48d99a5e4b,834872788.5703292
c58b56f1202d1cdffdda3021,759623208.9448578
ed3275b560f020baeb9ce3c0,524175426.1605512
2a872557ba401f4c95e0ad2e,857543147.4977465
6b8c1c7c855656b0e56f0bb6,848660251.1168506
d6297cc548b16bff11eea51a,931725260.0969945
dadce7c7a446a6a177821b73,918029690.3409661
f5d9d8082e7652e97973e0e4,1057542628.3237648
2ef9126614eeef828f797e66,703202391.4689577
c70439fc435337f1e8fd2f5e,1108048097.4315138
79631cac54b1e71c1022da12,1182099558.4471245
6fca3b70ba2c68d9e0d2540f,514101464.97887206
5b29d453bd368190e0e356c2,1064731595.9211048
25995099875f0ee622ebc31d,857130685.0507343
34bd7be0761ab3d43da7a81c,665978736.057128
b8e15d182ac0c74fba332b8b,566076486.6532953
901e3b835718ccae27c8831b,835132827.9344472
e1c7a101e5d518583f9a2a7b,930824801.7713723
02f6ffcfcdd3dbba94dd7b33,776828054.7028891
2162e09e137eb5f4a1f32b16,964444129.5789241
5eb815f9023e6eb97786233f,1227446531.8869708
d2ab14487e0ecf640a785277,840784838.1510434
437167a9db41b677da7d5a7d,361153817.85453206
c3f889c41c1effea85bcc706,440211958.027291
155da5ad9ad19d57a7632cd0,848618546.3538837
43d1fb0646562c3f1dd6fefa,600499250.5516233
8eb66c4b057dd4b07b5fbca5,940768351.183367
f9718594fa52500c16e3cd71,988271789.5243449
d9c46d54ba6df0d21ed4ca49,478999934.90528524
d3f688e0deaff6648f2925b6,407955338.08703506
093a92c6846c924f88ba8750,950839083.2252679
9b1223cd8c9d7b348d6a5c94,898812504.3863921
8209afd76e36d8b5c4f7a991,417347800.24656034
29fd909e7cef62de53430e1a,470498371.02010655
76df3d616d8bc1de789bd83b,470725056.5660286
8aa5d44a72b2a6851d14ef86,683285433.9567784
eb4e1b72abce1d184dd4d5e4,516347065.2657722
2ba24fd47c2ef8520bccf6eb,351157267.6759442
1c9e38cd216595b33e283134,1169317314.87391
2fc150cf6ea4141106bb8ac4,466390880.56797194
8dd46fd8ff592358e4c3e7e5,625158910.4973267
d5e001b2f1dad3962cfff9aa,940598978.9556239
6e73e42a0d2ef8d6e403112b,592875565.1352102
2537dfc786054c61eb3a80b5,801783840.3617343
19c77db46d23e0c07a06a8b2,567080361.9638786
e6424086fe1cf2a2931f4847,801783840.3617343
66526276a7e8da597683e8c9,668742012.2920465
cedd20027ebbf47baaa0dbff,668742012.2920465
ac7c323295addefb43c62acc,845385796.2068692
a8e74eb5eb523143cb291cea,1004964294.176933
ad393e9070779969b496fa72,818498462.9114059
64d9dff81c79a16579cef2f4,1120423590.476321
ea91281d5eaf6b8f436d47f6,1120423590.476321
06e59cc783be86bd145a56c6,1092585525.8601673
7458171e4db497a4cc1365fb,730215551.7110114
12d73fb8f4ca87b19ca46231,845385796.2068692
5e935d4a03c6abc86ac5adfa,1031444961.805723
2754b4e12a7604efe8e03f5b,913020210.597561
9ea7a0d65493cb5487ed2084,454973838.028828
7845cf57552577b059dd13ae,423370886.43705374
6e710984bbf2662a9cc7bc4c,257799882.58363485
47720fb9e2586dced75db114,636551182.5258342
cbd48f3342e63a84173a8dfd,510231461.4339287
cb83c138aefeadb184d2c7e0,509595872.8203745
397d4e490eb2db8a1b18051b,471125364.844012
4f65732875c007d3c1102140,470235070.55763173
1f8ad363a0539a6f2455c3fc,471752051.0198394
9535ab027f9f2a9a8fdc21fd,480691588.6178512
248993a27da888a6e3ffefe4,350814424.86798257
cd07b4553b6d3863a9e444e8,775369245.8424301
f53fe605b0a2857cf3facf73,789197522.6975048
ae48e30b60ec254bf0dc89ac,960244978.6662652
2a0e902f3c07cc9696000177,775489708.0574199
d57535248bb34f65ae678a39,789197522.6975048
9949cbc958bbc0114404960a,556868428.512787
841c57617a075690ce412083,688576328.4151546
9fc4385ea76cabf741d38789,681069123.647207
0367da7dc5374f1957a1b7f6,742715835.2563211
7703f868650a8252e954e457,605994249.7591072
4cb9319ff5adaa62386b713b,859568124.0470982
dbb30f9d010677de2aee1b71,821949180.6873108
0b54c51a787fe58bdf677658,959623132.5513206
5234aeb6d817b8ad876e50fe,596558714.8697704
77359d0d34ba4c9d825e46ed,643527696.0647064
b84795015be5077f942f5170,680110843.4325082
75f5290d61164d42b39d9d51,511144621.92683756
b46d50c84edaa7feba938671,859568124.0470982
be8c05b72ee7867fdcb05455,986860088.7917712
356712646865d98127b92a57,532400988.7760588
ab765acf8b87daf1673b3a97,556868428.512787
3a2cacbd3b4f9a23514b1433,883845764.8338032
3c6d485d7b01ddd6147746c2,526962214.0531148
054cd21c3b12f165bd520313,691554560.1912085
e114160e3ffe6a703eb42440,772373171.8576001
a38b2d75349c56ce04f02a94,839827927.6322515
71fdd2b1214b9371ef149c1c,844296557.4884765
10970057efd092c98037498d,755907626.710116
7543d0e85e6328ebc8283d75,213798098.45376801
db1cfd89dad114c11ab2d409,930795729.7554364
760f24a443eb01721c6ffea3,780536200.7157267
a1508f30ba87423e7393b4fd,1011393783.6475437
5814dc311aa87b24e26aceb3,877379992.4721521
f26c2bb4d5787541e9c36463,951450620.2201426
cf07a5af6ee98d735bde14bd,929062435.1737239
8b716c3dca89b7caa7db1aad,1007780875.5642939
df89e7dea6c313b0cc262249,428612011.0501238
3e2c1d2cba8755ffad9cff27,681173340.2898031
6771a8c70428fec0f21d51a1,837057175.7228303
d8171d498291341094daaa39,1193935127.7502246
3d43dd23536f843c2c5bd268,1006866638.8546636
785dea91d94ab384bbd6ce3e,1203742315.4567914
6c316d2bb84fff36bb01f14c,1224054992.928175
08ba99aa6a8ee752209de6ae,815620347.0532467
d177236e8c725d4405025916,971194289.8092717
9a6b537a7319b3446977919d,1098131028.172462
e2e7b03feffb21bad63eca2d,1033790067.894134
f2fa898e1bcccbdb92dd91e9,880817233.1306392
2c340ee014e39ad0fd1309d8,922515097.9566168
7ee83e5d70855ed21455b6d5,1207789224.4383872
fdd4b5fcf9ebadf96545038c,1023463881.5915421
512b4ad817c387bed877b7d1,1105255742.5285983
3ba644c7be754c21e3cc48ee,766857872.8218311
cb38dc837baf3e0531c6c115,849262390.132619
5e931fda1e62fe41ff0f2ba2,847755416.5655518
0ce9a7d4b0682dbbca68e070,885121772.1166646
8d114cef336100a8d8c81ce1,897758105.0785158
ebc3a6574ebc530ef715ea7e,929201188.2912109
4c2b14bfeacd87b878cbcc92,830979405.3338892
577b17cb350bd2a646725b6d,773626826.3320806
0dbe463995c605bcdffb133b,992084033.5161431
88f3f39ea06fb882c69bbd10,793619107.0956738
e54567ced41a40938b85485b,962158481.6863581
cb6d29f005078d4d4efc2d04,806653131.9948227
1d0919344e52b315441aeafb,752293913.4541051
62c39ad30e9a26d8cf3593b4,1068659919.8075275
a02bf67aecbac445a12da958,1020376450.3736529
06baade01a74972cc4a419ec,682965087.0194557
3943b64f9550a575f15d6d29,1169800677.5736675
b62d64605362afc574ea5b0b,1172681602.2456665
0ef45eb4356e2f0331ad2457,877869287.5335133
6700ad4d4d7f70def59a5d59,938349684.8058405
19ad2fa7e170c67870ee58f7,923027661.4002426
919c1e281329379c4d130416,794486472.5591365
8a451ef547efb90a8fcfa6c8,1010232839.2529362
5c208e5c37aad07602f7cd7f,648667148.4779152
164fb89266e40a2530400599,407955338.08703506
5fc0f0c4fa019b6f1b2a016d,510583390.92092943
3b16ff50ec7fa717efbd62ab,672366472.1669409
30e6d4e1c53e9e81ff66df43,755907626.710116
cdae3bf05372c13649a2adc8,213798098.45376801
170a69c11cf4f855ed015bed,921998397.185187
e14b31f8a454e47c383cae94,575846329.2439682
14a8134a56af1b328321cad4,738202274.4743689
ea8cc21bf7d48979bcae1458,860300615.8208839
c287dbff188e95f833ab21f0,665766440.7848142
2cd0b2d7561919f0223608d5,257799882.58363485
1acc5749203f964fa8b2092a,403681827.2077004
9543c16bd5eea47111e6b266,680110843.4325082
d415dc486936995f8b3704e3,643527696.0647064
ab946dfa5b9d7214a3756978,1203742315.4567914
803711fede531ad1621a6823,962158481.6863581
f83f29f28978d7dd76cf5942,830979405.3338892
4bf284e6ba81bcaa21a437fd,682965087.0194557
d8ed50fbd5ed46d36b3d2dba,1144604770.069022
b40128f5e17574a5d3da9a32,767362666.5556079
506d4cc6613a07c313a12de4,679392889.804103
558b7d06789a1c8e488c38d2,709324820.9032419
38410183814a757520143737,885927552.969931
560a750cb6f8683ccac4563b,952666248.3421726
48740edcbe275bed3c82efed,752729175.0256965
50b2bb276e598c9cfdb42b0b,521426602.85433835
302adfed183564312f9e3087,1023463881.5915421
063e53d45e5e7945f1f10fc2,880817233.1306392
6e2c39fbeb5392e6aee9b644,1093048173.5418231
8d6c523d4100ab0c83a31fed,751999813.6467944
6d6aaf30227f16b2be29e79c,1011393783.6475437
e73e5e75cb18f52dd7239361,837057175.7228303
dd625806063f76dcf53582d5,773626826.3320806
a4b16572b8bb786561baa3c9,1224054992.928175
9446f801f30e8b2997fbd72a,1238607994.1764526
941569c4352c3a2e32c908c3,1091601002.250442
8b4c54125d9165554e4123a3,1155468278.8484616
d50f33fe5acdaf5caf1c6ac5,619995636.7193949
46ff039321805b51870c64f2,1106354927.6524634
1ac6c220eb690db798a3d4d5,1009702969.1177568
faf872c4bca132b52dec368c,725858337.923379
d92232d77f7a124e7ff13ee9,900989288.3230157
f9a136d7944cb7768b598a88,683302512.8532368
e03610db09ed7315cfcd64c9,451569367.7032982
8c51f1b43f15b70d2a294918,147740064.76747924
21d141a84af5f0e2ade9b0b8,793913302.9875702
55c7cbf5e572d2342d0d7071,656206694.0560973
54c0e5e6d368ec51f6e75c1e,965312131.7411251
434ff40bff8fad0962ec07e4,619484055.1668222
0a199d5741b5a6213b39b793,649685072.1107069
9931470b50580f51e1a4fac7,-38046909.41025281
89498fdf642e770ea75be7d8,847311369.1109953
aba39002de605f9ff34bd542,540495861.9306965
0c1c0ba7d75dc4090b7183f5,867073115.2506707
2ac425aa592565b44b25cdc3,751528400.1789899
c0cdcb5f860e3a974c401861,867505525.7932987
4ec741bc6ab20515070cf1ee,736573510.9249336
3d4c48167a8de8cb0e4956f6,896898812.8073359
f5741fdd9f509d3bb02e35bc,968798858.461528
c1d0c0846ec652774ed5474b,814671027.0455866
ed2c02ddcf0e54789d9d2675,738029754.5196362
0e05eba6eed4e55e89dc5f14,915485236.9511136
b29e5a75740c8439aefc9321,902727464.6050848
218445f989b2da5eff4029f4,962341359.4677107
0c7da0c2613129bc322b1da5,821672370.6002752
a41210034abe19957b317d1b,1011209657.0892208
0cb4217cde38e09571fa73ba,1166115158.5271564
9df0663317db1cf4121a222d,960811002.8954217
62be98264dbfd418ba21cfac,850615249.5782044
939ce1536f15c0e6bf203dd4,917541445.4052267
d9028df78f9b14a720dbaa8c,917541445.4052267
b05f4b5fae2f2faaddb377fb,669766190.7310139
65ac61968819927b8fd9b990,604801036.5580958
1e83b53963792d7445e19d27,1033626631.060267
72eb1af691a950fbb7e8d635,684701468.7585778
94fecb92077ffe3a72aedec4,609741520.8379452
f660a48b0eb17e98dd77c0bc,565598103.9342678
27fe3fc3838695ce34c5d287,126483561.96617025
9ff4b1fc1970cd5c102cb755,1099010242.3041108
b54940561992090411749db3,443996247.4274385
d4990842f549d8139fa94c87,290511373.6818881
f6013cab49ef9188aaf87972,837609776.7225286
cc2e8713dd087d3b842d2f11,-73401707.43172503
fb8aa6b6c5d2499d404f3f73,674501221.4591813
6a8b9fd89b745a52703715ab,540580932.1092587
4721d06c49413558bda1fb68,497699361.95346993
0100b3a412accebf6a3aa4b1,633635619.4610531
215e8852679b9cb6c4029ce3,536569074.1795006
0afec1b2e7060b99dbe41a10,451824711.072371
4ff17c9b88aeeff105b8301c,473870120.7799947
6eee8548b87c9349ce90ac2b,509792050.7927949
9b264d26a196a76951308cca,699500023.1167074
945fad7539481410e8bb60e5,451569367.7032982
f727924f0f35ec9fb58d0c31,195685198.953838
c7876dc81e250503076f43f2,638784604.0017104
e4f3e425e9f6e393999d7a08,621474300.0180451
cee1833e8964355b9aabbce2,981440880.4579747
9a1819c45b01c341647a2410,649065359.6377804
ce95aab452311a0cc27e0c7b,790569965.5114996
e6eff72b7c5b0fc2677af2ad,561092708.8436863
3b368c10d243f6bc9c027061,177752631.655694
510c03bfb80d92d180803887,621389651.6484061
664934c8e209352d2c79c971,506926551.1524854
689ba3a92dd7c12f1965031c,556368485.8867264
93d4c413d2a1ac59f1b46830,466126867.8059924
08b09c586530266c14e611f9,610785949.1943928
7157dafd306fa99e4c2ad233,516923612.2868577
74e15493f395fdd312d50cc8,152086929.31030434
c34c94e7129f84267a5e4fd7,600955639.1239951
fc0572d7185e132770c3bad7,770626191.5524938
5c1bd88edef0a4146c871fcc,583180070.3043473
a28a31f7d0e3fc6298606078,487929462.0219236
f388112376e68ccb2290074b,729814079.6220415
05d1c33ea8c89ded7391ea92,312146133.14341384
dfd84193c81ca8430fd27ad0,770626191.5524938
8b89813a4ae5f9209f854be1,955621209.8596998
d7b9566ffb28c753bea96f0e,887376047.5706435
8062b4109c12a95dd62bd43e,625982281.5073612
6d305d6f3e3c2a53515d5f6d,1181532806.3167765
ff143fed55f12a0105f9f88d,625982281.5073612
0fd9a2a99c44c9e5565fc17b,1069215222.7909126
7f85c59323701ee0e75abb92,710182874.1400577
19baa03dc4143a83920a7d2a,966950388.8116095
bc23ec33573f28442b36f60b,721862791.7979134
9957e5492f63fa295772246b,939335966.9255888
62e376b22a4cf0d84b7f6bff,922134656.0858232
0867853879129bfb46dae700,950704348.706417
92c5129009b7e377fa004a93,740486503.3733904
6b9d38e0b9a3e28e3e695be1,709625249.4000313
b6da2728ee41d035da57c822,1069840332.3658475
adf5879151c7236f5e055e1f,779789261.5076399
bb31607d0bc3ee4a37fc912d,900297097.0371004
3ef8fee6a5cf42827d8bf562,893799438.9614197
e6016afcc032d20fc9d6f2be,1145867015.186159
f3962b552d34eb8bf38b4763,976047844.2507908
bce7369d51094d3a9d3495e6,1060791699.8674564
55bfd350162592f2571e3a0d,970065349.677927
3f226452520ee8f04e306bb9,1140776175.5920713
b16fda9be5edaf4cbcf07122,709625249.4000313
e6f5ae869a5b7a30e8f0fd0d,834239254.4619412
ab0babf6941ef43c35acb951,737856393.7633175
3bed16373c8ae820187e3d5a,1165055720.3101006
bc1335d419a1c0f6e6860470,1184292279.9173973
98575cb25b358dde32ad042a,770323105.4771866
fb50f2f13a30fccc3903577e,859729577.1799858
7a608479334951a3afdc655a,860571489.8330207
9cb40496518bb99a7a00a2ea,1072261856.4816346
a69ded1c20e05bd6b3a90028,728913479.759722
71d422db0c0c638e448142bc,1067524994.6475358
fad033a3c81708df7b6ee73d,904876373.8070879
99fae85157be04554b236007,405761079.77022505
dcd314dabc7d162cfc29c81d,790077512.360632
1c65d5172e53b4c7f1c4d6a9,794630473.0720515
cb6d4db44c789fcfe8236b40,797745801.7002641
ee2c509989c7155bb472c5b0,839228974.8247501
73b60c9053ff8193c2dd2823,757947518.5245584
2a487cfffeb12837a5586a41,426016694.9885677
c9d285946ffc4c4b3ee95da8,1315549220.0056982
6a21be8a7a429eacb1de8c1d,726228544.1139941
2a7fc28219bee48a2368e730,687982611.4910979
5b169f28ea1dc473ddf11580,-3116574.839885235
58b3ab31de2f9fdb0da0dc8d,839205269.3123528
2054c61f0162a18c6fa2291e,257430701.11383867
39940234a26e7264b464450b,877410388.6804532
550157aa4dae5fafc5d795b4,270626106.57921594
ca87bd8401c0c7bbc4b3f286,598997418.8389028
a8fdb6fb681aeae4d5c22f9a,823103865.2135835
998c864a446f06d114f42fa2,926231601.1966236
bc57535516748048e38d4a2d,1046311428.6232121
ddd55d8001b809f304883ce4,586262699.1059922
b9fecb3e6a507ba17764c303,423475508.9351768
4bd30aa3e2b4aa077ae27490,648121092.8057932
d7ee2851bb69088f851970e9,800898824.4837813
40eb0c78da8b51b53548d914,831681257.4801614
1097d9a61690cc58a4b91e62,619053190.3765504
6aebff5b1fb3a438c2c7969f,829077930.4257308
af672710affcd7e44eee9ba3,476942930.20039964
fbe3b74f9e11c829d4dc69d3,857809266.2165585
6b7219005737d8660d134ace,1214752172.7102914
042bd2cfb2d33467149ece1e,793223000.4446272
d5999beafbdc8acc8a6ad809,486466965.4653662
4ba65b1fb8d8ab0a914b0b8c,459987751.7085949
230864c9c9c5959f9f0d36ee,732162881.4758368
8520fdd4f5fec0ba861ca9ac,402937266.36747813
447dd594fdadb1b12ab32e6c,483397556.31906474
3d405df6e5dd012419f43ba6,697812827.3812946
e120c33346ead011ab7789ce,564951570.1714389
505740f7746e0154932dbdc0,170097300.55412537
e9a427f23e80fa59d9d517c0,416239004.83471894
97388d009acd9e5ad49e7c4f,240667957.3811251
a100f050c34e438070ff487a,442775531.95840013
96d14a1d29b7abc2cad573cd,715344540.3274145
f69e25355ce3887bb1078fef,465604357.7081187
86276ef138e0babab9863276,561454201.0745337
344f3bcc1acdba48c12f8441,928020658.0461823
f3dbdb2b69017cfa026ee18b,886951476.9972504
ba32f2964e8b68ff5555fc34,922905549.5411453
fb7154b2dfd2a48c13ef70cc,569111525.6649251
089dc5de66c6c4132734b9c0,898587073.9017351
5c2ba5028fd94a6b9859de70,1070937674.2124382
e8544410d811163a13c6a326,876786710.9829998
74d8df07206df08e8f3dc232,1022090593.8026795
6fb4126e3ff41b8052fd0657,61051703.944224
ba35cce2e715bda1684c937b,740313558.564578
d7997b9126bef50985bab347,378317027.51883984
da3aafeb2d0105f8e09c051f,491122832.43936294
5daf1136686fc538db40afad,484350560.5535017
88f632cc304cd769e2d4be27,461686707.2810129
c5dc941305b5fb59e66479ba,529088762.4948549
ec422df56b811a0aa42d8bbc,529088762.4948549
bc8bd1feaa8fca4c52e130f6,446110198.7471024
60c116411ab3cca49f7f49f1,454400791.9473003
75ae43992df8ef41eaf9d98a,624880104.3928982
87ee5c7c49ced4ec99f44d5f,759240213.4714558
918f56ffe325f21522cc60d3,72018196.16238546
dae09210f48e5bbe0d31c728,625108776.0037472
c1ae2af40e1ea9da6380b8ee,799585621.8185049
e7b717278f7c95cbfceba80b,585215344.5226191
387f18b1f01b1aae536752e5,589770103.9847113
c036fb38fbd2d1b59ed5b7f7,677886645.6667179
76c510c0ad11fa67f0e9a4de,632050983.1528922
ff46d9f7dd86b8bff7cc305c,968845625.6880722
23d95cbbc056b4456b94c97d,921858967.3902606
fc65a77fbdd07fb490ad870e,805121009.3449093
8f0a61533b6a01badf43b6ed,814364476.8173964
c26990b034ee83450a4517b1,796925698.1685815
53ffa19a09c447f3759f86f3,855385882.708208
86d80d3757377df6f2b8a0b3,911957986.2476363
c757b3960436c23dfaed4f2d,849768545.112586
fd1431e595693fac0406151d,682965992.519998
42b6cf2a5225dc62342d3a20,802764206.3436167
6f8a0e8f1bce0243ea50213c,842404967.9732294
02277f636716264116015dde,685451230.1796643
b72459ea34fa22d1fd012dc5,964831058.3818307
cf4ebcab3fe4d12e1a20146a,1013682496.5388635
ae2c10850b4a8ffca934cc72,1291428455.9007049
0e22a41ec27869c8f83f9be9,935307244.7761401
22a43024821ad081e654c5be,769119478.981729
2054c223fcd48a48f67d02fd,376660261.2488864
9af6ac77a9aa0c6da3cdaeb0,257675107.3264408
6601706d2133f96aecfcbfbb,339707543.6509019
ce011b7462e9be36184a2984,767637727.9586062
f759f71e444c16a59187a067,610165454.5010645
84cfb0342a0bf2c6777de39d,536512371.50086343
760fd4c893a56a4586030772,501373307.98361635
fc174b19baedc11f78b647d2,930821306.2243124
aff9e510eba008f3ba5c1847,1185624600.908289
a5a4c0f268548993b61d65c6,882466757.9980415
6cfb8a07fc1100569413b33a,523635998.3420343
94301e20cb91669986c4b34f,647238883.7625729
52c1ab7484e412ccbf5d57a5,875473197.740513
2538cfce1c108ebfb1056c8d,950904373.1491016
d57541684e5c00bd9354cc35,888518064.0500156
123106a60208725514f3a343,807025822.8027911
7f2a2959f5ae816761be658c,1026985777.9309945
fd5758238e7ec91e415779f7,819417077.6131788
e3197263bf47b3d37f027e11,1014329064.6957954
8e5661e79f4fc282abac1f37,1084762434.227778
cdfc387f8246a1bb3110d724,948933513.7341708
c53f3bdfe8159bae98ab005d,984816549.7570817
200ea08f57fa23013d0e661a,1010280786.9239732
603c736378e07570fb985ab0,898748436.414345
cc019e30685c91634d2fd4f4,744788552.7373544
b0d394d6c9b8967250854c66,1088787421.0266042
f7a79e1211fc72e06a3a82b6,1094765119.7131839
8a1ea9d91b3d8a66c6341243,915810662.8145624
22903633f8c4d91158f65c58,716813658.8061469
bb67d95fc94532b1fbe80ba6,879811960.732588
a8e696037f8747f562ec98fe,506922849.871792
72e4fa00e8aab44cf210251f,970889978.785193
d70948f87875325380885803,1332203773.812253
a0e53cdd1132bd19b8ba0c54,346690131.20343167
882eb7115cd5b8b09fca0e47,681375179.243948
529d6599d8a64c63566a11e9,445514410.8563348
e26eafffe4ca3c22b7f4a272,1098806568.5144491
4e4abc111c07656e5bbdb0ee,585278427.9957583
46e7860100b0c09a6a475b9e,616958299.0352346
7bfbcfd0fb8f5b6d553c2d0d,657326661.1425096
5fedc401fc32ecc4d9ba7e89,682945272.8394148
aee8b22ecf19495fc5894a08,657326661.1425096
313e17c442fa3040065b7489,744051574.3288156
26206185deb023a344eb2e99,928369985.6901472
4a9e2358d64df916e2cfa213,532753532.351634
2f6515defc3b21d82e0ca4dc,441772454.9815433
a9b18720f68c7002dc71c3af,520680067.8166975
af911ba38d5376a8aa53fcef,663253001.1357069
025b094e1ea7248f4aba72f0,394815477.4718683
f81aa0f575dbbacdbdc681f9,490484875.5343114
848067a69d18a171e7fa34f2,453138081.7755583
e22ca3f1c8073e246079d57f,596815781.6806539
11444a88bb3b230b4feb5b58,647275504.2011404
7a9264f3a12de839a42c1783,559505799.4388487
6d825b439d8622ab90245049,719526643.2735962
d2d317f2990465269ef58c41,654290980.1744764
2860e4435c857cc8a661ec97,1075328918.5716324
39c70622597e64c4821d0731,836524724.7155217
2d6f5bc20de99dd0bd4e34bc,857543147.4977465
37ac1ae3a7e2a3319eafbb58,571745140.2200205
fe6fb32f623a9e3d5586a8d3,848660251.1168506
501531d637608f7098ba6242,658811910.5489329
69f59487924240bac2e75bd4,931725260.0969945
358e1287e24c3c4fb353315b,927519261.1751052
55e307c88e2a943acd64a9a5,690997340.7483888
19105db21495d546e6792a25,926726703.9483526
375419559910484b17782b47,1162032732.4905605
c9d254244e315974cdf5d921,1057542628.3237648
adeb9a6ac3d357bd96c019ea,699955323.9577836
b08e0cfc5bdf5bdf5068ebdd,1161288699.0033398
8da2439f391c6db92b9260f5,917061332.6198503
d0751cb5e704e28e03514fb7,485163161.71805173
9051c6d14018b4894b560e2f,837439570.8005629
54c3eff286c62f05ebe2ba57,508051089.8481406
975ee5aeee84593bbeb331b1,61473799.876811266
5102f4786cc032e24781c7ab,1338050132.268096
cfcd97bfad6e013aeb57a2a8,852812186.699509
f304bc9e9edfc24eeeb720d5,877319017.0104961
bd05a6f6ebf924adf92e5577,1207826805.1958685
a7b459470ef58ef3bed7437b,487486950.19646657
37e009a57645b845b1673b8b,648025358.7810884
b70082fdca35092802f8745f,170022555.1585999
8a69b9d7461107db6d16d1a9,878000539.8096992
adf055978a7a8e9bbd88e741,844295835.1352813
6c02bbf7f6b087a1f0c8a47a,551966017.7709204
d91017d9c530e058ace2e017,650425073.0655642
89016540f8b3fb727d863bec,729568642.5520256
506b653545eebba4c8821588,1129579851.202109
01fe5add1e7df4b15dd73bc9,705488100.2866484
4911d01ea0a4505d5db5bb2d,206912570.15187484
68bda8b092d5a53a35dfaf07,1396153621.458923
70bec150e1d8ac537cfd90e2,1165903263.7354815
0e21abdf04b36e5f6a1fc337,1051302263.2453849
f53efb47de2bca5912ad7517,618335537.9059799
82d6244acae149ed9ed88e8e,380526011.17773706
755a4fb96ff2b2276836f49b,759842861.6367389
f15ae83fbc4e4ee3f646b4c9,626606418.6018574
eac458ffc1da75fa1a4ab384,663937326.1716751
6f7bc7fd41ed908494d8e098,678738383.9436058
12d1678bc86ccdcc8ad756be,1268356377.7036426
6e07d31b81f3fc9b9de8e1a8,879110788.3056828
6c618bfe55cac120a4f1e08b,11395179.538794875
22958cc4622a0050d1aead77,568255576.2724524
c7c3da1f12d872a3726736f5,490468436.5483179
ce30c2c7cda56a69005300d4,755971025.2738547
7a26e5936765b409b7b73cf2,987921495.7857041
8d5a73b1d27a66b3f72fa662,854492439.2116152
3b8302dabc47048245acc09f,727570653.353162
909182c92bbc39b00536ce6b,261894958.85936338
963da21c3c571d7bbc36f1b6,802432886.7371578
a73504d5982fef268f5ff589,864680633.786361
50563038c05963223b459beb,827664540.960155
b9a0058c58cabd619e226178,1053646662.5410159
0037d98f6ac46a86e36def45,583432078.8919526
38117bca778373247df86e14,528407894.97443885
4eeb8b5347526d721092a7be,619076787.0199773
0b6cd71df4dde546e665f865,619076787.0199773
bd066d5d19d41c06b904d51c,581967365.9467888
f10e210fc04e3fb073568323,619076787.0199773
9f504cc4e6b170155d38c687,619076787.0199773
3e4c1e6435ea1a9c3150aed0,528407894.97443885
052c93502aa794e0574db9e9,619076787.0199773
343f45e7d178eb780a9a9818,528407894.97443885
c0c4fa199f0ad751930cf78d,553916944.8730521
5d86154fc1769d4dccac1269,558954329.2404974
e1fb88779e55aef2b66f2c10,583432078.8919526
c26af6fdd00a85a17b823d92,619076787.0199773
be3ee4457a26c6b6ad4237d7,526342748.74028224
9bdc79dd02cdf39f92e8c869,583432078.8919526
1d4bafec52ec7575161bcbe0,595507281.8954723
0f15a78ce3ff90b6894fe3c7,500736578.61328673
afa5698724bea14940667231,864639381.6500933
4d8e365b35a6b8ebe6d7a15f,727596788.9711746
6ff848f65f2507e58cfaa231,471616294.02440196
e13947242fe19bc3925919f8,448227100.8640713
c02caec41084656408c2696e,958816615.1415777
d6fd079beb9f759fa4c6886f,240721724.95526612
d14f7f939468e641c43abfe4,511096163.9643353
8f6076f8ed13e87862d82255,646404259.899239
8d5e662ba25a71727f1eac77,927786140.5074441
bd2f9648ee9ebc1fdbfa53b3,981140557.7327828
da8f986b6ee6f594780f4a91,927786140.5074441
af7131ea57639ce5aa1e102f,927786140.5074441
30e10a03626eeaf8bc2c380e,744058446.4399103
6caf180e36fe18078703db02,422689542.2389926
a40861d6573e4539ee3c23e5,977611383.8369758
d5f905cebe05262cfc44bb11,883272771.7404584
809800b56b7b29399986115f,560809725.0432639
6b2d7f88f15cbf7d998986da,951718074.5266777
a0ede3a514cede68b721d994,645140068.1466557
179d467dacdf674a66c7310c,892824046.5406215
97f9cfef1e35be84ceea2a46,1185074728.6938725
b7e01962fda2102f1402a444,756037258.3994377
6665e5bc4774d04321d1ba9f,345973868.9351202
6c09a3ccddc797f77d63f1bc,1021240545.1021969
97986583e1c988373765eab5,883317642.4841267
56807890f8587cd75893aec9,791047562.8297987
0f2fb3cf22613a339c88f7e4,631367963.2412788
a967a4f0b1dd36d7264cb408,860456492.4222445
08ead1ac0b9b30c2a72db17f,1028477117.6162713
1b989360ec91f5da55806bc4,1033417479.5378654
b289cd856f9d15493d31ef6f,744164999.068609
88668347361a227b6dbba15e,1012449839.925056
ec3f1679451b9c0037f89386,804468356.4187926
9cd01a5cba1674559752f5c4,1027741185.0182099
2bd96c7fe678945fcaf9662f,920127476.110477
9f118569fb8b084f0615fa22,687250031.8011513
033521a46dae036839ad6c90,-55920328.54396999
bc1ee1f8ffe1ac88f08e2459,645446951.6255904
c62886167530efe1f84086ba,537792573.7817643
d58f191c74d26bc1fb02cfe2,522598046.1166138
981b55d5c38361caaddaddad,483677305.89969325
ef26c0f1cd9e3203ad16558f,591475095.8726033
74cd885ec200a0c21fa9e03c,703362241.8473248
fcfa51e5eec6829b9f4f2c59,690000816.8075842
c3bbe8c09f5e58281dddd412,537770419.3002901
8f36d25584407d9e3c326e71,562757380.6062288
51f4aec91124a9a96f4c5372,606932103.9858855
b7becde9261820feb7cd926e,870146600.3075519
65070c554133f2b4143fe051,808976647.0201142
c2a2ddb94f60de25378aecee,911580750.4407915
5ec3abf721e13b0d55829bba,847543752.0510793
502aff943d74cd4cbb976dcc,843232736.6781739
11e6e5ee92c97e31d34db891,845714310.1901218
b1589aa1f58f6dffa93a3a61,1113037030.1960897
783ecf989538582ad008fd95,1211880688.8908405
1770bd5b0a07a6aa785e0caa,748208891.8567492
53715a484e20d6152c76fdab,922961478.3684878
ef73428a38c201019267afb1,618761963.5756507
932a93e3ee2093d7f806fef8,718857142.7275664
00e9afbd1d27062a7bd40a3c,1063945698.8502874
a11a82cec7f8a243e2f90539,1009702969.1177568
e4a70600296b0bde6c28fb19,725858337.923379
0a1b1a3d68b04cdcb2d757cb,937452250.7515461
7c06a2f06cb4226f9043578c,720466272.0734673
5e113e1e878da12e312cf875,951211589.2101305
a72f5204153b7c92f52d871a,900989288.3230157
fc17f35d300be9680971f95b,673970475.0845305
13ab6a062601d40843de37b8,621512398.2174162
22abc78ce812c519511f8a4c,512818746.4027406
faee4c33e892029b79b63742,454604601.0042691
c8d39eef5a5422e0da4172cd,986008789.4719694
b13683c625c97c23333269eb,412245058.2451323
00e7c5894c739852052f566a,1075118981.994197
2703313a3e5a6fef2157928c,796228276.9135361
8dd453e986d05c6c1dd104d2,952111357.4484701
22b34331d7ca2ea642d29946,810241155.7433643
23187388f9d6e2bffb88b9ed,752717146.3332641
6b49a668de0edbe7f8110740,1012452969.0162294
ef0e5b23069a9fe377b77ccf,1114779868.239313
c37348f8247ade33ac513855,776214762.4645679
1d19edc1e0d907e5ab0899e5,611073829.542048
c73ee8d419b96c6e7c53f95d,614991110.7316806
6251cda3676ecbdb6555c526,1017158074.9931357
d12d6ea066b67c3db9b2dfb5,859950322.1365016
8ba4e8e071e458a13efd179a,679694851.4204267
9b8d798a2c455a960ee74503,426526420.0230165
d663ca1a0d29b4cbc5cae9ce,919148148.568577
dc3b8d97b11cc2af4cfbcc79,935934879.5799403
7d50144c4b2ead9b7b9f594c,997290205.8875633
ff9cb7bc0b972d4515ea3837,257613410.37474626
267e46cb9eaec6c7009348b6,457843657.18304604
1769a8ec5ec94aedc397b4ae,738268105.478777
dadd9ddd29102f529caa3bbe,682643738.1142874
251903f4b947b337e0134415,808433520.8647934
e1b753c283bb9c6d4e438bec,1207967106.1909409
16fb51fd3d35db53eebbe5b8,1223820820.5788188
8f543f9c31af1eb17ef1e353,688568494.078208
20c3cb2d4fa486b23eb81bc2,859779499.5488203
6fb9e9ac6d44d3a286f317ae,743732103.9594641
15b57b0ad8794d64a2784ce6,607458464.5357645
d9ce31250d4ae25c3b850124,865208687.7145331
f90efcbfcafe544674c02586,731707238.6901002
05a98feedbd3f422bf063112,795160862.8302057
ea359d571ad0c986f826d31e,1018665956.9711053
b02f1997e6e6f97dc808b8cf,870993509.7087486
307acb7b4044cfa5680e4227,1132014866.904252
ddce386b0ad3199ca09aac93,857133824.8471465
9e28972500d8ca3fb3b76fd9,1027458799.133771
687b1dd576eb7d06a08c3439,561400808.3852882
23b2b5b9f5bf3e1208f5f80d,1079321916.7932591
dddaba511b6a18f49b41c1af,745894149.5313656
874e3e3ec6f67c160807628d,876292457.1201268
67ade5109553a9d784886a46,1215324326.4354007
6879f05563a9f0748088cc65,824189492.5476825
dce05cf86b42124fc93d41da,1009268646.7575954
1ea5db844a6d3a926480351b,1011081544.9171383
4e9acf6e9f80f65178766740,727570653.353162
a35450284f8dc27e0ed717f0,1170194602.330359
069499abc4e393fe540777b4,301399279.26884216
cd10d6e28fd7ce92518ea31a,965982372.590217
3edc0e70e7cf6a21be2f0d53,257491238.41007376
2e2ff1e620063f416a387058,837856692.6482847
1ffdc10c53bb83d3be84c327,542973009.9765321
3c95dcc4bc3788b4cd5602d5,607756026.6691724
aa592f388454d575e0006206,510430932.96967196
f7e5bf5b0f6157ed1f604d37,-4779123.642245531
513c6ea5a3c2c560c409eaa8,1037006505.8745298
7cf15f80838e8edf4f9cdead,1198476186.3466961
49737c7682eff2513869b3f7,693397928.3804338
4e8cdb49a2bdf68ad8d12625,855510944.2232077
86af11931b004aad3fd27b88,536708859.96695864
90921c9fce21986dd23bc645,925024452.0964801
d79d71be963d418a4c9dec68,937452250.7515461
c27b2b735106bd5a77a15616,847929748.3846439
b6129a71f8e320aee8abd0c4,847929748.3846439
26922ebaf11e35a7a320d30b,951211589.2101305
23f859b889afe2639ad55a21,928748727.5389621
ddf47d32045769c0596826db,950541513.6600494
1d0c635770f2e51aed4c8664,1111499472.1223385
e6144e15d5cafcfe87c07c9a,610663506.935245
a7c7923f9a4d004eab43413b,1280785747.506981
42b3b56289972176c20c4990,385683403.85741234
b63f49396431089dd646837f,745706453.9065591
e0b041a39e732783f98bde56,1175478071.4458923
409eb9b8f2ba87ca299a7f6d,90621533.33080697
1a46c13974f3634ca6dcb51e,733266316.9610355
4b068c79664179605b145a15,771685416.2022724
afeba13fa3f81249549cd2eb,718202472.6346368
3a3ce11d981d0893ec732e22,536708859.96695864
ed68664efdb7377c33f4010d,1060814801.6653184
93de58cb0d8fbe74b0cbb556,765153880.0176703
faa204421a94ef95b79eddf6,847929748.3846439
acdb13c4c8e2a48b0bdabd91,1095875787.4428773
5271cd1cb962066407490051,694867017.3452353
933251193ded6df07c83128a,1082907201.408957
524e00e537f841c13497cd52,854002572.2306683
a9d4f256527be98066c493fa,894018798.703753
2207c1ed62f59d6eacb3c18d,512958467.52108574
97ea5dc81ba49ade4f8f580b,806811120.5054241
72488318dfb2181843f17c03,1062846457.5732236
76698030899efea431dbb81f,430490384.9481667
e84888d2f22e14a5016ac789,721259967.4884064
d9398ef84ae71419cb7cc82c,640288780.5133601
6d32649478d9d86d840969f6,731693066.4238255
81600c1e6b6e3ae770e40b28,914895111.4030943
68075b0ac8e779bf5e66dd3d,627693463.5573828
6d7ac64b8b9f27f61fb155ec,445361305.5119843
d3bf3146ec856cc26c607d70,756114247.4572098
d12298e0d398e9d21d2e2eed,892964426.7042911
97b69097fee8d8496a6b8c04,424449239.9120126
fa6e53a7107c0e33e3d505d1,844375630.8606596
7279c610bda9354e1c840b0e,721259967.4884064
6f3070318ab65b867b2702f0,564932547.3740486
e08aabb998103a941d24d0a9,446138811.7864405
415e1faab81016a460db7a0b,486848816.8056128
8b871cc48b99bd4190877bd3,583432078.8919526
7240bbe28e950ed75637b504,386756506.3261273
831629494c6d15d5ff6a00a1,583432078.8919526
1cccddc33bd892b44d7e4b7a,727349038.5220517
f9cc6760b1112ce5197bf399,649236463.8614098
0901e845b6c56d4761377a09,717761683.3652585
2a33fa5b25963f3dc928f668,696132848.4604741
83e9507b9ca2987a21d1b195,523934231.90653634
9381bdf491d48236e84590fa,781550783.6763883
c041a933261204155415c2d4,939645861.1490996
a1cd867286d6e82181e5d1bb,927786140.5074441
240d2474c81482baaf79b6fd,927786140.5074441
ddc1c85af165e47502447242,830252298.2839384
58f02c785ee9a506e899b967,971237236.9301317
8b353ba6823f4f800635f0cb,731350855.9142414
68cda50b602acb4efeb275a7,711973883.5740249
96cb3c08c80815907de81e73,618879676.3756232
f54dbd8f0aa752f79c581e5c,960419538.5828797
52a438d024af0d5c38627ad0,696305163.6321132
1b5db6af0a1c0f7787064020,858556600.5353043
84a7286c91f1ca3ecacdaaa2,987088695.2859921
bc6d6249873222ac7f22b73d,849004739.3177834
12501015fb631d7c10ff08fb,728486386.38579
85b633e09a41cf22a10f28c8,979403127.5932714
7acb92246dbaaec1cc7b423f,659055628.9010872
bfba8fe959dd2e44a4202943,721520970.342952
5325f16558ed6d2689bcbb46,570251096.229852
d4653d505cede3d24e258d4b,721520970.342952
5146ecaa8b7ed507c4f30785,901766161.0827832
f5b9cbae30356fb3a1d005c6,959782961.113162
205ffcec56fd884ab24c5600,850264372.5508009
ae7ce478fb66882a2c952012,836593855.9345391
efc9ae02fd6c3f18db866cac,880270509.0336055
2221052e00c236f31e6d5a06,444222949.7614317
54673ffd4971d04493a1b1c7,729233892.640377
b0bbdcf0916b246ca95c4721,977919853.4219756
1ef15e2b882a0da85858269e,1007531495.8308368
9881fb167319b34cc23da955,970110033.221251
9d2a195e645a9e8556683b4b,881308733.3844504
14acd96163e6b3e17177f35b,731636749.7290792
b2c5af8615b8899deb16c896,648306946.0095798
4c40683e401dae89f6537ab0,682575860.7436839
dd007a202a0a3d56ebc4868c,946928752.5294813
6d9c89a406cf2e755d4172c5,570230996.9832162
7387e7e385063c180f05a7cb,648306946.0095798
9dfd5df5a2efca3fbf2c07c8,541674087.2425872
2a9e75d221912230f98485cd,705508448.1188017
86ce27f9ca03821d13030f18,1049318200.1596565
3dbf89c6e97182647bb44e69,725815950.7432652
eaa4893a313d85fcf38dbb6b,657238546.8036548
c57e1c323ddeaa7475e5189e,890584536.3732891
84856812b63dfd9630fa49e7,722979491.3756638
945202a450bea48fa7f2a95c,682310449.9381254
fd689e54d5c418dc9f2425e7,876712364.7989242
eb90d9e9eb53b44b07ef9613,830653638.909744
79005399fa92d05558fd6f6f,917555301.6098876
5cde51bd6de3759821216d5c,811132420.8055288
230cb38e035b85a4353220e9,685487224.6769173
a22ed42197987a8534abf76f,784515735.8056422
43a2ceffa8ed90bc1a43255f,436988828.51193047
8f2fbced5d357bcd6b1c7de9,949754453.5434003
6e895a15d402ea7fcee98156,1053294409.5543177
b6a2406025f0e1fa09690c2a,436988828.51193047
f46d46ccc7fc415433e471e4,633541414.5001562
71710d25975271eb32c0c8f4,486574391.8047557
01b7bb1556b5c32df8f618cc,865739628.3870138
56e5afaecb2cac6293cde16d,498509765.61185133
70209b9024acb3e5baa769ff,1214821892.6346824
efb0b413b3f661b23d674b3d,1280785747.506981
251db9c4b7398902b38b4a4e,1011956370.917764
e3e7ffecb903d2daccbf8a53,681858290.4664026
a92ed9a378272ff174ce2688,547361567.4511768
40a53a3f3d49f7905966295f,1111286973.5451097
bcf2c303fc03897585831351,1060051938.5248734
4b0ac2ce45d7ee385ca369a2,708806223.061304
85c7e8ac008493b34e8e0176,533259884.6685235
0ff24418ecb6888dd8ec734f,1133547341.5941842
3164e0ecd246b8ed6cb6d054,1109967021.478756
5f52e316136696cdb56e65a5,415184597.32130575
5ba4bb943139d7930cb91650,1067924420.4281399
ba12ab0869d66e03df12b6d2,512992886.0112319
1a111211207627bb4c840442,951936454.2839723
9d2ec1ed9eac77d534ed514c,611581988.7936714
9030f17b47b3940c2e2c4093,611581988.7936714
3b224cf6107d815a2e78996c,1048911517.5083599
ab0e770ac42dcc82b472c55f,500158017.9720941
75fd66abeaf040fa76eae2e7,694097732.5840701
c31d98f67673691ece007a65,551316827.197851
60d5f19c16554cc2d8e5940f,1212107502.5550284
53fd196fd0c0558ed1219329,275293899.58735055
27b06d060ecf702fc88c7956,1226312200.040853
dc014623ed69c32abce2d0f4,683968976.9796816
f1a8f09837660445961375c1,944359234.3913829
b98a462d9782988cb54ced54,1077872658.5180516
6ae4843a827b36bf189a32ff,834880493.4637127
84e4f6c6b5dec0da7f7ca0fa,439985582.0128415
b8f2b9c2e63f0091b6038ea6,823438851.2516224
e54c7ea1f012656f7fafa49c,422666196.5438652
f25f5df33f25576f805a95b5,1194117206.4865727
ce9474244dc2d40f357146c0,451824711.072371
54bc553b5b8abad0ceed4d53,536569074.1795006
e75d4ce522cf587cd66adae4,638784604.0017104
b1f0b12c28c9bd2d16b3545a,466126867.8059924
412e7b9e1de3df8c3dbcf198,699500023.1167074
f52ce56f20251f018d7864e0,610785949.1943928
6641ef09c0bf5f3180952b30,520778537.7535649
ada53307260fa34f3a6411f9,563853801.8259614
51f0f76e2a8cf50ef3650901,621474300.0180451
da482df3d0fc97f9f8582e22,741855334.8421319
55d47b5f3d0d2dd7c2bf4034,539016114.6701759
1a6714ac2350ad371d8280ae,625836686.3680878
0006c9478f4e7edc53d84916,623919123.5477691
dfa7461510c6dbe5e119d106,506926551.1524854
5df95b44c73b249be0fc69e3,618713698.2618335
76bd7a0b87bfb6d2723766ec,202011274.50311977
8570a1d8156dbcc267d3b495,939335966.9255888
94116b7517a06255bf4320c2,923981682.8457856
8ba2d7afde20563e38892304,625982281.5073612
f86ab537a2f5d8c2b223574c,770626191.5524938
9d0d2774fbcb6fcc66b865b8,583180070.3043473
9086e6e757243bdda003878d,1107850033.8778744
5a3625846567d06dbe4cea0a,1181532806.3167765
f51a78ac4b03665561552b0a,740486503.3733904
561a262410ca91d69a58645f,1056059396.0739598
08d90f931e7e0a6f43c9d0e0,606878093.0337973
f47c64c8ee69e744e654d4b9,970065349.677927
fcc4c878af8bdbda6e1fc86d,1140776175.5920713
8d9b143cd8eb71b05d32cd2f,709625249.4000313
ce6a3868227d78852fad9f62,1060791699.8674564
d82f743ff414299f8c222db9,893799438.9614197
9b2c7e6cfb2d6c66e1ee8a6b,900297097.0371004
6e9009ad01cf466e8f8136e5,709625249.4000313
a4bf0c02f139c695845c9507,834239254.4619412
16cf0d7977ed97d6ae8d2cc5,770323105.4771866
d96855b0ec427f041e7a36c3,860571489.8330207
63613a9290bcd9e1bcf2786c,1399029257.9637642
32036c1eb131e6cc4f3bad3e,491867278.34035194
ad47e82c9efcfa36ddac0a95,414813477.1357864
d5af3041d95f5e89969c9868,570461612.2180562
f2387712fa17435f56d7b102,451524424.67820567
c1c8024bb6c3635ff655843b,469791765.79930747
11e4350271e9cbb37bcb75af,533021208.10389006
d012efd4a77c5aa5e8d6e508,1221670776.1172738
6240b85a47c079cd0efb077b,549205772.3115622
85e332a999931ecd0e04475d,158669011.0607562
4ec02a406caf200b700f5c62,595521062.5456017
f3270f2ccbcccf3046346809,1032793724.8491387
bfc5aa443994e3f3f78c6105,842076572.1022509
aa09cc29ab2f2cfc79e5bc7e,720925424.2779266
6eec5b03718975e5137d5e92,825556128.1894497
6974d82e41437d61c627b16e,900810326.5002058
ae3f7f428b49e6948ebe6fff,848012595.3257928
a9a710b78e776c16eec24be6,865910844.0052874
249cf6f96144f769030d1b4d,1037949066.1695614
645f3c4490ce43ed68c7df10,823408743.4833256
3413f37549869d2172b76d6e,901076097.3143246
956600c9a4ed31e588f8c593,1101159833.2934568
00ba709f184e70be13e5bf9b,487306533.8059602
275c8bfdd3fec33752493861,572160323.0068775
3206523e850b5b5fbce567a3,934317936.757625
9c9ffb3401ab6ab90fcb555e,1162032732.4905605
4962650cfa3decf487ccbd0c,928369985.6901472
a541b35c62878dc2c425235d,899988606.7652335
2112e589911b979db6e05a6c,1200103127.212142
c9cfeb97323bd6a0564e1903,655025893.0546993
30e1bd4619483b0e896b5229,804181429.7495908
48aa146a36aba8a0270a8a1d,1211895666.5916872
678a80840673787b3aa64228,866430913.2615604
392abbc83cfacfe87c401e27,645301788.8340188
51744814dd3a7e60c0791041,734117506.8164607
c6faa5d2ac8e74c26fdaad4a,758185504.8926024
1f2c22839c470363ff41551f,742561532.51622
5438c2127072b47e3af428d8,820386437.3678871
32e182242a654ac03a8f3ea8,636017895.5192604
0a45eb817938241ca988c2e3,1087227876.6813116
e74d815ad652f7046ba33295,766586051.2286992
2887a0d34994d284759db20e,673120182.7781942
621c3051ef29e8da01e6bb2a,836429340.2456443
54de2275006e273686ae5fac,1321328167.180452
b0a0cc38f73c9d90bff6ad92,1064758587.8909736
f4df4ad4366bd794594c111f,691435735.7985283
763206de4c26e3825b69f4c6,886698677.1424118
d5ddcb0a54416bdadb4bf57b,885870513.4254074
bf17eca5afccd9cd6299b9a4,614566170.6922277
02888257efaae858fdc7938e,628187798.2987534
1f8ecf6c089ce6168b3be52f,1077318940.0373456
fd7a48744bf966e417f34a51,1238289008.7024567
655d6eafd78be856479767e2,1029835990.0619102
27472c6c6a801eb749b9719d,779005842.0971651
18fd9bee381e7a8c29a44c4b,797183630.8580191
da5d47596a755078a2261328,920634483.5517536
737c83218f0e486ef4feba40,283640940.47199106
2390c275fccc98eb4fa33af0,499473138.264999
35616923c84423b44d1d1438,980071240.4819736
22fcf0650753e2b5a2fa3786,745443088.9546943
9d8e7178912841c2a1232ad2,639685587.4810818
36c2cae6de0add92f32d29f4,651240330.5031215
699b68daa574a0f169436ccc,574625110.5862167
c3bd0b8277a37832f56be54b,400402398.84628737
6b3411cb8c50c1498572e681,482897260.8062005
fad4ecc419fb64b3f77971ad,764486589.283807
4034cd9a70d18fe0c883a0fa,692154213.5084311
8f9417de118ef8486538955f,1119150279.7913353
33f4f9988387bfc237d114fa,584157898.8393047
40c9f947e826f89c6ff3f898,76706550.12210596
351701c5d1b821253e2c8c42,421031697.5143258
f6b405af32c398147475dc9b,833864477.9711112
45750daec6238508791d0d4c,728885606.0352869
eb85bf9ab77f59615960fbe0,943192133.5005232
0ab6e52af85ebf23432d7698,497265500.49597585
9b13a371ed4724d2e2966447,747099377.1830726
081bbc273db70f1d2cc84ed2,727186419.8036679
e113c48e4e1b53adaca275f2,634237879.8530016
4bb0666c55d174e0280482a0,627339997.1341273
ca516516b33dc09d712b3154,747099377.1830726
631e6aee6ec1f720f3c78775,761144048.981086
c7746198cb5871bd687c2538,624609387.7360725
58a5dacf2f664512c2b00ea2,718569078.6844864
6d8998442d831addafbc878f,904422794.8203744
7d4ffe0038b3ebc149d8f4cd,854706241.0060818
55ae7bc854658aa5fa49d368,327657673.67393905
042ff73057dce4d92d383cf7,576029147.9065137
807c04729620ec60ef18598d,400408538.257607
5dead94ad2dd86dd41448994,671756103.5062342
bb90c874275456d5fe0de83d,633884043.269365
6ea5fbf037ba7e5c74d7ca39,952277642.6109004
86dd7931177df94a649a4d62,604090675.5817986
58ac250fa52a1ac7ce39f70f,829555666.831692
2861f1a224b4c879b845779f,502300790.9169948
8d06af8e439c45e0e125de91,971282850.5991197
bb2dedf6198be0f3ce2c4ffb,837888508.872402
57d8cac189a13c180f08cd2d,749347392.6676557
db575f8a4e10a29fe81b335e,952962921.8054471
e8c79fd41b001fb1da0d4fe1,522534343.7000332
b81679b32ea288e9665dee49,1093187920.7651079
841482deb90d19ecb1ec8a06,620453025.0459615
214df9371aa59f68e5740212,662680491.5293313
bc52abbda9027e10b879ed50,598837863.9187089
ce8ce41a36b610be164a25de,1240888648.6081848
a67412a01feb64ca6e772858,723769648.5880271
d87896f889ddfe1ba210d74d,444939269.1091552
556a39ca66e10ba3545f2234,603683899.6902745
50cb893af4ad0e21a69f05d5,801783840.3617343
3b5a5d6536a9fd24f02e8ba0,79637456.93217587
121cc20fd81d6322f56d5c53,878281459.5263093
b9c893f3c3ac4dce40d0ea19,868366677.6632456
47bf8d322af3c13e8868ed0a,801783840.3617343
a4325969a50a14c948446f9e,802976419.2392782
4583a6b01449530079415768,1104827897.58472
920e2bd03c9d34e36fc38ad5,1104827897.58472
0a59b506798fb96edd7681c7,719326400.3039433
e8d2cdda77c1d885e21c7bbc,1049780584.7760463
8abe99f2b71b13dfe7d71616,1009268646.7575954
c07e98122103d1546d995f9b,1021549476.6597903
29fdab43da21ed0d22c9c71d,548109984.356848
f2ba7982bed03cac394ef87a,590602996.0902109
eac89e705cfd337a99417320,483934726.5176891
40713332e88c6d3a393c8b2a,774644638.7257972
a9aad230d22f7dede73acc8c,886065563.1440842
3b7fd4008e14e394dd09a0e9,1114565359.5548794
098327587a877bd50df27551,522549997.1270857
0379b6a001e4018c34e944da,529474698.30051434
45f24dd99d362f49c0adb875,451546119.9302517
dce1dd028695bfc5a47aa6a1,405164129.48580194
cfeb702df06baadf29f12eda,537662246.7036781
9ff5828e084070628ef2ad96,490416029.462379
6920e6d7fff656d66844949a,729275209.0727594
31ed69311bfbbe000f4483d4,869484435.8307269
d300473e3d2ced1177c9fbd3,478418281.43627423
2cb64650b876ccbc7337a0e4,369506238.692398
3ab2ed6d140698cfa41f2e3f,458502611.3435811
9f8697b55cb665ebb054f9fd,701605711.4216719
7e844f8a24422ec3b833b4a8,491029347.51489145
55a615a3b3919798d54e885f,708945423.2002122
fd26da8e62b5d1155962f0c5,790569965.5114996
ee9171c496fa78b1461acf88,969651510.7983592
d5182c47a954c964445f25d1,958428409.2572925
e064b4dd7b4e64a3e0016f0b,950704348.706417
36753a5e31b0edb1eecb8bcc,981440880.4579747
c2ee475efec76c46efbf1b08,596351879.6211158
3baeb28cb33d048bcd6e42cf,14653387.403812528
6a6d990b9b1bea0f844d3065,540459732.7739093
e93dbc804920c0bf7bcf8cb3,569044983.7665823
b9ea1b9fc0e46ba0724cbc0c,456180618.7680427
95e98113e39820523e95adf4,400448886.7938597
942ed340950f02adf9749a36,511971666.6567627
8538a41c0e0fdcb3829364e8,669478592.9839731
804289a128775f7d1652cb43,499528427.20221174
3dec1da01706b06f5d6a9266,846589362.8603239
fe004acdfad6ac6b00911ef0,886411466.9145288
6c679d5b6a1c1b74bf483478,784098333.0729135
ba54b5ebc5d4f554bc56dec3,504857944.9970318
5b9469c3ff6b197bfe3513cd,852564950.6143816
2ca6ce8266afc6721d179335,1123131742.0828607
94160aa4e5c54bb479b1d0db,-108263495.32865083
eea6a2137473c3ba6708b576,425245468.0026604
9969f6f4bfb29e3a97c2fccc,706840125.9596655
68006626a3321fb0de032307,620860875.896821
2149d04442f73cfc78f93bab,835938143.4085054
01cac7d033166094ab9f87b0,889643919.7820728
15515ecdd35e9f175842a738,823273710.4648362
86f1d6fc54152004e69027a0,975046478.6208384
0bcf7987c4b0ba485c44caf9,579816799.6180775
107fffd601a2bb7a3e4a69e8,752707167.9371309
5a44636153b1d4a74d58513a,613268626.7216232
5ae08e5999ca2ba0a1e2d8a7,646520671.4545413
369e9e64898ea16b7ffefb7c,685315303.4917998
192b505186d0bcadb46b7032,869504074.0735979
6dde6686bfdff12620f198d3,792687819.8418007
503a04e079773a04f2abe075,1053173471.5394869
42b5ebbca90572b9cea79177,981797468.261174
0b6f2534f862a7ef551a116c,804193059.1227026
05e06a93e9f01dd3984a85ab,645584025.0142254
c6706db3eb4f0bbb0510578a,908754128.4252286
2babb357d1d828c49bb89be0,879473521.8284194
3951171501fc51e2d830cc82,1169393089.3325758
fb72b8e0457c0199e158e599,1182359036.6920679
df865201353bc7b915b56ac6,830768309.2694938
8d1b3071f5396359c0b6cc62,776584525.2046249
c451b61851c8ae1e6222109e,794416006.0105935
e1c33552eeab60683f2f89d5,884097906.3552761
1d8d51cfdf78f1361710708c,1094889368.9835982
bdc8e1a1e06d387f9c7b026b,1094889368.9835982
2b36d797d32013a126e15709,611581988.7936714
13b3a55d79b79ea89a73d21a,544591771.356561
e57ad52764215c3d54740ac5,611581988.7936714
19e11b2d60326895b5e6ba01,611581988.7936714
f6e1752b9f4a0a3c8573910a,549780184.1237764
062efee92601be294d7346a1,573492296.0455489
e2c3acee51cdd03b1f211278,611581988.7936714
9390ae5c166e1a976e53e16b,585290106.5626606
db3aeb3a96304f3c255e8a22,811634821.0357351
d353be29e7ed2c35b920f7c3,953811984.3749247
893c1b081e383de73b9f2e16,1073422587.3714113
8302e2afc48d6eda16784da6,746103597.3904215
f1e9676bc91a76740f4e9b0e,850656513.9154868
ce86066ad78dea43089d25c1,1225589475.6245906
c89ac55660cee4608bff27d5,423046314.52490383
b183776d007d85bef0f6671a,829866171.0008345
e8872302ba40e4ea413689da,744752185.5462427
0afc6cbb60f34f1cf00fdfb0,1322722086.450592
a811af7cf12afb1dd9b8eb86,988167582.6882288
7947f71467036449efb99972,1063498014.1438053
2ead9549bab6f1386b7a2c77,727533237.9100183
b54e8d557263624947f979cf,1062721792.0048506
fabd2201750747891eb6af77,920124939.6103482
7c3f7b513bb20c918a51dec6,830560700.1309638
0dcc222d83e1bf05f2c2c090,807005622.7101349
3ee3ee47bfa21462a1fd455d,252617157.4797153
1dc3b6ea53413ece15bea33b,983945934.9746635
f44362b932a8b70ad4b99a29,581730233.4177046
5372f93d988c3c917629f9f3,499254880.3809251
5c25ccfc7ae77f1d85981a79,502372647.1257357
4df222356df121a41adadda7,458116140.0258521
bf38bb7a2a7ea663cc8f3d57,499254880.3809251
ad0025f5b240d00936c82f9b,356110057.4572559
2afa66b726ed0b1492b9e01b,774332850.9049611
a528312b77b7f84741c2bf29,723362492.3425008
1cbeccacfa11843a256b2e2e,565282783.8974118
d11eadc78d95c96f50b41a10,943226174.3719248
c918e02b3e6d80125a2db1cc,511462830.9833628
b2af005e93b0242e0f62f298,404769633.42590755
ed9703ed896c6118a3458e78,448179185.701511
8ed11c1d4e7aa1ccf0ea0508,374849792.4735375
9717b066e135a82feb422181,681858290.4664026
294985765f4d12e51a68a451,1214821892.6346824
edbeef6a08dd17a941634d49,1082564786.5742211
26cc292628ce4aa87cd287d6,678320467.2984246
47f7065118bcd4c3878e50fc,631190034.9278089
e369c63f83c44329ddad488d,672551770.3069521
383c0948aac71636973507f4,756279084.329209
6bd1a412c01387af8810ce57,932402153.6438735
4b92ca1cee4739104e620871,1044805396.4838634
0123237414f757b9c3809f88,734912301.920454
6e36550a6ff6fdb2711a88c1,1022158718.7267413
1b5de74aea685b506a952f4e,197175662.02064008
d85fafb4d5ec056e6db9a79b,398512649.541233
cd097f6cd92275ec8ace1f20,581323533.8012218
ced1f52def08143f0b2b6849,659975561.6274937
89a03e25c43a555b47c53864,668510345.3857872
f8d64df401009704c152bcb6,691429953.2774807
2a5aedaaad2d908122f28f22,853472495.1066475
edd0b57b90629fb00d036e34,622273905.9619045
f8731413b0d976c03b7e05ca,917992170.0785087
01abe3cfc94be46c1153c82d,951334702.6382451
aa7f5d0d2fd5474cc67cc70e,906882507.9044815
4912c91afa6e4aff6ffdc6a8,758841034.6759259
9d805330fb0df9ae73003ceb,847143938.2480907
7daa9115f755a6c70411b9cc,936543648.5766873
f5896513d1cb044108d23785,1201955666.8811586
3ff2a2fd905d81f0422c54b2,380453887.5594672
02ed31afcba033953c79d95d,705983340.7786185
c2164829374d5e880c1a1f31,952166532.4507475
3f6eba5c365508ac192f2b82,456711315.4069962
3289958459cd87f24089cd14,969540309.0901308
ecc3362a649cf08afef96fc0,343728982.1138496
264e00a64cecb861d2c05b1d,937043641.6304688
d5b5bbf927f763a43190fabd,1128548670.5528708
2691d7125e9046e597437f2b,948541478.5264428
7cf183ed411cf82df26640e9,354613411.6016581
f81107599bc083fec4a13ca3,428114387.5959374
3c2a535f1df831771b859a86,487694642.0362567
9e871ee8a61b183aa9051b72,910254604.5386512
e066ee04cd3a597dac8ced59,188472744.11402577
2f4ed160fe2a21722e6299f8,759328140.9458417
e0ae53aa3cc9e9ba7ce65f74,563273457.0167184
78d727d0e61a7c8b1cf6fb1a,833318765.4000565
b42f936db049a74c7d24b0ef,998270166.263284
62e9330888566f1f826e1ee7,763108599.980638
3fcc5ff04edf753621d6cbb6,876593499.1439936
d4ae25b207949fbf0df3b404,905734562.6526703
14bc234ffb3ff7f974afc8e7,477273885.86919963
64fbc9cac3f15c0f1a16f4d7,453138081.7755583
5fa1c8237da8fc7683bc10e0,770984879.9127948
7bf4beee26ba81ad0b884f9f,353171859.23946714
72a47f70aa99d42320e54787,290853293.28394574
07641db461323a5cfcda4f98,699653394.7387712
3af2a1ec9efa6884a8254d28,1036673545.3915259
3adca5eeda4939a5ea11444b,1175263930.7263672
37d39cb7d3849a784497ed0d,902504175.2871082
b9baaab70cb83475ac3bbab4,1071388565.9239655
74e178e2398895d2288e6fcb,833757425.8101978
ec15e2a131d9724b012d68ea,523635998.3420343
ee042a4b4a0bf9a1dcdf1eab,637124687.509635
35381d7a5b25317d7588ce77,487382494.10462403
18ac3368b1f6d8f7171b07b3,953250094.8545389
3dbb09358256bae5199e1318,210200107.3980598
4662aa1c44351dfe271e3a9d,1026343742.9816923
034a30994bb2e0e446e35957,887633309.9526651
4cdbcefc434b48ba3d51a498,1072483407.2730343
3d3317303679a6a5a381d0ea,1005818271.4213097
68f4e3d4355bb71db0f35a65,1078769008.099401
b3c77f4a398b61d9c204f8a1,1006002826.1941888
3865974fbc1b412f24c47eaf,884864431.0796407
84ab3ece52fe00ee50f057aa,805633098.1140974
dcdb8d97ae65daf55570c88c,856028430.2694865
7ea01fd99b389d08ca50c0a6,839549685.9969821
51df325f026f4cc5ed2e9a65,1226325985.61866
1f11cd977996d909ffacadef,1008736514.3752432
5ae03c0e33dc7d3e0e0d54a5,903942287.8667907
da88bf5bc2a7310ff382be4c,775766359.9948866
035de58d60807ee2c272ce82,1094765119.7131839
0cf82b1128ebb8d1087b640d,939186013.3404515
bd8b005383020611b8922147,583787097.7994034
f5c79a564600bcad99c74f03,495830485.31444985
b11672f22fafd555f940a8dc,557084608.4366288
2bc88a5c4bea2bd00fd8f13c,560417526.9038179
b2b99019a929584b4904b98d,927968888.4597328
678d0e011f710cefa49f6465,638921540.4644324
f7de22825945329521642f49,545634158.9622798
79b5a037bea858706838a62d,877710143.3116928
9f339d547d83b4ef956a3690,698539718.7577124
127e197a2f70e7ddb5dc92aa,694060052.5956818
65b8c48546af394a924decbc,701050036.1031083
cdc0c282ee62c51e3a20459a,854492439.2116152
ec824ecd0319e05d1ca6a9c7,624396022.5842391
95f27bf0d25bbcd0d1eb9cdb,778201702.4629155
ac0ee54bdc08632efc0d771d,1054699249.1555943
904ad71e7d108930d69a7332,991156800.3107994
7f4e6f790de012946197e0df,1011081544.9171383
473cb30713e88ecf782651fd,605150491.1148703
59a309a6af425b2028a2ad69,820995992.7420493
8a1b0f59f86e33a7aa7c2c23,943577106.0462613
1e884932e57cfcab75ebbacd,995148949.6252413
8e273f1dde4801825fb19742,796385609.3627561
1f9c0f9c3c6460a323171d72,915564122.9915037
5dba98aa20e371c3947c19b9,1098687390.4348898
51516e102f8d43a07037ed29,671933411.4155729
6eabd14e55ff090e8a93c727,581235049.0319792
e224f9ffc7bd70369a5e8b68,1055812995.4105335
35cb50346289f0590dd24d83,1320003498.0232654
2aecb598de8c74d9d5108d8c,1072106831.1162169
69c7e97037c747b93c33251b,823158446.0339992
b9b95c89c988f68429822e81,522922718.7184534
fa2c5c19c86087f207c379ab,581349968.0503691
9bcd34e7a974c977f65925f3,1160111436.6610622
3611c89dc71078cd0aefd2cd,877101394.9234741
9ab273eca8cd5dd4b6339ca4,573205421.8148398
4347966ceb1770f758cb6e37,727528491.1763015
2a68f627f4dc8060484cdb18,917841567.5326769
55ff644abd72eaff17d533f0,877003674.9893439
db563e5a1cd9eb1be832bf5f,1019136738.5926106
a0e9310061ff0084d63dd242,969504182.8027942
7ff62b2f8a28d60f6c4237c6,936784180.9708014
c42c59e8a08e8657ab4201f1,863361365.6423197
de28370454624724128a0688,630663973.3984245
514aefd8a44ca048a8088c51,678017565.0238655
3d3a318662cbe218db0878e7,852451234.0161484
2714bcd5c0c503c3bee0e0b2,846730316.6351798
5461aeb15c7f826f0ce157e8,359951228.4434467
db352cbc2aa3066ea9b34184,820787072.9614022
22b066e6dbd0f2562a0554f1,797395759.5753522
daf8d6d3f4ba21513341eb3e,1012994585.742563
523605d1fbb75b0c5acec5f7,743168118.260407
c59c2a19b93ca666b7c389d4,938391088.591077
61e57e5539c40e5ffeb77997,743168118.260407
c1fc25faadb151c73ff254ec,636834479.263784
63e73f1b8b385d89de1329c2,513742253.20604354
80ded3bf4f2973a5ceb1ffb7,284779242.8988516
e1f5f0e96e5865370423c142,698052382.2768557
3bc1d407f7e7c8e67f7dd27c,857130685.0507343
d87c489d3572187e3280965b,985515317.7470443
110d49e1d79a3534e146b300,782167231.2956483
7baf3723bac87b0b393ba52c,872650401.5579001
8e9e35321545774dc1f85776,573491760.6354066
e0d6155cb3cdac98f81d44e8,981471958.4379456
bcf775187c0f5ae1cc0e8ca6,640465209.4165801
a792122a1b292f482caf25d1,188139774.4832775
09fe153b0027697e58bd08b5,17909955.967989683
a7283f1587ffd80f4723475f,-53175408.46959233
67a10f161cf7215302b6ca1b,-22305748.689346313
f403b20cb52d4ad3f9469ee7,517122497.64328873
643e13f00dfe7787a19b1254,490364849.24815524
0eb7c68fb7ea1e58f3e76345,721848686.2282692
cabf47337c2cd619f12fe69f,409070460.7595821
55c5eeb4861e8cd71731274d,780172839.1139785
363c96b85cf07dacbb10b92e,464151756.8805
49b59d19432dbeb8921e57b8,808806168.6909345
818ee3b0c3862d4aae6e7776,239946495.23889518
b15c662c56b19d3843737dd4,461129138.0670601
03243195c467c67e67a7823e,491950886.8092705
5db50c50b523f3d454e94dc9,696558385.5600222
0798af235e9926b1e7e4642d,627444288.7847625
83852e78afcc4127481adccc,643144538.9145468
7fe25ebd70b89f4602bee6a2,832917306.0120287
175590951b6f8c6b8b4af9ff,552852879.2389958
d4dd48521efc020762ea141e,1066595814.7210052
a681d6e9ccc7bc60eeaf7e3c,818904153.633573
e137b5003b8c8f18892ee9d3,1074880772.8261454
90dfa0d7be06e7a1dc15770e,851501080.3134845
7fb856eba0ae98a40eac3efd,899702721.5350151
9f52855eab4ca5161f1fb492,817688945.6410701
494580f4974c33d7ce0cdb28,994848450.3304133
d972dc3dfccf2a48a6384e54,963008585.4582021
7cc8772ebde8902f55e14b44,691251979.0205148
deda3ad684384ed67711ae71,147240827.93247938
b288c52e4d0fab9f579122a0,726813460.3056661
0bc16b384acd3f8263e386de,844704805.5066112
b40d1d2b7c1db9cc57c65fce,1018416200.9793053
c2580329ee6d7a03925725aa,962385753.7290146
7e73516d57a251061b3916e0,1006185722.6003826
7749f3bcfa8339444b0a8b7e,488541369.81079495
557e40fdc93c1824b0bed769,488541369.81079495
edbb5db63dbd0452c51047a0,455484414.0786717
383af3a5794a0ec3efe78b2f,487724091.1380834
90ae7af091c23957b88de5e9,714011030.1727095
b1d9704dd39c6cef28ae3d17,640979783.1605229
44916ca9b874075f55949f87,829306403.7612984
0515734883eea12cdacb7aab,720840094.0771805
faf9f8aa50d936c1465e880c,1069597376.3572093
f37c9693e058492ec3715de9,689226333.4332665
562c7846b05072561d96698d,789463448.5319731
4a629aaf60a113402834c042,923643428.9612713
ccc4e48073c3da10a2e2d08a,995800605.6068428
8532c64eaed74b64b4d4707c,804086072.5440049
528a96aa31409c32bc9f1f63,785273163.6636083
36fd9fc1f1d9b2e10c1c6463,474125987.31400037
91561030d87ff5bc0a497f1d,675088315.397821
eb09010915ee68091d6675d4,639514071.4996026
56c41a58ed5b9864b68fc910,502889808.8031237
bf6005f6f71da582a6fab8c7,530136522.7452998
86ee80cbe81724e6919bdb73,90082672.49849606
0caa7856aca178f826fe90c4,684584166.1925502
9e41f25cf2e77f3fbe903368,812302127.8442757
019f4a25794ef01294845b51,904650032.613207
d6fc6059bba177ab56d85ec6,1109387710.2699852
436089e2bf605d00849691e8,906814399.0588715
02a9c37b3d92a6da473c6fbc,225377218.1214506
bde81ef5ff9edabfc7e30d10,1021497387.0342556
379fcab709c66fa146d3491f,919711590.8645779
28ac1562ebb5050f1492f576,798684872.7724028
e68f5a98070efada9b5538ee,435062391.78810346
80aef024b0ecebb01913504d,339582455.2971065
f45161bb79292e974dc88b5c,240459140.3949871
6de3c3d53d6aee18ccdee958,359391274.03184843
5f2f7596a284915ebdb81a35,434465557.52261007
291fc50c4ffe7935b01e5d9c,500462409.403612
42ac33321bb1920fe2a78036,870867195.0425899
c8e00b4dcfa2d05d6a7fde26,899455793.6468339
5c0e328a04f881674ae1046e,882466757.9980415
c28cb417dd28fe4d4d41d114,523058692.2672659
8e160f094a0425aca23f04ac,795284023.9955181
a8944be7383b5689b5039c87,886834238.6813748
cb7ed5960f325114bd3489c3,1037093799.423955
275d73c7dc0fda7cbecfea89,1000248291.0110905
85c24df2d836cc8addd9b7b0,873483870.5676016
0fa87864632b7bbbd161f879,248787831.68845493
c7f422224808e043753683f8,882868593.3176175
c51d1eff1b6d29b4164df520,1073284190.2923772
b50e8c13de383e64711193f5,483693817.2824352
1308dad458274c698b2fec72,483693817.2824352
6a1024c5da689de67bdfa274,659234279.8868054
6e426f60d25aa8a4c6f8c9e9,621993457.2070616
b80f3a46440daae51308d459,940254731.4633485
f59ed9b8ef1726f1a55a4dc3,729255946.474577
368eddd8b6d39bcc7124a41e,522549997.1270857
391cfff759030283411dfe1a,653576000.6193522
4f140229175de685a0999773,750140594.0434972
cd365053914fcde97b7ee9a8,1210337401.290925
16a05fee8dfbe78d26664c3a,538825778.9965385
c462f0736fdefd319cee232e,1105455913.974705
b419d977b283e33c0b3da86b,973870163.0471035
6eb27e2a66d08a8a60567272,1174136922.837856
7486ef139d41d91423317e0e,760203254.5729545
e663064dd77e3c63ab9222af,1085876467.7324262
9a6849637f1b8332ab289e27,1114565359.5548794
498de85ba30cb01e9c686081,479495480.72981286
3507f260c3c6e195fc444533,481618832.568136
e538d52c9b2dc994491be3db,30014776.00789094
f016ba59a64f287099fc4af4,643897451.0587717
380ae516dd46442f97acfe14,800205484.638298
c97e4d7e08db3171290e939c,645687483.4356815
f7847aaf1491103fd931aa5b,1150787152.382761
08f6bf438980d55b35ce7537,1150787152.382761
a6a06973b5a4c990d5873b7c,818936794.9281074
6e26918c69487a735a639c1c,1064357681.7441838
cfbc690c55e5c2bd8dd9d89d,911189805.2925422
56fe5c13f11813b82dfb04f8,879103090.7737566
296f0158b5cc1541cfc8419e,994445229.1196665
6ed2970ed02a3e50ac984aa1,718871331.2707565
4c9f3af11fa91e729384580c,789252119.2771494
2ce779caef0637db97954912,887568495.7023598
d743892816160218a63dcd35,1010200487.0242853
758efd6f99db309c67cefb12,315058145.29701924
a4146ec09d782b08e8198e11,659954427.3670052
f415c2bc1bc0fdca091285cf,1059730000.5581551
39ef4fb2a43fa3bba15a0b16,562004052.562118
874ee4f1b9c6dfd3d2358834,975863564.8191037
e9d514f90ebff0de1936d09c,941936213.4492671
9f15c77d67021f349714806c,627642588.553195
a600ed86cff36e636d204f39,700614186.5265177
58f55e9bf743e2e3ad43c274,628230443.888249
af1aeb2ba89d29973f73511c,607273733.8977271
bee721e93b8d8e7cb37dc992,732901742.3176062
bd52dc8dc5398e5ca2952473,210548824.08525997
b71095bf5e80bcefafb12d52,764695541.1511698
a7f48fbdf807da68594e9ae0,485041476.2952404
50de04936770f874e1eb86c2,421639084.78957963
2ea47ef8f02712c32613fbd1,494914218.8835808
27eaac0ebf8a5ee99d143218,1123535136.7554622
ee594b6bb0751dab39055b3e,643655128.6301987
eba0410242fa1e8dea90b194,1062706213.4340811
a619d30d6f2e2aa3b9613c04,240667957.3811251
df58a4244134d3493f3c9f30,867247031.0703523
32dd96f4f07f67806146ec46,464773611.9649459
a77ef77ffa731e8980d36b27,570427567.2684087
a2a1665a693852185673f6c1,1186133534.589468
8267eeb41ed1e68144301a3f,654777770.4009625
887ba6b287a8b3ccdd5691b5,691126183.1753942
1fc94e9dec93d52e0062e07e,767347821.9838562
ffd3d51ecc85abff64258e1c,959907090.5920333
3eb79541c2ce9413d2c54736,639246803.7685823
fcefb2186b13c8bc39b17915,952043939.3510153
d4a43654382201db5d318dca,705270649.5223067
15fbd295328ad698d3c76aec,1191632890.912595
7f5e87fbb4952caa0cb658e2,757286193.5689691
9d348aa70957592dbc56ef32,884170580.6852415
2ac1105447a71f68a50105d1,1049901734.4203186
d8ba9eb448ce35ed404e68e3,763922802.6349455
21d42e80f6f818eed990bfc7,1018670626.6759726
81c890b0d7cf787a091d4081,840611348.1097302
518858c561af5c13c8aef9f9,962979015.4153837
01cda25ee8545b9fe19717ed,1120956718.6017132
2c34c1e1655e87ada03f411a,861336497.1254426
48f9e9a87e7fc0a678460e05,979997497.4632667
76ae7be5da1785c37736fdb8,1088397785.993904
3918fa99179953461fe07f2a,848969779.6022395
305080502cba05a1c165560b,684162486.5007707
5c3aaf3f75d6d3ae9b55cee6,625652591.9585729
2ab263b5d1ba72fa562d64e6,1162774107.6349826
6d13129db564ad15e69fd534,952043939.3510153
7de7a2a651273df62aa6a21c,1186133534.589468
59f9cc9b23cdea5bd4cc3ae9,995447242.1311667
d4436ad417941fde0aed2818,952043939.3510153
80ab8d9f157c25b40f102854,884170580.6852415
06ca01d3ff86406e896b6fa6,742782611.1659158
88f36882dae9a0487383b769,625652591.9585729
da474e23f34cb63de4ef28a4,884170580.6852415
04f968f1873a655fde8702f6,461433287.05099225
1dc1a51628b8eb1bba214498,457644559.4821108
e7cb4cf600b9d931eb295c71,494182086.8611157
9052c644813d546987a72305,621179424.9685665
1e32a8825a7ea79c28e27a8d,531351687.0542875
82f34c2a6644c4cb0649c44b,808355904.7731442
95815bf7c79e4bff3f41b233,953616696.6773908
f64f642775ed2c9f45aff215,585872908.020405
4cac81eebdeb45eb0e8aa5fe,756366544.1221774
c6da2874d2dfbb2ebab542bf,898469515.5176333
e7c08555cb8f5c7d0f32fdda,702660738.9551443
10b7c99bee9a4a21e1f32d50,656592773.8126221
f21625fb82740d6f4cf1c325,35047253.078801274
1c3236613cf95c84c5791bdb,807403560.817908
b11c3a4642f7eee2e443eb32,1041082389.2812283
cd08976dc2d69110375f8541,599006136.481023
a44c7ace8ab50de7ed8e5a66,405489251.83571416
fa8f13da6d8be3bc1f05fcee,561621054.6104797
77bd7837b02bd8f2c290c9f8,284264600.8831109
11a79681fb0a3f6eedf11d1f,801783840.3617343
70c3b086af66b0c9db4b0b96,801783840.3617343
64ea18085495f759116f62c9,672435218.4612901
ebf4bda17341de806444ba83,579661493.864811
54228579fd8812c3ea160341,700966310.2266754
dae0265a0f2f79d3dc010ac8,1104827897.58472
7340afa659775cc18d83aa4a,955905568.6902997
5ba05f67a77cebe5cda31e74,1084985706.459195
33dfb510aae260ccefa4d349,1042952617.7630386
82af190e32398942775056d5,1104827897.58472
a9b9263f6aafe8531f3dadca,643017499.4393777
9a38e7293e9ad7d8462eeaf7,1187782562.6139066
5852773a80f7f1b929c7dabc,1118632564.6612167
52fbef3effd854b0ad0f62b1,856841949.1479105
0016e35cfd881ee2e37b49b3,795471143.0404993
380759598c614cbe10ae4bfc,793583343.0185655
fb63e870ceb7ff355299f3da,661581203.0032308
285b8cb5e9c887794ed2fd1b,972812135.1651455
f003a46a1c8e04da0052d72f,427924350.5633945
a731b326a61043070c3c853b,597679935.6500503
d2644b46136fd95c0fc2353d,808149706.3433003
8248697f70c21fa361840755,1087710739.2353249
075b5c16441d9d67cf638386,94375179.50049746
6bb2ac0cf2369cd8fd85bc12,672606801.4566048
2c0b3d69fca6677ba9e95327,861469627.8626118
c73ffac843c155f24985e6f6,833881238.9731697
78b57a58368ab056c11bb0dc,999223211.5879776
90b25b6b913c1bf0396c149a,533124539.56354165
fa29c89363ac9cb59667a43d,999223211.5879776
eba756e88209c420d288c4be,791625255.80375
e7081fb59ffa298320321633,1179849460.6784005
db1c3ece26da7b342eb7c8a5,999223211.5879776
f9ef8fcf24d28ce11e71d758,854297356.7918873
2f854c9df6212c39091bcf28,587796080.7173488
ccc66d77e5f68779b1c016db,724897245.8045821
47d288f8f9227013424d6976,564484909.9822363
3e891afdcb568befebd66fe4,619632604.6185153
2d1f036c96e92d9c557605cb,472622034.8988428
dd9d63c612aaddbd86676c34,691962680.8546345
13cf784fb3553f75acf25a4b,472622034.8988428
57dd353ac00d0e99abdb3733,1061249953.4219158
ed0051ae106fd0df60a14586,916842160.8020804
0997324f14c5823413463546,1082881844.6402254
e2cdca1756b1635dd1ac2b2c,776573934.8410796
7700df9486a1684157527739,501299506.0036644
e790b21630ab963a65c53df0,578897928.9392922
2bbbd9878a1e7c55bdacb330,840736341.3236716
decb25b7fdc0eb259831cc71,825505264.1231446
fdbc74fb5882051327b3caf8,655512709.5181451
39dee9b1661292cdda6c4823,1012124062.5082467
354e2de1e3a81a63e7fae4bf,744878543.0579631
f80b9e8c51cd71c5be281652,436214482.2562314
a96b19e82d9811d5de1ed0e6,-174611602.97892678
5e5ca2753a908aa1b7fe80a2,925209582.2925062
495b6e61d1b887f8b4c1bcbf,582852529.8342893
ad8ac9edabcf2d4b06ba9fc1,756977127.2937366
359f6a66a407e30b40979d2c,781537488.5421413
ad351bb6437583ec871b1739,906287404.5679797
262b1c8ce7db2b4aca2400a1,962460357.5362122
6808b10f5876ca36f569a4b8,784384116.5492822
54c74b36962edcc922573792,141317511.76749754
e7fc4e6b1fdb38ffe68fb680,679095428.281202
1c9325df5599379a73e18053,809651712.7884374
8c9bf9031bd378c1105e3f3e,1228557225.6489036
be70989d473cd731f6d8e580,623980685.4750249
46136f5f078dd31170c58e64,993170951.6073456
7055f85f7749c4646577a51a,450710754.5439866
861aa922b483f9bf7884dac5,426953891.4610959
45f18e0bb676d2495a227dfb,500386441.0514028
9cca7c1e9ff65766c8dd2e29,494833614.43813
b2b7020e66872c8d83468cec,461398032.570444
7634d7acd4197594271c84d5,574839282.5079452
11ffdf367d817b582d590db7,583759739.2680933
103687e73b0528ec29725f1e,406941074.56597775
8b5369b126b75c497b1a7b73,626763305.7590742
b33c9b03cc12a253e4936cc3,566087043.4330497
ab177c5d60492f2ff087708a,680484811.4237009
05bbd028f30492fc0a9f35d0,626763305.7590742
2b9fd26383758104d567d474,626763305.7590742
4addcabbe23020d3d0d46ac6,626763305.7590742
d93ba0c32244c455e0f7baf4,636641058.3455039
92b772a38d5e38bb51a3f621,713373464.5946492
135ca1dc80ae4d9993ec46f5,636641058.3455039
ed5192bd8038c77ed2e46f0c,668589720.1645012
3a878d44356885ea61bd882b,636641058.3455039
c29c69bc6758d5976024e455,499874324.3559251
dc486a3d7e9e2e608ab2a7b0,636641058.3455039
1a34acf8e509659534a56b63,680889827.9345593
5716ed7d678cc2575397174d,34993466.37057078
444c68a7a6cd0b794768d5af,547397222.503767
8a724286cf661794084aa87a,1062898537.8195741
ff9c4796bc3ef18ae7bb724e,899702721.5350151
35984f749eeb84eaf938bb08,1113322547.9009917
0998999f12dfdd50c597c6c1,889317626.9055972
58bc65fd2e0e4430fb353d83,808653710.2492409
fe483817d899e0044abc3787,749375344.5045992
183a8459fa248605b8b5bc1c,797559256.0391428
a1f0d61cef676fbf798b5473,923650653.9085388
d7d3cd587d291f389ba2e8d1,817305977.4055239
ff8e7294270343a00978dbc2,978801069.1419888
0996cb112fc3919564e87c37,856283022.0996184
f183e3651c485e0001e64880,994445229.1196665
e28474959994ea9c0c2eeac6,1141761946.7150722
682c0a5f5f3130a61b5214d8,1098055007.162215
245663c600727f7c214063c9,709155366.0372868
dea79d1b25bb9c78d331e3e6,941873951.9766054
ba212b5f12959e34b4887315,975079103.361006
dd4eb14b56cb00130955d021,1072193992.1966362
4c94103d4366bcaaee4b550f,957728224.2295461
7bd9cefba3f5dab498ef926c,676696142.2366074
1d7a2572b466070f08c6e564,640718764.6430777
a38e7af984a471331b2d758c,1093688901.2473688
b6775aefafa4dcc161eaf6d5,520393206.46643937
8654295684292e74d0245238,204076948.26492846
f0ae62ce6eebc4d07415c48d,1228186144.619638
969219d7b193ac92e7a008ec,654273106.8560791
651d6af0968fc05584cb3d25,525749195.96387327
4f992c2a0526c0074bbcd875,446509651.6804441
9536c686b6ec514d92493f9b,561583777.5426956
5384587ecbf956275d86e60a,-93244009.25196326
bab5690da7c42909464cb9a2,669966394.1460543
bc91072d808fe7b43e972f42,334864138.0138617
37cf2c5c1c6fb6e601d2f76e,543468900.2624686
4cdaece5d1dd4e089a99f47b,384421568.25406605
b37af80bba5adc197cb51649,676461214.4674827
552152b60bdc1ca16d2dbb71,748391840.7582588
32354bff9df0267a5e139156,582937966.4436233
fe4a6d7d7ed28b85c5816fa2,778825880.3687233
afbc7773755043a40a7f9d6f,473047197.3417805
daf2efda70c6f3cd9257d0dc,650427825.1664305
66fa7c9e82a2876216b14b1e,687120618.4106716
e34517b1563d829104e230b4,239946495.23889518
222a35842b0bc09f48e1d0cf,530900813.0843302
c5a64fe5ed5901734d98a22b,497753205.54946417
05db9fc492801eac98f69c7e,439126971.2789382
6e4ce81e713a571601d861a2,771640052.893049
79fe5105ed7a7861d3c0187c,67970680.50252974
70ea911907d320da1f7f9c41,481650490.9387331
e60024d6e0b5aa52e27a3b5a,438493077.58160067
bb63f086543cde77832bd4ed,438493077.58160067
b3c2187fa96006fecc6b8ba0,418622489.7997775
9499edd83df77bd6a90560c8,418622489.7997775
a947158782fe2832cea53040,765954351.6212168
2e1608b8c646a102e27df16b,937904224.6147106
77fbf1f0c35c1025ea4803e3,635782916.0800047
f9e6a759b069e04b0cbf0182,819394184.2184145
1e158f436f2a4caedd1563a2,696558385.5600222
67af004f80b08fae38f472eb,91007320.4775213
386ee01c3f7bd8bdb91181ad,1097967815.9836483
36ffb5566bc35fbce9e42679,544252595.8827488
b58533a6850620b0960db713,641382106.8300306
41353584f956b9e316c6c67d,640023478.9281391
b1d1bc7ea83d5c584988b95c,591537777.7634002
6b1c0866e6f12f7fa8de94b2,811843270.4077954
fa4fd8380dd2620c672facc5,876842900.3568864
44394e66504a4d77587ee105,789661114.4495182
d841d6a82425710e36460f64,581290259.4533638
33501f96ba3b02da073d586d,496958947.71995926
831693b6fb81df1359e45db7,685121234.8883882
7192b9d32e4ad55f6af9e241,544399124.9746606
4f99b97100d003ba3a2ecd46,600780766.8065783
83d969bfc020aea27d2b829b,602989255.934809
39be6f994f2cd3d68b51126c,632566060.3251542
712f16cf2506710d7f2a2e8d,865031031.3112814
7ba618fdb1fe8694eaecb64f,837888508.872402
d8735967c942d1a7b0cff7c6,801781253.0632322
b4ef40e00d089a35d750888a,818904153.633573
7d73a548c2a29ef2d9655e1d,1066595814.7210052
63131b8d125073c7dfec72f2,801435206.5600188
a65655a4f42564ac48bdffa4,920900000.9937947
033d3f8ff56907db4c453700,1074880772.8261454
05e8878bcb68d03e3b656eb3,911899494.7981808
2ff0775d2c131d19804f2a2e,570519304.7608908
9957ccd807718945178bb847,953914850.9973218
7bcfd82ced5d6f1ae390d388,749347392.6676557
adcc03f332b427be46f118a5,821036919.1182746
b5dd038cf35169bfd0e62eb7,959123454.516865
35b789e1d63f8f25980d21a1,1018139150.1198997
c9a215f284e095850c809425,812661089.195374
d26efb0e1213e19c378edfbd,1020123081.3598325
9990217fa4eae1d1c4ed051a,1185612611.4675488
2e9390c4423db604e1c7c4ec,764952567.8149949
6faf9b6c30b176e36f2f1d32,487975956.58113945
5b83d91f4d6364d3e4be1428,744651906.3482727
0d9616f0ac8b0c2e9e0a97a3,871222794.0483079
9c9fd309cfb505b628f84fab,1033506828.2453685
98b77fc0888335702d082f8b,741394999.4505377
051d68945b95562009d4029c,741394999.4505377
eb8021804e63016fd934c9b2,862090073.3490808
ed6c8c45bc8c1d160cf0d0eb,811315734.6945873
9fc8c3523883947769b2fe6c,1057526261.6507132
3e9cdf767389ee551b5349a3,643144538.9145468
512effa47a1c7a5420bdcd6e,52771382.967013955
0768e70fbda0e09b88c1548a,355139166.93732816
acfa7a1cb136e4474b7efe32,666041784.7336875
a343e6ec6eadb287711d3834,835380550.7055976
a698d80ede6cf6243fd9ed99,782779115.8992128
fa5c81237a94f2f78f05977d,902714461.9372253
999c8da7dbed7412dcbafb70,1119048311.5495796
c33613eff66948d1bb8ea3bc,703193029.0060934
a642351076b7706a733dc52f,873277753.4542603
c69e08214cb1fbc09ced0971,522455400.0817077
48a20e676a060954308c9ecf,448430428.8389548
304ce5835e685778b1c2b6a1,788018139.5562443
c859144477dcaacbc1654a8c,564562140.0636007
98865eb2f40b8a30893cd351,617486351.0623077
68dd15c8e9b71171348ea24b,1345341314.8440533
3c660885ddd7e98ba5ea26a1,1148458231.5241
c670315562766401f92913d0,36170357.80126858
777a8d05edda0a335d89e90d,650479335.8522518
81f5c32a2c2d3b32329a645b,916842594.8736094
40525fc425906c9485f1ddfc,455678393.820009
8b6efcdb553f6e936bd90f3e,951891083.1736271
94dc108f1d146641b221cb81,674709554.8689394
1034ee7a5160fecdb5e8c27c,627048265.3498616
48b34600046c903f0ae4e6d1,1118647083.1568127
edca31377b4f7299f8b45187,954458265.539026
b1586cdf68f36926c3bf72a2,484716507.2198615
70b15c2a38c404e62ad05171,381273384.1097107
ce18358366157fa869bf3833,487653706.57313514
6883fb90099426e6f3922909,426071257.4640156
1b7151cf29b565b2f1caa559,477174087.1475605
f2ec3a3598c99bb8c38cd680,162154346.46458852
38026eb43ff9876cd5767ac3,398783647.40596795
9f68ff98e302ab06df4fc672,423749237.60321486
2d2ee255ed2144b9fa1fcc39,671326709.5473802
029224b78e8f358aa9c38e94,24965641.87975204
88da5851280dbe750968c565,922517367.5975456
1c67456195075a051513b28c,379108956.6516792
9741ff1b895a038c32205784,813668784.8411627
75fdbee42ec89d428143066c,-116574183.95491958
9f27627b9e439fce085cb01c,1006941553.1149414
a4a4a57cf20ad739291aafcb,1070812404.9716773
84a074517742e09a7eb6f320,947017647.3265053
28fd0437736c1b17c7ea1f33,958048027.0549098
beadf1de0732143f0699895d,843194114.6891547
b027f75411dce9c742c5d0f1,951954869.0484247
182077fd9c5142d503309490,889499152.2616092
b1df92683a593edc3f2b45ad,650918529.0345511
38cbcd7f88c1520fa083af9a,768790574.7032459
8ab5eda5b66a6c2becffad29,785540181.9421222
e68ceeb098f60054c19fda0e,1032381040.4140618
e6ac4d158437142c15bbd4d9,811888849.6383535
a448d8246781ae78dae61619,845661820.9663049
4e878e99ad2fc34400381c3d,1029332353.0373862
beaa09cb49a98e8025fd7e8a,524410112.91155756
3df855d8893dbc62eabd95c6,836272668.2183601
cbfc3ca911ca23517da8c2d0,1070668755.278513
a020e479dc5db78794a5fa77,841678639.7244289
6247fb0e5261d4225f6c9f1e,952574303.7721367
93822a34ec8dcf104e7f49c4,778056846.4212995
17d311554f40ae8b40234c31,664159052.5028518
762e044ce9371d7b8c7acb6f,872759854.1681619
2fad468e1c248f40ee3586ad,918994250.5731972
fc25df25f4151a16cf0c90f8,978372634.4435687
39c1613acc0ba4fe622c1f31,974363025.1517313
2c15a0733cdb932ba8f2225f,996431758.3922777
1db68ed64501f35c51d74c5c,916466465.7812691
1d968cecf268a7f14def1af7,1096787811.3537617
77c886207faa6965238b152c,511305252.30925024
86242b25bcb2dd775d25191a,682819980.7744164
a8b457cf82926e25cd862af1,856527887.8243196
fec1212eae4e6369d5555d8c,719892093.941572
8f59ec48e38092ab01c23e33,958954538.1525478
490b89e972abd7e64b5ba6c2,790781290.0176941
f8f217756d32f31faa784c2f,848301917.810897
1c2ec62e8ebba12c6146a04c,1010321280.6965597
2afa1699af46ad8124f76e4e,747830455.8478249
8c1695c9a31de0f956e4ccdc,466879656.2826118
d88bba495701ae7a44eecc64,1026180727.2190108
00571815d5a7f208eb3e7737,1058777190.4882052
d626a635ee75c23aee2fb327,913246771.3950198
7e3937cfe43dc906983fd321,963412511.8820078
ddd8906ea4a22b782c7888bd,952467632.2707074
258abe0fc321f6b24d37ad86,396773417.13659716
f637a4885488bbd499199148,1063644744.1434524
97f5e6ee143998e0b3fc97c0,794699489.5984484
be4b96920e3aa5c57baa13b3,39818204.82417643
6e7f3a0cb6246f13656fc95c,1055080177.1714506
0cdcd8cd52bd1967dab88a5f,725658615.7113527
83da19e7fbbca11083090574,569149974.1138862
f0cb484eb3f6e04b5b1806ab,663962392.9992918
fbf8b0f1159e89428778c847,465580551.38019717
7c316b981173919b6cae5516,590856049.8424454
d6496a3215daad9089fcd5c6,853730240.6610909
e104567c1cc70000692f502c,886793258.3021076
c4476befe0002dcd0c315993,611510672.0216887
3008e821640b33a8d70beec9,467118846.5997005
9eaaf577807d86ab64fb14ae,577983511.4889222
9db120a76af04028d2f0ce68,24221546.11327386
81e1f8b1c0e3b15f2ebfd84a,425431764.6329118
9943a2530009f62cab6b466f,742705051.8787019
a8052c48a500926214eb2e1e,17317480.366434097
3335313b9060ff29782906b6,645192576.6348437
cb93bf58a01eb262cb003061,781626439.7382042
0e04f84529d92f2832ef986f,491797589.7719607
807d7f5155bd299afbb6491f,834488643.602208
76558d67def95bc708039f05,929201188.2912109
bb19983466b1a1184ee7ea1c,800582719.9970138
34067d9b2b4e45be1e5cfa32,304819228.9896742
1c4fab7d9cf798617fa90a19,676057954.1298159
b4d610e0ecfe007c133a5ea4,416487292.1071578
ffbedc0873b99654d10188a3,-87706794.60480332
ac413fd87de33153899a1d04,656584098.3509825
83349bba5fbddbfa2db5078a,667883741.807809
0a759932f763df64a463ac18,710487703.8146807
fd9ebf37acdbb0e4bffd2fb3,829860843.0767835
f725f6ebcc3fdeed22bee385,553489827.3290908
ceee9fd6e692196b960443d8,829860843.0767835
bc10eea54e4a1767881a2391,746580986.9071778
4ed5718470ffa3e5b5f40bae,897614210.6087608
debd031585e9527fe00f116d,1046749212.6440449
23b5f2af5d39edd25db6a522,717480202.9601854
f51000446ab65417942e535d,799676539.1128438
e6ed64435c659f236cf213a8,282054097.33179176
b160d30961ddd3dac16184b8,613131878.083541
0cad79296edb4b18582dd77c,985522004.5562912
7bbf8e16cc32dec423afa6b3,944198704.8971927
acf98212eb702c79f16bb058,807538499.8702929
1747dd033c2c2769974a06af,754906767.7458429
d54e80ee72354c70cb84323a,754906767.7458429
de901d3433ade456e9edcd79,754906767.7458429
3fea10126c0c651f02de7167,754906767.7458429
f823f6d95b4340e8e4dd0d57,754906767.7458429
ff6fa86afbf9da2aa8eb7991,754906767.7458429
a966f298e8d4d3d580a72d99,754906767.7458429
5b0918cab84af6fa6c464037,793399821.0402771
bb1ece5366ebb2ef9d52708d,438385159.2829224
fa926bec03068764c8545d41,569832546.556081
3bb987adb4ff573ef09b8c12,388443689.065779
d7fb188814d4c118ccd83989,335264441.9342126
ba511b37b4bda08d191c68da,482414652.9978918
3c2f62f464aa5c48c470bff2,947836104.6748159
3256c6c6f30aea9cc79b7283,1197385000.8807387
9844c3773f7a50c71f218e99,704167442.0440388
23229e392dbd8fd9d80637da,684040246.7161272
e0f47a028df2dbe9129cde7d,936096642.0915016
a12f0f00148e564ef78838c5,576755681.3945365
d3ace27450b980262ba9bf76,981025050.8378656
0668a4a4521c783a2d817413,778004583.8491881
768f69f0241fe339b6f52fa2,1137542360.3285208
e78ef4d2b165a8e8781c258d,467349264.2679254
631ecfa47fe167bfaaa967e5,598001456.5168575
954e3065b1e8b31a68f6d4be,543415277.2696635
e81c5c1b820636f691e5c5cc,817825609.8546636
b4c779732e827ab2fec8e8eb,863291093.7632847
b58208759ce1402501f68906,778447630.0798957
59805e5f4080246ac1d92b34,736457968.9164479
a3fd38336516b98117e328b7,1244535661.9226246
c0bf06891690188e17ceeb8a,540620029.9947464
efc8ccaeb09a5e1bb0bfe011,904810513.34707
8e604d41e0cfe9c93ad536d8,1073269654.7842071
f770b66579bf2b55a714c43a,638443377.8120162
4e01f07ee4b1241360de460e,1136041780.6337955
dba1be42bef913f35a95735b,898680619.9107614
d839ca90c5df85e5cab54ea1,692502361.105539
ffaca67ff9f0d7cbd5bbd295,1008742495.6607615
6f17875bd3ecf00566dd5c1b,942579641.2282043
10d01825744060a7b777ee4e,547850308.4075034
185b333862e7420f25622efa,1161833316.507216
7f7141f5e1a7964ac6dc688e,1105123548.0008595
adae78b82caeb073d84f02ee,988985357.2818236
4c0f9275581b5572635613a1,501528642.4620397
9d6810aa1035e91b72de6a26,558054879.6499827
069798704327652a899a189d,525592260.3031398
2f34de2546f13e8a9dee1edf,629465055.8861458
8147da5e5f53a163443e8506,667996038.217138
6834b61ee23cf04daf4fb83e,963602873.9571742
59cbc0e7dc6e6922feffab8f,975944501.5633241
7cfe5c3f5cb1bf095eb2c503,1180148830.040259
d916219daa90cd2d99edc609,657902404.5990446
e78ad3483c5aa5a7a4310720,200397645.47206157
d048fdc255a5a7f474d48c0a,987309019.9449708
b76a3fe6a49dcae6e6bf5815,603137144.9028802
75fa60dfb737ad50073848f2,806487826.771568
83c1d0e2b8826844416abd9b,641265998.5409697
8c02948b66db263420c20d3d,998281878.8858378
33ab442cf58cfaa33eefb6dd,14354260.60825038
d379dc03d78685ad14c647c0,674597531.2102011
5e36efb290bb265d81706bd4,416056952.29175496
db534a5f57e92d29b9e150cf,1179669828.5782328
5354a816a7da90e205448832,401992476.24220175
f0862f57dd6be5e7659c65ba,650187390.4471157
7d58eba13f418d890ef563da,529474698.30051434
c2fc3f04c3870e14b89d5fbb,334821123.67197365
15537000b6806ee84d4615bf,988109887.3821063
e82508e88e3f62fc8e67dc16,337174808.57503563
86ee57ce617b2be312a9efd6,728134216.0826914
6bcc29a0afc735bcf3621595,784094178.0817536
d79e2addf7c11180be222103,1008058222.8241348
adeadac88e573824f08efa21,731137863.4899628
922c37e46fe9e75e73fc1f35,638194681.1808063
5d09f2d1cc5fec761ac4372d,721689488.5016699
8c5aa3c826f325a9a6c6f524,721689488.5016699
fd0c010fa0c4b84dc75ede86,1226312200.040853
c23150d0aaaf932579561998,1212107502.5550284
163405cd6248bc3e832dc93a,979038172.1182067
eed12d0c3e65e9989fc4f4bd,286474793.3256699
e6fd53315e92a55c6b67405f,463875907.9031435
7a3ec914a15b47726567af96,806380803.7631774
7f02f056d5eb4aff92b44659,604250634.9576979
2d5d9119602c228b333402a4,125065470.32768184
43fefda5a3b0781578d9f2d3,1039355278.2029617
513211d9f07fd6645711ae31,456675366.2829672
c3e1e0d2618556de7df13403,498397403.45222515
b4a4d705930d9afe896dff17,527653606.8012029
e44b023e39910ed29f4dde2d,511772920.8431599
4e78d095988a92642a1bd18c,466323945.2322124
92507b623f039b4ef5be8870,645782643.5394969
e216fba4bffe753a527ecd4c,642438401.513676
24a4199c17f9c56f0b3ed12f,565678123.2514191
6bbf09c3bbc3e3a000cd2afb,656149869.5731646
b3d45812baa819caa1400255,811777776.8199031
2688e4cd1fd441d1da455504,738172662.3817196
5dc1fd6ec7ec8c8af71e3b6b,592024366.6142571
f7b7e298ca8fb75e11e92999,521159523.684574
05b71daf88eff5ae8cf5789d,593206424.9146528
e8a7ddb4e5d43d156692326c,1209868599.6959329
632820af2a0477aea5ccfa1e,697021714.5507149
43a3fbb8218e73b956ca50fe,745174396.573639
398c195aa41ace34a16b0d7b,971031698.2163253
ef3887783a12f591198d6c27,807624257.8907608
e6653cc1c94306d4e56ba216,570772048.3123329
166c21ff83e97c6e74169d92,1199747070.3453388
d0fccd2708fc7def00c72317,1208028249.0129962
d66bd7e4bc7b51d23af57de2,1340302952.011632
8b47b76193159a21c3580a3f,1027055560.6801045
448d159391c38e4ffcc405b4,703414461.3720276
9ce7fb3190866e6a02e01e26,620070130.9906666
c25f892c01420855f61c3dd9,793619107.0956738
2d5ccb12ebb6fc7d4ba462b0,981572277.8007419
9eb4041ed9e159ec0d890de6,622644614.7201442
c342f6492f90ccf623e8e8cf,610546356.3160563
c3a78d9bb10165d9be188394,584993409.1912867
1978d8fc2031af21e98a4e9e,766857872.8218311
d6d581e852a025b61cffd6cc,950508727.4246101
ea28f68a1d1d81d29b88531d,909476624.3237407
a3cc0422a37512ae124013d8,844096742.9515299
073a3ae443f3333f0f526f7e,922689243.6773574
57238dca767ebf3a842c5f10,1169800677.5736675
113887ac25fbff9d30fe8d35,973431635.9260843
fed1a50c562ffd7f30451adf,654597970.2007589
b1e9075645f4b374c7301346,950839083.2252679
6517c1efabdea4c1f93078b7,692212058.8150258
b966fa606a3b50d3ac7249f6,1020904347.3182312
e0ad3e9588636f454e9e484d,792450740.0292323
d7ad46cde8eca723de6510d7,930795729.7554364
447f51e37fda773ab748814b,746794276.1686063
a6b992c9bf4eb32ab3d1df4e,636551182.5258342
3a9c7ec02f3e7e419669fee2,257799882.58363485
c908280d0461c3585af94d53,930795729.7554364
b3616a055e722e3720cca48c,826639212.8588257
45a8f6d942533794501d775d,672366472.1669409
b6da1db3aa02debd11e26edc,789197522.6975048
6d12669907d7d80d0b458a93,877379992.4721521
5122b2e9638d3438434fc56b,1020376450.3736529
6367a127b452cfa27043f74f,897758105.0785158
fb3d29813052141c015669c2,557849543.0500989
5fb76f2095eb1a5cacc2524d,476162892.0235778
95632ec6578a204881694dc2,422190984.1182056
846b75324c0f3cbb027387c3,971078729.5615278
940dd8311f2b49d4ec212fde,791230140.6282063
bd0261ab68cf56950ccdced9,794792442.0180478
f79f0c23b5cb96b5d022582c,704016848.642328
795cd68f9a5ef45902712524,681481213.2350123
d908973d90db91f772890c9e,310610795.013491
d670be6c848b1e92abbf415d,240408328.23326772
87b940bd3dae37b9fdac5d4f,603033019.1115972
8a7ddcd0c452e7993bc5087b,682819980.7744164
8925e22f8511be30d50545cd,781250042.7050283
1342c307971094041c9c240b,790781290.0176941
385488342bff3d3587250c84,826923286.1927402
f8e25b7d7e93c45df1b3a4c5,1074460239.5905175
fa4f331f05b1488990a69ec8,1187782562.6139066
a71d187784b309d65cea0b14,1117011879.1064446
0f44b84024412099f27439a7,788251826.7940669
0ea1a5d32324d270cde1993a,741070027.3505116
b13cdf9314a34852e8db4221,752834775.9880596
75e0815e2ba7269a10d9786f,299772163.8169109
f42b6680baf774d27fdf1e48,833959414.4205718
5cde1a59393643d7ed4e909b,875179090.4923984
8736dfe0f1c6e2181b0ee31e,1015628584.66273
5859ec20de4a5036292ee947,854401762.7708514
1eee0ff52c53f04307cc3216,907613602.7663362
b455979bc938acd34a580eac,594202235.5166975
6921133528bd6fa3675ce8de,816686524.8044938
3d266736d0307404a5804073,562341028.464177
f4f6e48b618064ced466c302,451278413.19577026
dcf606270a4612aafc5f9f29,682829131.7468984
5e455623c380290e0a8e4e48,353171859.23946714
ac3c9d9357fbe72959817602,833757425.8101978
f48fb9d9c42b0ebee72cfcaa,514090756.3505126
dc99f2871bc05ea7e8a97d72,594934022.0788232
b5cfd5eba0b6297cefd6d3d5,934087671.9738677
0dd30227247f145bae82f96c,948933513.7341708
9f347bf53e4ca4d264a45241,534567213.5971056
81406ce289219cdab015549d,930821306.2243124
a085fab6d9b9d8c24472cfb0,1019199013.1183612
1fce0e993a57a3e3873b8d7c,1008736514.3752432
af67d51867f382dcd9cf34b0,1101864395.5096612
432f082ac51bb0d39ce45b0c,775766359.9948866
b6281efabdbff697d70925e6,754734453.6044267
9215d29512b14aab6178da01,1108396426.087424
6218a5d7267f02c576e5bf16,1045363541.7994988
d66cca2c8e08c89af26e7622,953250094.8545389
ad3b4ae81c322a9f91381bea,481459389.1135131
3a40bebb521445fcd32cf033,922921312.0580807
c1ca38f941200a9d666aaedc,992218377.0844796
a1da74ec074df16a1e8690b9,800774771.2744688
502154647e351af240615b98,923007115.5751808
b57cd3eb0290984f061e1053,1079392108.5003579
4db632fdebc000c9e64a589b,865212966.626663
e380184391898aaa2d3dc540,636878408.5754107
dca45f1c1a79ea5ebe639920,783697815.0389694
961de1cc8601447b03682e1d,1149577555.5219169
60a4f09c268e61fbbe423ff1,419410347.8455752
c3191b6b40191009ae9f4b7f,776584525.2046249
478ac408d2a5c603aa23cbd5,1059281689.0167468
ecdb747ee4a3ebf958252309,905734562.6526703
6c36e346957e336a33a7708d,1022850969.0733094
09b18e3f3cabb7d5469a8d51,709506075.0450954
f1a5856ba56e7b12cbb9459b,432402330.8513051
c378ef33f40f8be9263e517b,379223520.91696376
b45911f1875da543199e97b6,811733597.7575482
678c70903bcb6c90e3578d6f,1072483407.2730343
be22ce55ba31cbf7cd285e5b,585688686.6598213
2dc58e6aab9399e9677265a6,1091774803.0345893
dae55582e86b1f514a4ec3bc,957692181.2264471
c119f62348e418d9ada13362,811863683.2646282
33510511ff07dc7354cca7e8,617245689.1749442
16b79a8af9d6376c73c2478e,1230073774.5930586
714f90489426e80933ef31b3,922207047.6664519
6c8e1cda487c9841c8d297d4,919073392.6549373
6d9c4bf994147d8892d27f27,981405376.902017
1b300634b71b898299c54671,943842486.8624284
181caecd269e115cb5cfd75e,692574631.0760833
059516a91f938d2e8fbcca0b,907890915.5953387
c42ce8f9f62f7a315e028e3b,613657736.3571446
bc23e25cc246ced4731ce5f5,739370646.4796079
de44f54fd6b1b62f30956f5c,615958727.7794245
2ef897a38b95d7b769856e78,815211244.1933532
2280b5f7c47c3b36924b84a9,722620970.438411
16ef7eaf29eab571e229e537,1182099558.4471245
48b1f800656bcae6a9e70802,604304789.1325663
b4aa025f8813a3f0b132b7e0,436239072.3570725
3c6092e8458ee81aed0db0a3,764904366.2855977
d919dc64995903c9120eb61a,840121238.9627275
ef53741b01120666a08db213,1021928817.8094716
c3dc5ad23dc8cfce0671adde,1065970292.6709781
a270fe47ba30ef0056ec6c4c,34769461.24416542
f550bc7ab5992a6fb48eb60a,1155565993.1387172
28f980b3c741866e0db5b761,937121848.4803333
c2ebd39857dbbacb99e6cc96,779482653.3903168
bb9fa21902daecf876c0467f,643714448.7059939
fea142787b18327108ee8929,649022273.5958688
a1647603f732f97a99f5ec6e,1008866855.2213362
775f25d8144580541bf2746b,767583220.5962012
527a8fb085995119f846a5d1,807867942.8266635
8b69bb9fd7f0f19a248f5cf3,565253208.1976403
3b14b48188fdbb0917414039,569786735.187206
02259637b8ef1311c69d3d90,727707213.9479817
50eeed30ba674cb079689afb,490699162.36574924
5fc3634e1fcc96b9215a6cd9,1241758288.2612138
23cc24e23a1d74159ff78464,878074102.3439357
44551251fe345b31ed71aa5b,379638451.69837916
82ad984f02ccda30bd60da8c,860730545.290074
5734cd4805f5c055d36ec645,720114158.5339899
fc7ecefb27bbb5c3e25e899f,582544685.9922683
5ecbd5b92092264f4e9101bd,724822394.1788424
83a8d9df3a535fd273b27c15,594261286.6880676
d76fadda8063e44483aa024e,693183734.3531849
a15bf12a6b8749ac8f9de19c,471700646.41007614
a3f32d81f4cd99dc85a16bcb,612286922.6558993
4029115038a899d98dc93d3a,834281585.1563919
2326bb628b4a571921eb7345,698643783.6944698
471d6fb8037049e1e4d120a7,761937343.6372006
b73945103f07da807f7a30dc,572160323.0068775
d6f4479f9226e52c93d70eca,711251800.8339367
420b03095062d9571144a276,940158200.9655235
ac0185c8f724ddd40bc0d235,764819630.4939826
228280554ba149e60f81d639,653810846.4216937
8a44e15417d8e520a99454b2,460273713.5596715
8978ec4c5b2f02fbc1f57820,1087018877.11112
2ab88dcecdb565b6412f5bfa,749215787.5806284
1dd6f560c804c4548561cae6,1259205724.3982792
90e94b7e392f84e01a5f1551,1240102640.136415
84aa7d1c2590f37f0fd6dca1,427288194.1186477
0821fde7debf7cc445434024,565391443.6494489
b9973b07c84b99dd1018050d,446563551.1589354
169013bdcc2ef214e0163ccb,875697797.2196914
3c8eaefb3f5dd8d4c9f5386c,654290980.1744764
42d91ed3f3615247f57ebecc,984584133.3666058
a7f1397df30d6521c216e331,1314322166.6210952
f6c6ee12e338b1f9730b6e2c,478465458.39191234
8f4687b666256e136148c3d0,1304108835.3818302
925f83e20a153a1e094bc606,943636588.191323
cd270a11dd8257648d1f0444,1002224408.0369883
ab11db71265771ed4d9de64b,571202794.2538911
ec199e33b7557dd669fe1aa4,51992743.80812919
b47fe4670c6b065a9e1db429,598509084.3836461
918947d51e52e0caf692f22f,411368922.93381584
070543b03770991d65cc337f,1130435848.1296763
f45dfcffe189327cb0d303f2,858926429.2263944
d2e7484c81358d4c79f040b7,877510780.8331397
73ff3a6b0cf4f7ffb244507b,886834238.6813748
b0cdf05097df437354564bc8,697911288.783537
33ea5de5e8f5c639a213414d,919946643.4930542
c94056bc09a4bea0e853cc41,650725566.4884365
6d5a91ae44cad7849dc4e969,845288434.8341964
b52e0738dec9d2f119c75a9c,793640137.930336
0e35349077490a01f25e2ddb,892531724.0519022
9a5fdeb5f389590eb46e7aac,971035886.629742
337c81be4cb14d494ca69db4,758178814.8275635
ff28f1a1ea72e21acb157f08,982315021.2637833
e83ef75473fefbf8d7e52302,494354493.24870217
6d3e508ff42615eb78862723,1060571524.4488816
3b7ddf527979726fb8aa1683,484304720.1131823
7b08cade91e2be20656ee856,659378245.1303003
59cb7abb39785d5263a156c3,1149991360.4521685
bc48ec7245297b4cb85dca1c,940502956.5826359
0f366a36001c0766521b9dce,214051954.7817554
6ea022e53741adac484c1798,904408589.3836778
aebd6304298f84e7d440c379,1296380758.3423629
c5b333e454ed6e93ad32d96d,1003122605.8244514
bcd31d201096351079cf7ce4,637160227.0962754
46cf5b18fd7bac0d3332d70a,963758432.5665768
1dcff645d389e7b687a498f2,806479450.8890333
cadbfbea1d03e6538af648e5,425168102.7980896
9dc0c6ef8389978be58daa59,871758130.1650863
fdc00f6ebd155e84a387878c,446563551.1589354
99c1b39476ee8e2ebfff6ffc,803175739.423105
8930f231a5b9d8db14e9c656,611521260.4192548
2dee15f1b082bb986f8d9513,926558552.136759
346c734ce163296a07526a35,997672416.2728473
6079fb3769f843e99b47988a,571929636.7662416
f5802200af1d28eb48466c1d,412423882.99746317
1f8068ab65469ba56a1f0c4a,412423882.99746317
1ee45a731b6f0242b6d2936d,571929636.7662416
56b7a6da82134b135fb7de2d,993581750.0285501
340c4d762f830197fdaf0977,795881867.6122341
1bdc0d441e63089737ac4c27,514601458.49023956
b3d82ceeac64b64142286375,613329556.1103882
947421747f33db213e6b1326,621751555.1671364
bfdbb7aef98d4855d459ac94,695802386.3833082
80e88d50c151d5534a57f61c,1116237046.9338884
d0f6e19e92c03b40a5aae3fa,1014030004.2150123
6e2a3e49dd6434ed01eb5e71,1146137818.4679928
89e2d612654b3c792311faf7,841331045.5420761
29425249fed4a74ada083dc5,340540070.46690184
fe0182e1795e2b87eef4bf41,805219799.6494086
dc9cd30b760a1280e0318512,840844975.5665612
d22313a06e43b8ab8f6672fa,290588343.1796151
f91cc2e5edcbb704c293084a,979750265.0386682
dae776f643e809387148900f,994197620.3895217
e55634fce84f78466095e730,686703200.2005848
a507a938532411f06c57ed8f,1065583574.9616776
30f3b383f2d5e4709c9304b1,797799949.692623
aaa43db51d1ddea564d1bd2e,585974535.0504205
b3e76a0a1fcacd0218c17908,476024962.686132
e548ef7a5650696c0e968cf3,596329107.1861197
939afc1f6250d528b0be8e3a,833384252.0493624
405baee61afa4b08dc25e586,1257010629.2633367
0c4781c598c06d538c5fcdf7,879139538.9933381
fc321e2d9b4e954e80805be2,927153422.4336979
dce18d258c352b7edc60c304,1064186150.2948568
7b0a2bd964c04d01387d78de,1064219407.8324394
43fd6b5cb01d05c9b1db0e65,801435009.8823841
cf0152b0a5e886e8291ef4a8,813973014.1057041
d05030b0eb8931161855450b,732983156.9745872
281ea3a3fab48c028721ee1d,697449088.6889743
4fcba82455866a6931590dec,831619153.1456529
ecc5e3781d5e004ceef8cf76,673165105.9342587
409cb370961c60bacbdf7416,70281481.79433584
54445913b2dc2d6ba35abc66,677527755.901272
51a8c190ffb673d4fc27f4e1,873820847.2314667
80e7c6b194b3229e3e2b9aae,843692373.6147927
bbfc9b05caa647bd95b3c88f,634362008.3696791
128cb9247755abf5f2801431,444490892.79494977
ac180e846fda5cd7f1123f6d,767990539.6213816
1e7173670334937dc61243a1,904547976.3963734
c2555955d5175b31e5f783ac,813187650.2251788
d87bbd60fdb8b84a9fe23ba7,769959652.4327344
825012911321d636425cd0bb,1408114730.82138
54561e6ed5570577ea97eeeb,1246137002.4894
3a2a2df4f07902b04b809125,941419322.4704742
ea7e3ba584cc5ee45ff8ba7b,1223802787.536314
25093735f186b70beb018317,1040050023.0149198
7fe1adc0a5873cbba4b021d1,1112714488.7569308
461749398bbd48d69b444d7b,508887426.5672382
eb8f668912b70fd554c8c723,703956037.173636
e2f00293305c464b361b6178,256313195.8185888
02a0a38b45e1b196165b0098,643024975.0044142
0e6dc789744b678028e74d56,499798008.70177877
58954e79191c62ceb1ead100,1115706359.3602118
23aa0804aabdc61650b8562a,1058665544.5696483
ef64565957b5278185b2429e,467137097.66486895
253725ec3d7939088faf71b7,703272844.9523333
a9683df184aa8b4ad5d0cc5a,849705956.0832373
3c38153bc36b364b92548965,899372765.40412
286cdf6dfcd95ee9edf73a93,-167320213.69750953
df93a6e36d9f19e252fa9de3,958108064.8841021
586fde402c82c1eb5a74d634,460529598.74389654
5fd3b0299c0d52e48195fbdc,400451578.4685859
06d33fff99a62c330ef2d585,515905051.37868345
df98fd10dd8ae59956994521,726097458.5587077
361715cb422c5fcd9125d5e6,789219658.1792667
af68665ae8711d009e8810ff,771275500.9914963
63f3295df28c02953241e2a0,528485010.6336801
62d338c26b44153bb075b234,931544413.5248344
41a269c661f20e443a7a25f6,959272343.7761245
c5a8695b7aeba06e46266959,605480000.5895541
17e5796a30da5eaf310d02b4,606752044.1888962
69acab4a6f82ae943850b9ae,571042292.7256184
5fc3ffb33090bf75a81aad8b,638812204.6087883
02d89daa77bb313328fe0c4e,610054650.5640312
6ad1fb94accb91bbc30449c4,707308904.2208794
a1cd215fa99b8776818d0b0b,506516578.65888494
0553a3aa7d961ada6dfcd52d,592213466.4047918
c6ecbe7b57db2db74b0d788f,1030373115.7591916
a4b23fbdbc7bbd45c5ebf80e,1014709406.1832429
3bb15c6313ee70bf4d88f4e0,989153974.1442302
e05c52c9c8fcb792ace06b61,761758308.1220863
5fc77edb0e5bec0ed8e72a60,536465263.8858047
85e15a0a63ffe482c68ec474,1049767804.7314988
859025f2f41efa521a74a00c,888554198.6713785
1672a21e6b2d8d0525df1759,550318560.0842397
7d4097722aad95158c51d24a,943344640.9722886
174fa597347f2b1d3e9016e3,622726670.6204467
3f081fb77ad08f8370569bf9,618319649.4581782
74cea4c9dc0e00dbbcff8b1d,1090504856.8737173
4f5de1bc90694fedd216ef40,1159204985.174014
8fa4be9ac1ef719dda1f96bf,130055313.88651377
3db3b80a902c10004cd3a3d5,753919843.1784017
bf02fad806fde4e3575e75c7,864998048.9975294
edd2afd07fa1305fc3126078,491755058.27372086
bd5d2030639ef16370cca032,557142677.5428911
87e74ed42a2c8c97f7bdd239,879468169.4840932
d1c6037d0750bcfe47d425a5,514156538.02531624
763c9a528d0f99f34e5b0031,462642500.9518218
8b674605311d296990ec72e7,459308634.4591509
d7cc3d199e538258fcc83f75,397914655.1229868
ec6ffe86e9ece6fc03556ea5,608900235.8239708
9762ecd72557ad6728274e1d,857277749.2727159
49a2d111903c77053d44573f,573731801.9759477
d06ab7503c6deaf9cd405f66,1079843887.3813944
23e7dd821ec2601ee2c6e353,1083294523.7007732
81519727c7ad9f60d2c5f224,1107976044.529212
a4a5b6a844c14b4eca92dc49,1083294523.7007732
7e647c5e0a7d95ce87cfc8fd,1094033930.4073403
7a1bca1ed03e7cd0e277fb95,400451578.4685859
03eb8da7205428e61bfb2845,497814298.9663572
82780776619be0eade3d72ef,400451578.4685859
4c03afca943c3f2484b8db6f,400451578.4685859
85d731901b48348f57932240,674409026.9203652
739de8928aab4ec77a1ecb0b,770582264.339601
7f45d3809b08bb32a45139f8,711784007.0705494
cd14f8aa1613d754221c4735,515905051.37868345
537a9a2dd0ace0d0131722a1,835642789.0083506
2d4a781f969a4fa2a4f04a7a,1081472865.2793243
e3676f99542f27c9037fca29,741226385.0628473
bb33aa4f1a7732fc8ef19039,520291872.71507764
9f11661702873852a3d65ed6,561341464.2681632
d7f22a4e6daa572583e02640,471354715.97774136
f6ce37c42fad91fce47758aa,442457619.97329473
f57cab248d2d832725d78135,542422407.2681973
9d73758bf7569cab4837e49c,706569298.7328163
322bad590ae06fb48f80c533,474680871.1177269
5a7b67d4c79ecd83b7ab66e9,774930803.5920099
8dfd846e6df9a040ae1188b7,212116737.13760257
44a587fc89d6b6489157ff49,1146321760.7070026
f9ce5b7edb104d4e8407a344,882555533.5992651
73786d11f1fa714aaa9f1f90,746253175.248353
cc72295ef156cb2d60d6b10f,1042739914.695168
c9851396352bfeb05fbd7580,1035852177.7637367
b3561144c745ae3d329dfe1e,848130385.0510073
7ccaf332cf87e07b38b340d9,943848323.2945781
d63fe229354bef8b02b4a934,921538500.152522
2e0a8235637e98dfea862909,779948788.6194322
0a1b14f320e330b405b27a6b,1086264338.388116
db41266d7b500a6daead96cc,940942118.6227593
364b8b8759e3c408c4005021,530611906.3793876
73bcd7efb7a25587bb1c31ff,842340813.1214093
17060f24d81fe2661c7628c9,958905767.9847746
98318f22c00ab335d8aa23c0,654343497.7011974
c926feb307c493aea729001d,449819041.4607029
58d92e8a26589e37b7123716,583460346.4298931
54d11dce9374378326f7ac62,427570423.7306404
8e79eebcff019c3362a76a26,778674071.7982432
02cb957c3db9ded3691a9004,834883452.9945452
561689dc0f267cc5011ede3a,1169098886.860742
1533da89d388196f19e2c5a3,909053342.1066431
069ddc5d1f3c855e6498ac50,406864083.0965967
d3aee2a35856634eb710efa9,977792371.6748916
4bad966abb5e8c4121ec69fc,1091717160.8842947
f059e39d22124eb9e7e8e20c,742490980.3422627
3360f48c1ec30dd1c3175101,754236848.1797523
2218c6bddc994984cdc6e567,473986532.43672633
c2a9b4b389ae6f20140e21eb,747391578.4120922
d135cfa351ed6abe4ec2033b,881904178.6344256
668e5bdda1f4011578534f54,1042756878.5593426
d2aa3386ae240d7387424e07,470167426.05674696
e4f2ec7e2f4389c1efa52c0f,517529546.3721237
d4f90a6b73b1e179d3f8eb70,465106498.96730715
5738bc8873b341bf92ece0db,479838545.6721094
2906d21b1d96a1ec43bab50b,934037155.4298775
4e1bfbbd8689a95fc97fabdd,838895519.0398446
78410b0193dc989de2d24da3,674982843.9503695
fd7f194d9929a6f28ea57cf4,127618543.53164643
5e7ac1ffc0886c27471d1a54,774229978.426454
879d9e3b4ef9063de41ddaed,923663682.7234802
4bf620c6c6d4c916bea70e81,877960114.3764919
573bf87f57db6e037aeb94b1,915939388.4068971
3ff7b739ce65f0b3066806ba,914739279.2715847
a456f85bbae3f189ff424e8f,705380460.8258475
6683685692e955a8ff172c89,823494776.7635047
82e1ae440b386c7da3a580be,848820420.0498854
efd178c4aaf3fc9d05b8dbdb,745389996.7170361
55ea155410b001104518e992,745389996.7170361
32a10e550bf7095627d17da3,883190279.0169606
823124264778e5ed64d8664d,613341508.3100845
fb01d990afd25ef96ed048da,1087173466.3848052
df22426db407f4c660681c7f,872798821.6145148
44fab96fa2ea501e0b94548d,1037426028.16766
871204bd1b3505acfa632954,879755919.6675869
3d63320260d150d134fe8648,823818457.8276403
b8b9b90d5721a9ed5e72b328,578288032.47126
926d12cfe05643554837664c,14563104.76422882
cfba6db03f0e38d1aa0802a7,527846446.2648081
97b12012ece8a740944aa547,841972167.5590783
8de317591cefdbc375a41483,642852883.1775239
46d34fc9a8edcc199a537b30,1102208974.6605039
262e3b4091dfa6b71af020ea,1058787767.8285698
396761edaa353e0828949bbb,682760366.8189467
8c18d3417886c150136a03ba,753979783.0662376
f053d3918234bad409410755,930137334.5004634
8f5444b81998e52ad76b3ddc,792096697.7241704
0daf89cf494e0f40a94d3e5c,868650108.6099004
dd8c289ec872be3fe3352313,668308509.8875171
f02f6c5b97b8e3cc5d5a74dd,712329441.1303197
5f39cf56c4e1bd43f61ecde4,653505847.3799974
5e187b07578d582ff3d8e189,663618090.8416259
bd018b302f732baecd085ff0,698329661.7573209
674cccf4c7772d6091166aae,1308799815.6009035
38e84c560b0455548ce186e4,466755405.86033344
d14173913bf5ed21e3ab50fb,865502312.0482827
cb8844cf2070d8697bcccf27,456368165.97344273
6b44648a905e7f4c0de6c855,618924224.858494
148aedc984c7f6831c7f9601,911347337.7237604
ff9d1cf7bd90c5e47a0bba3f,545708174.230106
9353136b0c791bec58f93ad2,568420462.3487709
de2137c70bacfd5087bc5c68,865536413.5039151
12bf6b9badebc2902cc11c62,537569802.7298187
c0706c78d5d98202dc24e46b,1137257954.2312434
4394a27b21889bf78927ddf8,397310167.8847051
0ebbe9d3831727f90d677ed0,1094079641.3706498
caec584b5b6998684bbc6a70,432231215.6178417
0c302f1c924f8efe0b6bb58e,870332196.9231845
e056ada7a37336bbe878f38b,1020370010.94219
905cea21c0ce1cae97fe86ab,829646539.3257384
e286b12e5aa7929334322842,872443896.9018056
6cd4e68300a8bafb9d22700d,677512486.9214638
39124b1ec419566a371af8d4,686650381.0193686
6110b5bf07cf38c437c7ca8a,1217991743.4676585
6f8a22e4dd21f44bc6d383af,1105573783.1245174
71eebcb108c4828b8bd5b84a,627820848.0226827
5d61946d53efdd9bd0af140b,905164970.4551189
c0620585c12f3d9f1298696f,517204150.2530372
d27283e3c941f8fc256c3f4f,540568771.8875325
2acc857ede19953734600dcd,489432276.768661
32474481a0f8af34a4edfec9,177696522.30280066
6720db016112cd2a4a5e0358,629937221.5890769
959d0cba47f650933b9a5168,1072953388.6425712
32d2c5f1707b00c93407a19a,715833023.0164775
0ffdec8eb5272d9fe4775251,457234941.14462537
c77d7a08d5b9abd4d3082fb5,715833023.0164775
a3021c7c465dfdd38cda9f9c,652179126.757496
aa24974831a0c608635bbcea,658961974.3225944
eeca3f5c399785a1cf15b1c6,696215922.5778446
0b51fb3a65a86d7799f27264,656994946.0849829
1af16b7f14dc04f05edf71ea,440751044.0432197
e0d7e4dffa0f3dbc40c7da53,1031850566.0702292
cfeb42023e2737491b3e4283,798692477.0495496
dd4e23681e00fa1cb9a679a1,457234941.14462537
153c89081fd85dcc66a02421,800703866.741372
f25b2ce0d988bf5490fd780a,119228167.43892008
8700c9b62ff5a5c3394b0bd8,672666008.2131531
a53b105919c7b46c0cc1b003,687930156.7719772
1c835128915211131bc561ab,575130114.474682
a0c6e0c6fe41e32b3bcb2b26,1097121062.0116832
4eff2f2297ce85a0a3964d2c,669938754.8149251
57062f248424c47282d3da30,708882795.9418832
99e860bbf3033ee4654d393b,669938754.8149251
db8912c5c5e5e49431b2c85c,572654527.1336434
3151daf55106dd159f27a8b6,653434639.7369555
3e8a4318d93b1fed4c48f48d,1057119077.4292247
4c8ca73cb51a58933de61f0b,961480056.4698086
925754da6fea9c9cdc06e18e,678600356.8511909
05119815bd72ced29391ba87,1026387341.4177516
aae7cca10bd7f041c8e02d23,826549026.8744266
4890edc33a555cbbac71795c,848767554.7770137
902fbbf9f5037be8759775a7,1186502717.1096563
d013a0e910b1fe2e3913af7a,950862262.9016871
9c38b9798313a3091d13b340,1043947161.1134197
f04d3ee8b175c8f2f30f4f39,1140868731.183334
f0f883c45e8470e74280e8ca,1090633494.6707218
af820361d5f20198bacf839c,931295940.2018795
01636da0aa2bc223af023a13,835135144.1109674
cdef6e87c007bcd9b4efa9fa,1338971767.7310476
1d45332e2f04df18cdac590c,703162010.9762788
db3dae76fed5fdbed29862fe,1052585400.5934708
f36a379e0149d4800e793001,610253341.663874
30d2ac3ecb8150e4d4339d1a,1083096238.9341207
7f78955c480d050f2c8ae3c9,629153569.7882493
cb1dcee1f4ede0877be1ad15,790135639.7074001
a32d2c51f2bd5f23bb519d12,999731172.2826991
bcac2a4cacf13a91805557c1,482158137.0490398
a21afcc258e50a538dfd43ed,554334151.23057
7202b83b651382e2630359c3,373559693.4840554
77d6855eb6a30d268e49eb1a,636158789.550339
204ddf6ba4822d55ba80f713,728885403.0846916
e0587d29cb717f725e991ef3,661281899.9807345
c606665f3a3f70ef61fa5cf0,1059712221.083479
44412a9e16b2824c4a520a72,715911238.6575768
313abf19d78b719cce4b3188,746885111.3300271
99ad7b36c3c916393e951507,762820649.667059
c34c2aabac06323fa180b24b,544851013.9233656
37f39916813a58b844e17833,573297417.0276902
6ab7f97fb9880e48fab16a1a,505806273.61749834
0e6c74a0056ee94b10bfa86a,615454098.758803
7fdbc3fed9c9607e6d01e958,656756773.5421063
01018b9796a105be650ec802,1022324067.4032736
16ede6f8833a93677d05a131,497336547.44633454
0a53b0b7c365879a6d2cce39,775148163.788279
a293de027279019418c070b5,450937068.8547667
973ab56a202e039f5ef37353,539370601.4458342
3e18c851788fa8724ca8b7cb,654345938.3840643
0a4b0a004c894654663bdcdb,875931948.885714
55d4b530b881abfce2d03e56,867079123.561537
405bc08707001684d19f6edd,1278079578.073505
dffa1057472b06bfc0fa7a66,946414546.1722428
d061615fcc6355d79665f9a6,783245834.9890803
6cd96d73fc58b1502bc6ead8,713175135.7875054
db78a3ce9c6f6a7f4ecc6853,857187242.3620538
1498ce1c1bbe2e89b84a4a45,933074201.4248321
3035d7ea4b71d204b588dccf,796962417.0608423
2b8e9560dd58d880dbe77c61,985133719.2017559
e8948741a987cbb3759b7a44,1048793262.5158714
20718780218eac9668776956,883554083.4706117
c0a9e3f5c57cfbb4aa9b2357,1054363206.5392543
5e9e9339fe1c3a06470cf7c6,1231282115.3013315
f852e0f3fb8563ea6918164f,1251172058.3177366
e38b4072ff8b856487864f31,1013586473.1312819
8cfa1121fc87d9483ec63611,888126252.7686939
1a805101f78cbb783e6f919d,594332246.18326
98502628de3c4fd3905000a7,767516003.3225257
ff7ebaf86962fd0ab6ff41f3,1111686139.0214403
69442123283ab024a911506e,994596889.532562
ce6e91b53465250effacca98,1265759593.6328745
5d42f42059617a5ca7ff3a32,858971112.270701
01edceb6c5afc2af1e129e86,439872576.7143802
fdad0c86eb89fe93633c8571,676607787.5196608
831725656d9df81b63c0ae38,723184731.0434282
d1f8eacef9bb4d300d086837,1170763730.8438592
3b6d88f864f6c1759f957c73,745866230.2058694
5a38f908d8d75c5810280e12,341074238.67963994
c7c835349181bd3f0d964eca,956068465.4626029
edd4d560363f7575aee42d39,871752195.893101
8f3924eb214f5194d21499b2,1166587551.8770285
466c542d7825d36d18a86486,827391638.8781252
0b71d334a6db66cf6f1a8eb1,1016173836.0600507
7a91cfb02df63e4396b15aeb,920053656.6281282
6140125d2a94efe499a6941d,422220378.23092127
080df3efe1fe81f97e74c4c9,493566745.32553935
e148c2b109eecef0175b3c5d,591805433.0462648
40aaf6665b489033ba0e55b5,988868656.0556145
05498e49d0b875ae6aaddd83,1072871875.2949455
397d0f6319465fd7fea6f710,1077748616.190497
7e6d8c4742b38854d819696b,1047062972.0836463
9a8d13d56d677379ebf9a347,1230375343.1301894
06bbc353bf62fda3b3786fd0,976649742.3208048
09fd7896d5445f422892b196,914607947.4926034
57c63e412f3fceedd3a7e698,808762744.6301305
32cb6246cd94f962f780a1fa,127352211.60296345
b0f9bfd521802b0d2586300b,998820968.3418202
2a99204f0a53c4a4d0a2393f,976781167.7604473
7651626df0e2e3119b801466,770824385.0803362
59e48259a076518d929f5db8,630503677.5045297
e7b721ed96269bb195906bae,123775579.13827354
61c3c304eb8a06b5a483efd9,740896807.5205715
3c26b2954be250bfe239db68,544515496.5823971
0df87025a6351b435958ce95,888843188.490685
df82719238ea0e102c282c09,730286887.9328228
57c74f7b9bc5e33cc823439f,740902999.3990957
4195a9d13c0a526d7cc959f8,744481806.843705
0d00fdc440d7612434a6b91f,940001287.6637434
0c91369119a06c40623afbb4,310996148.25062203
5a6b30b4d33e068d421bc2a1,758145267.7372249
f4beded3c5ed9fd6cd5177c0,714977855.43527
95e561c7292d64305a2cf4f9,1141682003.6517775
67138978493b84ff42daad45,568717660.5735761
7da10de45c866c7d066d2586,741174195.4494258
3c3cc027fb179e91a46f11f4,458253889.94088984
df3ada98307fc85428022d00,569227885.2023857
e029c89d59f2caf4af4bd908,1031428840.1229296
105d05ab3d5334b976e448e5,920162922.9722714
253fe7aef58ea97fefef922a,581850960.1087202
43e11f10650837933261fa7e,574959186.9005879
b111b17ae1fc17e3491b7a5b,86465789.99788404
63e1ff737ea11ec607ecee08,1047315548.7049537
ae703276c49b6a6a9c39770f,889796288.0182133
799bc0f95ef9a23fc16bb1d4,961784285.064222
bb9fe73a8742dec9b2e79135,853850585.6602497
a9b3d963a14c2c7435f30fbf,985195096.1118128
7a48bc2c3f4aad08dc7fd5a8,448562149.233569
7621f476bc8040270958de6e,662687975.7341607
c49644baf8dc51d3f76d7e7c,1068328086.4985037
8c107da7487ed0cd409f4daa,543694309.8490413
1bc8874a13914055c2759a35,465032925.4319581
fcfd6f08490be39064aae41c,522237800.93223584
23178c72b063ecbaaa04b37a,491882807.95711863
10bf1c2d1124f6d8f8b9497b,788495814.5758747
c29b30cc5db2ffc273e4cb14,655525477.6930865
f7d11c2601959921f536f804,927015618.7675228
acbb07a2c7a0e39c0102b3a1,1137006713.015831
844e127aa7802cdf75db074c,680778283.317653
e2d88f49873bbcc5476f4ff5,986232888.5401626
42aa1e6f6b8220a63fe165b2,1147967704.8430629
ab1c43d6fc4f08e315e322d7,1227034412.5101175
9299c976b1afe4d2c0bf351e,1018555715.9997973
cd62ad28163c8df131a8f2fb,1174314265.0234249
e5e06913ec3c851340d7c91a,601448115.3261958
d9b46a34e48e04b5a3e026cc,434919912.66627026
782a6028457ec55d4fd5189e,764240794.5197264
11a905e4e01e7d15d35cbb82,712127251.398248
3b3e423e248b23090a2897ee,848822903.9430765
5915093d458d4b6589e86f59,849174024.4876958
3d162a854aa05447e2cae0c0,775858455.6746213
662a3e343a7e207ecc09d6b7,849681305.7281543
289db1292d4ee40a1ed6e518,1159390599.4691434
d43d2bda7b6e4d5177c0d032,544435555.4765798
b57ebf09cc691bcf009ef115,1153131712.050795
21f5bac85d5eec57acf501ef,902940730.1947345
2fa288389b3031d595973793,943964206.9879576
c900d19cade1443983274ac4,964380416.5158383
67bd5b20df7f2a9cf4e04358,696806050.8573414
e111bda6d24089dac82907ad,333120593.97745764
7910ac9782a1a315f68799c4,789741413.6808362
ee786b818284cb382c755e9d,785473786.7706782
f9b0a27bd3619ae88ffe5455,603341888.7943469
ad1c32cf75ffbcfc842e3959,36008758.342289925
5648633b1f92de1ddaa7e7ab,697277543.8166986
1ba481abe0d3890c42884d97,696806050.8573414
ce60e2ce2a420052e67564d2,543918279.3932084
87e1b1170c163689d60bcd09,612207714.2788694
bb4c7900162be66534d17541,739815945.5083438
68340674853f0ea101e32b46,618349218.9801753
d10f89691119d4a4a2c1e650,1109610363.8991804
d414907e75a1c105ad2b74d1,583116220.6496129
c9b6d3bce20b7f528fff8123,640244119.3009982
be1695a7b8d3dc68c9887abc,664506827.4682912
debd60afab03fd1552719270,1091703385.6533632
de060e07dfb0a5494c5550a3,261202862.39473176
3d6815fb68ce959cb95e225e,551074683.6472812
d93f6d8fe212ee3c0f7cca95,781349614.9750267
1ac702e7c265717b34419fe7,845020532.5749757
a157596804522e03efabce48,679164340.9309669
069c529aaef7d7e0774c4a66,789924868.4298933
0669fb98aed75d79f8decb7f,864235982.6757385
7057326ac489bcc17d580883,788665800.7526956
e3d6fe5d97bf4fe851aee9d3,754231647.8904016
f80b20e0649dcf1c16003255,681599545.46686
364256d0881131148655e006,888894263.2882423
0f9c26956bfe983c8c7fc227,955362332.2632093
9756b47e9dd47f99dbb23115,1132024077.8828325
27d413eab7b562b984c5a682,984990675.2376673
ad17072ff24e0fc0e61963b4,702897115.5623848
473a59415b6214218a15e363,1025343687.1096964
ef72df5586ad0cbe59e36e07,1162635548.431636
9129b78a741bf5e24df5379d,569681473.7197676
964734d3430de94d22c927cc,749855339.3360986
530b25326f39c347a35a8caa,378212666.9346522
482f57e65a3f4c6792775a05,484110864.9217737
738e86beb569a7bf51fbe199,499969284.83630985
c5788cd5507c577b7b585ffa,503249052.44718266
be164f9025f346390b986668,757303614.1992615
ea2efa1a857332559120b823,619532297.6116813
f3dd24a17ea51b7a2b0f037e,604320919.4301934
7aa8d04246d3e84e5ac470bc,723147722.3773791
6361330195fa7cdc6d5c603b,565756461.322619
6820ee22d6fafc9c030cb286,1207755778.0107183
472601b5b5719855ae3528af,888536330.576251
3ce2c7f1ee7569e1b916cddc,666986749.5549184
afb03f7cea99023ecea7610a,368984333.04052365
404364fe956884368e2f8300,647661409.0505768
c658639b590415bc6ea44119,687473547.1178986
42f1a529f5ff3a6371dccea5,847699090.9378561
e2e4641b20d81a90033a536a,550593235.6555374
253b34c2c5ce15cbd8b5826d,920287204.7520329
86ff8f274b698e7757ced1af,646078660.9157885
c4aef1d92cf264c548ef1f2f,712601918.1484737
e8603da6012c2116a70176b7,871765280.6410537
52b52aced4853a3e3d7fa058,665249994.5690615
7d9a9c3b4442efdb53c24448,857918375.65293
a7bacd6f783756c9e7cdc068,489198199.1003857
68a00651ead62911f850cacd,484705598.5951719
1e7e26077db3bca2821a9b45,473551323.05252576
8aa21f48a83be25f924f85c7,882277849.0142772
48107a1dd2a3b027637f250a,899372765.40412
6bbb24fd1b9df3df4e939fc3,698279013.6956214
aa45f8fda8801c3b4923f4b6,1058665544.5696483
ce164af02f76ab3a68b0f980,835894360.3378917
c32249c7c0819b1a29fd611b,547126701.75546
f8d4ec209ad5fa5ba4a68e56,658960272.0142754
cc03087e0f18d59c521b6ce2,849705956.0832373
fa631a714774fc22ca15ec10,892628751.5970328
c310efec13e312442f7e1a01,868923848.5715871
534466a857d28dcc598e3a49,868356260.0678899
4a81bdc14b5bcc4c84f5ce4b,513847578.6259142
79ac12d8436c07b620190b9c,399620118.3123001
f69962045e9aea6b8200888c,534325952.0580965
9752758072e096fce6f7f4cf,640841234.673099
56fc1855dc6375dee0506133,1223489434.8181477
2fc19f73fb877ed8b88a5250,235994206.76618713
63a25d279fc5a9e8fc1dfae3,221018396.51722693
71978c139faf2a251db6ff5e,32200057.291040897
f4dc67569fd340be3dc592d5,530364426.6216025
0b829c23806ff01a0c84e9a9,802897422.594522
a23ff4d1b2e24f537a75242e,959147143.3512349
3a103803cf9cf0451582d89f,798020865.3961499
eff8b3fe996b6d7db10b0263,747205608.3532327
9d53330b44c300e396cdb402,762405399.3049049
301b5da33d32c0632b16e8a8,1179551032.4604402
357e653c4bea02df1b08c62a,801952694.0334496
9af17837ac2bbe7c8ba16e0f,555144424.0894161
246576e24f66d495fe0d509b,758194503.406889
cb70f4993947b640317a07b9,650163456.0758033
949292b23ece12b655122038,615565916.489521
4bdff22689954e5b1e575d30,756157453.4060744
7c69d43fe2488db51e6c8da3,621715681.5814334
6f543782174a964402b64de4,1018306243.8780618
a59e7f0e0596ea6633781335,857049147.3933159
767ae7de1818d645a33749e2,912513748.9385991
e667133c29f90c8fbf30ede7,425019629.8853409
3fcacd1cf9770a2724a5fb01,748976701.7183285
601193433c99337fe806b158,601440204.0389265
42c282041583e6e2090b50f2,907887357.1097028
3bc80c56871193dd782696d3,381009000.11006415
bee9de3e2817bdd591c02897,636168578.1977712
0f761aab549e7f6bc025ab0f,1142843104.7460742
3b9971f91bbe4b8dcc704ba0,836425042.3757725
8f428b58a5189effe993ca4b,137172618.96709526
0af466463f2cf50d61315da4,714740828.0050436
1a486877c62f2aced41a2ca0,1008694212.7036508
c9fdc3f80534b32f1a75f530,753806079.24891
97419310c7e696dc8ca61f7e,1050745614.0260404
49d9cb2bcc98d69222b03165,945783576.2577741
99fa9611d644cf325e20e603,1167920376.7664108
976d317efade1dd77ef3687c,445411046.71725
b9bd63208716e4e0f2dedceb,471196072.5368588
834263730047f308d71d4d8c,800847684.7262429
d6bf8bfc752bf4580e99794f,983153611.540175
58bc2b0acdb0702732894fa9,468730210.95391464
c3b8b774037044a2524913a6,530443480.3963793
eb339d562b72b3bf51073cc1,617173364.3972081
c8244d916b0110b1acbd38ac,751561087.471277
65bb6acd9be0f8d95fbc722f,824638765.368695
5644b84ee2edcf7267b2189c,1020954271.0149121
22eb737351bd0958d3e60efe,831820035.8326077
0e2a5d040f6361adb9927388,749725005.588901
be9f5ade682aa1fced79b068,868674617.0810863
8445e5cf42307960535a3b11,1212480549.3002336
1b002164d34a71bd06e0445b,785761584.154114
c80f897787541816ad63bc17,894803054.5600276
673c72783eb4f9a02c511b83,1185503079.2753909
3b29177e99201cf4eaae612a,964950609.4298817
91c5967cc1acb3f108d6e0f1,564567132.5632554
334b5b9fc68a18387ae59ebf,493798605.23402554
c9d096d4353b8eb843e793d1,615025010.5997533
92cade7b5347d1c00a48a1fc,1094412979.8681161
1d4bbb5b756033b4be28643a,1033050864.2061999
e1eb183eb261b6de96e20a56,1097210566.7488322
7ea8da3b1481993b14bed9d4,570342864.5175085
78bb43910ad6ed105610d9dd,881358731.4964944
32c1f617f2b1f537ef703712,1147195545.532091
a7e6d3c76bb5507e00ccb501,890510338.5984491
6c75d7867807d942c975079f,821175590.5446192
e9182661e36239f091259232,523513532.9685575
c926ee21c2bd9da7da193514,392301347.3791971
27bcae7ffb9f79b8f59fe1c3,612400117.1609181
6cda1a7622d5577c0056ba40,949940356.6492378
67c945ee31cf1fa0a874e4a6,650276661.7165347
5a8638c17d14ec4f6d447b8c,500239791.7668111
82bef17c2a4db1f6dc6eaf01,615622480.4233726
09dcdf0b8b37c1d537b9fcf8,560121024.1349819
2cc9f2411f98d0fd41511211,662472196.9855012
aa1eaa63043c5c29ab6a1323,681869590.2686126
35b03ab66c19ba2049ddb9a4,968797659.9270284
90470cdcdd2b813b39f28ab3,937443459.4500363
ba187eee3858263fa664812a,245343610.4626122
c06a1d212fed896b6ee4e1c5,750918635.7456439
8a8c8f5aa68c4e530d62776d,595812371.773381
662a221bbbd961c285069c49,719675104.5899962
ee796b35e39c7beb6aee2b49,1201531660.3675458
53de17a986d62a44d7897200,913043624.319699
68925fb9f8f0c84fa0ffa9fb,1039626859.2153796
6a6d4f8251ff961609019ddf,507231530.92967534
3477646f548971044f8f0494,613366684.4990656
c82434222f4129168fa82e5b,802951300.6155833
4c00508300f40d74c79f2596,717261765.3592666
27bebaf73dff207d7f6829e2,567420321.5649403
d0ba7b90f6ba3392a165b46a,1327453196.1134558
61974f593c799e5d5090c067,362535334.8870881
c08b016afc6a07105d7703a2,746468329.1028473
011c2017b63235bf0ed3f241,448255693.05146617
7f73a8e83d41ea252ad61197,657950413.7056146
0c25a552c34e114a1780739a,477664617.87249553
21e96ca8dbe2f12b55723335,765685573.0791203
30f6404e8034dbd513aa8a30,68722743.81014204
f2fce80439462bb9231d7fba,624558306.5795107
40d5384e2e8f8fef2032928a,645213973.5487795
95f17e64d2222c904a7d42cc,1016660837.4339306
59374f70d5e7da97e3b8b35f,652949954.0296003
ba30cf03fbfb0e36e5d415bf,1122482283.966666
c2424b4861f2ef50f8876c0c,831496583.3805406
e7def7d0999433ad6d3ea412,1338284854.0173593
7f1a4e79fa92196101baa7eb,1003330968.7462733
37e0fe114a3c7406daa57443,743323777.943511
897c0578bdc8d59843bcbe38,500955554.5326466
7e554b821e6955ab259a25f3,487543522.2721904
23b0d67dc2a0ae6e5ebc9eee,515282168.3980031
d43f045d046fbc8f5ecf465e,659143327.7296982
498d632cf0868a8e641cecb2,213923196.8468811
6b9bba3c6afa1f999a9429bd,568539989.582094
12db154d9d29cafa574ad387,459114789.4722212
61779f1bec05260cf10a0d2b,659143327.7296982
986defbe9082519824ebc882,919507847.9356186
f72992cff50931d2e19b3ccd,653233106.3739827
0e2d6e5882fd3b4eeb9ef286,610579930.5171398
9702737c9e4ecb12d0f9ea5c,802797637.8031697
c36cf907ee28017eb1b40674,638368934.8333359
a7ad9c8b5bae531abf68f8d0,653233106.3739827
6f3dd53b0935c9593a301bdc,577352366.7124789
11f8f836e5626605ee4b41c6,757762612.5371752
16fe92ffdb7e1aeefcde80f4,843196367.0442672
c1eace64bd2c9f6bea289c4b,900583076.8397864
fc2ac43013ba8ab17da28041,1128491486.7545528
5e6b54654c98c2517c2e31d7,1099043263.9251728
f0e8b39d2e4644dade9d8954,994998486.2386955
22796587bee45b8f64ee6e44,876889073.9134588
dc8c76f5b3977f90839918b0,879222452.0034353
27663c0e271e26dfdbf4d289,716961200.8416703
2fc96ec5fb2c8dec0a5b09ab,1099043263.9251728
49d42ab711abd95fb5947c0d,1176806144.801189
b8984fe54819f5fcc43860fd,42503264.48422694
8d3f4ec0c37443eb3f953584,900701143.8336825
001dbdd202e9908ee42713a8,809042128.2162576
fc5f41aad1b4bdcbd8298037,777308861.6358361
34926bd7f9880e277e75a447,980558308.1243534
00eb120ba4410ed8efa24a8e,698208513.229734
eb0c6a8231b38b2a1e1f789a,825882412.1938615
0f059b39ca45bbbcb996fa45,865184634.0519972
06a5364639452a9d663a2dbc,488925120.97027874
cd19dcd4aff76caaa1cffe54,276691082.2293374
7272c3521b7083038ff0a690,639067313.6745794
a480b654e1b8b7134091e613,951946871.898785
ba24834c9fb0e87c4ea7d1a0,803365564.8914437
ac46e3eb688cb1cb17da2545,773479186.7138972
3053732169b2260529f90133,469228436.0723549
ab0c047373b5d1810fe42bd9,655780210.663313
698383c101fb784f8e1b1ee6,528219639.6465335
1b09c89b546d0058cb09c1a9,1111907560.2572718
64edef308b6a9805f0846cbc,908026948.7472444
995a5799d9a1a7e4dfe4fe34,766158141.7721498
d4f1fcd4c20dec55e977720a,916233769.7045923
21264b5a73fd27b85a4e2654,425776003.87843347
d464858ed94a1a74948f479a,622815832.8956186
dc420bf2dd1759b7f281cfa6,1080144576.917197
0a268e25a5f3a0bfd8898a40,426690917.5501361
a3460f00d48816ef66e3acc3,653947250.0024735
9559637fc2bdf96defd2438d,874947314.9423409
421db6a58670e53f563eb9ad,552350903.093109
7b6322fd5810990820167a23,594894741.0104169
17fbebdfe6bc0618ecdd247c,989591165.3646674
00f2621035b1969d53f03fca,846565355.211595
e97c998a6a0709605432ccb1,458483881.4445937
39e306be57a992bcc75e089a,783277254.3598479
55d0225b44a81e82eea3efcf,903453277.9268086
c7c5ee499c712082931032a4,1027337160.4265149
f15f48d4cf4f85a3cd68dfa3,756141334.7457933
01db5867a69f8ea7849d69e8,1115758680.8623264
7c29fc3861c9f074e3a89449,931618610.6491245
5ae2fec22f535ec2490174c5,6253137.795597911
a6731fb85da65ce14468341e,454701219.9826453
4e327acca2e033c3fb305c5d,637733507.6147422
37b8e8a194e4f2fed7ddcd96,512682473.19875014
a8dc954142c54e570bccdca5,596114209.9899534
b427d767b071c3e5ac2a078c,360353092.8435393
a9407f510e67bdb27ad59b46,938814684.2223668
ba7120c89c8de0e57e30646d,1082516481.6564615
4f5bc448658287ffb3d49b75,787430932.3995908
758d9f47824eb74d1b486024,1263329687.2970848
84fb7e582456d7409f27cd2a,1126357215.7289164
0a6ade3bea1768aab76680ed,650812824.829158
f6e74a4b1e026352e5759b2e,871650173.0358671
639b98d0798b5670e7bb2569,667635104.9915446
32ecec7d5c47d02969368779,843030040.0776634
cac82fdc4d960947bbc590c8,622585097.3800412
c2b880a6bc90cdef9dac52ca,1126053826.4015944
dd8eff6162c32ecbc6972509,774861863.5640018
6e2f79cf68ac0ba2b1a6b0c4,1222856335.1862397
a904fab9fa4f41a11f673fd9,924931556.0807515
bf11c5dfcb321e020601e9ba,1107286258.4562562
488cdcddd0938ad0205ab8f0,1079619882.4222462
b92929668e884453d3a0d633,436659433.28132033
09eeb116cb0944a28742d282,928062682.8292639
c16e9d9444f85bdfade710a0,577328627.650628
c15cecbbe717e72f09a84271,555396581.8657094
0bbd23df46a4ea4e4734b680,772714065.1198386
de28e62bd01870dfceb5d78b,710431786.5366225
92c4faf0ba1fbac44db6d1c8,435439812.01238245
91892eac5e9565b12b2a99f7,356322972.1852812
ba72421716765ef6aad9b4cd,1070281734.6107934
a99df3a2cd4f2346c6e903dc,-1953403.689798355
59a3b1a44c35ed4936cf7843,888287829.8748233
cd74b689350ef612ddf1b96a,472813697.0646689
5664cfe452394ff9376bcc8b,491913448.29334694
d4c6dda51fa949743a46e835,920242443.6349977
b7f47484bbd8113c62cc8c1f,400579078.51604676
d4dfddb6564c9f46b26e7aab,632901665.4640216
aab240140aa4b6602234d88e,131419170.4258703
29671ce02e285f69afeb3fc2,999823437.2751329
5cd742ea274b4a8832114080,620046759.8543177
c876ed979c9127674000b740,965607038.637346
45269f56121b796d0392e2da,858517929.4547672
e981d4fb3a33f372ac26901d,998722657.9658849
2f13a428281ffc425f2c2e38,832644308.1477613
407e4196114b64578beac143,622084755.8365338
342027b17940a0cc5cdbf8d9,1044230522.9442906
dad2bbb0fe138e426000a33e,718343102.5846214
e77da26aa7ecdab5505fab60,1085558300.7954752
8fddeb4ca696706f6cbe573b,883306391.4504344
fe368a7d2e09fe88b1b972e4,594371546.166544
6fcea2c6b9e39576e10581ea,701781828.2287117
91d35b9421c4982b54dd520a,809500361.7075939
eecc82010ce9803ebea6dc75,532161536.8289249
b957548768ef014088a61b5a,461600770.6834902
5790e4cf8102dba35e184ca1,936631711.6413097
cbab68c32d78424452249d9d,967549553.1328759
4e0b293ec3d5eda7d9fcf8b6,859548560.3023177
1f8742e662666147955c9872,669925050.2689958
aad38b9f22ccf36b0fba4e7c,622826844.5727135
44e9224b9735235fc7271672,405210408.9943707
b61e9e4f3a2e894932b58ed6,641765847.2331687
2b36d2ed79caaccd687f2ab0,1621232.6407243013
7bdd64032a4f011bd4fe7df6,604917120.752199
0890a0d20f33b9af2bfe488b,510287969.2280798
ea7c9e327eab66ca286f6726,1103616466.3148892
98510008e150296ca9d27d0f,678476670.6586506
41abd8a2cbca609cf868f227,638551993.5791779
83196bef0e5dc6c981bc57a9,1171254282.2785392
20289e986c1959f0c83a6a4b,783236060.3767631
fb39ca089d05381b3a7ba847,576255551.8881207
d2da963bf6c2f6fe724be23c,1072109026.8418012
670f7dfbe2eba87e55176257,727448534.6928104
469b33a6f153ec334b6123d7,66811774.61217868
c38ce4f3763795c61efee6f3,861849808.9678012
8553a05c2b30be81c64a6295,1011536783.3695352
d8b3a1d0cffc913ebd05b931,950365372.5716445
f0fb8232343d235741a20586,1141930563.1699185
887d749eeaaae288b2818b86,563700550.2320142
126f4d890004b8035a7de091,982492287.30592
7d157359b413e107f5f9cfd6,712005238.1587545
65010e340fa495d060e32f7d,728856263.4744968
8164023f628f550f322aad61,706920071.5130312
8c2423c14aefa13d255fa77b,862448887.3014979
e9772a54bc6638c723dcebdc,662255651.8770835
171149ef76fe0a2074c5bf69,896936512.9379328
96448fa0eb077563a2d168ca,274957040.6384724
3bf1bea2a835d7fd11e47ce8,353281848.806579
2f4b0b1b81c792f43f4ccd5c,353281848.806579
086540702ba0876c0c05c5d5,979498747.5904343
57d17db2cc5ce1aa889f1f50,853860856.9121518
3b6cedd9966332f0722208cf,811098548.1240174
351a3e1b62cd51d46913a8eb,1113282530.6867142
33b702ced6de5f7ab8b29e7a,526588011.7901127
e0e6852c6d6393d6d3719131,794740416.5045909
bf5e687721e030639ec81416,771275500.9914963
314479aa7b73ef6ef44e1c89,1016156388.5732231
822896f609e7761b58e7f6e7,711784007.0705494
5b6f21752f3744ec6e529d74,835642789.0083506
5d91dd63b6aef851e0c78389,770582264.339601
0a369278a1ef6f5e9d79e2e3,707785141.9260325
7523e95fc2afaf31bcf30979,774433224.8634847
cb9de5719b978a78c71db699,1081472865.2793243
af8c90983a23ee15c72b8e22,1099499738.701003
e35d8f589e6b1909f5e4132b,1060018981.25474
ecaa5e38ff6cddc14942eb7a,752591695.2518703
d2eeec3fb1ee4d686758534e,896233895.6662842
e97d03ef9638c8e1d270ed2a,855289718.7053125
cbd78f55af1db4d89b53b496,644145919.0326891
1b2fa2ee5927660313569617,910645045.780651
f7f00e13da4910d724aba4f6,588936581.2351251
9a6b77dc2c414f0baa11effc,489504998.5391796
bd4d0b8799fa5999c5d2ee3c,1010751829.4616401
bd6b68abb113370c35786557,750706062.3896358
4da8ef54252a92d9cc62c174,1065316702.9921906
38d6c2a9beac610279bc110f,359947587.78016454
32e6518755191bef743b28f6,684627241.6800256
4fd8d01a5c3abb90ad70cbe6,371153762.2599416
5d9f8f380a6434096a0cd906,406105154.47913593
724c854b1a991f060701d005,417499338.5693823
1bd78ecec17b584e827dd0f9,443118099.30967534
7e6f68184d84e09cc9ebc09f,517977918.22234565
c0174ef555bfdd648acf4346,573230387.1888947
6463505a740324c7aa869d79,591355637.2645506
f239b7fe0de40d208c01c45d,899375887.5949829
bd98add659faedc1820f96a0,380358018.7231494
ad662354d28a9b2d65f537f7,733767103.6445128
8e8852450fd5556f748c98cf,623325627.6775337
8fd5b95f5808b4676043de35,614873438.731116
73a23c9d154fec88d396d2a8,782670061.3240849
374ca1a16b8eba42b35374ac,651348087.7206969
ff058f978e97c389e7a31f6b,597727624.3127759
9d7f2c004fd359136a662c9c,681879524.1577485
2cc0129b386acf9cdfa4eeb3,608431679.5827073
c139bf6b72a93a73155e1f5b,491183733.958922
0c017cf9740cb67d530267d0,659183363.9908032
44ff213b9cfb3604b7e4b66f,671240311.2175295
a09c957598e6cde56cdba03c,904911398.6441486
c846d5698bb295697186555d,963745930.7489784
a84cafc064a35cc0ad698009,879540877.304597
ecda0d714f52da919223a520,798141528.6795105
b9398d6bec5cc44fa39b8bdc,971088460.0068907
79d230806fbfe96368b83dbf,1317032975.4643521
a28b1d82d3f7dbf8746d5742,1102031047.1220531
a6555836840c7dd496ba9094,804210640.3304226
83ce7c2d2823f888f2e06ea8,1044376550.8186349
631f4c509de8dd64f1c400db,990932024.9086831
2afd31619c21dc537e4797ca,1245569712.9242878
0be57099d9c3ad8a16984861,1075887025.9741454
ff29f12bbd7ac4b860909966,1040050965.5943528
d955edf16ddb9d3f59501a9f,983145113.3201029
96298da2f44ca873f345867b,767843117.0703413
e6396355c1249c6290906b78,992017013.6025083
39f9f736d802b166ed688224,1150372484.3584776
38a0fcb41f0dbe8b0ef7af8f,824109244.7093666
79b955adf84fb2c52381921a,894775247.9527568
e335b8464a61ea0781f7928d,1015312155.8770072
71a929d79a6cccbce6ac5d79,1158756106.4138546
41454361857cf70c44e1f5ac,812288558.5360943
a16ca6293e2ee2969f3334c5,1324820535.3312216
4083248d3d2f2bbf9589b971,872284580.6741083
de630da5e1c9e27bfd94efcb,1183834558.3947825
f2a4f5010f3da37e27505ece,712017333.9638796
53647abd1d1b10c9226eac73,509871566.2135767
e51873d6421addab3b539dd4,454465165.64549553
be8fbefb8e06fe169237d4bd,1062026781.812494
257c889187ad5de900a430c9,551629806.8088788
3198c4acc62c1a2276bf15de,646463709.1104337
b22350d505b87dffaae3a5e2,659079381.3326075
49ad389014995f0187edf726,641703076.050987
025d96090a8e5bd6f786e9b6,508924446.2743277
4a7156189e1f06b0fe87a7fc,588964754.0074703
e91425bd357561183b935d27,602651791.651081
c9d996f458794961d9957c1d,604662154.8218561
084de965e32a2a65bd3aff5f,604662154.8218561
880bd21afee7038459b5847e,674278183.6909087
2dba091723891d8907905a74,1000226625.5132408
a39f9fd2f143b8ce1f7e1277,648628043.3417647
37050aba3553f3869d59f809,629910364.5761412
35a39cf33d16f8f5ff75fd6c,662628019.001097
7c463a59e7d2f2b4bbd07e12,686154597.8304243
035d955df5a765531d1d0d07,965634503.3649137
be706475abdfd64aabfe45fb,609982075.8553529
bf41b26c090dbf0a19252e43,760518893.313949
21aa860fd839233ed8b82653,708208112.6802055
b870c8bd8f95426a7e1f9c88,593312735.7134229
c5a5676bdb1698f8c38cdcd5,675556936.2426149
3487768de3a13b7ee3df0254,905927721.6786039
dda7a886135a1fd8106d04b8,753656007.3983421
ee102e9d0791ee82ee4da2e8,741838458.5233642
1d4891dc27e0050efcc6c403,583005196.4442608
dc1fa8fcd0ffb8872d434dbf,559269207.2745062
2a5f727304ad67d1cd269361,899453340.4805259
2b10af4fcbef695b327b7d0b,834846697.2591742
516881e914708f6ea6062ad1,1188878961.2325191
5a428139d5ce6bbd9505945c,1007479524.54479
38dbf1b9c5963e9c3d008340,1178406895.2374144
02c6e8c7f36a2c68851600c6,572712244.2402593
d2684e676cae87d75dea5ea0,593653182.2053397
027947dd01dc991ffefc5082,574522887.0214707
0af13e27cfe9b8f237a9949c,770344723.9543498
32421841f7eeda76160d7959,507984950.9950738
96ad0e75433cc18f20ed83f5,906482826.6355296
b387b5eebf501a620f352504,997208835.3713899
8ed95f9bf057114664ea441c,478624937.80465436
114318a8e5822ece53ad897c,491788190.27942336
3bdd7be0b5e18d266189d991,570703622.5398171
0d2c4bbd8a4dbeb6337b5c14,478161694.01857114
a98637742a212e332cb5d1f0,389804635.7507237
acbec9114912932b9cbaf0a3,382234681.3995825
fd81506b0a00fab1ff680b64,473551323.05252576
49e531941384af389b0aff59,668281830.5530111
8f221efe392ba42b519e5f57,849705956.0832373
1f33395df1e4f6a185c507cb,703272844.9523333
fa823373d2e7fc9443ebb6ff,625149158.1430658
0a6966f19bc2c303886ca82c,899372765.40412
15d9a0353ad54798ef95e0d3,1011849599.8854446
0d95d756b838d3a319277424,898403716.545813
d644b23e4bce0e6e50ab9356,912275241.4627725
6dbc77ad8c5c1e39f72cd2f6,860621755.0234675
2fb5206d246ee7ab22fb8143,1058665544.5696483
f1582fc47e7b8c0eb0cc9949,894567035.0602472
8d7dd9de4e919fec5916862e,746686710.7798816
0b67da6d74bb3998c80893f4,447628128.0812521
736d25efc9e570379d32c089,976766907.5288011
4615a8a7af9d7cefc7fe4c4a,1142688890.7732303
8b753628bd37b9759dad06ea,500471654.231043
5c7c83526b72ced12a08e573,591392251.2080977
9baa578a930a94f761119fdb,625267241.3800783
8fe1a07cbe9b8f3498cf74b0,429767975.3514859
67a7cfe6e95aa5200c064717,545433098.603041
b7e3b0c90c0d3bfe5befec54,537535177.6350847
e6a547b2c0d126c9b6800515,672756661.3085372
b08f88ef973c9d1c3a86695d,950976051.1618588
5933c18b8cb17cc6e4ae91cf,1165402307.0755365
64a24372d58a2cf535c3aac0,837187889.8426781
e6f9288cdadc5851d29fabff,1018843789.5770957
71ba2f992908a5f91f832406,799658825.3690068
3af4b54bb5ee5fcff80f1e53,483303500.14476657
40d3f1f00de86e74e0304bd1,726603127.7214463
3b758c26283c2f11251bfb89,1268566438.5833492
70cb6337c8c3f5225fa80026,1034382703.642821
0dd510aaba8036e8fd9d667a,892868264.0097978
ef6ac2a5102d7be910a3e4c8,594546529.9491128
24c32572ca6161a603a7d0d0,440302501.89917934
c7be09a810b9e54d2dfba4b2,699631295.79377
01a5a230e8a808d844e64397,822967867.9511482
5ade8e9c79288d511ce1fd79,620924824.1957216
7cf50019422bc9569a985736,653918272.4643906
d4716e228067a7bb0f30aa30,654999658.5359532
cb79e02041eddcfa9225346a,789373102.817678
b059afb753452ba358fb432e,1180126158.276722
fd9f78fb2d2f4d01e462bcea,649722872.704653
6337f924f515625e7fa638a4,937994509.77898
3adcc2c662c8c7c9db5f0982,950387249.7863643
6b7aff233052b9bcb6b9448a,1085253043.548002
cc51811e23409f4d77995768,691308551.2539971
e3cd7b6dc0495d5109086407,588783899.1040117
e63f468e1d9f86530d47ba4c,544453975.419889
8bad8a7faae115ac9007b13a,689356278.7186962
d563312854016e9115d034aa,715018492.470729
57c7684f8cd8d78909711b53,605654358.9859416
76b8190137ba3daa55db33a6,727279340.5686116
2bcc6a15181273b2fad05e3b,837687110.5919477
b998aeafe2cc93bbd96dd9fd,206747435.44841367
eb77734d12df7528af57c674,162235985.2001316
e8df85384a1f51c31015ba08,1110336041.2524853
b0a03d567e287bf4cbd7bec3,466769155.2204535
dc8bc7cb687a3a42b7e7d5fb,1199241437.0834527
147de03212e554abbf3fc3b7,752120723.3106741
c09b8c236316b87a92a620b2,432323007.3513782
f5006b435fc92111d55c0603,80859939.02820575
ed70b749e030cc8715c0eba5,429243247.74548936
2a9bbd878f3f45745d76f059,887938807.3377373
503f33d11f75b6b5102ba4ad,463834279.0357187
41479709513815cf5fc1eac9,886944317.3845515
0181972aeb6bf451012a47c6,719561477.1526177
0b35c4a3f20cc0eb751acbac,514723258.33831
e5de98822287c2caf8b209da,849602885.097376
f3d82ce1c6fac06e4997f7ba,513547116.30644596
8e17d7d78e7acffdcb04d982,478667845.73851776
f1e7a0c7804083963b5b6de6,570216632.0833397
918dbe66979d16b147bd3322,1129698580.5291746
35dedbaace193598c9c438a7,557343729.3268781
e67fa931031bed13c711ad00,654898425.8671856
eb2bbf82cb615e3227305b55,497355018.4234816
e8d83f7dcb876d5d05ae3e98,764127971.8242227
2be93bf5132bb788bf045c28,408544518.7092621
ac2b1b560e8bc4fa1deb6f87,759484715.1595242
674ea6932fa9e6b7581479dc,419623213.4819244
4893b21db2d6aa4417e1cd1d,731117039.3563368
2dbef742d0c59d21ad7392e3,672749555.7878464
fc16776abc877decb82a5954,707183532.3566312
6f84d405f419590075610c5e,545325658.5879239
52cec2691ff635031fce9507,231708513.22807425
830b1a2d33f7754b9acfdd82,567964068.229027
fa908c8dd43fcbe9f721c0d5,1121941237.4715228
90c3b93badfe7231410e95bf,791326145.0634594
60a495b86d6eff1e345ecb06,683078982.9201056
0468cf58f40372acb9d5fefa,793987296.0377743
c523380518164e1e317cf1b8,1058054349.4333035
142cf530f13cbccc3cc9d0a6,965928548.0753839
e0432ecc0c1fb2b00b5435af,637485203.4520783
3af3a702988bfa0599727982,807270342.291471
99fad8a7877c57c0af05b318,853373083.5440814
b57250de388b7172a39dae8f,1071345843.1130813
42fa0158217c9cb820f2a06b,596115386.2592177
8fd452d3f5f1dbb3b65f5274,1246899416.2867074
27881ecd655786b093349ab0,1183971134.2476363
38029a1aa22c0a5beb065edb,1117806353.3207288
6750be41e08a725705256b0c,935732132.36298
90bf218565cd67ed83240033,1125862396.1174164
c6a089a9bb326c22e3f3aaa7,720523896.664227
ede08c77d6090e0900654eff,870337754.40228
2f7784465c1c69c8f786a0a9,780058345.7438916
5943151d9a76010179f6c297,818638303.8812492
82a3742862a06803242b703d,762990937.6602455
b815204eed4398e600b366ad,1289778289.271363
11c4dba68fb47eb9c49df169,745932141.7045547
4ae7dd50c6b743bd47340f20,773441011.0868491
d81a040e22d541a74122f3c3,24427592.11694479
34c84d0a410920c303ba69f8,485400423.5124788
6b0828221f9cdf5cf39e7c15,349640228.4518844
c50d5b4e75f165eeeb2eba97,520377429.5465396
572488a9a75f64434dca5dc5,364074480.3142496
0e67ae9abf1e2b2f66a91a28,574063245.2891768
cb00154afcad81df60ee58f6,632002823.5125428
75801c34fb510d824a7d8366,624693862.2562479
98f2d7810641693c44096ada,1061085299.3078067
1fb4c88bbf995f77f2f29b7e,621959815.0386531
0abc98f7ea1e477c6fe3425c,715062988.9084301
b3401023d3097815687d1160,803001608.4471905
f1ef14babbc4123c5157eb9e,850952689.7588868
ecf47573fe1ff641f6914d0a,951104721.5814049
0ddd21dcfe89f72e2246ed79,467357444.75012547
402f18888d480f5af146daab,508665642.9381712
61b3bd442f6fc8838e2f45af,674437027.4557657
c4eccc400db2dc9627c9879f,564291410.6524577
ab38b4fae64ab90a55b5a403,1021437191.4965496
7f4cdc01f9086bcee46d1d6c,944329983.9836712
1be9d865ac8d01f0378bc148,947139297.1618078
f2f43244cda8e2f5219f3db8,584266903.8985459
89ca905d858c7731313c82e1,724711927.5390551
5bbd0476c27c53e2bcaf9462,884157488.6419073
7e177acdec9c0fe684d8fe44,908099390.9083693
b764bb8ae8ba0d736bf54f5a,621355185.1909121
75f6d6beb64d846d965fa9ef,999612687.0884376
b5293710d0cd75f95de001f6,87977095.21001959
8b8ec04a78d3826b2c8a5754,703816766.8965424
e35579e8b9b24dcccf93abba,731163149.0353242
db5e320f51680100f1ec06f9,516222268.59169483
59be3c447844f31267366cbe,850854067.1999934
0f3b424c398a8e8b53162c37,987821120.6151968
57f4a3f6fe2e41ad97116002,690072523.8078861
1c6038b67a40f0749a72e6cd,563078001.9277674
e5da0e3919341762d5beed25,862605654.2296226
40efc0dc313284d3b57492f9,885793508.7720406
601da8fc375ba0b3df3b38bc,1358599377.2725644
61a12496ac1e6f39c5ac5d3b,1056874823.0567491
8635edb61b1dda6f4742cac7,1075944826.9860322
ce12b48120daa5704a4c81e2,-2062017.1008496284
acf4d60dad7953065b59ced3,881327257.4471645
56e3e7d822e13838ab9f85b0,617279231.5169685
7ea2c18341f69f21b523906c,737429284.4029126
dd2396a42097b2e8bce52a72,840101504.2896975
41f99600339a7afc8e386e6e,1062079177.7906282
b2d160f54ce5f98f46818e4d,933019758.3139012
00dd36caffef00fcde85b235,1394163201.4663527
471bd64a0576aa67f494eb98,986590849.2181177
79e307acac5f42f2696b0436,852476675.515868
e65a4eec62e2a5bbfaad5565,876685613.278324
4845ca0d30483b36bfa55061,920601688.9133381
6784e116d96e03911e2a07f7,522008725.16013163
4184fd9a546823ff1fea0b74,709971872.5503305
616a5485bc7721ecfcc21c70,430405156.63991916
6ff3186df9d15b65dae5bd17,430405156.63991916
886706f32695891af743f986,884036662.8204057
daeb02020f23715e663b4a38,770532543.2328849
93fa1c8ebb75b77dea76ab99,836033193.2959163
ab25a6737b3ee0c4e9cf4ae6,696444013.7083654
c5641447732d3d1269965ffb,743785472.0886607
86b290218a62d0c51b099a08,848484592.4789481
d7b82133acf54bd3eac338c1,922932906.951293
10fbecd8de540f1fe4c57b7d,410384665.8063425
137baf1609138c6ca2715c7c,366156136.2455367
f5534949a53bef05de31b07e,511287352.6556814
466d4240af2cfd09a31cf3ff,923886341.7837543
7478693f3e7e8963e95be8bb,832899860.6421204
6e537e91af0de67558bc1ee2,570598380.8636067
f5b0b51ed49be034c290efd2,860737348.6340588
a4885ce6808ffdb878c41f97,598449378.792551
a14506a4800c27223fc34728,941732403.2451596
e8e97b7919856f9cbb9ad02f,1319235539.867629
e16685dae2bd3b0a4803ec9a,903117636.6012604
044b8431b186eb022cf6fc24,385112878.0879206
60de8c37c9eb96efc432451e,1032564399.7006224
59b88e154c07bb7c0ddb4e8f,1051182162.0064592
71590ac868415f3a185dc15c,724775440.1156583
6388b4cfd09e2b1219268cb2,703665822.6636889
f865cd15368fefd8c9d6aabf,809118607.6656841
ffd916080b1019827491de0b,1082146861.077613
6b8ce573bc2ee68ace26a67f,770532543.2328849
7ce704ef5752dd496a61d857,836033193.2959163
6b1a1afa055c15908a855e9e,667896669.1529799
2a9338f62c99dbad25aec5d3,1071850214.6115236
c2282da3ece2dca6e8a3bca5,1027533919.654072
5e6324cfe41c3676c7d0a5da,974316188.7271132
f1a4afc2e543ce4260f1d781,792677824.0801653
5d17daf3e98cf433267d978f,850471151.5082015
d5f41dd3258aa346367d7725,534885354.6993183
da35c757f211ecaab20aeb3d,489402324.851994
8d9cd237c737f6e62092a08e,1190405815.2231045
9dd98816533e4ca8516a5474,1025962558.6194413
27d14f352b2983177e836e3c,1089337709.2034535
3dd4fa53bc59e5852f9fee98,1226845809.777996
3ca74495aa9adbd533ccfb96,1066426993.4549824
dc93d8ca60d60a118f61390b,594731781.642167
dd7b4c374bbbcc60bb090fe8,627168299.7653689
f925a05397ca6163230f7ad1,759412669.7465765
66a59937c54eff29ab14b474,881425946.8776325
077db8e0877b924d1b57ab1e,131750931.34668303
aebc3c6079c1a80f8b2f1c7d,1058688909.4899467
ae41a566826a10d5a6768d36,939725639.1711266
489fca3e6dc044412d00cca1,737348001.910155
fc2f58cc289d29fffe8a5fe0,772526616.5646542
59519bb6d5d299ee0b767224,681118927.1592069
19921a97a52bed6c6b8f4135,801867398.273289
ae08b7f31e69fd930ef4c832,907252328.3257486
1b67fbd144a4a3ef40bd9824,618611385.9576545
9e142165bbde850d4379a49d,989831304.8265989
d3e971e2e224a20530ee295c,905332862.855315
a672cd6c8c284e14913222d8,620046759.8543177
93086ab3e32aa9599708382a,773428501.1223763
63773145b1a896df26504b0d,472243669.56969357
17707d66753c1eb0aca28926,468293374.93074656
6a2d4d9a257fdfb2ead837a1,509250145.0448962
f9158cf51f5e9f644349a774,791666405.5922296
c09c39339b5bbd48f349a430,942426072.9754603
d470d84f5d8299c52fa24499,442595135.32114357
9d028997ff036c154c3fda0b,1005054041.9605738
40ce7321869b706210eda9da,634685548.4441833
3fc826461ec4648e4f7877da,835967339.6556493
0e7dbec40eab1b3e5c6bc665,1192861474.512728
81b3256980dd7d7f49030c78,1190410652.5829682
fed2e1459e9ccc06943a05d1,1175030194.2218854
c535169307e21e5df7ec88e6,576556081.8033861
d78d84e4e42f145e02e423c9,628477728.7009916
3e523ee3a6c2d89436539792,628477728.7009916
5f2df52db15d2e0ebd327a36,746331994.4141079
1c1ff56435675288e78c4735,730871448.1984878
ec4226205a38a45d97f35828,1051626193.281316
3214488a8fa9cf8b3dae877a,815111821.9938924
4a4fe76c58f5735ce6b018aa,883402867.7375978
ff3696c808d4835d6c7cc9e3,684241058.3519859
1aee9081ac4a04490eb3f0e9,1044081825.8541908
8dd954e7312e6e6a07d6d4db,573500391.0205069
daa52a91f1fee77f75550246,606995759.1208904
a4ad34eb244e48afe23a780d,561628028.3929068
0b4b741487c001323f508d5d,628477728.7009916
cb383b7a746ed55b21a8b245,968797558.8895735
4b092d4d5885cc224f6775e9,547851560.2449138
ba12305002d24055c159ed34,22738052.25333488
bd74d43d99a240ef4190ecfd,758813413.7378938
4957e0b129c5caf47b026c58,724817187.9870356
eb270972f0f69f1671a0a740,692128701.4274389
d51d3ef396efd4760c979de4,746134370.3304464
ac65d147ee69785195ef7da1,863706913.6402739
53ab42a93b6deb152951f82f,1137885194.2641566
5826567e12ee3192785e36f3,930392786.5849199
ab64918f2b2b4646e87297c2,1152880200.393631
88b0d688281db2ef0a782921,1041505092.1518078
dcceb6a2073faf9f89f3431d,985942869.1920384
73bf75d5762e3dd30fca7b3a,735933773.2008806
a45ba5d63cd1971de19c25db,902148969.5686233
8467eedcf9a48fee0d72d95f,743667983.984621
6184f12f3a903658f3319290,597213775.6350453
92ab018394a5398b832d0b97,751484515.5758467
e8e215437d023387c4a55515,677059342.7616099
7b8a6949d55b5bb27c3c6839,1029263700.2782674
33f1a7739cb556a78af083de,1066600131.172678
39c6bd862f908b7e8088f0dd,977490314.6621039
ae556ff5f318b73d3b29142d,484844037.1122247
e2fed68e0b614e65c05200b7,852909965.8042839
c62a4288a4a0336b1436132e,759170967.2447225
f23b32fa4894b6d59f73c151,1019866754.9030757
4ac4fbcacef08524ccbf3623,-63426438.58000696
5b5bb8156b98eb51a58e73bd,482430653.1247606
53fbed4f9680917f0615ae7e,498782969.77274394
730b528617c2841eea5addaf,1041209942.272809
13d08f7e14471fcf517c204a,410035909.24495053
da273cee807e254fc9aabb9d,1091602763.975259
b8f7bd85b61951ce83d7f57b,1140347442.911556
4954ce465ba712543bdf34fb,473885123.1738113
b7483c951d2c19de665f07b6,251908503.0864107
913cdfdd62e35472522d0a6a,653928523.4539491
be28b90a71e2922437f25110,653928523.4539491
b71857f1cc385219f114035c,473885123.1738113
a72041a40ca87928c695b2f8,653928523.4539491
65a626faaed9d9e3b172415d,653928523.4539491
229bcf400e309619268dda31,653928523.4539491
367bc4fef78a9800f8616d02,653928523.4539491
dc0ac888f1e87924e3994b4e,653928523.4539491
6996e88c10a94d9ee7d05357,643798666.875551
cb8fbae1b4141461127c97da,844803014.4180727
d2de34876a7a6914c2dc479e,823172209.235822
c666974c4303d43b87714c62,1020279665.7946377
e8491a7994738d098a7aede1,923015570.3131397
9a6440e5318b2de28b180a2a,1018803801.8369894
9ebe11eba1a88fcb24fcd141,486216846.6951009
78b0f0bd0494fba0293eb0c3,597852750.1029526
047b0ded64dcae203a3015eb,620426747.3251504
7b95396ef4d0e97de8fb4986,799886546.5033504
08f1c136d5a456c0215ebea4,765133293.1213751
0880b703bf2064f59f2bf20f,1013795102.9559088
cfc069bd55e152e40b3a1391,731358425.9109331
0a00771ee714a2f3f96c31a3,709925321.4252524
06acca3d0ef4685dc055ffa5,237920752.46903926
f802b026db4bf9d68cf00b16,133314235.69795072
4aebacb9ecd0a117307c7841,1039558595.1593549
81ccb7e0255eee6274f5d930,1013273905.7749959
cd17bb739ac79f80d6f651a8,458475657.902706
917829a0aba571cbe794838d,653536387.6685597
5b83b73ec31031582aabc527,138348490.9589619
5e18ac352e3f3119f5f9197a,902286952.50092
b7eb15346797508f47ae094f,836575303.4014076
5ac98c971b9293bc6a8a6aae,966787921.0790048
e196b7cdeab1468d5d4e07c5,1036185120.3808038
0ea201bfd515584bbf72f902,1113402951.9720225
d2e6ab3b3106f36f2c3fc119,571427503.2420998
59db28ba77489750903261d5,715978179.8996731
b348c76e55613f53c8bbc94b,774930803.5920099
a1e38854d6725e9c48c128b1,774838324.1899716
b86c526fed01211fdbb62815,793881911.3308177
1d2b83d973547da8c168f743,579707769.2836273
0fe3dbfdf25d4b013b842b51,872234883.9600056
71a20a4daea6d31de942b2ce,813341077.409845
35352b370a31d01748616b01,781460191.1887953
27942219389ecffbce2e1d9e,1051097328.3466794
62fbacd4e172983a2a998daf,925242564.7905828
00c1165df93a4cfe679f54e2,633736572.2062902
207f669778ed0db0e619ed40,782779762.1348193
5ca0586ab7d20dce5e9ca8a0,854522757.966167
cc27435df779f16e6a62b0c2,1319838193.1889415
7a94d3d31471ae313659aeae,1000501442.5351247
efebd19fc5a2ab30f2ccedcf,752988121.9965963
8037e40c0c8b20ab6e0d4b78,486879259.23242396
5ae3359bfe2a704de00e8801,771894976.4531164
a5587c93c012375dee920f71,837699417.6465611
ee7f7d547af56773a4b0afaa,780239418.8491757
9ed988dd6739eb7ad7aa5a06,739232086.1764437
26c08d7331ae19e1934a22da,773164597.0998895
767024c66d3a88bb18407b6d,709948654.0031817
6afa85ee6594d1c8296f04b2,515403061.43715024
551ca6ad1ecfc7ac21f8ef0d,1018385553.1803226
1f79204a8f62c29b0a1b29d5,442859023.4252248
3dc0fa238745fbc31ba88853,320352558.65445673
4bc3f597867c6844e9b47fc9,553206510.7553388
53973c17ea7e89fbee5e6cf4,57347754.391480565
05397b2087e5cf381809f169,629437802.3911337
584990ea9718bb5598495061,138782819.35407495
2e7c6a89d2cf2d835839f5f1,734297555.5652069
5c02d79c59fb636ca4cbe86e,623884405.091528
114436e00c03b44096823522,596100624.7031212
60caee98c3cc8526d16d7f44,594083933.7675191
8207612808b5947f2802d2a6,776537475.6817945
31a73382ae20331521bf2e6f,1282531579.1608806
c58947cd4f238cfdc0007bf7,1179300677.2366364
a7ee02ad2a4fa122799a2dfa,1002505292.250885
c77a63e92b9f727034913d8f,926611473.3765466
56c6bf831d3c6737e3844969,1141145333.4178057
73ec6f4da3c277958cd2c228,946701995.6325507
7dcd1916c0485e0b80f9eeb4,879788650.0781305
cafa94c4a56c23ec73ee9071,1197988599.1928692
d5ccfaaaa739b2bb2b3d46f7,48352868.33770192
e6d2e862f58445084b2980bb,1012294012.5043197
62f96ed5c1e5f28117949a23,670338498.571156
20d8980a4fa8e094b7a5f00c,670338498.571156
0172678cb0737e21a317eda4,627691372.3958975
6254ee88812e303bdedb8767,1204642291.004118
a812ed43db71868625b351bb,954543144.8463387
2bd1c70db60a44d4400847ca,1062712314.5337974
b057dd8a9c2082d1a78cba88,256955657.81459057
2fb149a70fa14ac05582ae69,671180728.5536523
47e282cb12ae01243d713178,473352903.51957065
ae47cf27964393fd56a52d7e,896317141.3534114
21642991a20d6b0d17dea2bb,634280213.2970101
43b10ad2660d7552ab6c3b10,745320554.9501871
64e5093d6bae57e8b4298123,942238297.0362113
9d8d3e6fb432174770c74e71,561178846.2782602
9f2498c12d7b41c213bec0ff,370368810.27325743
6461c0a03ad3ecf2f8112759,697991620.0558226
09b15382686c42fd89b24285,869049840.2838893
da846b08fe2205d2e2a3dc71,435295447.30509526
2a89ac6511416d0920f1b9a2,1086101035.7516205
3e9083411c44213130b2ece8,731480517.6723661
0f0df5694eb388d843e1f17c,437921780.5605918
ee6a288e644183bb191a6526,334713902.2627263
8f570610ef199a3ecc49a0a5,557398404.5809736
3115e2391cc3a078b5e6066f,565677953.9930271
c7e45098251c687efe670815,670747221.9208702
8a3b7f5a8da339fe19e8f138,876545403.198421
2f801cf48edb712627196b2c,608859810.71015
a147a8c29757c5d0c592d347,772366261.4643857
86b0aa633bb16582bab5640f,590107345.8999927
c9620e3e2dce92bf95c57c6d,640437358.4700552
b746e4a5c9d04cf4dbf887da,984353515.5770912
915842a8a03914c08a6607c3,175172700.15198898
e9e6e054c1d09a22b7efa20a,673313345.2032437
4b6fb9b705d80ff350bd620e,504328729.0226859
9a51784f33b0cdfce8312163,1499525879.3117554
176c9a90fcbceb91569fa3e2,1077421139.0853422
c97e70a767a3661c4869bf86,1180637266.4067907
a6bdb6221b88a24c9f8381b0,1147169698.7658067
0a1e6a95a0f9598150c121ce,888099036.302841
37d12acc69d0e3e92420e62d,895323988.9117141
d433ad6c3cdbd707e6839082,979881671.9164636
36bec92975612d091a3c78b1,1094494141.2316017
3eb97ecf8069775b9104af85,917232944.767178
9aeed339b2d916cc89f38bc3,661298973.6355367
f404deec9ec16a8460397815,975581185.9118977
8a0114372706f30bf6867a2e,1210118462.9047685
681e772045fbee930fcc9ff3,1038762546.512099
0816f29a68aa35abd5978e7c,810346580.2254839
670fe8f7b8ebe006885b2777,800270238.8001201
d36dd340e5875df6cba999ad,1075210700.1530771
8ae869c5033c248f881ac313,1011114451.9820651
294b04da3eaabadd55da9c20,1121216425.5102496
17b360d57782208f5afdfe4b,905978398.446893
88ed5ebb575d026f8d440c60,443042284.75751644
e611a37562f88ebe07bb28d3,493798793.3300036
e685650979374c571dea2ec1,483333530.81863534
10d47d2c73f0ccbc97979bcd,698309883.2610456
fe96a7d758a874b1f0c42145,538630042.5115759
a7634531887e969c9c5469d8,480696457.0602054
42f38b1b2dc077c88a746c1e,594151080.017205
25e832098d9e6e7c2f9afe2c,820943244.5834745
b7dc47c641b46ca99fb83a0e,1064804823.0237439
0391d158ab104c5cdba31872,779581330.6191759
a3c4d0ba7b85b9a6370e131a,1107976044.529212
27721beb237824844adbc289,871881288.1791108
6e807e25b64bf0de81f51c12,1144992631.2072847
d2637d64e4022075c8f539e1,959535375.009379
faedbe92e3296977872a4aeb,1101886416.5891976
5bbc190cdc5ff3296801ac0a,776287786.8308595
9b0abbbbfe0bc85686304ad6,612007532.0572035
f8263893418eb0752dae48f3,440778072.2300762
1e73d6064abab2cccdb6610c,349623740.52517664
c0155096575af5fc8db843cf,-61023099.55666268
9c7f7b0ebe440f60d3bd478e,440778072.2300762
25187d9f4cfe89a525ef2493,497288447.5193292
85815a09bde2a30e296f65bf,269592935.64214826
fd45b984efcdb0b434033fd9,470132740.27045524
5dac2d2027b6c81c1b7ee3a4,349623740.52517664
7df538c0c831520e6d36e39f,517700419.96907604
14b81320fc31c7a513242171,427188087.53138983
8026e480ba395cfe1e09cec6,440778072.2300762
80bbc51dd90d131d091521a0,472177183.61519045
ae6ac510d3e46a50ef24896e,440778072.2300762
06b90d41ad3ce1d0d389fea9,697613899.1648871
8d911c1a195567dae3cad99e,694668298.6909226
2876aa9ef0b44e43084393fa,666169188.0613077
76556774906f9e12b319c232,644565354.2017436
9662cce3c4b92d1c99849899,739232086.1764437
de3d078e5d524d8a7b65841c,719493176.0784469
547c8638128424b89d602f50,1027177641.7905974
c8a3dc3654c53cf66953de0e,667438112.2808193
21c8b93e50ac884e63514f10,814356252.1159847
49a0715897795017ee0de843,754495388.4656072
5d646ababb10f51c141e0d8a,723866809.0328355
da598f8a82b1ad1b02961cd1,843449203.144139
84d8f7109615519f2ab0a48c,927845920.0488198
0d027b81f8391d73fe0046aa,901263716.1213075
079bc331430e94ee76f8097e,1052508099.3533431
61055e6eb1910507640ce6b4,1125407107.19475
3f6effb8881ea683838437be,768405178.992698
92c8d6ee8496b91821d7ba3e,863700040.9904249
78a08f21f7d7c51ff4d5b8ac,1052699392.4024019
f7ee7282cb9edc77740f392b,1019911902.0340769
694b0a500f1619c4ac4c85fb,897255951.0861845
13d43933e04c3c7a9e5071cd,972194429.5578382
5abb555cb9d65db8e6c28201,597293989.8026235
ee8103b958673c589b9cb27b,959069707.4017015
5b3a467a3b0feb8ed81be1b7,934298223.0190554
e570a5157e02d440a78ca008,736390575.7056172
70298b5e8fbd66aee975ff14,861475252.2358762
2b552d7b1a1488dfd618b120,365220783.46933806
f4ea9c80fe71a1bd0b692475,792647506.4090124
e6a9d5c9a82ba73e76817a81,788314326.0695052
9b58b5c993540ec3ab1e4a0c,637711406.4539996
00858277a3cf4f31b8e3f738,660990745.3124045
d937ac866f671e4a0c090879,1112976938.5351143
7d02b3479cb2d89d55bd4fe7,1194012209.27129
bf79649b531e876c5f03883b,568315456.7477283
66a2ec5aac8969b2be538c1c,1194012209.27129
7637c251618135e082a9e2b8,943463447.8175361
e8c9070ca596f88bc2e0868a,635108248.5280273
64adcb2941e9553ee394caee,545074930.9047623
0bc8475715e42b752649b4e6,545376097.8334919
956ad3b1dcbe8f236efe2d2b,505688482.6741253
dc81900a751b64dedcb4ac39,714940358.5299618
02e52d3895522d9be85c4544,592885158.2091473
49d6752dd196e7dd583baf44,546709959.9501045
8364aa431b2e267e41efabc2,761424522.3898467
1b59d33f9000d2e1aad46239,268610953.0989158
74a791baebeffcb7e7b917d0,808292611.4580532
0a3911a1a9284f2ff81689e6,576622994.2778413
6276bb8ceb13d174b8e405f0,533605986.3128737
d573d2caf8c67aa32bbe592b,586680231.3026874
57cafce17dc4de3bf8a9ba90,1220609708.60776
1dc9e5c684c831b204d21585,994443088.5904775
48df432642971a97d3d4bd45,534117113.58001184
4902ccbe8456d3f0a29e5059,716619947.8561044
3a810dc80d3a63f8cf106717,1067031394.4858679
c9859204696f3440cdb541c3,1067673428.571354
349fa9cfa15d8f8bdcbe863a,1056242327.8354024
d0bdb51c8020a37fe8344650,913628440.7590894
7b037e6e5d110999e51b79c9,762344262.1401004
f677c51266f5ada9e23f20eb,-50783853.00297916
1b85d69a0f8ce1d6ac4d4475,628305314.1206721
4570a3ca0571c70657b4a1c6,1071536292.7214805
de32ca7785b71dbcc76a50a1,882742700.0920377
4e3cce6b581e74879c2dbc4f,674735175.7189319
09c4d4b5d1c0118d877d5734,986362172.5634084
b9809baae395914981a9296f,984798613.0513597
fa56058283c975be76d7c990,897105717.418066
7b32938ebf0b1b167a3d2d20,1000703498.6020217
bb38c1c17612ce593e5ae7bd,364259531.0718812
bf0485c2e267d06b9b1d90c6,1006076920.3957126
0357d0ee6e0646113ea543cf,1143083459.013948
ddf5182c482fca7d881fcba4,604594114.3545947
47e6a61fd652a3dd37556ddf,1016519919.2846973
a9054883a22542257c7e778f,27819350.598338246
d7c70d831e88d552da09ff29,947760010.221287
d4d138bbc80a0b29ed28a4d6,691611155.2830622
dc9119767bf4f21fcccdcc69,954629988.6522698
e8caed8cd754b0e3d43e6954,931715600.6177341
033307467830cb865a785e3e,644579761.698423
5498b3e3ca091bb81be87166,866597198.1025391
bcaded180edb36336c2f5b96,1364331014.3048623
ee4377ff95580b93e80ae08c,1077524367.3465617
c25e1e289cac1bbbee489122,1078317025.3129647
7e41d90a838048eda035fb27,1007981117.1294758
f418efb887a15127cf2563b1,564842553.8740515
93b27fa67eae8cdfcb846772,833582048.7371562
6a42271a0b03bf9a856d1acf,980006305.7840977
2af9e271765438a47fa7e7a9,786134586.6422834
11429e0923f804d7dc5d27b6,850196435.229795
c218434cb0b05ebcef935e5b,976766770.040453
a98e4f4db7afb8a6c9f69400,621868750.356057
3c35c8993bb937164ae4a880,908146372.4438609
c23a1372c81ba03e6dabb0df,643149673.8646395
cb332695a296899d1c798426,798693872.9454063
2ace3da2fc4e0c022f7a8755,1105215237.4329548
14f1bf9aa68aee1ac094097c,909667816.265153
649a2784beb9b821d36179af,496653872.3713211
6bbb8f89bae38eff88c89c46,570527569.3813839
1905b860a8d463c3048b4e46,649177324.1459181
3ec50faceb434f716d73613c,1109313495.715151
99543a17b33ab955d03adfef,984156908.4616184
edbafba81b92efa9b1400987,1161351489.523572
9b3846c7abf642e0a6220e7a,517822988.1634741
691c35e98d0d5780aa82aa06,538880226.4808593
395fbdeb9f0c0586a2b20edc,650402382.7155907
4803a3aedb6c20eb194469c1,641364835.7816997
bf95acc88b60a3d531fbd42e,503112156.3456145
b936e36ecacd7cbc3498cee4,880669642.9830476
293c8a0a4a358fe7554a4ae1,543570612.598302
5a72e2a62121158efe59069d,439799284.7271879
605276b332b5e5984b83ea8d,303708288.60359937
d3de7e975a9215d04567e467,494139283.2875289
44b623f7fca1a306560172ac,660206622.5648869
9a6a8802cbf3549870c55031,102122327.45954359
f43c684b789900c58c8b5fd4,494139283.2875289
dd7ec9d7dfad5364dd303f49,595498205.4425743
506f2b1ff3e4e7e43a5596f2,925954404.2852072
090d371309090bf83b6fe0f1,670992490.1657854
886be9a1881866ab1f300533,338289705.05580765
ef34f331871e8ca6573981e1,378770828.59857464
53bbf1d3345eabc2a8b7f5ff,611790024.9200677
5bb87c8d49ba8ae67a659b52,902671578.785388
21dd47ac3c4e1d6bd0ed2485,1065144271.2775521
f59686ef2740247394547078,1403782829.4437113
8fac177c5a8b4faa21b33138,69596217.72843313
b2bc172a3ab25b8caef50189,1092042688.7156415
a10055de743532d7b7bd29a0,831571293.0816449
c344e3be381326a1b6cb5989,911920625.3438684
3fa4ef366575bc72ca5a0582,1003656635.245311
e9205b722e624eba0fd36145,752463182.7409142
e75699a7693c678786ced75c,877724814.3464818
23208132621583ce4a46de77,836850044.4546032
558d9e4b57fbe6c7e0a09a95,724791671.189095
1a6ecf722b2eed8cdc19ba20,660369197.0527717
11734add51785f1ddb999c5e,641673160.2837243
82c9ce0d018c1d620b7a6689,663279776.7767569
80d95b058cb11ec829b5ec96,736566896.9254253
cd89201cfe3fa19a4eb14bf1,1065144271.2775521
d0a5f33f0689445e22db6626,761767187.7668983
c7c99ae9259b34bf9b8ba799,477586171.037231
73806685dec82cf637f19384,192930734.04534525
83007c444fa52b34482ed55e,710966219.0473273
e08561df5747246d74136dc4,861210351.536874
5b0219cdbb8ed527aec91659,1044103545.252486
119805b72aeb50f05d3a5bd9,884829217.5972304
fd20cc372715855081e24eae,902188446.4444363
e4a021b625f4ffbed391c6e7,913371799.7921578
902d4fc2c44ae5ca2703426e,973294425.6424198
71aacbd62d72d3eb29a744dc,859625079.7561982
7290697f96d8e2101089984a,680987821.9018905
314153750510e92ddcecf33c,1135063451.1822343
9d576cf721ad30ab1a4fd554,41574942.553447485
50160783a9a0503df5a38dee,840778169.3804841
0f4abd70b68453d3500eebb5,579887765.5995363
42cde300d741cb134a529031,596080472.4390839
1e9cb258a0b7e08244d7fcb1,758647081.9566857
febc9a1b054671445d756cec,1030529065.6596845
39351adf139f820864dfe8f4,924676741.8296038
b4fac45659e67d4e91fe65ff,26121362.85733998
fbe555f6bd0edc1bc950d9ea,1055482649.561769
67308f6bb80d2a203e306104,246661113.04806042
799cb909791d43a1eb305eaf,576374741.7590309
4354c1b6b27a87c451ddaf36,575440720.7020793
0b937a3ea4864896b744108e,158699217.76309043
b96d8b77fb5ba71ebce2fb26,562808792.8959167
f4b1645da3f4286e39f2fe4a,866880218.5859697
a2d1de4211aff373009809ec,715126410.4285965
50b619ba3e0b2a4c6512bc97,764240794.5197264
3d57abd322b0077efa1091df,1044131146.664103
652793275729ff3b69e86072,581771329.0627899
1e2270f9f49aaf3be01dab49,1289416822.188393
99970db787f55a4d1963942e,473413745.50844026
801d821fd6ab7ee01b62a800,984883419.8921146
2abd46909a251b8ebbd37133,571958030.3136957
20a783884d6bcf1aa5697772,500240421.57067966
2fc38ab2689eb24f63e32efc,1007674817.4063306
1f592cc4ed728909040f953d,750195834.392302
d1dca15e36fcc5ec14dfd870,750195834.392302
54f7aab6b91b48272a81fb47,714825828.1394994
b6d84e7d569d8d0f0d0c9066,1004764448.1899786
54d10cb2a44179fd4d726f1b,1015786495.2924404
341c307eedfce3f735f4a63f,599450439.7935951
1e057cf20757627d1b006141,577116893.1862743
798bf22408ef6814759da1f5,594516637.0537896
9ef3691cdc2bcece41b47e78,952784149.898051
fd5793113661540ee34b8cb8,1149191739.867666
9c4ce4e9f12764544cc8bded,931595449.9140108
542b5322e59a3273e10dcda9,1160882219.211875
af578bfec5d84cc2f4ffb8bd,998405777.826966
a310528e34207b5dd813df8f,866244640.1762316
ecf5c9bd618e3976ceb5697f,939488467.2386949
d342a1ae299065045a957767,1304878752.3871243
f5dcdfdcc8f414cb7a38309f,663717968.5468582
4090c1b86074c8e769cc72fd,691578788.7571666
7ef2d4777310765d0c8121af,782088109.1493337
39222ab30001b3cf45b7de65,705222598.8727236
91a73bedc30e0c2acd95d6eb,952762253.2361974
d1e6d6900eebd9ace65d6c36,887152071.6720269
592c9c45c07388359f663219,992935768.5388254
738111512f5e5052927468d9,1057425246.7017865
0db51d4771623f5fc1026d74,500500030.3998096
82c9556e19072558cbe3a7ff,462434838.21332514
c1e51ab95336a51885b4c672,1043473924.6702473
0eda675541a035b1f620ccc8,996077353.7653973
cf379b41b70374ac4cf82dc4,791444944.8645457
d90c961aa01e51d63e50a2de,759186596.9386272
990379c9f9f210206c6f1916,925163634.8389125
f8189811dc639d760937df95,261350440.14239484
3d1deb639d94b292552a123c,481398267.4556021
43041a793a13a4171f22e492,548020528.9814969
052d00805b2602cac76fed4d,716335811.6583608
c76207e622cf8a208910707a,507515059.1775435
ebe33bde2abbecd6d1fb0cfc,548537826.2244473
2e23ee2beaf5293f57a5c504,471629049.51561356
abbd422c412c2d57f5df62ba,563630101.8739172
648217f4d8b5e0e65dea066c,876078270.662191
52e7657a539be5f36f48bed8,968677211.8488159
3a276f0df8c12422e14107c5,1070128955.597061
dc537b5973d2b94acf6f23df,1050081529.8162901
0a41279a5ea9b92bf8cb79c0,1078979035.4550188
80ed77aff62d4c57ede6ba94,891587060.9999073
1fbc660f780245bd72015f07,676480423.195906
df1f513009808ebd46ec0847,638091678.6027288
58708fd9e83147daf1a80c48,468115896.8500296
52b699f9900d81ae85ddc7d6,434919912.66627026
98c5b154ec80083bf6f51835,1082146861.077613
588400f7829874f9de919e39,712127251.398248
46a2a88ef09b2aab932ea02a,688956464.1929061
31474c62a8f39e250fb2882b,1060343733.1972241
b40873d316de1c295f2a97ec,490367761.0612333
bf4b8b23cd87377169684e98,859254620.6444578
a34b3b037805f2ec489a95fc,775349837.1296527
963985c57392ed0423d74caf,593098034.184778
a93a37e4cc75c069e14ffa00,815040782.0072503
071f284d07719a3517c55567,897527579.4826615
5d030db414b00948ec10d18f,802932003.0862947
6e57de8c4ec2e42832cd4b09,1041607653.6945677
d9ee40ccf461ce3e9ebb815c,652098259.1483817
ee13d186a24af238d06e0c2b,886901819.8740542
f27397321c007765244e56e3,864378889.8884003
959397711c3f452486ae591c,810243516.8371705
a41222195e5c7d7987dc3c7e,589699025.2128878
ad14cc63c36789bfc1bac0ef,353262161.10612404
79ea72e7b03cfd4fdb5219b3,666479031.0297105
cf68e05962a41395844e9c80,543807784.9684378
4a20d03d09fb9d0ee5565ec9,540197349.3994337
734c9446d0674b8d6545bfef,582726026.8640639
d9706de7190ae64c83e65769,707145396.5285687
b778282fc4b9c43055629e44,1042737332.844288
a4d4d6480b56d6198c0120d4,898865685.3000375
7557a9bc12cf0f2901c00264,1073149488.7220473
41376f69b086937257387f1d,1060081254.2967627
2910f3631d1db77e4b61f8b5,542567361.3305724
3a8a506c99ede47ae2257e87,938474370.5687025
25d89911e830697217d460f5,911685358.6534185
365a227184022e99f1d2a816,851805647.7654192
c6e34cb4e79a729a5df4183a,938474370.5687025
c5c3f06bbf812593d1b95a40,1016628775.7187464
acd6ad0081960c0f17b144dc,998552933.0085332
344a104d2210954497a5a388,812816657.6274304
c0109086d0f49aac6c3f3f18,804557222.0881684
c42c99f5da3248e7bcc73fa7,1104301467.9820824
8e1e9ae57400052cbbaed9dc,1038197667.4793987
8cdd55d191f206b0841e56eb,650663783.4612056
c1e0b47866cf4a0120e4b3d6,646525896.299322
45a033d121ca5afef24161ba,822656236.7576759
bc834280fb45fb308d957640,506878975.95837796
9ddc14c8e7fe7ffb078e0019,962864017.102267
7d66238672def6f73c25247a,962584797.9004843
2c12cbaa1f14553c1d41b958,512860525.2423279
196969a98960a68088266261,434919912.66627026
a5a3cab55661982b7d30bc78,617225856.9233986
6464d5cc161ac659dd963897,720796383.4730732
e9f44786cf982100af0984e4,940363185.1732459
6302e608d8f37e63f4e5cc27,693761253.9040984
ab614a5008d68aebe34aa201,881189076.8521974
06bfbccfb3ec0b1f65f4b351,1250793281.1701908
f7f46ac9158f0a1edd01709e,948205129.1472075
6e233ae6294318baaeebb59b,759323713.6301991
bf6e713a689f574b532edd4c,1045337482.3512673
a7e97bdf2d4f2f62f9889c3b,612836576.5538952
784822ba0060eac9358cce22,700397872.7318676
13c51ea93d19df6c273a1502,935786336.9986972
176e00102fb65cba56279287,812083914.659652
52e5904902e4d75ad87afde7,1111569929.184834
728ce22c8db9bd0abe3f20a8,1039283859.141066
e8bf121ec117e383c843bc51,637154386.5771567
878ff8ef3c862929bbb19ebc,790967664.0078506
ed80ba018de35d5d76d50db4,1270004639.4266872
9267fcc93ae3b6df8c12d9fb,553810973.5408102
babe27dc477f5e1b7e438422,646392930.947125
a4173461aa676e09227559fc,629761031.2835387
f0b2a0602bb5a83f0827ac75,548177338.4649646
2da346c00d6fc39268f12b82,608212071.4794301
9ec5fbf8767dd0d2744a79b4,665823104.4850041
c85e9bd6e20ee2a883d0a7d9,639065888.943613
191cb509fd44e580ee32486f,751198489.4749501
053d37bf1d988505b5e91809,561112387.9381784
4d3a66e028dc8f3e9ad9e9cf,682709043.0346527
c75b265c0eb946ce77e32ce7,882807642.5462956
d233eb8af3ef7e325f6c8f9f,482006313.0360631
7f7f5313341b3ca499968716,599050215.4817662
4fa51848638f4437a3e31682,864511892.514658
9090236db3ef719edf72a330,1105872219.1292226
4dacc190eae91b059dacbb00,1234285670.4174051
ccd2f6ec8e9841f1068b7c76,965738018.2009668
a354cdbaff42acd1a0b5d82d,949927153.9416152
da8d3092ed0e085a83a7d67a,747905215.6965145
1181e18553eafcf5edf6fa05,684102041.6598945
5b146f1914acf2ae78360fec,800282175.9795806
a0fa0aca2f6c2ae65a98ccbc,861018565.9412751
038bb35043651579f443c481,1020546155.6285417
430c46358b85ad4a741c7187,415847189.78911793
4becfb041b0439429f2cffb4,503438838.52704597
feb87029d5a2e8125e165bef,423717786.0637621
61ffbbc24b30698ab8f735c0,569855026.9596239
0e3067f71dfb9dc2e03bba59,853949050.3901176
b8ec643c66478da376153333,610123328.0905668
c8bccdccc9186136a332e995,803881640.6484051
0f4765c8929a87746217e957,904150663.0745535
68c145df0ef91fb4d14d001b,506417773.13727665
e5b92a0c67c506ca6e92315a,617216026.5615785
a482103965890c922a66eedf,852676843.5613003
1d917f9f5a3cd44cc4dc8d2e,608159927.9900789
4cc968db25c2cf03991c0041,760498488.3596625
91ba0c5b21b52734d1e244f0,583449857.7442386
d6a8f4abcb02142c6dd15b30,669884485.2150067
0587e7e1f03af8ea6c46290e,1035514976.5422876
61e1e0c49f3aafee6ec9179d,748540432.0003089
797da4e993a993ef80277108,832813659.4626634
b8acc8e72f2c498fede3fefb,786147023.8245174
ef2ae24039bf2cff1caa4340,849818099.5548816
cfb8d15c6b0c0e6ee4b92109,880349777.1233265
05aecff6fd8d866c6c157a9a,1046958151.049473
b2e37eb7cde5cf4290649ad3,729125725.9675887
b7ecbd35179a7658f3c11b41,1212627543.4884892
699095150a7f3f32c40454fe,1120375135.6153107
989a4fc1590097414d7c3fa3,439472025.269947
b6853999c45e21646a0d1b20,29521540.867720246
6ddb6863958ded0d72fcc6a9,228448943.87153405
f6fc3807b54d8c69459c4f64,865937083.0661136
6528ca87df8bb477f4b6b8c7,502573131.39334965
7bba885503ea7716ffea503c,536814292.7688049
846e6f1ba1c94966314345d8,653177980.5998154
04e6a79dd3e4d8d17c8b5387,1191321213.463068
4d60db10157fd0b5eab9a23f,757487743.3607115
0d7d434afcc5e93050e0b86d,1006611272.132051
bb9ffa04d913d06846d082a7,1055067108.6217566
80abc4c356813c1e4ead1e1e,484513221.46158266
df8979b26c9971dd7c3500d8,917793474.2578449
6ea18874ea84b5b4840f9b85,911548943.3211731
aa75ed5781e6e8584143daa4,859840763.4506371
c8c8d083c9b9600059a8b8d1,730136120.8560005
5c8f3b7ccb4340263c255d00,550592459.2954726
79b943894c4dd68bfd8cde7f,627843060.4122907
64f36d32a3a64853227fa69b,997858044.1882476
d7080c3742cd9d72e9d0ae48,584577939.2950215
8333d32b98625a2742cfabd6,919014394.7246666
bddcc7fb72bb973f84b864dd,1178032132.674406
5a80dd0f68dc2cf9fb1b0c03,455235256.39550734
5d82060575bdb7be33e63ecb,915031850.6441431
de416f239b27327e0f78b862,875161450.8892652
816f93a2e035e4fcf61ee4c9,1003603890.1862466
aca1776ef24acabe172d573f,1031895211.2087142
af32aa018cdfd081a81bbc80,452623741.88957965
7d133cde943d189c9abbb6e4,520617916.7853171
80035ad5b3b4a948469800bb,851669983.3169425
95bdebef7fdc2ac0e9541c51,942100842.0707626
d038e5695b32bdc6fff1f72d,684265480.3249556
2979f2d91d649a8c14f5453c,752995068.3749038
a0be286778d94153d3b22ccb,1200131563.3183742
57e8ea351ecd1ff0825b1324,780805537.1874406
c84f96cf4570158c3832c3f3,722127008.4895644
93ab279de0b7b414ce758153,791538423.3711798
2018131ad3f6e5aa8f4be704,966900770.3961743
eb055771816b45213df3ff3b,459439833.69556385
8e3700ec731701361d7bb7c9,439369696.94949985
422e994aaca85628ff759004,865348064.5351596
569e2cad5c18a5f393f80a8d,1036636670.4525447
7b4ca3a8d09968e48c185260,860631391.2301024
12785f791e04b3a49547fbc6,1210432882.7839558
02ea72128a99862e9537718e,1209335378.5311437
fd77ee8ca0551b5b614b40e1,912275241.4627725
ffbf6a54fb00029ba24dd3ad,774966124.7588283
a295b12b773127f15e83e174,597387942.5228697
90f0cf22cf9c8fcc290e495d,451771279.7860501
220d466e3737f1f2a8ed06ae,257073275.4212709
235c56f4afd6d87f1b3e199b,623835656.0047485
eb0f3b14782c9a484408c606,771350970.7130891
4188712d431ba996cd59fbe5,498276156.3476354
3dfd7e954d6f7f40af60bc9d,427903986.10650396
00e80be4feb1e8593b7713fe,610579641.48263
eabdd1bad2bc4351ba4a2635,863106074.6806707
850342685ececa472945f7ed,982711703.5507767
ecc4d05489c5ffc8164d5469,316515244.4633985
2406d47133763272a965ef51,280853484.83228403
b9430e8c145c2a0d7efab2a4,806553644.295465
4f8dfb8de411b8a05c55dbbb,590183084.6512253
574b6bef16abb21fd67db401,650319229.1486981
e7ef0d61e27de15f10b0d643,861001869.0233438
647ec3f486cedf045cdd3b68,540097940.657338
69d83d8492db7ade6c37c3de,583293231.6183585
6c07175274fba6a0dc467cbe,605693240.227497
a5a71962df1b8bc45bf5547e,1075247718.0345285
ff61abc1e7843e20b1bf8656,535546186.72556436
540c4d7a79864885d73cca95,962542461.1630439
17d0f69ae2c4f1aaa1aca9c7,574228717.4153816
80de6a9303eedbfd1c69601f,1122464472.4038947
7cf573f273b14a6cfafa3ec8,641484673.4158877
eb9ab213defc2de5d878653f,811169985.0755017
69f7ab8608b5328f106b42e5,853978367.7117043
9daaca90887e5144c35daeff,497870026.21836007
2bd08c0964ef4a95295db843,950266666.4348979
34f0542a538cee9f3624d897,593672752.1183572
847a7fbd4425fd2fbc4b3edf,1119156479.9867077
22428154baf95870f1d83fdc,908625893.4641645
18e89f083fdbce3da0a82a4a,1114392957.7557836
63674e7ddf6f2b4d7c6d5c1b,527337387.95422864
0e97f66cf4208c1a57d1fb17,363473050.1210779
a90f7cd68b662c87d9fc2d5e,623797323.8451833
2086639384041f3a9b519140,810076041.0186229
d38353aaffa4af168518c6c5,835636936.7440114
d994f3919c3c8fe0ebd538ad,732342358.9132594
ea9d6dc517c77ff8bffd596b,1223489434.8181477
ff83788b9f8db0297f6c0148,948655386.2616292
9d9564415e52518c2817f66f,1000064506.0769024
9362189c5d784741c9b0f8e7,864701418.6422176
ffb510bd3f847f4ede255fbb,435260287.76583576
7d3e4ead63a869bae978027e,777739749.6579396
5dc404d1c214abd2d45b2a0a,1229036861.000338
64335f6d4c1a7514377be77d,669093325.2489291
b81801f02a73feb1db7f5e83,899298486.3366886
b5d6fe84ee7c6a703891112d,1061171401.2899582
af0502ae1fe341c2ce1b5325,580183343.0971403
ec43b2789c9cc266a8e0d1f6,637786485.5402035
7ff8b0b5ab4fd12f3be399ce,697643100.6895497
d5c8073e3ceefbfbb547eee3,824115668.6953641
66379c5752189c150954b4f0,527957865.5193913
6a3f9046cfdbf4eefca3ca69,185681281.60260868
b549a72c938d767ed504bd83,920956013.1262504
f48e503ebd3908838c1f2ae6,1010853013.8870639
e58ba64bfa5280630bfcfa97,732443617.2345549
07edd16680605925192efcf1,711580159.2626466
70b821bc1c7dd846a8be343c,284632446.1820827
d84d7edc4a4896c4a8722328,692338875.1869733
6d592a69209ef3356e656c44,802986390.1348083
ca9b2ef10b512905af6be620,693690149.3400372
bbf16146922556095f53b5ea,773964305.4162234
86e80098f5a3e7dbd635838d,865677594.6945345
dad46c20f9f7d834e522fdd1,1322537923.6699414
e2dcb036931bf4b2aa030036,916786530.4088126
aa7a25411bc0f9f93dcc40df,602806535.0416545
e192181121fe58a8bf94aecf,526700604.8938057
5aa715bbe2b178ad0c9e4b08,802650285.4527788
43b5b5a9a1615eba48ab8b66,556559940.7292244
dc91e3fe1b190fd8cf2584c9,655443033.4504269
1014341bbcd2fd5775631f78,798656808.4039435
7f2e9d302a6ed1770db9f7cf,1269206395.7479184
73f4074e5e09e52e0e03598f,1243122116.8154373
0460eacc73398bb95f0518e2,1143818221.914511
5a44be6fad8878eb2c394ca9,959008903.5027812
936cdcce007bce08a72112b7,882922703.3250229
8334a4cc7db8ed5c0071fe95,757471556.9118237
e3e9d1d073b129c697c1e9e9,836922843.0682108
dd9a60c3d502ca3cc98d9b73,735624412.8745832
949184accb5878f82fd5c10f,618202703.5177969
bbc675f7edfa0425c78c15ea,556484788.5151021
7436750d73f2e56b4f29e98f,903596005.7930236
cf81103f31f74edfe0453de8,782855856.721702
620e467297aed5c47e22735a,602979961.2421128
41037a3f8625082544979179,525723623.06449795
6a2db40e5f210a31b2f7119e,434680543.44702274
0083ef74db679d22463a1afe,740723257.6354648
b19be1ad7f60717a943ff0f7,671305729.2798634
0906b6a88fb1eb0d7bfb6bb5,780195211.3685495
f82adf71d17c261b41a5231a,498308701.9217889
bdda694c42c52ba4803d482f,699412201.8109306
80f633154b6f94b8fa24f213,861659707.0635309
f69aa18a64d8b8494fd9fe3f,647254291.7115564
3146f3ec9b237fa0944cec7b,634783923.802012
5db3d671b5aa03dc33f258dc,481766063.9070349
d5239537894ce7f2a9cb5a49,663859954.4545525
bc28e66374356a4fcf9b62d7,682342980.1557349
3697e556be961a16a621f3e5,546052659.095074
bb6f66493fbafa76d70b0a34,1055683001.0703032
e78a4111d943044a9a32ed80,946780877.2497094
044e2daf937c0d8373f2e914,921072324.469463
77668d4325802de9d63609a9,821779808.7736094
a85ba83751915d8d5d1a0e09,902912523.0560648
429460d5f5c5381e945cf449,911596056.2736446
a53dc5c58f7384729ba37a21,780475356.5568964
a4dba76865fbd14aa19c0286,811526410.0342374
7573c18a79e5e3ee0610d7cc,592903357.9448849
f13f72c1cb469db92b25c2fb,788954975.9208463
45dd7eee4488e88d71d46783,713793532.3351754
dd4fd04b9fd80818bd543f9d,853757688.0779928
500a3c5953f89b431184fead,1138257892.3687718
d2e737461b916ba78030c76f,884040033.2516383
e1e69b5a90431b8a44265487,799789298.6556199
49cc8164d94a2afe8b750af4,699806422.0762373
e9b054016b281140d2566d88,719227177.8269833
32161228e9c502d2c21beaa3,480454529.9213625
9017accdd4fe3229fc45280b,359886437.59658533
17fed4a312a9b773f64861d3,675048751.820226
8632f5681d04d9c934675409,894887732.1322229
8356123e4d10a479a12e98bb,1037859965.0257986
70463649ffbda5fdf3c10ec8,626225210.089642
1414ec3cdd3f6ab772fc7584,763074653.4412795
937708417ef2642b7d05abad,862010267.1723328
afbe90d764c1821cdb26e38a,662514473.9661336
14331a3db021936067b15890,710195661.9898646
793efc460dd25b67c644e92f,539751713.7017117
0a9e4dd0eec86037a36fe769,813596350.3157943
e5168779de76d99010e37c7c,1084854692.8819053
016dd08801ad1a1e7f6e695b,1084349312.07067
ce509ce153f452ff8a997538,1121691097.3103235
66d8ce8e6aad18a4963275fc,892694004.4972556
8398e3b96d1311c7264f6603,970022074.9939089
e9081115ab418ef1031326c3,746659138.4407301
5c8240a1ebf6138f81dac715,1062976659.1245601
18cb1adb2078fef29a613a96,917371232.7593181
4167fdc804227ed43224a32c,892004582.4395998
b5d0ae257748ea92c47d8fc2,151379583.63822025
1d17f0ff708e6f0b93a990ec,858024517.7726377
764f506bb2aa1ac4de918a71,928085429.2276886
7a861f1e3af4dbbf55b2c301,635124379.2157822
1562a23a312478d7a05a33dd,461466330.2803829
0a040fd24e23a77f0c58495c,789550323.8412603
7f0f5931fe148f6187ebf512,435429327.1310504
9fcdcb2be94744d00e734a3a,289078475.89011574
f181f74e96a93820a23bc0a0,689115944.7850763
5193b43c32a2bfb3aac6b2af,1008694212.7036508
6cc7718e834ba47a429d6874,684295212.6825227
b8d06f4ce0d6e71ba0fddc26,629360155.5996299
30a30e4ab286fd822c68ab5a,373123292.3376978
f99bdff027d28ceca0caacd1,428515977.4159124
f46f5e911c6c595efb5b7ab5,424986741.646217
a7f0c831d82505044f370b1a,522353710.6795854
17069e9f4ba45c93738b109a,648461120.6528002
dd5c910c2a3d63b8fa92096f,536852672.7729092
a33329c9ed11ee8b87aad6b4,484258792.39716756
925b457b5df270a68b84753b,352096236.968709
d206aafc71e8aec2afc3f8ee,565951319.3075013
f8232717e74332384075dde8,368678686.46280545
f60d9f0751a14efe41be383b,456767113.6068199
13adc7946bd4e6e3e4416e52,-53729055.00550771
230cdc90e6c825d391d5025d,732618187.6174572
e98cb170e4383546988c6829,536852672.7729092
5bc46671989de2534553ae49,638984480.4517057
3b98c8e46cf8477a1968244f,469379141.08275247
f9f5fa4ad495197a5c9b492c,349307874.6576501
0bd42f8ee9d36dae4cf35886,-602771.5919159651
567ca46ac91cc53e3b479547,502437397.86363494
f0ebddf2bd5aac661e4945ce,1036687181.2832398
eee841bc785b1824b6419a73,671937736.3474938
004776514ad269b380581066,445821199.5327327
bd3edc7854cffd6b6debfb98,877209048.2641937
0b42bbe66e438fa81a2ff77a,941352617.138133
a33bfa6cf99e26bd9c49f8d8,766355894.0908225
8b45db8a4f2c0f772c8d44cf,-15954816.935706258
262b5b0bb408d7cf53073832,629563740.0534824
5844c83fecdf7e09b188c2f0,619783925.3907511
9cc3c05f0e81b8f6454b80ea,419484912.8868186
07c46b493733d74c4f384b79,864191702.080889
932ce2fe93b8e1ec0e7bbc8f,460863879.1369184
559fabe06aaee537322d0af8,526655544.2797513
f4da2c8dd901cca9cdd51025,619036303.2875534
84eb4861db0816bc8722f379,766870487.2715282
d0dc69570223bce949a4c17e,920028388.1308646
abc2ff9d0e7848169fca170f,527051258.70905566
3e3880088f0df7c447e27840,434657114.93235123
3580dcbd0a6d7d6d3546dad6,741690323.0724677
f123231ff18912a3dfd7cae7,473372823.0650706
78a7eac41dd672cd1863e3b4,1162445268.671551
97def72de478566ad58020a3,921119056.0451713
e3e2e3080cc309d34014e8fd,560833662.2794857
71be583d473084bc0608d066,1052581688.9524016
ac6a4c672dfbe20f5bafbd89,763998979.649045
f4fc081a112f5ee1b3a09e70,643873972.5237535
d8add8f5e0aa562a63c894d7,741378367.5190036
88ab887e18e38d0b8315286e,795224491.1519482
07c8af84608e6c9206ad6961,765817203.0469202
2b352d996677e67156391e25,657025401.3616941
ced624c6debaa01c732e9f60,1238939764.007939
ef92f63b46f27ccd2151a21c,1020195367.9826858
f4022026c279a9b77a894ee2,768079134.0648985
e2e2218086e6ef5377c01b68,1171355328.715383
4af83eb7718f5823ae69fe47,808967310.3973882
ee98e745afca6de4550fe570,766747022.1365451
bd1fda425d792fb0de7b4499,569577152.0431671
86b2d3ad1dacb372734f810e,434657114.93235123
98abd5139cc3ea136faf7c8c,1078966772.0494714
4582ec985de48290c5f1f5e1,720433356.8590109
312a6b2a57dc6947f95213a5,517209347.48941517
86a47522586da2884181f128,899515277.8119447
b41edc115f6b439caf392941,387542779.70234126
fac682b61b813044a3e3ad01,998838458.0623133
63f4e57fb2cc22659e80d6fc,474218729.6533414
4310c7a552b20afd46f930d9,969191492.1078978
4f18341de355d2cf57a03983,361159598.1246317
a418dbb6d04e505c133c6c1c,980137597.7443199
afce1d7c5576dc49c80bdabf,817413053.5092003
5ec12159380f4d1a85e8b0ef,538466269.0433269
78d10967c36cbf346bd58f63,860866343.827344
f995364cc33c431b3c93db45,738754668.2918104
99b31d0b5d5ab75a2653b1a1,543623241.9769648
42d42ad031a2c62be9b5cdca,763863459.1962914
73d09646de4e0ab46feaceba,264986660.36828363
bef4759bfc25c7d44a8112af,619783925.3907511
c038742e427830aef3ac1c17,370530657.79851383
e96a7f5424558193663ef6f4,947408900.3160727
1af243eb63d893b1251f44dd,1020195367.9826858
a083fd17c5e7c9d33540b922,480404972.5300647
549024cda1c093c9f8bc2ea3,489690942.8455458
164cf5fb9a759f2e4be67b6e,638984480.4517057
65ff6cef76efb4c83ac0611e,608808115.7727591
784b1db005d39c2f57666efb,623337110.6781702
a2f06081983f748fcd74652d,817332803.4040358
66e4f010db2febff23b4a4f5,653928523.4539491
9702cf3039b86f97c003e20c,618358990.9909805
48de5d43e88caea594ccd27c,664017537.4632615
6732c28a236aa1ccc0cb2c86,706211903.691163
8a1d1f70adbdeb233ed3ec3a,899747304.8971193
c775d4f60fea55d5511da4d4,954043076.813901
1f4109e1a4b47a9b11c2c019,803906721.3502624
31ef69bed8e54b5e1fb245aa,660486898.1283414
882907ccf178b23a02ce262e,367012187.66317284
2868ac4225657a13f6149e6e,847074517.0560142
cf6f0a3cc030024f4e9ad06d,641697250.5149157
0a1cdd0d5c3c8b973ab1a98c,1245254928.4404387
0d099b1e1a314dfd9aee5293,676113377.7975136
898d1eb301c92ab6603e0b81,900848788.4861511
9fdf7d85fc65849cda3afda7,618244496.6876078
f5ee97750fd4e04eafa9d1d7,898491374.5687562
ef9cf29f71434be184a4ebd9,472426560.609287
e4559824c3390efd6282960a,509351834.87155247
f8dc73052c66ab334cb7be14,745131574.1645542
2e992370de3eed4ec1271589,851013742.9715986
e2bbe9221780d01a265e2ef4,1184204378.5808353
b65a2a140ad5fc6e3e26b6e3,459106051.5223438
3dea0748459a295fcbd2f0b6,696903135.1942831
7a1cb1f751cd36bdb6412ba2,824495273.7653402
1381c0399ebbf19db3a11820,459106051.5223438
479b2c9c12602551bbd0212a,960734746.29127
d463fae95232d30e0f78f93f,459106051.5223438
d0df2748d371d98d76408d66,653929915.6009334
9551dc6098b721dd495e5c57,1381068550.7754998
fa736ec3f2f066cba4328908,848726728.6406981
37fc4ce5dfff7faba6bebf8c,758137915.792057
f336d60e41c8bfee91d58728,464831406.44549763
65e1a61d984712e76829c821,1241748215.3577409
65eaf65f8dccb8e49a93b753,1150260861.458758
36eb8139a5ca1b8459eb52c1,687377110.2312217
c357cc3d2f4b45ca3e1250d2,726159333.5934849
4b75f2b374e8674e8b55eceb,1041485009.8647726
9c20784acde0823e9479be2f,424178776.01172566
0f2aa0d9fdcfe894caa8fddc,1031500497.8621187
23374ef76774d4f95f022473,1309698894.6127932
4224e69acf9fb071d4cab498,973613177.6149337
a41d05f2ae3e022c16088bd0,1188109710.0566607
9b30c679d7da9169580773a1,1026786613.5468594
2795cdb2f4d568a782dcfc3f,1156354603.0669327
5399af7ea98c97b5906efe1d,887586346.567755
5e93ed2a9b36625c4450b5bd,1263623449.7559783
d04d42ff91707e3957b4a29c,1062913790.7424344
f32ea78bc5ea15d700d3c118,822939617.8390207
8ce2d6e505ad1da079f34a8d,850773275.528495
014799b9ef7d5244fb6640ff,1114281972.6517737
f50a72cfa82f3742189b7fc0,960677740.2117512
8876b38f90f5571639b7d879,874498450.6555529
239a2dd25f604c730136c720,989410836.6991298
db297b6ab332cbbba338e7a0,1222638954.141719
5aaed76349fc95f6c12ced7b,841153848.0204134
10c94f25ce3f7532bf4f3152,487775680.1055038
d0ac1f63c75987c92038bd30,1241873811.5400162
db5ea791b33be91840a6d045,905191464.4286983
8627562772d9d63bac507fcd,725544290.7267106
b1ecdceb6ac00b6b047c241b,989864888.1570015
f499c1513abf0b05aa1f460e,1254675224.5043993
0d8b0ca08838d1dac052d51c,1107010189.5682554
c54a573c9aef013dfa2abeff,781029408.128467
f02865ea64b156bf4cf4cfa4,1060654231.420243
087b564ba475edbea431d4e4,998406759.573677
2d3236cf646f19a25932676a,781029408.128467
68b547621c25c7418cfdf5dc,1100953416.7146668
097a1a08a389439cc2c760f8,208122324.85950035
e9c905ff64c7e2f8c21b0a9c,419667778.72462857
464039bbcabc650d659f6683,864407473.2611946
93c24fa31fa780d28ecbc318,594117715.0659629
a73206cd21136b209f25c7cc,504743655.39807725
852a11f12646f0a1121824c2,659108933.3600725
61953f4c9bac7cac5ddda5d9,925603573.8666028
5a5377f2d087b7bb183783bb,689247886.1679814
0a85c354c48921e0ca202d15,1220609708.60776
12f9d50fad58e4e40a187d98,827122948.945529
45ac018012e7dd91d41a5876,686118743.9645853
28f905e91295a47d106a3214,1173149887.8330364
395e3718423aeac3d40494a7,656994260.4466438
1fd7e9b1e717578f751c21c7,841104832.9649454
e8bdc4a088a6b99a538a6f0a,650717144.172303
45b894a8b028be29ed137f1e,772652688.4263813
f5c866d489889ab2f124799c,1134924720.6504102
3d0de71d822da8a999bb6222,639237741.5329467
ecd0b4bfd66fe04c278dd4ae,772410918.393759
9a61bfe6ba2b8364a92e5a97,955532118.4588099
e8b8d0c4cb87efc13344bcd2,1287217554.141626
1f39ea319382fb0e41ead713,1151686718.7116375
d61700c4ecc128290bc42d3f,426714595.92827594
d87cbdc4896e0e0160999520,575526812.3961076
d1281c9f037ea5c4fa683b84,575835818.6488802
310e768d2e8836432f8b3e97,471120183.5130309
c5498cdddd7856e99d21f52b,460030039.40061355
d3169d4a467cb7eac41849ff,624531381.9775463
2eeb4b0d7afa57b63778b69f,1152919551.3380523
7b3621124731bcd2e543562c,774172490.3653903
5703b4ab6e77d88f751bc6e7,1100564142.2392306
2c567face144ca714454abf2,910200861.0605409
7169b5a3b9a796162de685cf,1192185185.7535682
fd19e1b2e61f5efde879f6dd,820806983.4146583
55f0e95dc857256aec65ec1a,939070300.4426575
ab03c034e2a420f395ca094a,567652350.9631735
ee3c0c7fe3fe73ad0449870c,817407379.0509574
e59afca092e0ddaf60c9419c,898912092.1403842
99e48a46a1a599471d3260e0,404560632.22476965
419398139a3aa2ca2be3f941,593726782.4622191
54c33befb89cc873771c3be6,1074531413.2356422
cb29bd3ae3d5da88c99d3db5,816421150.4037051
24258361a4ba8f772a83ba7c,723667073.2070055
539c12d2fe8cbf950b75a0fd,107346442.03331554
7b81996f3abd287b50adf8da,1007424010.760313
0d9e73c14529fa3f1ec8a56f,636057639.469767
dd178fd542fc716e32b4136a,715292701.5755289
9aad22f3d25e46538e1558fb,1005446508.3096129
93df4118ec3536b312822d90,854368348.7679155
7c6319c04025c4ed6aa3f051,636057639.469767
98e04fd660ca1276d1510a72,600424176.1207197
4a8eaccbde5a4a6747818d29,808254480.8594538
9f6ae3eaafbdfd8d5c0e64c8,1148328813.9971852
5929c81cfde8ae068a8b822c,981725405.779737
b94ea2b8b847a47140d04008,800935259.7988284
ac1b644a8d2ec042ca91f89c,938722859.288739
8df9256029f526ca313202b7,782156220.7946329
e029511780468f4cfbd10d3e,528974044.73838246
0878fd8b66aeb22f6af2d7af,539779662.2471504
76258b7b7e8778cd60d3435a,844866883.3641355
d64a2ad3297e2fad8ce66197,505559635.55843925
8af6bb75c85a2789156b3696,301749846.60912544
40db880aba8951909e6e4ef6,1119921849.881883
c9e20cadac540faa59d9aa3f,473060434.4467857
7d5459e48101349c75d43aec,676388221.6975746
fb0664d59b6333ae1861f343,918307176.4374132
bc6b57600fa9edfe13fb3118,1019909966.0852102
d309cdb5688ff7bdbb682d17,789138963.4393634
d17ba799e68d7775f2104b3a,789307698.8865528
2baa6afba131b74487c94d74,610296734.4435455
0b7c8732558fc04f4fc51ec1,899061128.80598
0d8cda2859d9903f6202af54,571612998.8624038
0f2913c5aa681a2bd45a5484,656991209.1437324
de6010c57fe78d975be38c2b,1107088087.6076078
54b474bc7cb126bfe8e6c144,741811832.9730496
b1dea7d384760535b770311a,701236048.7345672
9e90e02c8ed3ad137e4c3abc,489289590.24204004
b59711a5971a3b482db4d9f7,1209335378.5311437
2c37a1280b18e095b43e19f5,969335776.4369104
fcd7c10d81aff25d9233214d,638706374.0687041
c3b8bbc492a7d7bdd63da22f,1192689656.2653503
42aaf6521fdf1dc9bc50f88e,423563350.88597095
3c268e9119b8027f78f91954,751321623.6853439
c8d5a0e9614dcf96a500206f,908032020.2416394
6c778557da9b5d99f90b1238,902620224.6365151
4514844d15690b7331fdb6cb,854823092.4305024
d8e981acf77bb46a9dbd3109,787033292.4393873
b940ba03ea60d4cdc5d2d429,942941141.511756
4fab4e66ead1948498d2a4dd,644537111.1592175
a5620899d410af623a3ff4a9,1102181228.387915
f45e3be8500d7bd91cc8855a,477920767.87203944
4b82eef445edeae7a55fd019,660740594.8733054
29881785ae39aec014c4982c,1025040438.5022095
0d9f91cbcc9339146bf75bba,500676929.195098
b839e76df5d73e7d53691707,981055526.4160788
7ac96f16bdc50ee7619f3548,859564691.2155035
a102a0a268840439c2c8f4c6,464432811.14928687
e1132006785632e4ec5deb02,760226941.1263324
a041ed3fc0b60fc4ce3cf847,971310969.9357158
84b758716f47bb0f4e4a2bed,719248027.7929504
84394774ab45e0c8b733bed2,767412104.2517073
2c1c91f2bb4d9dae38a44360,482085771.21137035
8ba9304ea7b8d2b071bb0699,499046002.01626325
9a76cc7c650230c670e703e7,784519507.5620551
9b0833992397c6e50b54715f,580618356.0656112
6f192e6a537c1509521e1e8a,332856189.7162006
d1668e2d35a939ed126a3f8e,607031597.343927
a17807447696896bb61ef8ab,826156891.4826225
d043d368d2584ae95ad3672c,728180872.622006
7f2e3f2eb5abf86b56897250,873493934.3376228
fdb1cffa6b7346fde667d72c,466979668.9326246
58a3a9f44bc7846ae26413e5,564476409.0400268
af230af0c73a5f2b72787c1b,975693678.43841
3cd5562115870363ed5d7558,940276121.3529727
cb9d8fe7c18dba6827836403,917410961.2120435
742fd57dd463c1b5cb79f63e,882081714.0658257
0d30768d188b6bb53d599ea1,847961049.6852871
c455b8a15dbfff94c2909f37,909176124.6917039
8541eec88f0dd8229b4fb041,567747718.911996
54aad3aa4a166d2d50df48cb,1061088595.7188065
eb9a59d4e85a3f124e866f47,755458367.4043851
d65946f9c27e417e6bc60057,559828474.9270746
dfbb0ed74ed85bd186f40ccc,100819907.63230634
84b05da6a859ff5384f37ee7,552601297.7053617
e2da7c1bb33be76b86b9a07a,142262151.87905973
456243bb3fab3e74df21b5a0,217677665.09832776
a947c2ea296f1da3d10b0a06,90312273.88344622
3929df6d73b3ba01bc018476,471690601.4281481
ce44699aeddaeb77f23c9b9c,1324483408.043039
3cd3537b5f9475657060cae8,1166276089.1239693
4520ceed2e5fe3458850a805,970175319.5428581
00dea98fbfbfeae74c513bb6,1087246314.005705
16da41b1128c039ff8f83919,880784759.1531645
111d509185303ed970d710c7,1199472384.5724118
83ad1ce7ef6d70842ec986f2,376906724.322343
74f8ffe35e8d3bc9be725d7a,529790311.3944926
f5e7ab7c2edf566fa22501b9,859791991.8587122
2e1f3fb2323fa16150f8bc88,530464566.0463606
f8bf37a8f81a310e299385a5,624396190.758371
7b71229680a50bc26677a427,1034895849.6994674
1f7daef9ba898c4d8ac1c81b,681164073.0846385
415b68c7a5cfb073676c443b,529273863.43870336
856559e93205dd1561d8ada3,704048792.5277936
6d534e4baa1740d7839664eb,576792232.2815713
9ea78159ad117bd9c0b04291,308283695.81474406
38faca2d6e338d328428f986,477826192.8142725
fcc6c3c10bb52776accaf06f,582485205.1529633
9120f0e5a6f505a2553bfd58,1205268930.5373623
583a8d8c5d7fa63125f62155,816850862.2110459
3d04304c8644c81114c36f98,1174984350.4474115
21fcb5c7e497f0580b820379,871703122.9675996
6542b39cc8d2d13dc828772d,924198973.430604
091f6342ad934f4e7f84045d,822277806.18979
fe8305e287f6a8e7899c9459,533763726.4724944
d4492ffc4aaa4ca9c4dd2357,1087735870.6901786
319b9accf9980ef2ef81099b,1000549577.7086514
fa84c07cc90e2a2058b57c9e,753424913.2805239
c4749eb8f59cca469236df01,527172330.1838597
b8a5928cf1f7e704e9933bed,880908843.4065052
c2ffdd10fe424afa1b09f31d,417723396.9120325
f221dd5d745def063eeb7258,969024527.9027884
319ba1ec06c9b6ca6990f4c1,1076950125.2686944
29e7796eabea247af4e8a0f7,679516934.3938109
ddbca69ad74877086c4110e6,1148834583.4324198
c858f0f3f5594e7bb0f3b6a4,1116727997.9405704
88ae3f4a8ef76675c66e925f,957058631.7913837
27e0810a702796d97878c34c,958048241.0246906
7450139ad1b39b2a380472fa,836603141.8064358
35ae7661d8191507cf9e7cdf,716796118.3007865
93b8ea95ca1c1ff3881d91d2,413002793.80385697
8e4709859d50a75dd08b03e5,631943992.6893599
7026113e0cd7b2d17f8a3459,680724498.6441239
9af956dd8d83bc715592b97a,449091427.2609731
df10ecb67d79e645f77a90a6,821831000.9942673
14feeb619f409386e6eaeda5,336173526.1645335
1a6b9a6d92ec5e905ac97cce,724893935.1831867
057585ba19d6144408d4e2da,482835163.6461063
72699647b590d11ed9b2f2e8,338277667.39386666
cbc99d6202cd3a31e1c14a16,230235679.05610573
ce1d63bc4411a615b816a76c,1002179863.2700915
04f0fd25e2456759753bd2bc,854815611.9714546
8c0154eb5be437746213aec8,879468169.4840932
e23017438478050a655f6d67,878552694.9987699
8f0b6d6dd914911c7e90d302,1127887796.9179037
4b38595746dcb78fbb459781,1115815169.378019
95aebb36dc0b4ea86db49492,1024779117.0125575
f900f7a9c5e2ea51689e8992,994466697.1718524
3fa0d9e247f28968a5bf8476,560169300.7688069
1240f50cf2d8ef1d8713e671,537569802.7298187
14a55e5887af840860b41ddf,513857101.4329857
3ffefb3f453c54585fa6ef22,900046076.0017097
c3b357d17afd631df02dc39a,1052870946.3206565
a15aced0fffc97e219f99545,485090031.6500787
cf707785919dbb92cfc7b5f6,1050154195.0725324
70ebbf6a402f0f707b893979,490049841.9526687
aefb3cb6ad2de9ffa90b9534,548605402.6788567
b2809471a0164e3d41b8fa60,740858182.6060374
6d11001f164d81734a82ec1d,709154581.7876078
ad71acd782a4fce4d9af04be,687912795.552436
ca86f53a857c23b15eef428a,785543095.2854434
580452a616b4f5170eb628d0,639103842.1343085
7dc609a3c7a3ab1f9a3146e6,863740865.4823022
e8fc9a1fd4b39f946b914398,528845970.4569053
0d3bc6532812ea618d154bdc,813344837.8479
1ee436f045a0662037f9d2cf,1039677522.7735801
8697b1d337145af0ef8e4619,1234665320.8536248
9a08127164a0bb61cefb3680,698957636.3164155
e08e1f260e5c3231c49e5a96,572851420.312119
b96502e30fecdfae7796f1d6,650276661.7165347
a0b178016cd26a1d2072e7fc,457598633.8686633
5e3d7da3cfe55ad1fe609579,769572062.2219896
30f77637dd52e728efaddd6d,672657250.5093002
2202c5c9a16b771d1e242c18,823794479.6080878
3dc8277f29d0a2406fa25ce1,755698554.5002065
a0f86ac00934b57d85b44dde,785761984.7290758
9168a08b1fac4c5448626ff0,601077342.7812141
cec8daf847f52cb2845a9f58,881972274.8246377
ab7559b75b340275587e50b7,1034670057.9530888
a392f7f9ace844d712ab2b4a,989772928.1909869
dd21c6799a32ce6ef27f5281,657161303.6142653
275ec6bd936600c7eceac599,1202267583.6602051
978195f1745ab7e3d69e1f50,902981395.3455894
0e3f82238c54e85ca4229977,668529516.6550945
bc168cfefe964762cdf8755b,838272490.5958244
d22d5776b6305308c9e774d7,624003723.7874635
94d3fe901550dd4ba77ffbaf,950997107.5355003
63717ed97f95e32b2ca321f3,892679124.6168358
a7df0496d6ce217fadfad10d,718303011.432875
51a696388218fc2e412f8806,683226694.4170189
a918c218ff761315988c6335,1122905675.0868983
d3609eabe59175fcb4441ac2,1037173761.2107003
8af2e264b801b3e155e52be8,1182604773.1631608
76e4ebad138d50c690f0aec1,377304483.3990411
9a9553eb431458a3e30fc672,1015433753.7682195
117f37774a78d65f9e68f906,518711427.5934353
0c8b133effcdbcd49d52add5,781243245.3260318
5e8b2528c1c0a5c12a476919,896719176.1936467
38d6842c2807d54f386bdb5c,986590849.2181177
55f747145222c070fdd50175,782205485.1096157
ca7d715827b39c417e5b75ad,832583117.4818482
b219848e66fb065d4d2441bc,900779438.8986163
a04d3f4eb8810a346fd29ab5,1107976044.529212
0b06da0ceff947975cf8951e,739221947.1919487
3f35c44229ba13940d8a705d,1184234013.8071883
8bdebb8914fbcaad625b1764,570408642.0668278
f4635193372f669612744011,941909611.2095615
611a369172eb6e3e2e4bdbfb,1136443759.3291357
6689af92cae5d7c9c3e2f215,805313968.698742
e382002b0685aabb01891743,560154660.4817677
edbb6dd10f8c9e7596368225,699420783.101528
89b0592a715c9e135967f947,731233486.276483
a67c6f6400a176e0a07d6772,953236231.1367155
5c6e6dae74e39d33621c7119,988073235.877356
0e1c100d8e57de8296363d6f,502887828.6190203
e2e639b53456889ab5350ba0,514480531.15328383
93acd9176ff299221e0d2152,925249660.3236338
cb482d76b3b4904c595f2dc1,185396168.3155946
a0e15809e0a284fde27b16ee,1115277199.5555832
9a958690c3947f5a8f05cc80,1012938205.1034198
889bd77c8271961a6e4925ea,846422332.6465001
dc082fe46a714afd43b9dc19,731977157.4322553
99f8eedcdc31cc0ff6fda7a6,162408215.58331788
dfa744f733abef97d82dbb32,1056139909.535234
d50b80d68eb3b928e4bb4317,480291968.7327312
a58acad50184e66794d8d704,793669960.4234184
52871480f7bdf5ac3d785630,920729048.4067798
8b083d7ac086f52fd2942a82,677068587.667579
301ce25214ddb4b5144373ef,1051704100.098942
6d76a22793aa9b571da64572,986603359.8959495
d7c48db0385bdbf7ecb7088f,907049467.2755195
874e2c6f3e9f90db80d243d0,327342091.7749596
249667af8d0835c9830e2b37,525605191.17472875
75d3c9e0da9a24f4849f2078,662162600.7797003
9e45b127ea0303f973bac9d1,733458664.0816408
daa0be53e7a1d7ff76f32955,755794155.9764669
bf7463534babd284da6ca671,503249052.44718266
0283890ab76b10547b27e634,852718753.4359796
5fd213a5236154ae5206c372,1194702452.2108397
317e95fad7d399673719537e,789277170.4435867
fb14ddcaa459b49a3b30eb3a,735299731.4001943
4cb5e4aa83c476a5b71d77ce,739592445.637074
f54d358d26af89636906f686,949413889.8582258
f002603a6990ec405d82cc47,1074531413.2356422
e3b7dc4e8990f3cd436bf738,733104408.497384
97c799300453ab511bd06361,832367414.2576166
3c1ee7e502c6bfb20873b47c,1024697422.7632384
cf7741583fc5315ba70b70f1,550641507.9818449
36a0a1f0432c954604825b6e,883143734.0467117
9836bf9b64f27104c7863b79,797446902.297077
68a3f9ac977f56cd39a6a1b9,927627426.7764118
b676ed2d0af6807cc2b28ac8,859694694.10789
430112bf4fa9324f0149a879,476977032.6672976
fa00e05d83ee890a38c3a686,583168505.4177663
7d503f126b5863fa0626d4bb,508742741.0707066
ec03a01c961659f2cfd9c973,907662396.5237486
6a112af84d5a81f3d16dfc32,1044377803.5738008
4c5d3dd8802acb9ee22ab912,803592440.3510251
d029158b36963961fdcc3974,737570254.7715733
c2071e85fbffa3d2c2168319,430822808.16231436
60a04215bee81d26f20cf0c3,512813863.3697626
6d4a961e099de1939adc6496,906625709.190526
2383b8bc2cd3d307caba34ba,410543767.85842234
d9357452fcd193b6c5284bc8,830929797.6233463
863f8f2aeda01a9fea1cb3e0,860573718.6033783
d1a6132098a4bd640321c7d3,459377148.91311944
6edd2530070918074c8e7d07,685002735.9958601
1cfe7df5431f3dc6a9289551,953226385.649973
c617d1f15d294f0b0aea8ed8,1005640239.8009106
bbdd78a7ed332e679c8e526b,578534021.1857755
45969f25857aa7263927b400,948234721.8983243
cdacddfdb6ce41a3eb752496,190970753.83164567
3f87d08afecc4aba03587848,893222253.8629621
f21d2c0802e3858d493c1984,513191925.6902333
660f3f9ed9a72d8875a9efcd,813085058.4879715
04e29dbe2175919265c82463,797540510.6126022
e4082fa99f92fc7a89092fff,1033846388.9189751
05402dd344c77623fa053ffa,650061736.5992996
c5f7f0323f554a7419f78359,878406923.3533877
501193fb57014ffbd7bf218f,671650380.8706518
0922cc27581d9058e55a2239,456002542.8753877
4dcaaac494053749f30875fa,987764015.9529976
506763d35b04358fb0e967ff,1253261463.6316195
8c40078231bf7af2f3a06457,459099474.8549677
53e14e867f8b02c6043ae02a,198706459.59974414
2364014bfd851a68a824d1da,916424490.9471908
f788ac4a8b2a6dc11c458c90,574292027.6862226
093c849ad2bea8292c4d15f9,924037253.2767797
71a8b68f38fccf71a229df76,652365934.470569
ebacfa0a8e569ab603cccd11,199025728.02633733
c963faee3ac527dfab08f61c,934541250.7047572
ce3deac5963eeb96826c14f1,758832404.2790334
5607cef08511dbbf3288a5bd,826328271.7911611
8a9e6d0839f9fabad2fc3214,532832731.3828169
ff03a8cc833d067d439b9903,1037209441.7306211
d3e119e8fa4d96abaa8c43c2,870516096.0632514
25b893f6073bd66258a9cf03,857178471.0914749
0d70ceba3aea278cb4a2082a,798572428.2410119
07f9017eb4b8c169eb9de536,1135607113.3767562
7cad62cfb4fc3ad9acb09f1f,609092406.5068487
41d174db6f695472063ceef3,989574796.8750093
4ecf579a5d5e70d3b4314ef7,819737908.6560543
41df29e27c0bbb52aa8ffe49,569962020.507922
cd77cb445eb0f72df89b9fb7,802763441.6467249
65766c8572b629744f00b45c,764810652.7309554
946eb4523f76bb23d0348309,579229547.602855
453202a234f5b370ae9e586f,980219799.0408572
4e1b5798dcbed1842f260b17,773051227.0816035
f1cb3c0b97ae1c6819fb86e0,1314222918.8239214
24a89527a6744456750baf54,677457669.7745448
a281d59b685eda4978e0c84c,878887384.9825852
6cc9d912370da36c38ac2cbc,809361981.7760365
10563c278e7ce8eb2066d398,964317169.9626402
a1b0b8d18cd78b7cd555dd55,739551932.6167125
3cf9282136fad24af0f7ebb1,740177926.5122174
077659c14c3cebbe192f8247,671145613.523017
c372834e8e7a4279f861aa4c,615414353.311913
29daf0d5008fa9e3f0f30132,461865395.26067066
08e1ad8d1f0be0287a395ef6,549170091.8757561
19c07fc2b01a0edec4784e64,665824261.8958616
c2b5216a8050ea0fe4008f59,1145961144.8245614
29cc054742b256e6fbc6da1c,896981460.794894
755a3e09dba04bb6ba6c9851,961307295.921098
c98157c582392cb895071f28,802476301.5677123
84f47e531a916b7f7dc1f1b3,838515593.8509182
231688922448e4d64622120e,644492589.9398359
9c7c68df14c238ce0b497dd2,538948748.1669847
d5e29042106130114cf3694c,468443649.28667617
08d4fa42a34c74c94db5080b,1166164404.6344209
e89fbcbd4d3414e30c30fc29,753061124.3628446
22af7bb676cb4c9ffe014506,576318247.2423439
b20d6ca58e91ae70b6e0a1a5,1181483669.5796013
5c372bd1e01f3243256e27ca,547600734.731297
1242d7e61857ba8ad285b6f4,861126758.2153542
196ac46f656726bcb8087ba9,676992020.4592454
ae513b65e06b69e1ff2ad8ec,525357125.23584145
bb26b45df6a70b6414958912,525357125.23584145
9425283b41165156aacfd43b,450209548.2993361
689b510fa99bda54284cfe7e,630293667.1924442
c57d333e383039db0fcd2620,969337124.89816
86e98ed0bd2565b661b81ef4,731910594.1241202
0e694269bbff1e45395190d6,695895645.988541
6511180e3128e083bbbb6940,796387085.9389331
59b271bf9e2d29ed35352f5e,525357125.23584145
a4c324b1353d2f7ea3ae9727,525357125.23584145
193ff8d291a9f163a4f3301b,705333967.9980229
8ee4a7cef562d388b8444c29,525357125.23584145
53bdf5c3cd800459acca551c,628563372.4655676
35ef99962cd5984ca87bd326,915104854.5907949
dc33d5ffcd2aa2b7d56d2ad3,842839494.6766791
05c47739fa4c4f00285a2c48,824279401.0239412
a51d415712d8d6c8add7009b,878710535.7737457
71493c81121558b8ba18c1c8,525357125.23584145
853a14b680761098d4bf6136,699072206.3726723
c9d5c08973c493f3acdef892,493994888.2231945
7dcbeb0aef2e2cac0d73315a,370914168.4112197
ae5a4da0000f79f12142e2a7,1155465800.2341053
1f6050fd5261a2d21d5a178e,68673747.08639073
e3f39c6e4a41fbdc4bc30e0f,1083762536.9762516
9d157878dbb41c14b52a956f,621915831.3231463
e1fdbdecc84b991f582a2e00,783398829.644626
3a26efe201689493724ba464,649965363.4810679
6670cde3fbc11c263c6c3163,854717614.8320959
780ae52ac9eae675f6fdb312,452160469.33851933
24f22d76b86498d5c3563288,965498300.4004457
fda25a0b6b9f62f92e3ea6b8,1010518431.1848662
678ba0c80536dd27e385b31f,292062432.4614309
ba0d0663943a118228fd12bf,538051357.9745277
81ba4b47e9222c15c4102992,536814292.7688049
d9ec26c1c3e1811e38f070b2,371370321.85351306
aa850af0c6203104e6ed02fa,455527876.4583466
c697ec00214cad882d5e9812,527991077.14971524
4b193d78ea6e3740bf37b36a,473399469.686236
08c61259a756e617d976e8b8,840059175.1051701
c1c1dc8df6996a94ef3c7d33,347302252.8958368
3fdfa23ac43d1df0503ccf1e,1143120370.8860939
bd4526ea5b404df442892788,567930936.656438
1062419f9cf94418ba88b6b8,688209754.8733331
1102f91444b8e1abb636f1bc,982622614.3284571
b96b4bf38bdbd61d4dd0bde5,983885114.0700899
45ee2db87e9ca0a1a9faf050,794420719.4197984
556cb23459a9007127b3ad46,1053383683.3168097
a613b18945052b4576595c4c,577101670.2013972
fce385656705a8f4389cbb6a,781615479.6652366
bdac560af3e155db33d13d57,923868719.0705693
fedc2418db2353b7c97a260d,824210082.9067402
4565bcc95c54bf0c8d376eb0,892718921.5619671
5fc559104e0ba1112ce00f5d,930685845.0849191
74fdeb4c56b29662f13aa8ca,773379374.8038423
fbaf74ce4c2c6e88950d3fdb,1046391633.1208451
5de0f045039122af0052c544,1129556319.2337236
e18337bbdfb106a3f1739960,614542324.6445957
e1b9ae3e0ce3da16f18e1079,991342131.827829
a57435d71ccc5f032baee302,781373148.5101384
fc5e8e45dd0a338ab5835428,680256231.2949934
918bec54bd7587daafff66e9,808262826.0764608
86137b9624049333f7e0315a,680292907.5341457
0fca6767d8f442da1f8bc6d2,756632497.945533
3ea5478270517f299b20bd06,715657527.2073178
dfff73eccd591bb26453eec5,581549929.5333238
e2dad5c148ecc797018439b3,766009554.5061798
b5a62d480bc544f891fd8521,697191395.8501549
cb09a84a1d7b929607d01ee5,774425360.9979606
af067a8546e1177eefe24916,607348015.4028661
d6f9abcb58befa3d05373a72,1229225968.249971
ec2f16aabd36fd9ee2203276,1199059677.0181048
dcafab7adc7b763bb934496b,1045872482.6264822
ede43dcb1715b959ba34a37d,766936225.9955875
40dd67aeb6e9979211c9345d,851333892.5842175
31f630c44db4be5360a57640,841272138.5548497
ee8651631861c1b94283a953,849390413.5358264
b7d245742eef110adc91b5fa,416255885.69843966
ffc49242bb0edf3e22076501,798171362.3848329
5c5963c17bafef1a1bfd5e03,862101833.9298904
6c589b7e6a3cfad34e98bd87,835203765.8147354
71ab3644da08b8cb0a0b34b3,1007595066.0036662
aa668782ae5d0c16e57193fe,702878671.9880712
46673c69814a0b3f25818dee,1243815776.7149167
b2a417a8d2440f9124fd2ee8,922738716.2460684
3e0ccd899ad73579898fe73c,1360395545.4163828
e6f2c7d7317fd433e26878e4,1198349057.8077319
2d91b3a8c62b890fd246183c,1090649708.4980617
fa653848d69ce620a41a73ac,1118418685.9547076
3b6c94e3e3684eac73b3e7f6,787506939.7384579
a6a07d35b3834bc6f81beb6d,899445119.8926197
a39617b7adfeb6ae7d5ee5f0,618113451.6569215
95e5e774dac6f0159e8afc0d,851042416.1768774
995362e3fea8e54538ac135c,780037764.5589805
42525c57e13abbfafe9bb395,1027337160.4265149
1ae6fd60628e7d186a5e0174,919073519.8538089
082293a465231208059c5d53,909421904.8754902
732615f6d1526ec9bd519eda,426920076.1017825
99e9c4f8fd7fb7929da10a20,504954071.8408307
1a75e436fc23e7f48e639b9c,426511786.4973918
54cdeb67ca9ea56205e4e533,1060971329.856012
c412ab869616d6576cbb8309,652681293.2164606
b17840ce59c9d9619b46534d,1298993845.0259128
a14f071d8e5c338d9ebed23c,524212898.3334645
84d8504f0e860b0760c3592d,1119625155.812856
a3d03a25f84f4d50d2a308b0,434130396.07973087
bcdcce01d86d648c4502d42f,549686574.9394931
33379968a83c8a90c23e77dc,450954116.65419966
ecc36a3a4610829ee3f88993,525918394.489438
f4eca80958b7a22922b0efa1,525918394.489438
3b4ce006ef95420847da20b9,525918394.489438
4fb644a95cc04f7bc6cda786,525918394.489438
f8fad48343ee5134dbae918f,525918394.489438
6e8e08e09da8dc598b8a8b2b,525918394.489438
56ff1f7e81fda0c8491c354d,525918394.489438
444f102b4d54503044154ff5,525918394.489438
e0eae2174807cc7ada38c726,477839196.3876381
afde90f91b01b0282bb94335,411909676.2859386
1d35c364daa0f021ef263c60,579858070.8536716
8c47395a28f8177923d7b75b,824713927.2456715
98c98982020ba42198aeb45d,533974810.48955774
ff424474d2d10a2c2a1c1892,191862341.19935417
971a322e9087b67650689ea0,514458790.9149418
45a7517c4d29f5bc7787dedf,514021955.3119691
74a51274abc8358d628ecfe4,804118128.9896433
11dc32d92ac579720303c019,663991707.7476814
4c25d939eb3ec218403dc4ce,584493710.5106577
55597a7b8637f24198415ed8,732526172.1320705
eb7173223a27076d16b87f33,672419746.3461504
709d17b62bc95253601f243c,738234114.0902972
fdcf0e439ae8b2ff5730680d,650984555.1192615
2524e62e917e8a1aec5c9c26,571803618.6837628
ba601c13d20602c988d57246,753723360.1383317
397a7d1cfb809e34797f2bb4,576460400.3162426
b54d3ce25f3f03cf3fa0127f,198972623.24443537
d51bcf03d649839ca803c357,657130163.2300309
e9fac47a0f02f27abc96d568,837809726.4842969
a52bd93aa6b0d965914f1101,687584325.8123189
16601a92574531c1fd57a359,844436867.0700672
0e64230b70f4a227b444115e,799237843.7925935
ba2118c330e19baf4f3ecf94,741080500.4634086
055e29f236bb61603d4ce9eb,741039894.4223899
7c5c0f2d9a0e355069fe1c64,872178241.1322223
e781547cf6f8cb4ec0742b5c,741688359.9681377
8caab74ced535ec5e75acdfd,630427971.6570048
9d64345229b60ad1853d94ce,916510702.3361082
d128186867f91603af4fa481,1038285219.7174041
f8fb6d1b0dafc28920393dab,1038285219.7174041
33b92225cef255b0e4b4edf9,913454466.3349836
7eb78d4dea434674a230caa6,965774930.698406
833bd3c8ef9d4da2f304a94a,800379259.6720245
331f0957d55d7f03df7fdc4b,862669222.372474
cee124f4b9031f59c4fbef47,697284856.4695309
8a9663cb622a55f2a1a8e3b4,540321926.7408015
25d4a0ec9301ba5d53deb780,1006985211.4376099
38d4b1837c595b6d9a23e994,988945977.741103
a21923caba05da05449d60f6,814725886.77334
63cff4b5ebb2b6528ad34cd6,791640938.3741562
948c392520e1cb3a030ce86c,918598363.4655294
b2e7fd7bcd93309664cd225e,880200296.4577066
9d6be7123f2c6e610971374e,832429285.3298111
3676e34e4824101f3fd9aa2c,1253879698.9286814
f849ad486e84a82190675b89,633355918.1524853
2fb8b2990751692b8ef1ab6e,879908018.3546152
5155f70c7f8978e487e71479,949758463.3914773
4f076c220dad47bd9bf248a6,970719559.0665678
480041bbef3a540df2a36ea2,582941330.8469324
4ca66e564ed478d06c471357,433908837.0537379
454e4126257189bcce9b681b,1221995013.5949326
10ce9c7a0a58aad19778e5f2,1039899788.9237918
dfe8e2542755d41d920e28b8,110383383.0464325
5115b0da9c95559dcee9e58d,1110016702.3258443
8a0053376ffdc75d0bdde77a,1301662314.2930977
5688288ee38f1a69894ac77a,682158915.6708064
1fe514ada76363511cc79105,673395513.5809644
885a312d9a5bfa8a8db5279a,703347292.8695745
c716d4dfb5a3c2e1120bd84f,899100252.8825165
689aafdc12fd1610c2393a6c,850090425.7625943
c0c4ecc8d3aefc53c4c06a38,872017581.9679288
30091c32a5046d563597bbf4,439802805.8493475
2e58c9b6fbe9c57c83bc0aed,743077178.3290613
3f7c5d8304fc650bf97247ee,1170801561.2921786
56334a9db3ccc24faf138edf,1112072904.828816
6d0680692396c07afc1a260c,631985670.9218557
9e07dd563b6ff4572f5d9031,939697032.4664177
1278c9fd86258bcb435e7127,649630864.1521367
acf0f98cd8f8c8ce06f30ab9,1002662139.6962662
5e3785bd517f4faa2bcf43d6,916364220.5018462
cfc61dd41ee5f5dcb76bacfc,603392425.667567
2f171883b97d9c02b90f93a9,438184863.3431836
46aa67b5e0abe39dae442d76,438184863.3431836
50cb49d65d04a5d166f96e3c,889685950.6089573
06c1673c4a7444e7aa80abb7,1101901593.3080163
53881f29c7a6bef0ab537466,65698697.941790104
2b028932adc74c961170a4ce,935437137.4579448
f3a1bbe01d265470a2d7332a,923714700.5725677
b42d5b5b38686929eadd56d9,1039072622.7507579
bafc63f23f097c24d36c76fd,909354083.3488783
f164514211012e3a1686b148,1014627607.2256873
82b90288bffe8c1c0b5a1259,948704294.2564659
2fe64bad1bc8a43fedfe0700,934126281.707022
da5b958667b31f4f9a1d84a9,1060297674.7015159
b3bc9a04a3ebc1b911326735,969215638.7837756
9ff3acb07666d53f00d1f1db,855763801.8973614
13a44ce5066ce00846b59ae3,1006963978.2345787
bb45c98dbab56e5abe20ac0d,471703665.7733067
f88bade1cb7ee0fa643f31ad,984654800.0485313
e9ab6916a79b4d5182d33bf5,949370397.5688279
144162ecfcba71bf09048dae,842876653.6128505
19466034c2ce19c24a179fe6,1020027692.5640509
3787f6da3e961c0e10d30e6d,849071702.8287486
908330b0d2651093c0bb6719,800239497.4783652
66b7baef9c6c3c7ad24636e1,1009655079.80095
69cb0f3d422c2c78373c2e0c,1278290057.3930194
1e866483995b30ec7f79d9e8,989982372.7121944
866f2a55f42cf30c4105631b,989982372.7121944
fede7e1a7a6f23338af6f40e,862579230.983254
7447156f2967391975d335f0,1020027692.5640509
08451af5a81fd6a63c4012cd,990422419.686453
f63608198bfcc858abe1ab0a,707001292.0155336
e9a0dff7ae48bd3fa2ecfcfc,1004876832.3384547
cc97f62e2fb9d3e31ef1c00f,728559095.0321513
ed40f198ace8a4405cce7a1a,1127014109.187766
bf17b59bf2ac2d06894bd786,868240838.9785017
e118b149654cca1c0b3a58a2,1272193542.8395834
7f9bdd2157f6c3d488c77ddf,640212345.0683181
9350225547486ad75c0b5ab3,763195777.4199286
d1166776fca47427c77fa8e1,906114798.693758
f719b387fac4f688b57dc646,877784924.6699998
6ce8991a39ec7b9883f85000,990297401.2071395
353743db4334fee80ac08d0b,1042050924.1595573
372a3934e8179422b5cf5729,889469368.8008925
81516aa72c98ded9223db098,1038924394.1883092
9e80db4c35139bbb18775644,712843428.5972509
12ed2c22a923c840ef616a3c,991352617.1178355
7bc57b136bcec053cbd073f3,755803548.9447832
77a06084509952c6cfe8f501,562611253.4584141
73578b4214e2eca83b1e70ac,964949944.538779
527e571030a7d8fbbf1a41c4,972918191.947565
961baf163a07179bceba67a2,1029409390.1713719
76b41682fa6953a3b20d3f27,1094600240.567235
cceb25e83ecf22252aa92d2e,1105898683.0974586
210ff5d4404ee8578a5ecf9f,946151470.8548717
398274b1c46fd88151420c6e,681874590.5856732
5b328b80dd844db2e946302b,691928506.5242767
4195fdfe50e42e9981fa2f4f,694050300.9628446
2d4031f171f965d7dbce0ef6,679819322.3576316
fc1b713d5605b0030421d5a2,975102885.0916388
cf6092df1f22a7c4b8ff9d50,586173662.0000073
8dbdd7c8971a514eb7cb4d3f,1056009940.1437633
c197faa8bdbd51c075a6d3bc,726082738.7603391
1985a2a5c3b2b0c7eca22afe,785812192.1310121
92a1a8b617b6d2c3669167a6,830204044.3745656
2a330fdcebb247d6a6fdea23,874498798.2945186
c3dd975d0aed59a65a784e47,584754698.1933846
608a2339d558a6cea9478756,1275243110.0113907
c0ccf6d535d1316e37e1024e,1000909550.6170597
229a7640d41a8b8d6d2f8f83,1068008235.3951068
e3950ce025371da2b4ad9db6,1032783064.0436795
a7e41393473834db30f2c1da,1158233609.240109
7dcd1597e11f83093cbfd7a5,1055796962.7443299
71235a69058912dec1d355a0,916220404.6696312
349602317da0e456d88fe24f,752894447.1303693
ddccad3e5a4eaf791ce3a7c9,566059149.2616735
776d7d1326576f07762ab3c7,1081472865.2793243
1b88c06bb3c1bc2bb39d1b86,766169321.7696564
1c5c4f4c731545aa3388c554,554883138.7952998
aaa67089a753d255215c15be,632118064.5001861
d6d5717a4b7e2edaef162b6a,790095255.3068644
0ba20e953e8e76add161cd6c,473289687.03514385
13c39860029403ea94b5439a,1280610169.6274643
d5436eeef04e1a8e51a38912,327898749.7800324
21f00ad1214253dd5bb97817,841836948.2552942
5a3119efc021fd0f102ab958,521697805.2586155
331c515e7f0dbb4460810999,1022595055.0546354
9e360588b18cb15aec3b6609,247993041.1119088
a7cc7d2ceedf4d69664dc734,745412352.5262443
4e78cffaea2008f3919ba0ae,553633729.883962
452e0518f7164287e47e6354,693000834.9597642
74286242739391c4eaecefbe,696966866.8776577
df06b65985649c7107b794a4,913527099.5474225
b6a21387674a509514fa5518,1130381414.0942173
6752fcf8f1af18d61124e32c,944769085.8593063
a7e40088cf53acfc65f4b3f5,1164868194.3289742
61b9307a25be3119effbd0d2,616254583.385427
3061729865dd2d68858600b1,630934984.4472622
ad38d5660b6f1eef23b76039,581689692.5511084
1d493f3954b15e84c41afc82,474900399.4689368
57744cb947a923584fc6bcc4,363229454.6442234
16f60cac352cc0d668d226d0,51206962.3279953
accf7bdeeff29ec7a209c509,418978673.98705304
a694b9ab05641a6325764e63,779509208.4505671
bdeddd3f84cb0ffdd1fc27bd,567423765.9449176
de9ab30042562789601833f6,338402829.4973116
1a95522f43288e32addff2ba,477382186.2051592
3cc722d5c764ac261611c2b0,506136629.9433938
aba85a8a7ea2def1fdd18587,683732635.931187
b272c1025cf5c1e1df47042c,674725883.1111953
5c449356b8b2d7e0928cce59,1266201297.7588186
a56d3b5bc13c9849cf676750,956261364.1839106
942c934c0d41ab822d60c795,462609892.01801175
b0fe09d086490092f1690fc2,718205617.685747
7abc8a11d3d6c905de3f567e,516430261.82664776
16716773b2a43df0332622bb,380172726.0750441
98fdd3fc6c9447d0f05eb1c0,852727752.5672921
a59f39373ee368259b441de6,337258130.919777
cb778195c5d61a7c4185424c,1098265499.7527723
c0277899d5f185cc78fc4a79,740769102.6091529
44effc9574c74ea4ad98ede4,818135828.4112778
e2d00e4fd93a02ea81895355,752753760.6411813
ab405cd390c0681c3c67836e,761991352.50155
86db204f7ef6e0e0e6687246,668121441.2508577
97b791fd94b2339ba115a75a,872957243.6037126
3897d9b5fe3a0cfaed7c18a6,15043636.276000142
ce206b82f2de3793156baadd,671269540.4040796
2c924b9d45667f7168bae6ee,592460694.3262138
358eb586d9649d20dca9bfcd,1031282833.4454079
71b1fe15c5bffb750c99f648,597236776.9956968
eca500b92ff96f10ccd45e54,667322954.6944712
7b63445c5e1ce95bd12c31ee,916474438.4046526
97d64459dfb368b1f6067ab2,894010633.3655463
1b09874d5a3e4c9e0d544198,893486357.840719
54fb79bb019bfd10e5481ec9,1014107253.7537394
b3b63d292523ce0a925b871c,682277493.514911
09759befd8899fc1e359935f,774784094.9797654
62e0110b1c8dda16cc7da89c,684752928.197038
d98ba43504fb49a4f0bd9c05,935845804.1538537
48815b454dfb64fe60e2cde4,676755503.4315882
40a65310ce666e80a9611d4c,749960965.98574
a8c5674b5d110d99a1e097af,777277004.6757137
ee9e7dcede0ffc20442b4407,991344108.4448228
9e858250fcb7320b65bed9c7,985284908.1902864
bc76b078832a3a81b6d637f8,1108365452.863339
b06d3ee14ccf3d46fe2431fb,659475181.5947493
87332a7e03cb851342667b98,806465641.8035889
faa37a79a1d72e4b8b0c80a6,776026246.9620969
0821109831351eb2501e362b,1013550897.246368
8d01d6561223272181235c69,1050132573.9918766
a0f1c94cd34fcba92f59a59a,922640652.1468705
f6a5c88d1bca87c1e89d8084,1150828219.3756661
55118881731616058c929b1a,1132748976.9324386
bed1fbafde11c156b655e04f,676542284.7446225
819d2a7c3330480b7217577d,1036832917.2029946
e1967b56ab8ecd035bf39534,658728675.5517902
08d0615cff29645ee70e20e9,1194431748.8844242
2e8af16a155fe18c8c6730a2,761870700.9114672
882e8e77fa1a71288f6b61cf,1303076795.9134603
7930bb0822caea5f6451bfa6,837497821.9515299
993a18ae04d78d374f854262,1115745638.6335127
e5527bb25c85988e00da339d,783685017.6828897
07bd45129563bd2fd974deeb,343860603.9770848
83727953ecffc17bed632d94,102006060.95138776
2e2d3f42f4f8369733b3bcb9,837309568.0486184
3b23a71bf40e800a66bdeab2,243044343.1706462
894f346e0ad39c57fc0f369f,1056143638.2494888
d1fcd31555048d043cf084be,667505252.551349
8d48f73816b248d1166a09db,938651556.1131432
32d5a20c542a8194a6aae965,763074653.4412795
53870de54350a8cd7c13f014,1006573938.5875608
31cdb68dc6476128c4bb2f5c,828467869.0112774
4be6d93d8ae1375156444f05,505321990.425781
33a7f6aebc3e2d480d287199,997256537.67636
e1e188d3f9940f9dad98488c,936867965.5480422
76167f6ca3d2c404104b77fd,1045951158.482692
9297c340db8a74e10dbba148,1273637827.2474189
0e001ee8f27e1a2fffaa0225,946122563.6819968
ae3868ac8c44128b8a955829,1017722733.8678138
bcbd20cfc50e2f032b174b56,555451976.7127805
253560c855216bd9eb102595,656102488.6721683
c9c769e7ccc99016f61269d0,664421466.1144731
7c07ba1982289ca3abcbece3,818298556.9707563
c5c024d11b3ebb2cd088bf6a,701806882.9971877
f0a8fb06fcdf8997bcdcb03d,629470644.502651
806f9ab2a016e774689ce2b9,424267407.88557756
4491bda913188aad3c66ef20,838659202.2664962
0c37c0d27631960f9e0fda1d,838066172.12939
b50b45bda0905a116f238c1d,909847823.495574
f0f8e755058d48542b9cc4e3,704241609.2265786
b3005057f48c1794b7974f4f,936867965.5480422
e1e5b0bd721a67318a3848ed,470621471.07569057
d96155b72c02bfa04f7ea98f,718203379.8808205
3825ce5030d951ef0fc2f7c5,505938208.6913077
99587dcb4237fe90acb15b5e,338115384.3749879
452ae373210337b8008ea2a3,1035625699.649771
09ae7df5577582ce7e7b0aa7,1084033490.5411592
b98967876009fab4290736f1,745302533.0823783
24a4a43ae4c687bda1066227,1192033819.7849402
c509f2036a11b7132c633d2a,733233726.9466263
bda914dbacd42b2b7c6c5179,940573363.1911047
5a681060eeb2fc8f1b3261da,824246376.8182751
016bb199b12846ccb0b03191,864985865.848619
ba94676bc0385678ce3780a3,1083923932.726067
b2183e5bca67574df7d5985b,267360266.51907897
baae43ea29f7e419bbecf998,707662222.949001
ff1a7adf260e637bf316812f,973777070.0580357
8e56b5dbc4cf628ac12e5bef,854097066.2058744
c8941b8d7626f7b33628158f,1236574304.6446495
d504ed869ece1b1d6e724452,729084852.1599896
1acb5576ccae1f0534f614df,858260587.5844373
ff228869121d053ca7bbe431,871689697.0282018
ee4dea05e93581750d613c59,660755121.589363
5d507cdfb7c233cf96dc6a83,512876660.0371401
faae4324336f1211ce4c7809,574661764.5440155
9a8e471c8f4488c3799483ba,624325425.3182311
d040e15e50d655f4d19bff54,446694583.8555372
efc7e89ddf3de559154d8e0c,1151916490.7786977
e91598736dbb7319952f0dfc,621298149.7301863
4046ebeeb7ab85affcfe337c,1138495507.1029444
d12059af22bc7d6ff170430f,972490665.5506034
99d39d72083d7485e8944a3e,687373062.2778324
b9ab2dcd8d1855e4bdd540c4,1273933923.033173
97106114a8d353ffebbd07b7,597704383.7449489
d5c950db90c92be5fe753189,406612142.8054298
119833a13f3f7df22d2b270a,765099255.4911408
b2078743e33e1acc49c2d2ca,648789316.4334155
fb9371f86ca6f4e62ae374c3,427401816.0321953
6a39a747417143f0cd24f3bd,942214159.23712
7bc0c9e2760e4b1488522768,870800543.8858252
3898683e5d24bab9eea24d30,831939598.4543945
be0e466ca7d6942282c8626d,674954724.004557
2d65980024ded46854c25260,873036854.2016646
87aa28825a5b8ffbac5f2e2f,588363654.7683583
918b0d900ead8267aab4cdf7,684596653.8598251
0c85506b301862fb58b467cb,459982256.91595805
4bd031478b15017efd41b2bf,1107503964.662239
48bee96c1f65b8e283d67483,644650691.569976
7618cb8d215425c931f47886,364211286.54396594
a7a219e7cd18f3c4b83649e0,414544061.61461306
9d3f5b59b9735da05588b3d5,597571964.7395849
6ac5f5f52cfeed2f0ac9d018,1007891357.0057778
d885902c923752eab7b619e5,494324277.050369
b183e2562cc4816244ce0e1e,868285299.716203
88622b66e6c47cc62c3824c1,808612857.2155323
01230eede2a4a74ec4ee5105,747049671.8245407
060451a9e3e0416ff41d253d,1020369637.7193305
3ca0e7723afebbf53e390297,842062816.3306576
e2ecbfaacf11ed16fd71abcd,715815836.9690421
1f0d83013ea5e4c3f4beb583,863564341.1485567
450c4eff7e37a271fc24ce3b,853225739.1523097
a70d331be751cdc3bd0aab29,13412444.385707855
41ac76d4fa450fe0c377a0e5,-16550720.081296682
2ef8a530db816223dcf474a1,438820095.01840174
d09c1af87ddad4ad11b82626,459982256.91595805
35b1cd8020e7efbb9ba5adde,817761026.2034876
6714f846f2fa3527641ad96c,773214617.9941276
4cd5338bcf246ebf263baa35,716220859.0186226
0878a639ab8e6b6e69a3df41,677479352.5786555
f4c118396d781c140d8c9b08,492606769.4019434
27151512d4b592014137ac1f,1087606578.969425
8e5123f5ef1da66571ccb600,1033645479.6211915
c491a13a87fa1ef595b35826,1019414072.0741756
52d6c4bcb442eebdab338116,1188703275.9238896
e23d93ade25e73614d7bcd77,1150242090.9648497
43059ceabe98412315566838,495351272.10002756
93b7fc7c4f07a7f117e687a4,353545821.1628722
09caddf25db3ac8e1a98565b,437584377.8956708
e3034ebf243b024cbef83cc9,376017496.6561957
63cc884a9c5c888de176461a,480226746.1155479
069fb1f8d0f06ac2fee87314,418230479.80420506
059aaea3859c4b9662ab4df8,527985305.6873584
148b157ece514d99be0a7f93,-44410145.16309667
9c4f397c093dde7de5d485cb,1151297098.2379394
e28d8dac5c1c75d295a9eb3f,527985305.6873584
a804849802cc0820d25f955b,527985305.6873584
fc43df7f26644fa464ecb090,518866273.6309931
608b26adceba64d9ebc5486d,527985305.6873584
be8bbf40db0dde8ed4cf338c,527985305.6873584
d255f73d4066fe559065266f,433719644.4520276
c552cfa8e6b8c8be2c963ae8,460416940.9411987
5ee020d4adc767b3b16fffdb,544802403.8857412
2a01945c2ce528c02b391c61,663371682.7222793
dd7ee555ce0b2d58dbd8a9ea,86761123.16184127
a732aefa7ea4715325e9e80e,676280132.6544298
c6faa40acaccc1603c29df96,518866273.6309931
fd8caba10cd4d1df27605358,514783340.14659613
788c49c17df556bce0abf6ce,1024942412.761133
2d0d803cdbeaec6e2626eebb,613746648.9558619
0872074f7bd512dbd4609c85,575427426.3026825
3f97341f90b11e6a7a7f7c2c,576993949.5949109
2bfa301ea435f929e6c0d1ba,567887720.5468409
1d029020622a600aad4c2991,766556431.2252517
8a100bd7f5da66664a2680e8,480017090.491101
1441a28c376a20c90d72cfac,454640125.09408873
495eeef459e80680720a0ec8,594024502.5834318
df81d07cc6e8fb0a01c0f404,1020464422.7617588
e23ae41983b9f112f05bb703,771937569.7362442
a2ba273b099221390bee92a9,433806004.13508457
63dfd58a5c43cc7c0a468209,440043384.90437305
27aa789e29e52ef8d78b9bf5,1166259040.8328469
fbd613ac06b6bf20d76822db,619453362.6881975
2a805135d8030b614d9df9aa,904713127.675521
22c9b57a67cbef0920d09174,576783885.3238056
fb76da6072bea5801e407990,504766770.19981974
9050b1061469970ce28742a7,354521491.82519126
96f5db1dd0f36d1087172fcf,744108873.3666595
38cccc333e2c38bd608e1880,897321512.9824716
efede59a47d17737f90f4bcb,1112572514.5251994
bca5301e6460eb859b7ef34a,640990142.815093
a23a13e43f3e08ab82c6ef82,493946576.37578285
8437a42a8e7ebca46eb088cd,441165618.4391979
6e3cbc252c449fd4b758b97b,456139611.75382346
6cc6b0672aaccb8909f3a751,533393761.0412479
c60c2efec3c12959d86fe3c8,676798281.2219296
d0e45d520227ef8a1f53ba28,668167133.1083976
e45293f1e6ceb2fe79f6e0d5,859421689.6608797
4202dc3f8255586e1ccfff46,592084637.518754
1d04d5450762d664fcfab674,1020514388.0195184
a3f969063f78dbd95e6ee795,668932846.3300836
2e3fc1d628f6727880d3d4e6,545354979.0063261
22ea31eadbd3a54216443137,440043384.90437305
6490a1eff73727bf62458b0c,778669453.9465454
49721aafec7123f6ff4d8010,833851555.7538393
bce608b4629b6c8512ea2fde,837979587.5050526
a7ba3ccc4831ae7e539f0cfa,432400533.7519369
959b2293af0ee4f7c9fea7c0,764374212.7994167
bbbf74a3abf9cd8718384a65,524590919.8001527
680a71ef7ec15bd919c06320,781675101.30898
0bcdef6d56052acd2afad93d,467762178.5963656
1bb885a07f57936b919629b9,915195191.284958
8a222af682e2d7796643ccf7,573807381.5773158
3370a48ec22302456c41ded9,469740327.4504342
46fb04e7578da5741f6da4b8,571982809.1037409
e9da7f2549d914aab6a30e10,482918446.53457963
10d0506d84d778da572ec635,739046343.4548159
966e8fc9af08e76f8b276245,573370822.9492813
0da2a849e0f83b17b006e50b,507693732.75737965
f7101a05db93cbefd6a3b31f,-86695095.75110507
b74fd7f7db38ec233c6ad71f,609996301.1757613
0d63e52a47fa884e36f10810,569383068.0773267
77fa49bcb52539888d481ab1,656351317.7332003
6f412fbb33519fdd31e741c4,415552552.9302995
6615da422a3864d415b28fe9,509434917.7151692
f258fdece395f0c4f4da6a96,643891076.3664178
c54c645c340f59dd5f47bea4,210024591.7241106
bdd287e9de82903f210878d6,629989896.6088818
e110abe74ba0ad062c9b575f,718843535.8497574
47e5ea8cb7f5ab6703803690,836205414.4595631
e71c6f7437c633e2d9da643e,607764327.4244906
783161faf2e3501c38c0aaaa,241970533.32970327
5fc3de15eb0cd87be5ed2e6f,795712966.2872651
4066155e224520530ce985eb,734405799.1958809
7745863791b5cc6d49f84c8b,58547057.53953421
aa7551be1b8d6278d38fbb00,965105302.2728224
d654c9bbda61c4c0ee1ae2cc,435817060.9357963
d224080523a2bf2e81698d15,447281976.06795394
5f8d0a2ab1f9136de446528a,947868511.6201713
405fec98d5a3c8981173311c,478311903.4095588
2a9e77fd00aaaf773d130914,143219781.40488607
279b76adc4bc9f8dd86759b1,837313065.9323871
f815ec1a63e980717c9c3290,634218444.7692596
a8fc825e34bd9bd56ec5331f,816498712.2077338
248ed6abe6e528dedde951a3,422802447.2917543
2bce6544d58b6970192a1838,416460459.9066749
352a76b301243d22d1b31f79,465731044.8429044
bb9991da696d6e1f13a32d0f,489721678.8974838
8e88e6cc55ca769e472aadfe,606735668.8199642
339ca7bc687766f517ab3274,434633320.8966557
93375efb2e74f4913d21d94f,469439837.065745
17d7e6d321bb7394546e6b7b,457956473.0261717
0f601f5ee798174ea9d52caf,506482259.1721767
8ec8cac469f2448654312aaf,752914176.0389879
affb62139f02e524692ebc5b,338693376.3050924
c01199a4b2fbf0f6cbdf2a65,905479578.2027323
4d1f49443787c874ba19f968,1147618829.9063222
035c61042b7dbc7ef888d1a7,1197167435.7379932
0fc7d98f75bc1c0b782a328e,1227666410.9238193
b1924a5697dfe829b5b8ad76,564327141.7425326
d0100c18dba3c334327b29e1,583735476.1111522
add1a20e8bba47aad2edec69,1060794683.6636037
fe8a78de9ba7b59a112e0046,424920058.8008585
b319d049a3a8e4a095940106,639633466.9580575
303dc73dc1130de9aa2f70f3,577130925.3317976
e471b2ef30c388893119a010,1092557022.519508
9309d812688d0d2bdd33d830,918266148.3938026
fdb192e57e3e48f70a492b87,737828441.8522246
c514c9a35632e5a9c0476a31,665587902.9923359
3bee8a9981a1e9e13a05cafd,628024682.9717395
9c942287410db3d0739e182e,562001971.5483433
f59b9c03bcd4e0e06d23fb47,767936762.8746072
4c11f4ebc622483532c24a06,547886694.2211356
1f53612f7029a21e2e9f74e1,1098364045.7457614
1f4b6eaf52fb940e666c1c93,742402480.5568409
dc65f0bafddf39c6c4b2c9f2,566948820.8628386
344823ba2777540ffa2a8fbc,1156718589.123519
8cef9b18f20e9c5a32e7ccc9,928692636.2976301
413d6e4fb772beff60f73e2b,884400219.7754607
15d3ae51558bfeef80b9e97b,1016402802.2730656
b81c26f2ea6b66c8315d1146,1254220579.8916109
c3786f81345d39fd8b353da3,658674894.5805864
6c568d2287dcf12b2aacd388,663834071.6012257
e6482f3b6184515453d16bf2,926735304.1337357
32c7b848ef60432d98f415c5,950670730.2156794
1689c3e3982382e27a4ae074,800972251.6141909
3d0cc51b7a2392f3be3b1666,709737636.0113301
1dbec7879e793ba9685741b4,890071913.9755989
82ff2a63a863c089ea90bb5d,909624166.4724987
3d9856c3ee0a4b5a833c69ab,349164562.1213792
6f293451319bae38c71b8266,695808303.1072143
dfc817b569fd71d2dd47e980,1161530439.6902413
c34d46d83e76f54d53cadcb2,629170218.8826061
e08ed8c82d05dc3cad8cd2c1,710529103.8227577
e21f2a8d9c641e45d442686a,978109522.8458655
f1793973b462cdbffb1ad648,805816604.0131719
b15bcd6248958d98867ea585,855401244.8752702
e640424f3b7d1db403c36ba0,1092007794.0380843
658c0b009a09339a3f312145,805631349.9239098
f01fa45466e2730f935a4128,783160345.1985306
b4d69c7bc93efb3790eb1422,899662318.2495472
c2242a77d30c0abbed667ce4,914930703.0941942
39542105a7c46ded0cc373a7,1071586666.763132
13f42390057bd294cd787822,739446749.5123115
183d99d88d1e7d995180918c,578544300.5371898
60dd7dc49139e7816dd8b143,809735039.7338889
6d2ec752890a2f1c4094044d,1126308260.266663
0e776964ba3733f3ac18a7a0,1135636078.9919772
92369f73435d1ac3fa95f185,686436569.7016586
8db285eda04ca37b86dc9724,1070312695.1589298
a7b14faa46e7b73ee4e95ee6,807807051.3571291
010e676743f6afc01fd0838b,765857138.6144757
987199d3a23c08ca887b301d,874758149.990831
4fd8643e1c43ce9a0c18a19e,1024020423.495218
4d0985935e1432b3916d45be,656608180.9162087
4623317e8c9044e314ccc4e8,835191429.8245702
ef8430c4d15e5887b8103bc3,765857138.6144757
cd6ecb0f77acd93cc1c9038e,1016369268.3801419
b0962bfdb6a2c79a0ca84e48,840816496.9626684
7bf592c5c34bfe6a5df3dd40,767907475.9475937
9337becb0628955b47e45b98,765857138.6144757
9ed0bcdb62b2223d716d40d3,810560989.0584614
4255eae670033d9c9e9a6e3c,930378759.7417794
c5346c37454ac2b13b92240e,1177832926.3575218
94fd4bb5f41087921ca12b58,306653621.6616594
ded674ba9c7b76cda404bac6,881234169.4088694
ce25e9fd3bce9b75050aef5d,887662327.7873456
4e7d3cbe3c62123fa7e2d969,921318562.987894
dcf5b42ecb23800a458562e9,1232118271.3387835
0d53bfcecf0397ca27e5f78c,756161125.2565295
f4ecb15ef992a677e8b4fee7,621620963.3054501
46eeb8f186f86f7859274d4d,1103631114.9705374
b5a7d4288dc7a7868678b9e4,945546584.6550903
34f99327fe595ba6e32d89a1,465249870.1865963
9a53016fdce3d3b5c2baf3fa,561047494.7613106
26be10d0ce8b763e9b457e76,569427834.2165046
2e111ff939191cc6df2c59bd,995912162.1175417
ddcce0b9776593e3ef3ce21b,765627396.4711335
937c0b6350beb0f51e53ff8c,393153356.9710714
f50941445773dd62e87e0416,1092557022.519508
93a1aefcc4ccafe4866bfc76,704661023.3629483
70c0a72b31dbc1b97c102c13,765857138.6144757
8aa9e1e89993aa49c5c3eced,979077528.2161851
2a5ecebe40fc09b45d6ee5fc,161299549.7095086
5f798656baebb094a3c83793,827068835.4480507
596b6f435f76058493a16cd6,985156790.7937603
1c510a71734e955f75187106,920337185.2289872
07de14db9dcc2d4f9eac0dd2,1016114517.9742335
29503210dfd57bfef8f16802,1186615332.3830519
89575a90c7b9b960c8f4e052,676099067.7204834
bb5a6045d18e19613325dffd,1098450584.257094
f984d34c8f27e3cdb7c2a44a,829602552.2856702
90822d4e3a369948cdc4d998,649779304.9873238
5b9a21a42d5f50ed4b10581c,951405045.4124157
1be01d052c6a65c5ed286bf4,943391854.2727153
b73d317e1e8ddc3d5d0743ef,1208146788.8141947
bcd302e3b5342ecd8cc056bd,1171938068.5756125
eb8956f0c4a885619bf1ff79,784993819.9776102
d5b950c5510c19ccb926e7c8,920775225.8634374
1e37ea0918a00bcfaded3453,757789389.856674
1d55f4694f3e000ee3ce47b3,723404896.0446665
cdc3e114698984145df842c7,914419798.2964439
9c611e246a612ac6906abe8e,1196479430.6223993
c0c820463dfec602a6118ed6,874104893.1759734
6302d4fff078a118c3211794,844607763.7283921
c98807fc596bb2f505b4da9b,1121280530.859539
cdde8657b5a215915a04126d,1228134346.0144546
3b2fa7905fd8fcb3e11ebcf2,874104893.1759734
59764968800501c68631aea3,1074724583.915787
9eab02171cb5f15963670172,1139265910.3997982
61f84e5a07f37865c31d4a07,1071708123.7433624
1494f223c9d3ffba26e42738,1019769720.1532148
ba137cbd10757ad20e5991c4,602993861.2146208
d2fb81a477ef3690cb11c93f,1217970488.9150822
ec4f7794cb756b995d5d207f,905041622.1212522
ea4add08aa912717cd42f9f7,1088641386.6181705
f11d7627e2f18c9a75595501,1212406856.9357123
8095589d5e1a55a76281e13b,740782453.5682869
f5add08cb615eb18b3153bf2,1025005220.0972521
1894346a27970572aa703cd2,781029408.128467
805a491334f865f06ff42329,828124306.1361103
062d5544f5c96db90fa3a526,1310411975.954124
332201e2583141f3a02dcca4,969980272.7424886
4baf1bfced8e85013eca94b9,874104893.1759734
8bc002e1f02beb4d83a6f6ae,1026429781.2957402
adebafcf3eb0d34ae31718ef,1359893418.64283
60b5b0aa0c1319557cd0cc85,1013784696.9339268
3393fece8a6ed311ad865e66,769396461.9823527
df4a1968046eed5326119599,1027347357.0677567
b044b9a587b2c6ca00447177,1001783555.7911348
005ab848b35907e42aa0f4f2,1079354733.3100238
140a0002732574ecc516e9a8,942264725.8681865
bd850d1ccfc4b21a72f3ec44,985141099.7096314
c6dc8c201ce38ff2ea49cd68,1116763045.718915
572ae40f693551547e13a196,780050026.9105427
b39d1b2637dd8e307c8ba13f,1052259462.126848
2ad02d6d56b95ff3382b53b6,951894461.8521893
5201393754f4a5f2a476ef0e,1116537663.8519683
72a66bc6d15390eb05a5c688,691831201.2024605
1f1f3e47f3593e4b2824e628,826978977.5998796
bb7e14611ea6b5e4abb5b89c,724366354.9265006
b82f8abc8001cd6731c4ef45,518560931.5119233
6228854021e72af611d2e59a,769736532.8497708
6d21e1de9c880bfbb17350cd,877435572.8276491
7cfa0c98191ef9b7c45f0520,589445776.7064855
a739d80c3fb6b166a2c2182b,604197195.2698026
36f85981124e858c157f83df,774180084.0731789
3d6d51ca99f2747d6b92dd19,817982199.2864119
092b7b5bafe25bf485de37a4,943460357.1884024
f2e0163fa07f89820739dfcf,999731172.2826991
ba47346e7a53412e78363ac4,873482640.9711688
f86e80b2a831572b85b04e55,1037650704.3136213
199a6f7df516a685f086dfa2,488837113.43569946
81f6d6790aca5e9270c3d1a1,544642511.5226504
74f099ca0d949c8042569d51,171752554.43094337
4df3717406f9852284576caa,649672712.6210054
5246f7d8023a4c178af6d10c,681308999.1703874
69d9908e13bf7c8ac4c30531,12201292.367245436
e336d9d892441c7ad886a98d,743155218.669247
f82e1c70884ee1285e1bc491,90489630.73271239
0ffbcf7d58378c85b4103c7a,906476440.9786134
3679e1844a35c0c87fffefeb,749746495.5172758
955a15a734e56eb287555307,160607053.1766814
722f262a44b2bb6fc05ec35a,110016673.89405453
48c346042d9cb826a3714466,215688906.5693326
bc4b7bbf5df92f476b6be103,611380550.6515691
667685f89a61aa2ad5c9ac7d,627342717.3349749
8be5fca8f4339712c6f3e29e,652709034.5548514
09a5fd22f920267b464e2a00,676268765.9236131
f6d2d31af94a6a73912dd9f5,936569080.9737313
0e9a5ea81f6d91038d8711d9,670654188.3615022
8b2d8edfa6788ddc0c7b3eba,724460942.645309
2f48a73bfcc91272161afd39,654975050.7775545
a78417c74b8c99279912e427,930414099.1112607
4d69f7c7e0e837879abbdf78,18185529.094685555
926a7b18e48cdbf6ac3b396b,540712047.488101
a06733f7b3ba964c20ae2698,1037121689.3113587
02d598a32d864c289e3ba6b0,886463565.8560603
3977cf1326ff502251f78f66,605005170.8692174
c3cdfd0733404ec885eb3edd,969689017.0932755
a28bb09e30bca82627e595c2,1114717973.8953986
0a2f8c8ca6094e6626d4e8b1,833777752.0772327
ac9baabfd96d58e376149a7e,323016241.57420343
700a052900adbfa149dd5b6c,998300982.816212
4b30968cdae59b4ef3298f19,947500209.4226972
c673d94552bc3e451672939f,987247085.7538055
75392e8381e1c891377fcb29,652560533.3071479
a55d7074220aa6a750297c08,662872134.2264007
81eea19e7c12d65d21e23648,1123582440.0837667
69df7bc1d82d9723c70eca70,662872134.2264007
815cfcc4d26738f74cbb67ae,632089538.7194517
5ea150753f8d07c71af45cd9,838381369.3352511
f851b02d18e74610a900bf14,1074180078.5926552
76b9af8036e38d5d30ac4c7a,1221578912.2405615
4ec5ab39cae4afc3b0e69438,1103028424.840775
c74020c85c9fcb2a2cb3ac74,676554420.651382
6d6ad5e3ebaba1c11dec0f16,940767945.4215956
acbe4eb98668ff4967a8cb86,884030064.7098144
16a40e3dbfbb9c703e04028e,655966893.8498803
ee5fa0932e098cba28d950b1,985241906.9601796
5f9fa56b99677a489a9966bf,724366354.9265006
4045e30cced205e8c5b2373c,701499554.1145573
eb2c7a973d4d6ce8e6ae87a0,1202168529.5384746
99c69eeb96e1016a7e53b33f,668746512.5441355
aa7f56d05ed29183b825d61d,407802095.3380035
4630a9af58fb79c0008e5fa1,685213022.779432
ac003932eba3a174c5b998ee,524981931.9329496
56a7470ed14454665aaef75a,787506939.7384579
a4e4f56336e07304cb946b1c,1053383683.3168097
00ce045307538da1b0bb7972,854717614.8320959
cad720be1395e2ab5869807c,518092648.39951444
344be03236aed65e74b14a2f,526804957.86997855
58a86bf535b4c16b50dfca06,-50708030.00730252
d52c3915fd7d2ef8c92a22fe,526804957.86997855
8a4b7e86a90a296e10a49ea3,468687706.04728544
e1717a317481b0765a7a6a0d,541330867.9073262
97fc10f5ce4a6fd7357381a6,526804957.86997855
428f4bc76d4cd315ba8f89e9,810075450.4900826
4d882ac2b82569f74aa08824,403673714.84957826
948ba87dfd7993460c967cb4,526804957.86997855
1bee6a5aed5417181a3db77f,448703105.98603773
63cdd73026431f5566fe246e,615036749.7023741
013e2a07f94a99323b64d370,1099730733.7002819
ff56b24cf15289dc6d14800f,687354525.3551997
7bdb94165857bcd37206cf18,441773273.46852326
1d1e29d9601aa0eddb4d6c2c,827398442.2015508
a8c9489973c54b93737dfe20,583110112.6789496
254892c6b84c59ff5ac4f354,664748216.17512
c6e9772058edb2268434d7cf,543664524.8895931
916a413537580440c4ac6028,688991066.0505995
bab8e472424cd57faab87ff2,725206146.1132971
eae5eecfa2fe828afbc94b0a,617118972.5749507
da26059a2cf36e02b8702320,611388362.6758602
e18fecb7e40bbcaf26c863cb,643855527.5448852
a55906464634558b94d9298e,675958993.1005497
3032ae39e739fe46e9e198e5,824051118.8342028
663e062b85f16c2419f8456b,705700725.7907512
aad0e527c4bf6283f76b5bed,983812212.9106252
32fbc0f1934f7325a404a2eb,730655779.147792
07d1137c1f0aaecbbad32f7b,584769904.5046294
3058b792e3f6781e438a2e9b,585571096.0147951
33d6b1bbab4524c3aa03756c,467217720.98218846
c75d43b8089321e359e14264,623936431.3097838
29ea1796aede16cab8a50497,574067563.4684838
bed21c41b31a3bf2095aa273,989720303.6665668
ec232a7ee3aeac713516614b,577406385.0926588
bb7c68c2652c7e124d88631c,609101990.4505357
697b6c6f7666391fc689cfb9,592933218.6957537
d912e45dda1a3a628fdf50d6,665592362.7615749
96fa88a07329d3988b6b41b3,717867628.778118
66019487c37339e9354ca999,980778968.0681555
fd2dcbcb8a31e97f31d22a53,878955300.9860953
1a309175498997e1b8f0aae7,694552362.7494034
e83119808dd08ca090f5ed85,759245762.2436149
1a26960e24de046588ca7837,529806113.8090081
379c4fce87557848548b0944,543698978.6630743
b2d7355eb2aa975900776275,1053331907.9698243
3b05e06aa0bc40b9db16416e,572899863.7912046
4a5405b1e181f5b10fec35a6,1025149934.8070304
aff22625564f00844ea2610b,1043734997.8299382
b40addfc0da42b0e530503f0,431840711.2475383
9200d647b6ce9aea67ff8ac7,624131641.2665286
3057660e38fb757dbc8bd898,837232779.1862959
799be2171dae4763df530e4d,1141517156.9818537
819265a930d32a97533d132d,712245609.0167444
9ba689b29d0696fb7ebc44d5,1181712167.2403128
0f7e28b6efb9d550ba28a1e0,824199662.2568738
57551742fefae23bb32571f4,835902234.6267478
9569a50febeb4163e28c192c,966530444.7704816
1d03efada56f8a70bdae6aea,798446295.9943106
bfa56d6230b858591743473e,830816782.6788744
ca54914a1cf1028b9c8b681f,851740109.8804326
54304b6117b797791d266cc0,770738030.5299667
166ae8e3d0704209d6715240,814099644.3700371
b56659e70367566a4ddb81b2,950088782.5132735
2641f220611056a1f5616dae,1303891006.2090912
08a82bb9fbe4b7abb50cece1,798798934.4790256
b40a9888ec0379fbf85516a3,1073305914.7200251
d35462df6c686296a3c7bb23,896827625.5705465
db244703ce223e6acacbe85d,896264297.9730132
a90df94f959030227fa015b0,849527560.7284882
d97d462ac4f5d9cbbf04e9ca,1014784894.3229963
7fe6ac57e87b8126ac4f8530,685211543.0550021
69c28dce8eeaa86605143419,940693472.1134379
2bd6682ad8343b69fae1a59e,601786902.045804
2e6fb29cbc1ccc3d97c92c72,1005054597.9140233
9eabba4531191127ee91621b,1014287847.787498
d0c411218ffa7c3ebc10783e,748376832.7026577
0c61a011d7fe0227be2b3575,958223254.2985661
2c47c3ef9e139d8c4513a090,801919787.2139583
f6503aab62a68ca16eba3fec,1313987269.9009256
e7dc05756684b070b36d681f,721401836.2837067
17484950b143d0395907ae6d,800403788.4407123
3d997123b33373024bd2cbe1,1143488711.0512943
ddba305c2a3ad29db24a0658,726859531.6026498
b65efc402cfddc0aed4e1d76,850404699.2976558
4a7ecb05c9886bc35f6b9160,353986270.75461745
b4e14604b888c994b64f94ba,785369423.0056854
ab37764e5f4e00097eac947a,1063499766.0705904
764da64c41700da5ee80b8c7,750056961.4485185
8a84a073b855e37a12327357,948859603.5331602
5a6878f8a47f1fa2fc1d600d,1139742675.8904984
505f3d545ce83d0c848f828d,1118883483.0348804
6687a2299f38c15598d11eef,1183811553.652965
533134592237b2748915eed8,963349346.6684303
daae80933675e767b50bdd17,1209197432.8881478
945f85a061dc4e95e779e27e,1115613790.9565134
62dc69d80cd6ea9fb7fe52db,1139210670.243898
153436858070f7e724f0cbc1,1101350498.8894625
7f9875a5336a32d73df2402c,957514291.9356644
ac11141115d391be44e6426c,925256047.0454147
f8243b7b679dfe8303180d73,1215978239.5499926
1376106ebc19c929df27bb62,895631070.3105934
f591597c9a1ddd9852eb3cfd,1108612707.7206876
a748841236a7a7fb33138845,661004264.755222
6ef43ab43841696400d91859,787988044.7902939
601310d800d88f0d387235e4,1117291759.4413662
db81ec58863dcc5d12839883,609356366.0641637
68d35dadc6d0dea61bf4b513,586303046.9561671
ba9be0b67571b1e9242664e1,751390926.4505744
1690af2e30b05da545f1576f,1059256259.6265545
fc72ebf9381496067101da61,450663868.13161385
3a2e95f5eddda4df84b2e2b3,645486214.4338236
a660d5809085b4823e287a5e,502388401.679411
799301c01a3e7fc2af5a14a9,580201388.4454191
824cad597aae34d7d59ac939,632305136.0292453
23cfc154896b93bce4356ae6,523468522.96039134
a9b96d2a23ed155043085e87,795874642.2510114
f5d529ff6a35fa78ab14de21,595236488.3889211
9b337cb1451a8fb078dc9a07,593030229.6540048
cd1fc7362660bce494b5117a,921598460.5095215
26454cbe44a07cd0df12ca07,1123279167.343678
cc5563550bebb29c83ae3054,1164016952.9608846
109bb36f29b223a81dbfa340,1037680361.5564561
31081c78ce92e1d8dbb315b9,1231097628.4978719
502aca1a1097438b32eb362e,844016518.9865179
4c90ce573f1d61d11294d05c,1129416872.0137835
87f1e9ca16a7ea48de04fa73,1117179649.3853989
224f6e839dcbd91491f3f1ac,530507165.1092465
8ee7d2e0692e49bf9d308b4b,873825783.0369453
a3ff6a1fe37a1bb736b1100d,1039346964.2676438
97d49e61c1ef55451e52c8e7,1039346964.2676438
b6514cdb1e2cf37e3ff8090e,1131284149.849916
