property_id,price
d56159653f5d2abc5ed5acd7,1041124243.7738383
45550aa81c0151f1fd9fd8fe,964474290.0464921
735deef3382aa15930482f3e,764430248.3074175
0dd49fa8bb7be52b851c6dc9,827159664.9361289
7d3220a91e78f8bc2924d1cd,1051963098.2638826
d3054072b2175deec2c1f8dc,365455040.4035862
b7574b06d593fca4eac59815,298696435.92030865
79e822115c5c1a4531366001,387943783.6613407
d3ed5316a463d38c1bd321d0,1162980936.2522683
2f1880c9b8f7ac2715e1236d,958773761.476691
dcca1c7f109175760ff531c6,439975370.339709
dfc4f3facf91bbd93ee0fa4d,548438273.7081679
30e134a6cbe61d7954d0f56b,402775726.3365834
385fee7bd9ad7722d45dd034,683871635.6344705
87199c236bf22903d1aafdd0,683871635.6344705
19e19ad0cd6b5e84d8aa970e,389527528.1197378
907f968e78d748fde69dd44f,658910938.2172859
be094e5db0f784e3aa013aae,497994781.831163
7ab96f83915bc84f8c03c1bd,313718549.3381094
07f4aa9b9ff5b0b05d31e6c0,1170299561.1256232
e9be8cd37abed8ab510ba1f5,1505238819.4259307
5f6ad58df27b562db077b5ce,474564063.08863676
ee96d947484aaace40f9b77f,1195853880.3846698
15c4aef8401208054697b81e,1529640018.8894508
22d6cb11333f2839b8112b89,1342779125.8360622
288c09c33907dadbae495c11,1571167903.144187
f71d2bca0c5fe2720a1544c4,566326971.5711501
451744cf3ce55a98db8a3562,564351529.7239127
fba9ae05a6a8a9e0c6268a9f,518850956.67742467
1338e58f7dcebf5a1ea59388,411849391.8647844
a817e8da0ada143ac87277ee,457327506.7548392
46d8bb3e9a0ca584d3c7a317,656825488.8898585
b2506aa9463aebf01e1e00ca,296877191.15331346
7ec025b9b6e6f33bf65af41b,306948502.9048002
2ff531e27672ecd2362eed55,929076900.4972266
9b3cf0d1b91b9c6a2a887647,515426314.5256339
7db5291ce4602d9b2b266872,420574400.7065446
65d5918e826c33bb950fc008,697260044.0860573
395c34e4b8f52cbdb0522459,881175548.3696848
855f4b67d2bd6d18fd03d8e7,465645317.845759
9ff06409b37e5b5dece4604a,653805698.8593179
0508cd7bd2c77ebb6fea1e56,643088939.8685485
b45fff2e718e54772d46a3fd,715986305.9294215
cf4d2297b73dbc357d21e31b,579479539.6343719
0ada7044c5b29925abc90879,665500251.8941898
6305f02255274ab5fb6bd39c,1033016239.6389967
d9a94194ae1350512beff3e6,721999729.8670264
e3896296cb80d50d9ad3f903,1019455640.9821268
6514f355887c64136edb5595,698118369.0565437
f03400cc18e12903b3ffbe5a,1087353454.173338
4e134600155a64783b3f8c3e,1062916820.3996942
d63ebc63c82fbf66d8b6ffd3,1002059002.284298
1bd64811bd59706844230198,1117270090.9672637
a83921284639eedd4a511cb6,478543441.2323257
a2f3f7a1cd573e2a33f52e2d,705479124.8560969
47344a66471fa51f61c64652,889196885.7715646
78fd849c9429091347d7e5c9,888893352.0745882
c3daf2abea55af99c9579319,739330134.3449403
52864916eb1984abca41ec66,888893352.0745882
c62494a9d7aede44f2f84023,1034425981.0026041
a2b576643f7a032371587e5e,981448649.2494644
e53bc68f0e97ccead24f3e56,425802359.9308149
fd82c710aad91bc90af490fe,554921083.5260634
d436abc2ee37ba3dd561e940,534214366.9704274
216a598114a403676011cb51,1099988286.1541283
ea230d5eccd2b687888173bb,1104028160.1064816
18bd0dd7580f2a7cb19a90b9,626297940.9684091
b143c8ca6d334f6a73c3f2a0,575860080.2517682
ab388cb4fa511968783bafee,305351445.0230527
6a4f08cd04d558a56af732d9,708022836.8294313
7216c895aa047c4f405c4941,1044760597.8687465
a493488dcd906dc74cf8a604,1164345935.8931904
7844b0b2bc65dced90a355c6,1170482613.3202922
c1976383069b6b82ab29d092,528019786.6757672
e5cfd99e2308b7b73581dbdc,436008069.0472968
c18c2ea88f4ac53970b53d2c,586375125.9647428
842c9f0e4edf1e5a672ce15e,576075400.2208836
7dd1e46dcbddc6bf5ef694de,578665528.2742336
6cc4f32b39180bd1ec7e117b,636135217.9722265
79e643789a85dc4ffad49a25,621683680.5749531
b3402a9173d289d6db78e09d,1411981949.3126948
a446507813234e358db8b573,534165460.42309546
c8ef57ddfb35061d1876f94e,603126799.7466955
360be0df2c003005e3db080e,1201061098.3030963
9ab245a4c91877cb7a8661ce,941122908.4578406
a57a34c7486e7a40e8deb316,1233628459.640541
ceba7d0f56f6cb03538962fb,583249667.3657432
d5475993f9db58c3e4baf7a3,803176894.3764966
d37a1dda09e30da13ff5bfc3,652960755.3036698
68a8b8d077a8232723bf37e9,478019809.8956829
e1eea7716ca6490b7640717a,638204881.291168
4ae6d75b10848d259ecba576,734869208.0577031
17afbce5c0b56732abbea936,1231940190.963883
84a2673eccd3cf3bd7fd3eb0,899611535.7652153
f2f4e6cbafe527b155707f01,1319318917.7295108
de2e3a592cda5b76c9573c5c,729058627.1726913
fac651cf404a58f24dc7d286,1486502449.2779458
e6f312a0877af26b69855a3d,969990374.4086183
333a643c623a9bc75f3a40f2,1379807569.38629
64593641e470908ef23b46cb,929481021.1331266
ce9f2f0071be658ae75ca6f9,994226782.6001686
9ab385e399a4673732b6a799,1130166320.2108126
3429c774b736cefc051e2c55,557252391.6261557
a51ad0372758b2bbfe73f8fd,663705290.0543802
8c801a266256e3fbabe7e3d2,624912581.3710676
ca2f81b8fb6fda20aefb0ccb,493798082.0386728
3c1b1f86087f9b99380e387c,544138118.5486948
b0cad5d612954b8cab18101c,759267363.686868
7eb991f4c69215377e4dac8f,958435508.7304159
0d130b8bea4321300396fa34,1062766806.8686724
8dfa059401e1dca80ae65ae1,989221715.1650822
3e3f264cd0ac7a65ed2349a2,1210827508.2338316
112dce80bf512f3f24391d23,584027795.8250134
ff25ded6333278149f8fb68f,700734438.0497528
d555b82c192794e87e9d536f,872219495.4057888
a787382d96ef9fce8f27bc70,1138511208.6813765
8c3aa295f7bcfd9a43eb2037,1031673353.5674359
13ac95652fb3cf6c43dafc66,360663146.51882815
42fc6a80b882c32f6264ac10,463158948.37594676
1e9c53e09220d689a0210ab9,446601474.0985892
3348706086aa3db5c92259c3,397964057.31033266
66d402a9b7d05f29282ddb00,560742061.3949624
cf88be51d6f31c10e5868ff7,383312956.6196651
30b3f38716be209a894b0942,348526136.5166935
0a5908a92d0ba3e36f54b1f3,395021502.20908827
dd206b6ea2d7f6555109ea39,503248372.6923618
c641febd8bc2ece3e4d2d8b6,500676754.61277825
c11fdc02a288af0572a2bca1,985015592.3124871
35dc60a65969b264ab283d6d,453513306.69440776
d9cb0f637cd4feaaaf8a21c0,616529291.752798
7e8dfae9a5f1faf8afa706f7,624056173.8281844
a280fe7610c254b935c9dcfc,367100285.8578338
85524880fdc4e4daf90e96fd,495984220.27677786
f361109d06f6609c16724b39,803299458.795446
3f6b2f0c0876c21755369cb6,1182679460.6172705
de26819064a290ce78d8fcc1,561887627.7178206
91be1260a84ab7fa3521c495,1139997509.8591604
18c8dc4549d38c918af2972e,1098086989.748485
782b0fb8641849c2c34291e6,391338615.7868444
54933f8b33a4fd6f031ed5be,763654967.1013736
953176c9a901b4f61c030432,841714131.1324502
357e2add3d68167a4f3ce15e,1044832338.3489276
90332d50e91925eb9b614bef,665821472.664342
11723d1d472bf1a3fdd8b72c,1027496404.9500628
01f8b6799e2910f7769db175,694234414.6890131
a0d5001f7dd42d7f0c91d2a9,509828697.7247318
d4439c35bcb88e1490916c67,509828697.7247318
4a73dad0ff8a5262e8b07c4b,790011739.6270711
3dd8085a65f24b497ea59557,513301317.4953203
39ef085809bc80e32e7b6af6,1298879638.1758003
b98ee16e8fd7d1c75a9da13c,1309888597.8773892
16deb26bf740fa61e258f545,1532510667.507102
732a3bd457d7798e1fd892f6,681841125.0865934
1376058cb128a1c7729cd2e9,1347050215.4782534
cac7e7c3e13af91bdc7107e8,804817742.2178576
9f3dfa6e1422f6aeac527c61,606461714.4689981
4dd3d1288ccb66ee4fb9c097,858908292.1463635
15fb97d6a43731d61e95d004,1141146156.934171
dac29573163315edf99e0e7a,1129763290.9280741
b93f2864087d41c3c92d43c3,1143926834.4437826
cd4656aed92f5c0a0b6b7c0c,1143926834.4437826
556210496090b42ac10cf1b8,981448649.2494644
762979729fb21e56a32ed14e,981448649.2494644
ea935b76abe664d5e2c4736f,697260044.0860573
40e9ef1e7c6749b7a8d04ea9,477285503.6244494
058265732a484ac8d5497f5c,662695856.3918551
6f52ea8340cdd283f9a79720,816329410.2530783
cafe7c1ee67458e05c84d5fb,1033016239.6389967
3f45ed2f08a2b03b738fbb5e,571483333.6902359
f203b18854b75c4564d7a17d,994213508.3291093
d5333f639d11bc3ab073ed72,579918497.8020806
c14f644116669a160446a945,456989186.15486926
de585856ff546e00a5a4672e,498094526.03395444
7a80663cae7c191b5d025fa0,578666631.9921924
71f80198e68fbba902650b1a,437023826.0681287
f3523e0626df8cea803ead0f,375314420.03523946
619abd5f978b1573761be86d,407396063.6248634
17a2323b855e93533a9f09f2,674926506.1575509
38e8630f2c05ea38e2257c21,539893304.3616267
1e3798d739f85ee0e5a314ca,378672398.06400794
46d0544f411bbfb6b452858c,612805807.3876771
605e7a71eecb13b23ffca0c1,392429906.5526622
7515b37b7ae7c62f3dafbe7d,697673771.2784396
28be121ada9c9303be802474,459321518.7613279
331d54f8a1bd3dabce73d6d9,907908054.7622246
22d167639ccaace593dffa31,613870370.2264289
36cd68fc3ffab79fcaa340ab,513671529.7834251
db924733e88c361cdfab874a,581847430.5891931
64eea2e9a13a8edfe8ac7027,822096665.7282073
97fe6eeed892111bfa20255b,786027221.2051846
b54e6757829ac95e2076d954,531234180.08403075
dd59b8122458557041903207,623341217.7816352
b35c58fc1c05a77433025318,854498050.5316025
c41964afa164d8b75f8dbe92,862587439.9300184
96b3ea80cce599b68f96f86e,1069497622.5899166
a4bc87ad4f1ad97c0a63d843,930316406.0076734
16e62269e6aa2ea052d05f71,1303108023.2194023
518b37b51f824fa0fb5075d3,1075581538.61083
e083d83369cbc93fb94842a1,1021663041.9586414
57deff02895d5286eda10d89,1021850131.1770337
7ed35835fbe694bc237abe38,834800746.4574807
b48efa9ddf36e85164354f26,1240868502.3479145
5910c9b29a1025bada93a5e1,1132254889.00347
10a650e8cb5425c97f08f68a,710573009.9159445
9e0feca2ec3043ae6f840631,1302702952.7371619
35ce37bbecac6b164fa21e6c,586312497.6888962
c4955010d066e013812a85ea,1167860113.9528837
d5a83c31bec18d1c3eb9af7d,891482646.0178845
70217bd08583854329722821,932834185.1514184
28e748e7aa0a447731e06706,513772454.0180034
27929c0a3e0fd2d6d2969e03,742027037.3068414
5c5ea0d8bae75e0a5c88414f,1436958333.5149302
2233f50cf7b04791cf1ddeaa,672884051.1144208
bf430621f17dcaf17fb91ac7,629481166.3362947
d8dc9de06461e0220bc55906,552358215.3464688
d988975f8c4e6ee8fd8dc1e1,893429991.035233
bab884e0f99df269805e83a4,1178354032.3510385
8fa9b20af1508af7a01e2267,886707245.1873466
b6f195d44ddbe10b78b97191,478047163.1912425
2ab0eeac4a228d5769fb4365,460638408.4389102
347a4deda03bfdde6d1c163d,1045665685.792165
17230f18b30b94606fea047d,399805219.25418526
eab4ae491bbbe7b8ab107229,675990670.6615051
07c753474a847bf2bccd55b7,886766441.2580868
b7ce05400f0261743073e072,634697833.0252738
4a33d213841d2af537aa967a,827025572.8483129
04eb0b590ce7483c615b043b,1068692163.6375852
a01a51af09a3dc387a18b58c,400382136.4615361
270b930a9e22d5016ffa4019,1001791459.384931
5ed1320fe84a518e267ff537,1171373727.2076695
f04b574dc221473cfd616e22,833357818.6744262
6f7e390aa6135019dc5a828f,807656472.3897364
776d4a19fb3852fe6dcd3ddb,394532067.2461382
b7f164b79658952248866c34,676114459.5831786
aafeff5826516e363471e439,328412586.72005415
eba6a2b80a17a846ae560ece,450104212.88033044
90e62f8656ae504bf6175e0d,623776517.7249782
dc4331d09a1e36baaa6bde53,563505026.5189307
372d67ccb9d251e290891f0a,305351445.0230527
a7801c67a0ddd71c50ba38d3,305351445.0230527
e4d6b81f169cab8ea0244d75,646860697.3020471
cd5c6655243a4be0912bc92a,1233628459.640541
f7a7281a19733251134364fc,1009862388.2789893
a716ec25a219961fbe90f367,1319318917.7295108
8bd45966c16d4eafb49ee2a2,1162969845.254651
baabbdaa5e8f69fc90d303c1,844397883.7452223
8bed46960db1b2a7954ffbcb,1036901120.2629616
dbc123f9502159d660f375ca,1145688957.151746
a4683facc81ccda10e9ae388,994226782.6001686
3a576586fa1aac85c2ffb75b,1527202884.9784703
b1fb98d0ba25b21c6647d423,844397883.7452223
97fa4be3ed93c37c048f507c,570879782.6756326
cf184cc576effe39c0f857b8,905141562.7389233
784f67fcb2d009d352740ed1,449195972.96721524
f4d6ce332121f814aa663fca,856395641.693785
c87ae84ef029febca1e633e8,620443420.7892797
e876c6fd9c161861fb92ad5a,1112368863.4772155
9047c4764f2c6b1a10b87e99,1303963309.347367
234c94e9a248ae57bb5a0771,519557042.6366962
a49c2976ca4f24f3a6b622e3,442695153.5919129
ffc171cf73514bed077339a6,403736394.1036524
fba83f5feea2522888377066,355815977.2395821
1a593800d5785ecc36c25ead,643268047.6482953
ab157c9601861dc387a91b82,1139825747.357313
f87f8003f15b0fbc12609514,606261632.5126399
f44d035ea2b15b2c69d4da50,623761051.045959
fc815b59cce7934f816f0502,884305532.1704378
32915b77ca68000ba9eed6d8,641793735.2008349
cb083fa7ff634f424a351840,665580225.1818494
4f3c7b9bc78f882f858b3d3a,399074585.0220346
53d33316e237830ad463a26b,695586359.3686973
f5d852e25d51377686c43bc8,505776279.320348
64731b6eaf4fd2bb6c155013,897744889.5272632
dad7e45e4706ab2564ef9cf1,469105009.33412284
255914e9b13ad94efa6ed365,1055140099.8689163
5a8950a64b4aea4ac13dad45,709860474.1045419
70f51b4abf26651111305b1b,1174490131.202412
8919ca18fff7571002e440ec,939635988.2897104
f776a4e0c8c82b3d29756b34,1073370236.6648835
7ea4af39a7e577ffbd600f0d,708998530.7869308
45fc0d46c7a4df7ff6976fce,749697734.6014501
7cdcecc706fc7c79cce45b20,1025974772.9322248
3503f56e09e639be4762ff2d,772961811.6606126
f70ac0d227db6f5333aa821e,705450867.9344368
20db610da64f80afc1621b12,614536953.9552115
c80ef212c870e2f20ed2234a,714036107.959048
7dc68d5cac1b7fcdab35586e,723564437.3286362
a478fb93a131fee4119bb9f9,1013335434.11141
7749b2b534213ec7b536372b,677131417.3925246
43e59f5312e304fc21c1e052,1160178282.9499638
82a7920524816f3db7f5a4ca,877833928.2427394
1a7e331d9ff88ae5efafa8ea,1016609048.1815488
a57350d4c79a415137281cb7,409382358.2520911
f3a6132006d54d0e22a17e84,1105825841.0078676
14caab87a129f51b2b70508e,592973758.5030068
ba2423d79744d763aa3744f8,1184715927.325474
1caac10c1121a795a172889b,843454622.1536355
40768729f2697b87ed6519d1,985667740.6472466
843234d3c6c20bb60a17fbee,1361442668.0138738
cd2e4dff930a1c7a1a569992,1048501642.1660504
5a6eab133b7e95155f6a9012,795201652.5548898
5bba6c40aeb129c433d2c58e,966970156.6037966
ad3c644b506498127c7beef1,713471136.5345988
a379656c49f4cb1cfc5b3f03,958402604.0234017
998c1a6ace613d8a7468ba5c,1032307167.146445
dd610d7ece83bb02dcd7a22f,570945118.4205962
539467d04a2b3e78c592b11b,305116241.343113
e40fe4ac43cabe82c03dda59,421400656.5600741
5561eab714583013b422e7d4,1181306486.9068415
d9110b2b5b1c02766da9e24e,962421656.7984256
c72cf05b93b9c290c063b08b,938443131.9519562
d71cc157c0c43935989009f5,508516648.0463424
4199eaa19ddf8ac436bb2ba3,1394837313.3451567
d23d12bd86def2657038a481,964095409.2087202
ca438e13d8aa6285858da0aa,881649635.789683
a173eb804f4bcf6bfe889417,1243752205.6238952
9b3677d498c2ccf69c756ec7,973294735.7668841
f8c787390e4c6d2e99fc7c3d,780916548.5434365
a188aa896d1b4520ccd6b65f,411762991.48745704
9fa39c9eb4b10a20dda6c3c2,1056747313.682941
7bc9022fa1eadbd9ab39acd9,415214177.7558396
46f0731f62232b32eb733dc3,676185390.533151
b6767d1e329ff5e28c42f632,717501030.0689787
abde4b06769fcb1d5577fa7f,715527599.4013294
1496d159d31717ce254f67a7,616496366.4155058
1470749d0d2551a93827e441,673124094.2976499
3ac517f74dbf8cdc8feadfe8,709653349.7627523
fc6616c62030a53d2aa46b12,758765008.8601894
8497f34947cb4c0ff18a0eaa,696433325.5882987
3b2936127f5a4684a1d3de22,1056443004.0896641
dab58562904cd13a93d913e1,746809125.547598
69d1e47b6bdc57512f1838a5,965773914.516163
23c7f9a0534a4ae6a24e38a6,906293818.02356
640e9fe41fb79ecba89d8951,1058011841.7988907
31f6a25d56f3bb36386d07ae,1412728146.7070189
bfb30ae71cdca27f5a5494c6,1032139818.290904
baacf0dbd690644d74f3a929,1131391376.5226483
cdcb874d2e62220d12230632,1090302472.201581
1421bdbd9cf7572b799b732c,929220449.5439489
ee9e5adab1455d38edfcaa6e,1111643487.1595895
1fae43a9450fae02919962b9,612420213.4257898
5f9ee280509afd55d24f39b7,683054277.191736
82902f2082dd405ab538ff58,609648764.2874402
eae52c81f779a61f57cb5b58,501934109.9197038
4ec0aee1b202642d2739068b,896384632.666113
f4c6c3210a3c2eb935c6d5bb,1212933264.5264187
14a14706d405569501327924,347967520.7922439
146a5a4f3d111dc7b955ce42,983082360.728217
99bdce7cdea643b0442976f5,880941960.7874627
733c7cdfd50db77066a67140,677044890.7004653
de328410e22767c66d919423,857654318.4455079
d0116b53467b3081664fb268,639202612.0478679
dc722ea5c4d62773f9fb6bbc,535043402.1512135
e84605e3aadd50b064c8eac3,1116959004.8407722
31a3719e57ab1425e7267fad,918447255.8561177
34993717af3f861b9735df6e,812415122.375665
543822711986a454cfd764e3,1336796844.219235
5bbc4ff9cc3ddacb39469e27,637047082.9643836
d7ced905983af0800c19b7fe,855282356.4083499
02d5bac2567ee9e19041ad42,1074912954.566526
f4897a8a0a911a2acfb8e8c7,1062501294.2877388
4ba19ab08d1fe7f72d0dd37a,1014573171.1447583
b7c07f8afe037d55bddb8e41,425397288.1064502
40b20b5a3a986802d64f7675,903640822.3865759
01fb5931cb55f5308382818e,1083279547.5271006
7cd0c7174b957df1f004fc88,1048933700.5271475
ca13bacbf6dc8d1b09fe4c67,1062132524.3068646
0ed0dc77661be57aab63bc83,508370211.4360991
d03558acc19951a882bd568b,455276150.2470494
b8cca0d70fb46f3a31473e98,1121974612.9370618
f665a58fa8eda69547c1a159,1215158563.976159
8aa5ae4637ba83e672cd3ab9,691465861.6986288
a6da1996f66e545041d920d6,574773723.9650674
b828609eff041a68fa243a12,745947845.2318972
3f39a260b81dd7de1dff2b31,820592739.0791789
40fd167916ff071afdc44792,1209537202.3845835
6ca31945172976c3a11732c6,1043975760.0629196
1437d1f1601d26a3dca7594f,706106450.7112002
ebab054e5f256bf4e382002a,993208970.9132638
0838d0df248d723da4e25ea9,792290329.3292645
7a134e45b9ebe710c6c6efe6,1171275425.7371447
6e9c7f27d6b89c5f9696fae6,298522722.38999933
bd12c705950c46e679c34bf6,1068555601.6714379
fa2c1092f17ce021964f8953,592829007.1893102
e3202b635974f7a3367c0ff9,1400731969.0758338
49bdf0f970af03d83a57dcff,910420754.6243328
91af29fa680d8033188ffc39,781907681.2556227
cb626b981c0997d254388e76,300605942.218726
155a8e4186d1626fdda4d0ee,989818120.7378261
d337476c2cfa780518523a6b,532658687.8896643
7c3ea8523ece273991a190da,890155647.0677322
674c02227165e1c7189c54e4,1155088826.3006408
17056748001fd65cb961b384,1122430524.848262
f56bca5bebfc765162c8cae0,1100817332.5742905
5f4b0ec9c7452b888b33c3e8,557426730.3243878
13dbc077e552640736267a49,447257007.9378064
cb645955c851790e83e696a7,960523608.6784132
649cca8c83352caf7442f20a,998030507.129129
fc8836e71725949c5f3fa7f7,1122430524.848262
4f431d80287051ca323f2c08,1206304795.479255
42defcc69fa22e4c858f3c24,960523608.6784132
291a2f9022933c9d81311e81,960523608.6784132
d48a061a2040d851937413aa,960523608.6784132
55d2ad80322427ee3426dceb,507004856.9112141
8c41bfacbc1a6ab831b26fa8,960523608.6784132
c7214222fefdd8d2ad7f8f8f,655286356.9312851
b3d9a095c9c73004643c9e78,960523608.6784132
d49aeae19e13909e75dda2b6,960523608.6784132
dd10dcc52d2549df85f2a8ec,479415911.0679943
6732b448d2e4f32679f235ad,859186837.6879864
f08a5c2992cfee4c0910f68c,960523608.6784132
e3a62f080c25f404ca995e06,960523608.6784132
7634d584c3042533942e2dc0,1216721719.2329025
ae58dee872922a9c678dbfcc,938749261.30905
5ec01e911785dbd5b49b166c,500044012.89280194
9bc12d9c9ad95064412c3413,919909418.9660581
7acdaa0cee1ee62e15f4490b,899503442.2711757
d76d5b14d0acc5295b8057e2,888733995.985513
32f3364ac1fabdd13db1cfe5,338780007.1672944
8cab957b322f1aba06bae4ad,617012791.0612843
e3dc8b417819e9afe3fc7d0d,524843862.72862834
c71fbecd8f7310c201adbf40,1178057395.4767497
54c9bffcdc46819f67e4b3d1,1026585504.8089607
4d94a2295f612b96264a0db8,859000038.3493361
874f4a836cb74be301e068cd,1110410162.0670712
a18925f908acda4171bfbe36,1185378194.5910168
a587c7419568288d68c46feb,950119342.8652855
19994da77ce4f2db3efe6660,663324358.2823578
9c4dece6127f1f3f3bc1e0f7,475224383.0531797
09c28a830f8093802384071c,506018474.9065167
5766f7cfab59c920081e3046,475224383.0531797
964b7d9de17c1ce396fb83fd,340377219.61401135
44f77a86369d6607753adc09,609298858.1052803
7f25471be85adf0baeb8ebbc,525084172.1811222
6859481703fb0cb34c1e564d,423670128.31499016
7ba0c14dce0cb09ef5735d9f,631099304.0620444
62cd6a29e98a5b7a5ad38050,631099304.0620444
9c6d7e6260e4fe83d43706d4,637380099.3986408
5dbcb55dbba823dc31b041f6,1240466216.8684537
85abc5c0353c5b678f087824,680447106.1846802
56dd1bc39664f8e9f316851b,675458378.8396363
b23341faa7307d9d6009c6d8,858521755.0858403
2af941adae2e8dfd66542055,725594631.8809614
268f887f25d416dcd3c0c9c2,777216536.2471986
9ddc7272fe43f07035d3da63,1031661547.0704192
4002635ca8b087877ad22d5b,842896566.4268491
b515b1caa608ff42574e5a06,693268459.9691612
710542343cece039a279dbee,504285139.00932366
187a143dbd6d4bd81d6d9c32,604855983.823656
26db92c003c8e67d92d88aaf,845638926.9427212
641ac8f4f60ae2b9cf6add93,1208870660.4694092
784714647351cb6745c867b1,504285139.00932366
5fcf1e2ab4edf13ec844decf,687034225.0881697
2575d932e98c421bbb38b267,1209894841.6633825
af9d2f5f62bf74a7fa9c74f4,868525769.4329696
4db8d529af9f718e6d81a85d,305116241.343113
9a3368605e5f563e29182f3b,614919189.1869953
5ff696d8369101b6dc60e2ed,520083517.6765587
95ade3ab8dc04237acd6441a,493097846.2437342
607ed21e896eb5ffb50d5ead,421400656.5600741
40d9a852bbed67a6036c6d8b,534477316.3887419
97badba651a94721af5df3f0,508516648.0463424
b2f089146c30929c4836f0fb,769801477.1561531
936307e2f478c3ff7b9652e3,1071968757.8940604
b6d5cb459999de084965e993,883851931.9088056
aeb66f808982c6308d891f55,895502852.1670634
cf8418c60f4e54dfa09b1e6e,651431922.0394772
1dcf71e8fbfef2c6534576df,508516648.0463424
c78b16f05ef58855da0d4f2f,706670981.7643038
19ecf1fc86396ada203c2a19,457532539.2061554
985fc7ab5aabf1831ce3d298,817797446.0334074
8aaeae6bcfcee5ad928ce28d,962421656.7984256
1a93cae134c79a43b13ce656,1394837313.3451567
ffad647e8ee35eaea6378fb6,812718892.6923951
c21a3eaa136ef8a912ce7b74,1196346658.5042562
fabe0f299a4e4bc6f51d54b9,857024748.9988763
5af99278b1091dca9b0b0332,964095409.2087202
3f0c845deec1c24472a35efd,1243360842.813822
c10f25fd39dd36287a6cde73,1243752205.6238952
f37d31c512866b575780c4b7,973294735.7668841
5d34f871e5a5cb3a655a0b13,1181306486.9068415
95bb852a958d7b16fd676e3c,881649635.789683
24857a7a80d5f13a52eeb054,732544748.4606292
f9796e9d13fe1becef435e54,897364836.6234248
1c2739878e452a340a4e8972,1288570125.167636
698f3f1929a2dbbc69865b65,646866866.2758057
bc230105784ca8640e499ca2,726381148.2265315
622fdba953206a65224f2c82,460544408.04100364
6765fc17d98c08142d3d7757,1043517878.5839913
6f35fcba4ffd6a58bce85892,401425136.21147
d8654c08e95b39e3b4891cd9,944777526.6172817
33305df46dc2186c7e3f727e,1130394839.156782
0cec193a20d720af010383b1,787630028.5970718
734efe04fa6b326ae1d072e8,434961486.7160323
69190139558b2ef3eface18d,435374004.93879795
bb084299ad23f245d7cc5b69,559204050.4257277
d4c7b3372d70b898b167b92a,803351554.3369188
4a119b1bbf04b4bd6051c5b1,1222826533.0537648
f844345b6224bc76bc3c6f91,405937832.5665551
052505ca8210e5e651fc0b63,694725847.1043696
5731cdf8cac0b8371d786c90,1241626099.5545905
594d8d78af90086bf8cdf09c,924853047.3984232
fcaddcc78938f3a234dd2d3f,492340377.96875966
1574958978c9b5d23d9521b5,571495324.013547
55902baa0ece72e2e8c869d6,1033185701.2390039
46161effff173111bb6c3a32,995707026.3652999
b3fcd9cbfd485e4e1da6c89c,462663622.8925791
213ddc1761cd6b018349786a,436358321.41955614
be3b1df5f008636e14bec3fe,979780276.3499995
dd27922be5b6f730f8b4e058,434101189.73653513
cd2aeb1b2649ef421102def7,834802338.7150635
a226b4af016a772dc7e39ac8,841779956.8405092
dcef5b332fd31d0ed8d754f3,556147036.9104254
481492907baba4574d4a6f35,1391197267.028993
10e5e54ab66b58b3f41ec381,465890511.2160397
d48866a153ea0fd23a858cd6,404240331.5496423
d273a2075d28e343a657d9de,1221940558.689529
90a711f776d53cf654614649,1488025773.7839568
f87c76eb5071c5b309e3ac3a,455754873.81993324
74df03749e60c216a3e1292f,414732946.2608719
03a84af05df0f577e09d60c1,518146818.5854437
78682041182f01ee4db04e8e,1062916820.3996942
25c76b5a1da0c2d8158b3732,965838389.032716
af8f09175265e1546200ff86,585694402.5228467
c8d4ffb290aa9cea002e8d67,369564781.92078084
cb89ad8156c3428ac80a4db3,559204050.4257277
7602cb1e6fef087d8ee81aac,867712768.6958777
00c75d59ed4777481a50cbd3,770697649.0714105
fd36cffb856c2a14982a5fa9,558513322.4606347
06ccfa37fa6b011ac38422de,522505604.9057752
257b533b6a66b40d0f097c55,569447544.7613922
736eef4bb36681acbcc3c41b,451776245.81536597
e1a4437b17f7bec650d8cd97,389589942.16271776
ecabfcb8ce9bb47ec3089c7e,389589942.16271776
a5a46af0c9fb5c0a03855660,883137435.8189355
920b50f4355cd2674ceee068,1113256077.3528185
410e5af026805ec8088f2e71,1029387384.1599684
efa0c01632d13ab59f629ab1,450702129.6013741
5965d19a68a8414b0419bc68,1093599433.1208951
64955a117f2d9264eb59fa82,646866866.2758057
8cd46b5c9cbd056d3712f155,646866866.2758057
65f736c3fee3d14c31a57d1f,551426619.2118969
66e9c614882d58c022de7a2c,1241626099.5545905
8c787c1e6161b18601e6d7de,435472834.9461025
29a115ba5b198689fce5f93b,334415688.0950816
de8ee990e70c8e5ad167dc89,647960937.819673
0b65098a19c2fc1caa6577ed,1391197267.028993
70ea0403b722a1dae1ff9b18,803351554.3369188
5c77e242474e477513b60ad8,454784050.40439475
1655a92b20740a11a5889519,384598940.69199914
1709b1446b20b21482dd2d36,888893352.0745882
e5dba7fa0cfb81488b0c331e,558513322.4606347
d09dc3a3270073e5f1cb353c,1222826533.0537648
368e740cb71b9175fe5b7b6a,1130394839.156782
b8a8ad4c0215077d3e5aa472,1185742260.133746
1f4a78e094987ce29f054fb8,570514040.6481755
aae3a99ac764b8e9bfc562cf,880234853.8157705
a63ecc5539e8725af4128cb5,914943351.2203968
a29e18f37ded2e901181d7d2,693956399.4879217
14ead7469d05e5eacce6a575,597176705.0259588
1cbf39c44f6b0fdbf9554845,489865609.58472836
9012294b64280c565a88a1d8,797921233.3953688
dc0e9ce44b9932c6e48a9390,842702057.4615216
a4f272acb4b3b4f5fc72e99d,1011275250.7224724
b0a7295da89516be1c44512e,807051289.626117
b638b937d4f62949b9eb9fce,635842872.2435179
cadd4a6e1075b57f7b74c63e,858507017.7096533
a88f4eeeeac5ccd1ba9b8a4e,1043468120.9602914
29616bf14b5f1cd42786a91d,831752378.6396921
f03f97ca55e9a43928c18237,657725612.0515552
5fb9bd3aee2e1320dcbea448,379986296.92904055
34bcfc2f0cefad790922879e,1005326867.1367583
8c9849cf3d20991e5126420b,947827854.2306643
ca7b9296080c9fc9fb232782,981448649.2494644
63a5989d0dad994a6af7734c,437023826.0681287
7d25023ecf668945c87e0666,579918497.8020806
fde3d4a4a819b1fa40530238,567747029.2374007
e3338ac993873aca45755dc8,578666631.9921924
bfeab1b12dd82efa96efac31,456989186.15486926
2d564574f0191164ff1d068b,375314420.03523946
5529d858e9c9e3e92ce8a95a,434287525.73739046
2755af908b841e9024718b3d,456906388.0748977
623df36ea9610ed5c58dbd8b,407396063.6248634
77924a3c7880310a4822e5a7,498094526.03395444
24fd0b7f75feda5db89a4127,425330760.0722663
c2b9a3b2747f32d26c8219fe,407396063.6248634
3c3c7861a9727bedf5e3cb29,904145966.0440794
822ba8fd3c7392bda84461a4,539893304.3616267
4625168852b335b223a05bb3,774996079.8006675
b732ff1637ec53286e890865,612805807.3876771
706bddaf0b87e4f076247450,449497658.4407306
917218fe1425d2c222da1ed3,674926506.1575509
7ac0428c4b7197ca14f3b86a,613870370.2264289
e828e83be8651bc2e07641e2,641034003.9709282
4d069f925100b6cad0b657b8,513671529.7834251
a50640d13126880a423521e8,907908054.7622246
45e92799de1a5334c3d2d72f,378672398.06400794
93ca9e75cbeaceee69b4f0e4,581847430.5891931
8fc4070ce12262679c381515,822096665.7282073
63182bbbd5f94cea67de2d8b,629481166.3362947
6e163c3a0e30e7bf1e909661,786027221.2051846
3cd016f68705e73b819cf74b,1069497622.5899166
3da41d55a2b9f78c2b10c75d,710573009.9159445
0eb8f10c9d5ded1b09f60baf,932834185.1514184
330c37fb5065311564fd35a2,1303108023.2194023
b849cef46f19e13d3fc9d5c5,1132254889.00347
7bc034984b19479f29886cc9,980099890.2891574
5cae4522fa829a1614739b64,1302702952.7371619
bf6bd06201e60a4c98c8623d,914193259.0008856
549ebb2f616d50ca778e92cb,1256326692.2920418
448ad6cf4b43298a39c7b5e6,552358215.3464688
e9a37a1a4150461126dbb6e9,852793325.762945
1d4c50978603ef41377af057,623341217.7816352
bb71a24bc5ea4051d84ecacd,1075581538.61083
286ab2411118455780314355,891482646.0178845
045108344bf09b01b597e7ce,1021663041.9586414
d714e15ab5c2d5a2503bffcb,1242694623.5127158
60823c81f0b98e8a57192a9b,834800746.4574807
dfa988a524343181a0d3ead5,930316406.0076734
fe8bcbd17b16ad023a202843,1240868502.3479145
69fe76202cd89637a15de1d4,513772454.0180034
e7cf67cbc08fa04be9f0a3d4,586312497.6888962
670583e7a2ec6e337429fbf9,1167860113.9528837
796935018bf2b241646a2dae,862587439.9300184
5f5856dd16c0e5131835e650,742027037.3068414
ea2e380226005bb55c724ce1,1021850131.1770337
f40defb11ff73ba4e3db7611,1167860113.9528837
a4b2dd2771f49951c027eef2,854498050.5316025
a949ede7227c8f8587715029,893429991.035233
83f402857435d4fadb27fa36,1178354032.3510385
36ab522893b5f01caea4cd0d,886707245.1873466
8e4875b7ecd0898571f0b1ae,406858702.2723395
7ef3f8bfd0368696369ac957,422073134.22632146
73ec13a5687c542137eb9a41,444059226.095446
6334eb4a37d102ee00c6e2a1,482079654.54286414
fab91f0b03598c943fa425dd,722284846.9247564
c57c3c7edd591e16c0b7c1f6,553396927.3684664
03aea1b6ff072f117ec733af,611052730.5770472
91b57e8d6c41b7afe949bcba,412331209.7324928
ebbc5fdad817b304af3585c4,380601396.09664685
0232a50c9afca03cbf4277c8,535403765.0018188
05b12b1916e51a804419c654,493795256.511461
95c9cee9b36fd1d68f647aa5,881064628.5587645
3d31144a77cb51647f3deb02,585724565.6318508
ea87e3259c2b0d6263d39a2f,505645098.2644663
61f634438de4a10a861f42c0,608836499.773648
c3ca43d0474dea2f2dfb9791,391040161.9821345
a13a3638569b89ddf1260470,468676621.33858913
124959d1429de095473bf5a0,627704330.2573246
4d85bbc09ae56cd85a8f87c6,614027286.1632122
2c13f29a8b9ac9b464e3a582,378307110.6621448
70215712bdd8ae7585520550,498978847.2427827
3352469ca509e8ca652fad1a,580664493.1610509
893caa7433c200e0d43e9f27,783266006.9282432
767cb14f03c909c595c2a731,688087293.5975133
11433baf7716402e8c58bd33,983753868.8912506
e07ca567b0678126a1aec803,683940771.3553097
b2286067a73bc0049328b55b,598152506.0924867
c85d56080167254c7bc19303,817077124.3747225
5b9ef8d6defdaf13dccc5ae9,645178765.9267116
f7972b1936c6d9e95d3f632b,748847405.9041562
defd03ae7d0c0a44baf80abd,650724077.4504908
6fffb7958a58a73b0e16f2b2,930327052.6949561
5d86a1db39e324770ae58efa,510759180.3440273
c56163e390d9e5a7a76e77be,724279677.0358852
fd5ba2795eb7b5fe338d6b4e,908945934.1550194
24d6d85cd0e2dc3deb2db896,1049940526.6001003
feea3a2bd9f643219de51c46,434917518.90886825
055d7c66464d7e327711b497,472273221.50074553
046aaa4162cd410e92b216d0,576961695.2701178
b6bf2760cfa26cb28fc989fa,576329273.5460367
3a6262eed8967d695182e435,760790935.4064736
cf3665f24927de548639ee4d,953481488.3628625
4c243fc50d5511a1288bdc0f,657985347.316777
d753227b5c685e93b378baea,566708404.5558544
149e49c22fa0eb163a36c932,501121966.1893277
8baa01b8c6d29c82a6108cb8,492318779.9532848
2d437a09b860d9d46644ea23,350558897.3916122
66bd80fd26836fd426be5733,472008463.5731133
a30e69524af9c1bddbc5de34,769841121.731477
fcc96840d952d32a7300366c,527197612.18193525
659bccaa707b94f303610225,566708404.5558544
df1c66d8dfb9520c6818a32b,747417602.9289663
dd1dacc0c90022e5b40849bf,646319290.6873274
1a06bfdfaa9d9ac754ad07bb,429869433.86213887
a0ecc8ce0592a40959bd755f,638556771.9591067
739c2b9be0941e4c126d2f3a,822967380.3558811
d723eb2516802250027312b4,550254100.2710176
04cc75f46642efb1192f1875,605242587.1868516
9f37bcaa95fb0044aeef6075,620976180.25266
7be8abb5d23794ac47ceda32,419054611.8412736
c06c737cc0cef7fafa3fc4c5,572245764.379596
48e71c45f41778f8dca24cf5,641145277.0827149
b41f7c1cb9cfbd188f8e0233,1041984444.6669466
32ce96d8adc8e549b90b4a8b,712772008.4610599
c6bb4ca5a0c839d38dd8ce19,1220652379.5106218
1d91edf33a141fa2181abc4b,1027429774.1191722
aba4e24dcc6998e5020731c8,712772008.4610599
00af33cff3ff7c6927306df4,614575635.6678486
6d2328def08bae481705e20c,768224693.4453927
7815163b8e4a54843d121dc1,724489688.4631135
c9f92088dbdc0d81412968dd,1023078754.6094685
8e1bd01ce4b7910d42f59be4,1184022412.8350937
5fd89a857727753eae6632f3,792269173.1774341
332e395d4ce62523a2e3208e,615174926.9817733
4fc89ee51cb0e1b9d6459819,1284004355.8898332
2571fe181b6ab939eac19d2d,1066055733.7324831
af98a0e223a825cbab78ae49,702876176.2194993
ae187fea3c46c3fbee7e6e8f,770005595.1047506
c681519ec1ee1a28f6a3607b,1148016400.9092762
bebcca3e75e747b5a01f5485,510335580.91343164
0842a0730545c623043b1d8e,875624915.3437161
973afa2d67c20297aa108bda,688324883.0539395
64a9f0bf04f1c890cc6e31eb,793108296.3449768
9e92b27f554068b7dfb640cd,616543403.149933
57b7aff18c444fa3c577b079,668766640.0955539
6b23f191d2ccbebf9166926c,846705744.8760138
b80c961aeb98d24d968c71d3,1218802855.4496233
064c1cd5e94efdf8c7262fec,885726856.8554533
723078b6cbdf02c88286c596,1133940634.4180102
e239ff5eaaebb287beaf76fa,1428963871.775087
b3b30d8b869eaad2382c5447,1259931024.7477715
3f295e6c14e23cff1468bf82,784701523.6773771
be78bb0e06d5768ac1908247,498312132.69449145
4daf52564456895ca7f4429c,800640952.511179
c832701653f1e7f01913660f,975887879.3699452
82433a009defc21498037127,1008076493.1270034
b53d3d578b1d7d9e00c8a00d,723915065.024592
36fab4c38cdd91de650e6abd,512786598.2956753
bed932e11a599f7cd4bfa31a,1095430276.6740603
1d9addd835c9fe8665e01500,468046824.4224251
d8216aa4e029c0d3d646efbc,956507008.9200895
c1b0ddd3c104ec4482d5025b,670590638.5605099
bd0f754b0fd9b7af284419b2,992807440.1955645
01e907d7672006fa2bba8b0f,493731215.5643642
7ad046b20064565644ebfaca,682072654.9431505
1ac2b23683ba89e9175d1b99,885821467.7431669
ab4c55e78eb83d80c153f50e,670375792.5609479
2ad54bda875fcf8c6b675bf5,596703058.9034365
07e76c765d1137cdd7c2ff53,436057969.0663224
5531b9663c5a37a2bdd97e9a,475892883.2966954
c740655aea4eab7066446c42,455297860.0232625
3b6c37e7e6ff1c03ee4fe995,1004537163.8258222
1b5d3ddc71634099fa1f04a8,653516450.6463126
1ad916edbe6fd38f40289a04,596008072.1596777
a1368aa4d3ae850bbfd90bca,1089398227.0627863
0f728f676325ece6a001b4d5,840680861.0213588
0f98c4e431100aa87e6fa6af,807525541.9935688
91a08474a18644c43224c62b,474676316.0933955
185dd9366a6dd1e820880917,877440547.6052003
e364018f4d994cd15d4af374,1428252684.8831413
77348acef84ef77f6a076268,762975058.1814632
7f8f506137780f4cf12e73b6,573551561.2066166
809082a38e6fc3faa66845b9,941587941.1313378
2072a783a44474cd0dd10d7d,774582297.7419904
b71905255273cbb0af1290a9,487144907.08901054
c7d5f021595b58c507f47d3b,870740123.6766486
65ba1feafecd7efdcf214ed2,808937628.3747613
72eb64cd02ad2a54b65083eb,1255181805.3409119
35d79b2ac92083bc439124ac,461486156.0811295
2f7d36523df4a5eee3edbe05,985000562.2819959
b0d20a04106ebb87e2cdea37,975934414.4397789
43650eb8b70dfa256ca64979,708998530.7869308
311fa1bf3c405f9bed13b38a,367100285.8578338
d12dc721a59af021e8ac68e5,367100285.8578338
36f9a0ea831710344f468bba,367100285.8578338
1eacbf36422a54f1327fa291,367100285.8578338
9567966987eb1d3117677cc5,418749396.846915
e5bc85e227ed7dabfccbd005,367100285.8578338
d1f39f86c82916524273bada,972891977.6347
deeb837c2c6bcbd01930431d,693966988.5030429
57aa22792684debb8d4079dc,606261632.5126399
5b0530f544da162b9a8ff772,746527142.574528
b7d66c5f1ad06dfcae5b33ff,408699697.54421496
bc353a421fc579770e432176,641793735.2008349
45ae1e929b0fc88718151191,495984220.27677786
b04449c499843cf46ccb695e,792532154.0474465
e4d89c9d33a0f2659df21185,652080834.09118855
b2a7a8ccbbec39b63e4cd028,685642666.4048461
3be69554b1cb31ed5732a836,505776279.320348
de7f584df6103e8bf95f4a37,404037602.2361219
0f4de499e5bd2c57fcc75013,803299458.795446
b4fd0aa09f993bbfb1fa8abf,448086111.33351135
88a83e58eaf136a82ab1fe37,792506456.6669859
379429ee3675d1adbf816cc5,418745403.3605001
c6084b85c8d95e0ededc25d1,1157157237.3944461
8eae4346936f8c6c67be81ba,367643333.0022284
a13fc9e9b4e47340a5d53bcb,800314219.4918461
7b8a4d701066372dfbdffbec,577721517.4510182
a62a6094ffed3ea7a54fee73,498706727.655917
bf0ad098fbccd3548d834ff1,448086111.33351135
0a231779f131c36d8e6910f4,730737583.6397302
51ba7338f5900d8ef12206fe,725263940.3590894
81b14dbf863114fdddb38579,520459614.2404521
adaa406ec9ac311e9f9c0bbe,416080690.97436976
4cb11f32806c0e07b4251984,476242473.6904652
3fee486268a1451a7b9fff7c,760342679.6061776
5666f3c36f0ce4eab2c39299,1101287752.965474
8a8dff62516671aee2250cb0,479027442.8940342
ee4fc6a146e888e993a4412a,833194115.8537338
5a16b30f4d580352710e92f1,684380533.7231389
424bb491c71e913e900db76f,1079202378.3894713
100bdfc998bbde3d00548bdb,1364921551.135416
d793efed9a723e77ca8272f8,712453955.3390535
725c029b7c5807a4b0ba2bc9,1098086989.748485
b6d3345346f43dba053ceccc,1577955210.1398177
888bc3c4ceaa108e048ad28d,995243739.0323104
267e000c89d3416e551462c2,833052689.8001858
0ab4a4b8adda35f634812221,1181189328.2246
823ed628bddea9b56792d108,1182679460.6172705
a189bd7e4eecdd18ebc7d353,1173639178.0056982
da16828139a19aa11bd94ffe,1076755642.1058524
874102a58234cc7888902d42,1157532505.618404
789e5d19fa507823cc4c5296,1125129114.3911712
174bcb77be3b7e408e61d7e1,962937619.3459256
31a1492e589f317a58a79df7,776226908.3309249
0825f2ca4baf5b34231ecfd2,1282359652.617056
ebc96ea800887a647422b8fe,1022351153.2489597
969b956eb7769b6f509d3ee6,1324406800.646119
6ef9135481d8fc882a1a735f,613964046.5582466
5f501c4532ade3f412359a1c,1279242470.1735976
c6d075772255b1efa52317ac,745543884.3922216
535bdffc5b79d62aa6179c48,1095595349.1383069
e95653d504208e8da19fdd03,1076755642.1058524
e4e529e778dbc89f854252f1,886607466.47031
ec5866fcdb9afffad2d7f5c6,1300456231.0134666
814694a725a50c306d774342,1173639178.0056982
1cd6531d8539468cd5f4b315,584007745.1660514
0c3e734afaa6b7c370754082,684380533.7231389
f80eace37237614562f942aa,1288326830.6443346
3aee70815bcf6effcf0e5fdf,1098086989.748485
ea21ddfa37d60737492509cf,744766449.3949213
67c78ce1b8a64f36ddf90cf6,712453955.3390535
fd2efcb61008dc9d11756381,826442131.0893884
f51658b9fea670bd943d6db7,790011739.6270711
b83b0a53ead29faf9dffc0fe,1325222984.1121283
c1329245f57c5d9019105382,979606494.9841832
98665b825fb3a06b914d39cf,1012220831.2134969
24e90a7d9a2bd0c30a4f661e,1136473959.5894074
6e64677f8d730e1f9ca240d2,772621321.6069864
a742819d8e4cf8fdfda6e094,1322894527.502094
ed75d1c40109eeb51fd636f1,968993677.6378721
cfc2ab56604b4e3734d7cbbe,737772140.9206961
ed5622c308bfd10602e939ca,947770005.1748532
5f537d233678443192d22642,1496367786.9053764
aaa79ce67339dc53b4f41dd2,1139021634.4489362
5f467c6c80023b0174823d85,1070871360.0480193
46fcc0d53b263beae95b8eb9,1027496404.9500628
2bd47c19e5d29a3157fb8465,1073370236.6648835
9c9c2f05352c92c02d080e96,1325222984.1121283
cf8fb8db6f74c236cad0cfcd,1126810698.3175468
f42a53a05dc90e617e0e4c38,415331404.1138684
bd612d494e2f21051556ebe7,982716787.9609923
ed1c8ac25a3db5120c92525f,596497094.5994653
2c30c2736472590fe45277c3,629445148.1654756
bbe2c06e6f90c4234a7781ab,1045141277.2416421
b527813993b7bf4a10c05683,1242310702.0231357
2f610d2242d583654337d468,1034836448.7037051
dc25c9240c67effcf655b02d,820927750.9242065
c35f5ef73168d03cba1b1f4f,511364514.379382
e88009be52bf5803ba3665d3,651945279.9242673
12a63d4fcb56c1d690e1bbb1,879201249.6551844
1d58ad85a82f7731e0f198dc,1115570827.6704884
a2fdc7da13d098cfeba13b76,788361981.316395
1969ba34b72e61337246cb5b,436008069.0472968
8be43cd8653accbb8fe8a270,905103582.2842603
10092cf2f8afb3658ae475ac,636135217.9722265
0fd313e5a0f02df07eb6b104,305351445.0230527
9b5f013e795f5fa610d03238,586375125.9647428
b1ec4b8badc955f9f4fe2131,1170482613.3202922
e491adef93281c097ab08dea,421072850.87455136
9a65fe451b30c59beb3d62ef,525571135.87676716
0d3245463127143a8a52014b,1411981949.3126948
a0e3198470f97f6a169044b3,1233628459.640541
33e4901b6e72593513a02207,571860604.3782032
f45234a3f0aceb12341be024,957518256.4590993
a71d53ec4fd0d64f8c06da2c,899611535.7652153
f1b30c4ea99f19a81d12f73b,1319318917.7295108
a52e2c893f85b49e2499cbab,1103074659.8202534
b2fd7ee866066f3ae0dfb3c0,1114214128.0821943
5acc9d767e3117bed0fd8464,784839232.1022745
0449a82dd1667c8c564904f8,934939619.286966
a0a8d63b5f43b87c0c7e1fb1,711052951.8295935
03de77e22e987fc3fed4eb78,960168256.0688765
3fed1dd17fcfbd2b86e73143,437857343.16715235
04fe204d03bd1c9876242ccd,1212933264.5264187
32bdf33933c29b1cbf89539c,683054277.191736
3f6c05c97778fbdc86304bf4,936908620.9135879
478e13e8c1cb5bc80f1080e0,642237021.2536286
3128a4896665d38feb72b456,788292815.0178369
fba6203abad5f4b3b721f29e,395041845.71346295
b25f461b3d48d833a73316a9,1116959004.8407722
1282e129e1a355b161621dd8,999977875.6772194
293320b55fad21ea3f4a5899,395243830.6503581
de2f5db1cd1024a9734871c3,689074943.3493093
200897b1f8bcd7c116a85306,573787905.850983
7023f5a68e1ce9cfd23fd021,376256951.4664755
13faa4142e9d60412abb4184,298923269.86680084
d74d0241fe5222f5c5b67222,615197221.0938346
0e51111c47813a0b0dd51b64,694780177.688962
25e3793214088669aaaa4ca5,757894276.7522355
43d7b77a99e86e8bd21a19ff,1212984162.2996144
38b87cf007043b76670207d8,1381055594.375832
8fedbf13ebb7cd3475fa3074,989534972.0083237
4be510fa977b93e34a789f26,423820459.09499747
8f165174bc07c28f9fddeee3,689913981.07904315
7ff6f389e364e67c4238df8a,466836958.29195386
2c91099736f3158f7f09778f,702526358.8914176
7bb1bc81e6eb3b4390440165,696096008.6513414
74e43ea3081841278c76cda6,466836958.29195386
9b948f070b94c18e00a857a7,418283215.09566414
99340b6cf8f818392d501e9e,1270580784.7017317
b27088c3ccd93e7d8d5571c2,670090716.3934252
4b45cba0d601f29c2b7db97a,969306075.2664107
362212de783981c9ddb767bb,471850040.058336
5aa78a2bc8ec5e2be315fbcc,1031413641.8419915
92fecc04105a999a622ba3cd,685595588.6753963
5098115b26f2473c812b70ed,687809116.30245
e9860f6b4c3e6699e62f6c31,530967762.48000175
71273ae563da6bbc66aa87af,341569318.93305516
6c6e7af42a6ddf62b04c35fe,451927067.5762352
484922bbe02cb218ced0e779,474071007.68005997
76745c2648b66151008f6399,441903838.8608205
2100201e0851e80488371b67,437032161.7156141
5885faa4aac834118c5e4351,438617986.5078239
f340405bd7f2c4bf524c50d9,614880485.8509196
1951c1c8855fed5db8031e5c,539514483.8941491
7dd96ddad0fa88f5c5978e39,595793256.5916381
db7535339826028d0fb3355a,463677797.8578926
4317746d5b88142780e6897c,846691210.333344
5796e37eb1a995db5cc06eea,491762253.77685505
817915cc3582112fb5541a49,1026648164.5279151
ba524c4e2f13109ce814ea38,1053097359.4377297
c2439ab65fe194d1d60eaa07,864773458.5793841
92e4dcc5911b42e7f70311d7,505856355.06940675
6bf86a580c8b510b7447071a,397148150.3686113
975482a692bb98df98b2f243,411797549.46310073
336888717766096b24215b26,843996949.2340305
ad79f4fa23a28cc84487517a,1115177257.3505337
d925c1d4dcb68990c7204b33,720254296.5664741
f4658aee77fa0e35a71da7f1,609724351.8009578
210d58091ea74bb902915250,565862683.3124354
186d4731b3af01bbe4d08b23,713330983.9675506
b760fde2d4df27a168ce0e80,1376513893.818612
2e653d2567a47067df169d97,1260806066.9624076
8b63358f3cdf8df0eb1f43e2,1347050215.4782534
c09d691e4c7d7b8c8f6a8370,545741897.0572091
4502e2809bb5bd47b2781212,1005606862.4093074
d03101c7f823dd7d17e49a83,827265376.3750241
f5dbd7dcf63b08f711561e58,1190585213.610627
9855712ed7be7e865656de13,897154336.0421875
5a6397b85f45fba27dd9311f,722123679.9734055
4d1b0315b5aaf21bac150d96,1065011109.1458685
32c7a2d032ee21f8bbc6eccf,706542945.9109638
beae197df95b84881128790d,655447608.648819
0cf7a6d43221664a060ef681,1114645626.1565962
c431fd6dbad57351a497fae8,582227101.1866839
b1f8fdc8e3e25517ab80c065,475224383.0531797
7b346d5a5f5ec7165d1f8644,475224383.0531797
947ba86487536d611f548142,842896566.4268491
8398ba3b03595704b5897704,516657638.16334057
3f895518a7fccca44e534578,421072850.87455136
232e859fc353dbff75c97cf8,957518256.4590993
b234ef225690d57e7c2af4c0,1233628459.640541
393e2e7ea1f20eb6b4148d60,664360092.1364312
668db5244c4d5b5c76b0b395,784839232.1022745
646de9441934226c2ffeff77,784839232.1022745
de53880a3299626eb6c2cdf9,1319318917.7295108
07f10df13b244dc33b464582,1009862388.2789893
e4aa393309860fd5e30f49d9,1036901120.2629616
8c714badfcdef8ccc73df9cb,1527202884.9784703
0f8ded86be8d3543a5069b6f,651823429.5926206
3e9d73530ff24d3f4a543091,573704736.4471307
076ceb408227ab2563a663d0,417977764.71172565
e0ae474a5307ef4057da4994,305116241.343113
d41fc79d800458b1691bbb87,944838797.288228
dc8262e1493ed593103acfa6,703383117.0521969
bd6c24498bf413b6c5adf81a,420310565.6144775
885c77c839d705ca7d04d383,633150167.7749641
b8896656cf6f5dd7c33ae46c,989484013.8396643
34a9e3ca94ac06347d879942,883851931.9088056
ca3b5cd3505049f1471c47e8,1071968757.8940604
8c05c66be6008af7f6dcc10b,940202498.4372388
565fb93190cd34ac8b01f01b,940202498.4372388
6c8119e00b901efd2dd40f0b,995200079.6238672
34c92caf68dd0cec9fc383ef,1289531464.8089612
68939c438c34e79a317a4f3b,1241668728.1355708
dfaba547699e319462abfd6d,599216756.9060749
dd1d2e305d37d9dde55393b0,1104061852.8862486
c32df77def9978a84f8ba7f1,1078883371.193942
62103a85a8ddcfbf5e40e284,1394837313.3451567
93bcdd2a8ee1d5b61d00d58a,812718892.6923951
9700892d7133ff2c0d1763e7,1097379298.9558704
fca6d7455056792cd61e2ddf,562446269.0686271
4e84c5953b493be7ca96103a,988861403.7790484
42fc4101da60fdb41f41f0a4,708298381.4969625
12d40725335f83e2fb9b937a,1163955138.2919097
2b9681901b216f2174af0089,988861403.7790484
9ab74e81283becc00a779172,662191715.4269276
8f378dc1215f9213f187c02c,715417062.3324552
4a3a6698b5490216e8f8e6f5,1197648020.3833163
0dd795526c080e8efdf8eb0e,553433871.8322226
3e7217f628a1d0fc9bc47071,548198777.590373
157195fb2358bf2d5051c439,629317900.4667752
37063e689732880621e4e733,548216553.1838022
3bc68bc2d6a2b81f9e3b9a50,489054336.73437154
ce21f368495d385fbd98de73,587369126.0643164
1a6af7fd6a5b0602052c4c27,604325527.7951152
e38259adbfd953bf085a69b6,846449004.6841395
0cb6801c9b57e874102ca349,696663166.5261945
79f1a5bc0be914956d632658,885245511.570855
f571f85be35a72b2ac358d27,407392178.4117552
163bec92a997aa8263f5a909,1009664013.3219982
9ce3000cd80aeec2c5188e8e,463820207.35228056
6a6178c4cae2e92a08b0dd0d,643088939.8685485
d52cd6eee468311666218625,942720061.1682906
8eccd2a6352c33d8c7abcea7,715133292.276425
53d3e32b1dc782308e352a33,904383981.3444246
be26f0523e5cb13846539384,477935936.21499544
ad7739088e8febc68abb42e5,872322646.3579252
add4f9dd26fa34829aa25eaf,1086992644.6391995
17005d6ec889a947397ab980,338205402.3017235
3fb3a581a9a74146dcf9b71f,424368081.3593385
51c4a8b438bb0d97f712af31,656226925.6844761
0aa1332c56bf357f492da2c0,357558972.4916389
6cc06c89c226a062fc46795a,376999018.0089211
682b38de3539b2a584446922,448158763.0195343
1cfe9cba4c2015e7b58f05a0,648298422.9404823
17d34f9cb105ca5010191142,905509365.0181416
1fc0faf46f3b533f2cae2c06,954229234.8952342
12f9e1f78c630defe302f781,906038018.6248146
87bd6ee6f17d2bd5b61b0ddf,1532510667.507102
fd4ce3ddaf79d1b97043ce0b,1157157237.3944461
97aacb0847561f45a5540f21,631022270.2745218
a6dac56445613d70e49647e5,759141381.8212425
8b1acd29eb268fd684036180,639600189.0478921
656c13ca7a1974df58e1b826,1126810698.3175468
56f72c2d672b7bc3c264f7fd,530063143.8331938
3771c66b9ecd6db0b201d4c4,367517835.3289924
45e2395bee937c187e3486e2,928182434.1995835
7c6880b05c212c66b8961b71,619158395.4846812
e0ae8d2a51c771aef5f245e9,620005716.547998
3573093e56e95a982a41879c,1223451764.3865194
0920b2df9df4f0e509a7efb5,486453178.0651889
43600371d44fbbc81f6b6fa3,342836208.1376878
2684f67bcc89c8a5b95e5592,579270681.3448713
ca463fbe3e5cacc152aa70a6,367517835.3289924
0935e87627068206f6d9c0c4,873356492.8506441
10afe23f1f58f96422c97934,441267934.00052375
f3c8cf1fbbd6cced1fba0930,769954193.401252
abfda926d174a8da1d946e27,551362465.4126413
fc9fb2f209a4b5e66f89712b,655996661.8428521
15d10635d71919d0c9663fde,720272155.8765353
79733fdf8881b0d25412abcd,1089248631.2550466
7254c91fc9b51e76c6fd2a99,1222971147.7084532
b732021729ecf88d6297b48c,1147228391.176643
edf4e11d1f1aa6f8080c3156,1174051141.4825659
0706ce398b2bd64913e68d39,1150344184.5981536
ea4a797b3d73d1b2cba9d651,1232781684.950021
6c598362e322971968739673,460018535.6726664
130a119701171ed3c439c527,512431684.37196577
849c918d78991c57f32f2031,1057781815.099668
036fc9e01b2b1e3ef4574372,921584819.7199289
e4ee1a81aa121aa5f55e20f3,673831885.3185774
de926223fe4296d96466c685,579152472.1953079
340ae520163a220061bd7f28,540541415.0930201
11e36a3effeb0119b8bded5b,724399873.4935391
2492a7a74edb57f784f6361c,349076993.36745644
1900e7808046a5fe89d8e440,649919064.4684893
fba35c04cfb7b6db50cbb57b,780758679.6108723
daff79365fd94d1d3a2bbbd3,583650290.6578109
51230c899cea0054bb74cc44,495554915.4477547
5e04875f99a5e4476c0b4186,597082173.5023717
542db19bc6b9a1366715dd7e,990390328.3259954
a117f625c794b7d52ec67cd4,927126126.319044
4c59acda820b7b75823fa277,692682926.4183965
f040a167241599987e7b0967,706401459.5882828
4a016eba4744dd01954f137f,452406584.04837686
0d995f0ad226dd21bc96ff6b,599917773.6990855
3d44c742b1aa4c022a968ea2,419029834.79325795
e47aa2541fb576b9915fd625,723060879.9134396
61fe9ea90c8a777971db8384,691579293.517833
4a611bd82c9216a3771ca7b6,864850985.0046389
0cc5caa9b48a835c92da7653,765244264.934666
9a7f24ba55c92696d377bcb8,1295803857.234231
32366fe92222b329e3d03b29,707400554.6654674
aa26461420614755c2a52db2,634080732.2921768
53a447ad5e011909080c0ecb,998634128.2980113
9d790c8c474c9de2afeb00a2,432362605.80612516
dbf200ef5f1e15211e2fc6d3,1067516671.947066
b96c9e2591a4cdf9c4e0c09d,958768275.3449119
78eb6f51d94a61a967da24f4,1161263093.390588
fb338e93dda9159476b8382c,409923052.7401229
72536bfda19f78d370d95f26,1028963376.9744631
7c581e2b9daf20131803eed3,998300853.8200755
50cb0ad562ab5ef4e06f84ed,974262407.3415743
a24901956dac4ee0e4b0c91f,1030929808.0713702
c1b386f478152f9be1f546ea,510690017.1235727
1f34129d15f992a3b62d4b21,306085582.41523314
299117d35bcdd48afa4c2eb0,922745687.3873763
4ff6c53c0bcfd1d24bac7ad5,646078947.9234134
2e52008bd11000eb776bd80a,1392452938.013858
56b78bb57b2d1f064c47891f,528301854.9790599
ef64a8989a6444cc529dd1cb,762461524.4995458
078f7c6532204fe046b13d14,1007303842.5455946
28c0649dd8b294574a876e95,645059410.6267974
6b9b9d28723c7ad176a9306e,1162697040.0160968
a640228932682c0c04538ac3,937144536.112567
b19efe9cbc26d61daff5ae90,541926790.632442
dc69d70e4d2713fcdfd93dd9,1007303842.5455946
358e85ba765ddde3ac31be33,298522722.38999933
5e6b2661bb7ba0ce4776d483,300605942.218726
0b6dcb5c1952dcea931e2c20,611552930.6581702
cde84d2435eb1d0d4ffe2a43,691465861.6986288
bac550d41b2cbdc6a110ec7c,465415344.33204323
78fbb49efe7dc0d8e144ad83,910420754.6243328
606affed5c707249158c4b49,792290329.3292645
d44778d36fc789f8b8c745b4,714402557.308514
27ee3504d1df34ee8ae5dbb2,1171275425.7371447
60bae7a45a084f117eda823d,637132143.6045921
98aee6a36f208227a992f9b6,1209537202.3845835
388a6dbda422f886e503e685,1068555601.6714379
2869a2d2689af65497775b1a,1122430524.848262
19993833220392781bc15279,1043975760.0629196
f0efda3f7fb18af1b44d6aa5,1400731969.0758338
cb915d1ef92dff803c5cceae,993208970.9132638
4bf02d040efe5358d4a5940a,1215158563.976159
1382140d8fb634851d4d210e,1100817332.5742905
b8ea07763f2e1a3d635eb23c,467049817.38466585
8ec00d454698c119085cbee7,390535547.45431703
30d5185ca2ac2fcda2bcb79c,539877858.1112205
d0ea7bcd8cef8588ca50c778,525401749.5695843
fe6c19c6f54606a611d412c8,490963759.0750935
f22ae3d17c92427f5227cbf7,430071999.56135476
92b3b7d8dac6b2f6d5fcfd9a,477912235.45080644
8c44d216517f5c59e2611aac,414692605.1666723
b85fa4bc59149a7a25447537,420473337.91776377
99f10097f39b32a478877340,769450638.2568353
44f8d5ab70828e06198579f3,952823374.5650183
1f674965c913f9fe282d07cd,376476617.43838245
60e768892afb284b0e5042bb,1133908192.5802867
8a6d013451e46411d35c2b6a,860078790.6021929
6f953b9964d60f6a74c81226,713837295.9359677
05076b448cfbf9dede72904a,954320241.6261281
47051c25acf866250b5d3ec4,918060189.8352187
0952c73b02dd5432aebdf2c1,585497821.7982289
cc3ef2f4fd5568aea96c257e,810383097.0850259
834fe4a1e9e4efeefb5aba08,529830661.3314597
104cd052884247b14d697673,475518153.4357433
8bf61f106e60d6be03799de7,1100378594.7592552
c13e387f56342f88c993f0a2,611240403.3764838
ae664789baac0c47d13c3c19,747370560.0732946
ecd1e3003c5d74a3c7cbdb11,761483421.9971913
561cf254aba002fdef8258ff,1090215133.0488105
98799228c26c9e4899bed65e,803993832.7050709
03025756be203027ab75aaae,724967967.8931115
8997555e7bea06f7b90ce821,811933352.4691576
e91a3f962129068a3a76d209,1004071683.0771252
4bd0a354d75759510ab6bb46,664755565.6868721
f6c1705a83c039f7a7d46255,872402513.5375216
0c4afcff5f5a90cb79807682,1045426379.2974948
d3222a7545e302bf10894658,599308197.103347
03463535ae93b8b123eaba8b,846726739.6559094
360e5cc9ee1282e5a6ea17dc,737835467.1292031
07f24808e42c9e11a7c20232,646256423.1780032
b80d0456fba49a40fd774e5d,1162619424.2054284
f865411c20924c43a080794a,1233002731.144746
c578eb2dffe903475aecbffa,435790239.19754744
d639498fabe1db1236656593,445949452.79549354
e6e3bcae6ba114caf108049f,515636740.3708873
7dd9760286606c45e6a15926,774440480.471249
2c5f07a9402cc93f4c683759,877646422.7125887
e3295e732bcf306a2d338387,458864429.31207
240ccc45a242f80f817b04d9,969330110.0244383
a7ff59863f8719590146e71c,536334888.4200888
e6477c2014ad081d22f12b9d,343400340.6121046
807687fdb46614d9aa139b20,579375653.6136528
317d8f9d18599b346639a4d1,637387393.6767573
b85acd44e18ab485d3ac543e,499891434.85294825
e61476e47d7e7be706d23fee,466764839.7753608
270a97e07eec2be02cd89a86,645316605.7030338
4c9dc4494a3428435457f575,373815556.2455141
26e58d0b13e7f7f5a54585d2,1039536825.6618583
166e1e60acca831bfad07736,871554298.5249345
aa25d9f8737f142b8cfa970b,990120235.35311
44cdcca08e1e66a1496fac6a,570548863.1245371
d75b7730e8c291ed41d7caf1,898863726.1930947
6d1534800bf0ce97197efb6f,821689080.3116695
8b13054b3318289aac1f13db,387907528.0972743
c6cb6ccd3f5876c9b9e29685,777336621.7781583
0356797c1683d002bcd94899,1018413944.4301212
558cb38bcb8de04588bdfa30,742327142.4801918
0685f2225b939147c8482e6f,294168797.9523647
cf1ba56710023ede80a8381e,1148064574.6053154
2d4bd56e71f90e6fb387a2b4,1320509712.539207
b96b8e1d636f0c10c63e5c6e,1153780892.0477262
534be635a841fe21c7a702f2,930176235.9879538
dd5b4eb5d20b8b9c813ba52b,455480263.01904136
46941e09b153ec19f86c0c2a,1569322979.9696295
9f06ad3793ede2ba7f39de43,929605128.5229797
b3df8c66475021fc04f107a6,737781991.3072579
468df200fa490e667bfaa31d,891904437.0839194
8130ab67c5e0d96a9a67fb12,794048260.7423701
f7ea437311c0d217b0d572b2,487562276.4542839
ca0b59b35225b44447967ef8,426388325.4581347
90961073d9887bc1023315a0,493097846.2437342
a1421c30fb33a249bcd54394,557984129.352084
c87d9677bed80b0fe06308b7,680606760.444432
d331a4d58875a393080fdc48,448539308.2720093
2f3281ef06475d2114fbf9a7,510693913.3940672
487ede1f7f155194b69c531a,466216747.3216239
04308f869d7c992ed3ea646a,880347348.291626
912471caea3c71e3f9f70877,1181306486.9068415
1baabd705f72393167dba5c8,685752527.0121541
aa4c66791884ea2a8357924a,421400656.5600741
1ce08c19161bd0545eef8a16,732544748.4606292
01eb0a2c1033c30830161321,1058011841.7988907
b2759de47d28e8cc05c94e36,657764503.0748277
bcdea05b890394a10d24601c,457532539.2061554
db9f66f68aa772fe29e37edc,439306208.9566398
bd094081331ab259b1076261,706670981.7643038
81e7c8c1894e0c3a9315ff27,627998923.1100631
7cc9cdd32c209a62908a18ad,685752527.0121541
1e18024ab7d931bc7ab5873f,966111071.7172217
baa146a6537e8630180fdd35,600239394.7898165
8b788f742021f2438ffbf528,379174701.81564623
66d41314804d77ea0f440695,715527599.4013294
72dec1e6e65f6117e10a2473,388153244.3529465
4066da904062a0041a809b02,685752527.0121541
b7570bfc5ddc7caaf610908d,685752527.0121541
f6c6eb3fac9658c4951c4222,685752527.0121541
5fe25ab9cf4ea071cd6287dd,510693913.3940672
0ef36d33e6c378c946b8a65e,685752527.0121541
991a94dd1e99de493672da14,685752527.0121541
798d87a368f073efafead25b,685752527.0121541
9e8cbeb53820394a460f0879,685752527.0121541
7b5582907bf47bb9e873a513,631139028.2832927
0f21ea53a480e4363b8d7aa9,757898613.4704864
ee667413d1cc49427ad448f9,746809125.547598
12bb70a95996dc6e286086ed,746809125.547598
9e9e3655ffa5921889cd8ae1,1008107257.6495959
f2bfe55b6188070fc5c3f59e,966111071.7172217
1f00fb18ad48b32c666fd319,571752631.555805
86f15ce6ea8e97837e6b9383,712712192.7634805
7002d00c9acf8b8a4a5865b6,1233289679.9906523
3e85deb0237521f1a7a8fa84,964095409.2087202
1bf77cd1c4037f4d2ed28036,913452493.0450222
ce8e1e2e4a79fa55a8547457,1243752205.6238952
73a8efbc036911954c07b91c,881649635.789683
9a2051367d6dcbd90a4d60e0,897364836.6234248
3804d5b313b742228ef0f1d8,1243360842.813822
fd7b741b96080ca5b964cac4,961893127.970135
c4cf9ab3776289a412684892,733515059.9686892
1c51566c7dedd4a46503131d,1161599812.1019316
62259b400be228a30a655a59,929220449.5439489
e5092b4a94f1c231a0c47680,973294735.7668841
6f435cb10e5728ef45be9f29,1295304700.3561769
04a071d777e60627223e28d4,317677003.4647829
1117078fa37ed101e9120923,619412352.0003821
d56fda10944b088d9cbe1162,466836958.29195386
e01c49250329331a442615d6,577021123.5540661
30ab0bbf876dfa515b266c9f,448525620.1474617
6aaefcb58913bb3f49954b2d,861290310.0227952
629a6122db92e378f0eab96e,959737979.2379998
a8549fa4bb56a2bcc0e15b11,317677003.4647829
34291b30d129222905ffdaba,555695334.0059112
cd5658fc146ae4b5d78fb565,518096418.4187914
ce14bec246191176c16c4e27,845440560.0373272
46529f0455fd35b2f4a489d0,484289651.3006832
52b3823c59546a6ff3de4d09,317677003.4647829
959b7ea50d93bf1c36e35005,836206298.2416166
5c6edbdf110bca5a66a51585,317677003.4647829
d4f6cc3cc6e923cd37d0fbb7,501726405.06180525
2865962bdff8929888a51341,437461662.56659955
105bcd15e02d39f70ec2ecb7,578337817.1831868
b2357bf117ecb5b9082871ca,317677003.4647829
273cb73a7bdec0d291e845f1,466836958.29195386
1f4cd62152d4940990ac6a9d,526785497.9870968
a13ff325f90eb49363f59052,845638926.9427212
40871d7ade3e592560d0b3e3,423820459.09499747
ad2081cd75928b8f5e506944,1197524672.7905571
1508ebe40f90f90a68f6dd69,466836958.29195386
d3cda82d1fa53a7ca1b46a33,1141622923.9228077
dc20d46be2470d85ad9e7e45,635708268.5749944
0a7fb26822c2ca556f62a257,518096418.4187914
40a1cefb3cbb7e2972e30d97,408341269.7128052
4c3a2b3e3d5999f747ae0d53,668919726.1508219
a8870552db951bc4e76e7f9a,479467120.9467764
cc48e66185c23195cf958612,741537503.5837635
09d4b5b5c2f97ff88215708d,611315022.23794
a59320023948e2d915c07306,664211850.2189695
a74214a0d4d40b898ee2be88,523320462.1268979
dd9f28d722d43112651786e6,625644852.7352903
275360e29bf3309e09ec41d9,403173868.0611445
1e21ee2ab4ef88194cc85166,411130465.09262234
268c1e17bc17dd646d1885cb,340707182.2014341
33e22ea4154e8f71062dba8b,656444749.5424904
5b5db88fa09ecd8f4b9cef6a,900950912.6461265
c41dfc0b917edb6e6ef7b1c8,543067063.5256662
3ba6b07e752fa580f630eb8f,957286341.7642758
fa6db64bd7cd8b0f1c0e2453,944123619.7097692
2422ffac7337b402339dc550,926109880.8599951
dd6d47e2626e2bf24f842f21,1167051805.3576298
bb433dc1bd769d684d8b3352,558428106.592342
812ad0d57e4291da184bfae5,619993890.9901986
51a0a1a680770b625579e25b,1019523699.2601649
a91fd5b9b1a791a6af59b70d,954456767.996775
094da6ca19427f1a943105f6,1064824241.5731343
7af0a604d1901925aa179436,889923073.7648524
890df90091e14d1c3a1b30e8,456114029.3206779
aac17b54a68bd216e2bd1d45,359310505.95623946
fce26c7fbf0bc93937ea5198,587236943.4510831
b4245f075bc41aa29b55d324,520086493.62683785
bb70d80b0c6ad3022160c8af,421031090.04367614
ac85c8f7605ceff58dcb55cb,415372599.6097239
520415ebcdd1a4059d18e2fc,946409763.1686575
81547b223494084af3e15bf3,595578518.4482683
a0f1496a0b4a7cd8b850f010,1100796336.350165
436fd4dce2ff0f71232f4b6c,392465087.6599899
3923f0e655615aa6b52721b8,936411963.4363965
afe03b938be9cf14e98d4a0b,400672435.61469543
0f1c472b94feffc41f1caa44,482391463.7950341
5b76ae185e6b41243777cb4a,398090080.5896366
d70b133f81d6f1c9d93e2ed5,440566554.40580106
865459f5342a0102d255fa07,308987957.92142946
fea5eb95dfad452d6786b042,449195972.96721524
415622d0f7adb1a9f7009a63,381702057.0206329
543edc342ad39b149501aaeb,348401183.88073117
89e1d01cb5bfdf567faca443,603635479.0379587
e86b99e5dac8ed0d8296e950,389031543.66945916
2c85b19f02bb3768c10d14fc,666491074.7288682
c17a3139c360750a6de5950a,535378235.5694656
cf76e6077d47a14abaf0cfb3,409860508.2179239
82ad4b3d5a215f17e745d77e,889979089.5151985
dbb4260c89524c78de7433be,580375499.8668652
5b312ebdf71ab7971f9fd2d6,631311195.4711396
b3413352f0280412f53562e0,421575912.2304162
28fc5f188c5e11717cdb4a98,447181943.6337126
c4d7a906b747428aabd368cf,614206500.4198036
a4dec2ce375ab5e4bffa5966,585094814.3617817
546d570784c7ab8746bba80e,643232467.4757689
cca9a08bc4a91f317b851f11,1031673353.5674359
bf43226ba66a3e2033d32fe0,1167644064.8492503
c2717194de73e1a1d8dce40f,403762577.1987096
acfc06021a7a81313d85f62b,535491595.54626447
2d531a26f8b1a8afa511e3dd,620443420.7892797
4a8acae29064919c68fc8600,515680016.1442676
691b030abfe1190802349715,505951883.68682426
a302ef23e1d0d6a273274cd0,418508258.5741052
a742f415d6c57e8493762c57,946194976.6741045
4672d1c9c3b04fcc87a0ae9b,1015721361.1953716
371a0ee537001f7a9d58465a,818025212.1722916
ca5eecb01282d4a84017bd50,846026118.3377728
40eefaf8c26b8b4736308bf7,1205617039.3131258
a7ff08f7e09b19c1546453fa,1073548365.7830002
07a6da2c9c4833ee4cbe8625,725315125.4190998
b2d32589626abfc81e44cf70,958689644.238934
aeb68eb7eecc4aecd5529717,1138939082.0089953
3c0b438c7a4fcbfaff9f678e,984696253.5032879
c37b357d57918c3a651a5760,966077903.4951887
b65c0544e9deed76615a3138,563178381.862597
3a8b7b9048c82797fb01a8a1,650382848.5867682
7549cbd5c8003204c85ce1a5,640092014.0880204
21b4c1ad11bb1feac4d02308,1241517166.49656
b972611aaf1b68340de16545,512026229.7239654
eb3356f3856526dc140be7f4,575316645.6909899
93ba409ab36d3e10eaae18c1,1140297612.7848272
5717732a654405ba208c0f5f,829776436.5446286
aebb556fa6c9275a9b5c543c,1081223574.0328498
fc72e535900c592d6053b806,863254025.622998
04d77c8ade9a55fddd28b00c,1037229475.7435303
028adaf559a05c8882893767,1026642290.0167975
95781f187bd3fffa3d1b19f5,821754907.3452166
cc2c78d41e3fe29de0b4ec4c,1078737276.808875
f78886545677e19e472fd0c4,639342833.3821965
3dcdbb92628e6a200adf48e8,996428968.9291505
4993d1487d78cd9ae2c23619,973194494.6604139
a8a2c61f2b994411af5d9bde,1062766806.8686724
57fd11f829e31e198326ac98,1138511208.6813765
59b9a5730cc8a41bb7a1d16a,1041074600.2848194
85b8a65f1b00f78e67622bfb,901217308.2841344
971c610e55f133a1d1e6c2b2,943178687.1256316
0f9867abe3ea0b9c5363982c,870354902.157306
086521dbe18727963538aa7b,834087720.4216328
bda3c74ea6f73407a3c0a17e,713305133.589258
257c765ac81bcf773473039b,454679103.2748126
80d2415c0460088d69574285,525373690.8381424
1554f8aa4c8fbe17e9e82d0e,1159892858.5496328
00f6a62599f25ac506113149,1309786166.8992023
ae26e4726c16cb2f6a6d3f2e,786529623.0583405
8018df1613094a9e4606c875,1116805624.3960583
eae4a1cce7c039c644f01c6a,1051698278.8320305
b07cd6c30350efc5de211a8e,1360985717.4526417
5a2624a08494481388f6daff,1177812501.622535
b8eb177e22c63e84738e7788,687889146.3565896
ca02c904cf5eb96ad20705ca,1021205207.6852089
8e6dfdcc28f830f2696de9cf,687900954.8577651
99fdac6a2ddb1136f7117f0a,462458937.27044046
22e9f1b4b5e887cb5f0dbfd1,508370211.4360991
d89f812c7edfeb3121bf639a,565073188.869092
19957244dabc3f727733527d,462927553.9333125
ad1322132f3b533b4aced580,360243765.2171663
40c2ea5f89f5b77cc09d1455,549264238.7507156
140c4de69883df9f3fb3a538,429132965.5759305
5529091bcc05ba5cb2156b15,630841759.1781142
55c5e58ec636586755df3dee,633983986.6318938
6049fb02c166ec9b4471a7c6,557252391.6261557
758b4df32244a51b2271a891,388616234.9881944
2ed1ae5e6fa77e447af230fb,620573608.6564045
527a1c27e038e45d2d1fcd9f,401620426.4097404
1d0c3ba50087cf01637de6c0,592953400.7140627
d0804da971548399183ecb85,946223852.693868
46a7d0f520dd1e78c0cbce0f,946223852.693868
57e5120d0b71ec6a67746a59,713574567.7341366
b5292c1e1683d40be46bc2de,936417321.6439668
01e9c7531cf3c63c04b9189f,565862683.3124354
06e91b526821a6ad1372fc44,291122294.9369934
34bca71dc9c74a2072f11e9f,911835355.1654805
22385ae2b3e7640e8c40411b,577585997.6375282
6e4adafdd872a2837921276f,555389105.9446232
8cd3031963c612efd0049f8d,823042728.7190673
43b2fb09efd1593a94b61b4c,683934248.8189263
74448f56811e9562536eff6d,532849723.7131153
44f0e088fee626993778e7fb,960496128.2706199
6e6f7fa167c0f617f50c86cb,562561068.3630048
83da5fb4c15e3daf727a3cc6,1240208349.5064514
b45c8a6224ae2656b4189526,778033780.6308464
0d926a0b5ef567c627a7eb0a,1275412595.412381
c73a1177d787a5ed72b8a9a7,509231009.3843165
75c1083db5c940e626c02f53,463957350.9840294
b925c9218f5132c6c81f3a18,412517642.737998
9a091c59b3cb4c730372b34b,585385041.0660878
bcc704b2e178dd20497e073e,306623745.74145776
6f65de020f663622146b89aa,509120295.37931
9f3680d00c86707fba024dac,1034828553.5582726
18d5cc463455fdb4d443a6f2,623743205.3543975
f1d76d78f9266d9552bb86f2,531594005.21074945
74dbd25d407e51337f883659,1256741312.4638023
88ff73eb829a6ec5bfcc0222,1077302077.7878945
ed5559fbfaba86299e87ed89,476711418.4018261
5d97aad3e83e26b551c3399a,710085265.6229036
2258ec00dec6a2b85f439135,710085265.6229036
6c94fd185169e708a08d3535,468940404.80874866
ddaa88a11432ca21d3eca774,382804440.65936184
2749b5cfd2728ebdf124a0a3,534196026.4904656
a7546a6c6194506dffd65360,942725455.471189
6de7bfc5e8149ebc40ec0e4b,481370327.55718315
6f83f14861e13af92a2b8cf9,509820918.4155115
d71d0c8357f09fe2f77bedde,986598786.045179
90b28f5125a0b8a0e3b10580,1044467708.6939545
940e08f8fc66ac29f6d76687,963826972.1415452
41d2864e1f73e29f222c61e0,626435331.4160033
f7399e57df358ae7adc9e08f,738177522.5935355
1679719f26e7c650f24eee6d,1228540119.1494498
0803ef3270948a30b3fee2f0,455819205.33419013
4a3defc2b7d2cd751c9c970e,922358569.1137232
8bd2490f83568ba653cb74f6,1351010168.7413595
b4ffd0a2cdcadfb962578199,744048008.3299478
7e5064603267b61520d8f83b,568659556.4563897
88964e1202647db0519a8a00,549838644.73217
f3d94d0616744b87ff139533,633807463.8516027
60704a08df293592e4cb5719,642908655.7064037
347d5081f7bd36c8edc1f352,1106064205.7754617
41d3afc1118758b5314db48e,693731421.1098406
80a1dc97797c41b61f46ec6a,679264495.9873099
c0ff8812c1e8eeab07c698a1,394717981.0557418
a9a4a765b1daec2f3ed59a80,624912581.3710676
33258f995a375ca192ca4d3c,710188205.9761107
80b6c823bad5b4c0fff46657,1070279191.578857
719055eed27f361071cb9eca,1277457664.6886635
9a354d8c526efc5bcce59dca,813277134.1049091
9850d970fe9fd9bae89f09ad,861168752.8151284
f2c87b07466aad7328b7e0b0,810347547.1536356
27ca0c2320c520342717355d,473404163.72929215
e958bd2b19db118c31f893cd,473404163.72929215
46dcddfc78444011abd29870,472357903.3222668
061d3fd39da1b4b1397054c1,693268459.9691612
3d1a8884a9687e53e5fb0bb7,849622535.7231269
1c0236d4bc291372483a9151,545841834.5325394
c1420f278d45b85c56f415fa,832534862.2653854
ce6fc507df0105c68c29214c,475087533.5556535
e4f26a73bad4e41c375dd897,1258622000.6271365
719190aff81379902beb6497,854501310.1892004
da627dae6941b59d1eb98e35,613960533.4378377
2189d3297ea703e50ec34d96,1237731771.3813462
c7205874bee601a7b01a0cd3,1234240380.8421474
a22bc19d0d83b13a53630b7b,559358728.391068
8acebaa9fd7e917d7e3b391b,505271997.12642115
4e104916ab915cf3c0bef846,750643517.6803277
b0df95e9fc94d9aeebc960df,699461867.7125609
ab419cd48b81038c5a30c721,405780687.2019269
5b9bae6f556700e099fedf08,484233308.3168727
989360149d9cc6088391db4d,869863660.0524668
bad7560aac04600e1ec1a9ce,628860741.3841609
08d9f04bc4ebdc74e9d80b16,1134812586.0015078
f4311c45516bafcfe8864c70,970475224.3163121
c84e1db639ee43ad83f930c3,528301854.9790599
f778fa43c92344cfbd700432,718237674.1998692
2019bd32dbd09fa285a388f7,545554563.6056044
4db834146c4e73b515d510ce,744343251.954153
9f9f2548425519863e2cd6b6,338456429.8299159
6c3bb7e1696df587990161b1,399137767.4954906
82f08aadf1eeaf2058b50592,599327629.9428283
753e74e4dbefeccf3e6b27fb,646075251.0405905
a26149f589edb9a903782a3f,689001346.135326
bd264728a0464376e22b6bee,702491520.7252622
2d5564a502635dce2d46ef8e,917872845.4421496
05bcc7d7db8d352216a4af59,561296352.0252151
4794d9994512f01a4bbb6c48,588885750.2424383
64a4528640fe492865ebc0dd,1290188341.5388715
f655ec98cd42b0bf2d7cfbfe,915832046.5608356
b09de5f1e028d4fafeb8a22b,1077439757.5582743
4c79f17573007a39bb2b4b7b,839749760.0881768
824894236c20b081af2c9868,967412901.7423238
107e76f0c913e19217662faf,1044268511.2856934
d5e2bbb69ba3876b93af2d3c,1033280296.5453244
a2905faba4c1177603e6cd5b,1016130221.0953683
d13e3d432783206eecb0e192,946389906.9098912
6fecee4b1e5f50c0b27dbba4,1421081647.7497737
57891292fbd530872cbe68b2,1147184628.7212439
d0d6a1b5c60ad420ebf2ab8f,1432473208.4782186
711736da4f0e8282fc8c9e69,1034573967.4108534
f32a3b542efba398907ec912,659842865.3329613
299a94a02e887c6ab1de59c7,424359987.25771314
ad844bdb1150508a4c6d57b8,1128144003.4412613
78c17e6ceb87f7587364c873,523967666.1655543
22e8713e2051c88cdafe2364,559752550.1507435
79c5085c14068e492e402a26,1025700844.6856887
205e9d987013859f391b27b5,1184672994.4435973
36aa7d0cbfe40adf3c86a134,872059801.8668729
d54d787189cc8f014ae58aaa,1074828898.2692204
fe2f1459eb0a380dc31e3a4e,1049518062.4613684
ad663952ff2ba1953efdc460,1061360953.1665039
b7320c35e90f33fbb1c28813,919157008.5978415
8f90134b8e68948cb18fced1,588804884.6440243
2dfeb06300828182d4109c43,909058630.1319035
3f5a0cbba1433e9b6588dd73,619205635.3235563
f952c40e24c9df4ab2d62017,813584330.3086381
462c7546b358b00e617ce012,872103049.3130984
e0df3391aeb8d3f4b00f418b,653010574.1563166
1e48878318d35476c3e87520,511997908.74383044
e3903705d5a48c6d9f828ab9,671917044.5713646
9e590ad7d22105456bebc767,1008118794.5876197
d0fe3d393eee5c0cea5bb6e2,691814130.1223315
57b3791f2c5acffb0097f7c4,646781739.6337532
e11f9a5cf9d6ab0ffddd6096,1044230668.0731447
9a3920f803b087c29b487cec,796769975.8449506
6cc0fe8ddc318f1bbad360c5,999699447.7066962
3e0c656b64d39ab38201a112,453957272.9603217
cd55abdb54bd56d54b11fad2,999699447.7066962
7cd39eb8de56700519d8f287,765943726.869724
d762007a4ea5de370738e875,648298422.9404823
f4fc67d9b9c6078003f9af35,723489916.3257368
dc0a4632d7378c25be351760,1024496429.0052402
530a3bae5a13291c69bb8474,654695439.9649888
32b678be83da2a07b37f3012,438930985.5678698
349768047d470d2fa6ff1930,784839232.1022745
e017c3311e2fdeb50a686547,1103074659.8202534
bd0329ddd50f2dc4dafebd26,1114214128.0821943
f6252e878aef5f8a641c3d6e,436850480.6417337
45ae8ffacfd00fb4a4f53d0f,1206399133.7638721
d186e369ed884150e71906da,1260301160.7742379
7b9e6b7eb3a5db0443193fbd,508930971.9585638
1ddeeae13139b7c9ada353a3,480835348.831085
a1ae6f9f5d02548c89b23904,1191064461.7291572
dc298d37c5235e15b4cd68a3,728191428.2967685
f640753edfd8fb1a995f1de1,544277209.7099085
69a1f439de0f06e1143a0006,645738923.237784
98f253233bfcd16533e2a448,1085358061.752078
ece6f8c652d4227370ef0fcf,1212984162.2996144
599506739a6544839bd97b81,698222238.0820717
a12f49f4ac3c5bb0dc7d8d20,902943050.901144
9da00f8ff8e19d26c1342274,1148064574.6053154
cf5213877dfb4df98f0dc10f,584483576.9300908
84c7006b5a63add890a224e8,556427149.7297107
88aed38ca59c09e1a6202672,635807702.7691795
e6bda9370c80a5f7e5cb6b07,1092415297.4486547
3b54ab53b6e3453e333a0939,336813620.43428785
e72ff7414cceec6b162df345,863186520.6806339
f2d4c1faeb7694370bc65ec2,470401496.2397097
e1ffd027cce28c44c0d2f80c,934116117.9902837
5c5039602efa36222e64108a,437677823.45793104
b50f2c871166ee1009416be6,858949249.0618107
5e7e36116dbc08932f5fcbf0,834987061.2052145
325ce336d3df17a078db5166,431326419.32575214
a26e967b288a1eb6d8e71d46,469046854.39714694
139331d23d9e3c40cf083a7d,1060025699.444174
1704b2d5f4a33401fb153608,441026446.03844756
ee70354146295365bf241d9c,723060879.9134396
fbb0a76f05908c118f7a3df6,398799895.6558209
2aeb794adc9892354aff7240,617234080.1330104
b0a32581cbb586f9710dc3e2,1217562107.2552338
ad7f3aae29fa1e7ec900b563,991541409.691541
1695225258263bd2f463b21e,825145842.9565561
f72fb486fae49fc1de1fdcfd,1555836823.184914
6b8f7074aed7ae7e6cfbb090,887429707.3052034
619dab52b321ab297a604185,841280773.3074608
b5bb9af24f9de68e91a1df76,998634128.2980113
ac3d21f51637207d3e031c2d,989350025.2525684
2aac28d03c2110d871b5f274,408341269.7128052
9ef498b11563827597c82947,572382214.6673702
4f2ca698ff03df0c6386e48f,1201200847.8097315
606df4826416ea0f146ddf99,709114838.760487
9ff08a6ca1c63480c563442c,1283918642.2124553
ec27554aa1c62314f4d46fc8,432431883.31877
762374e94f17a8783a66d598,697192221.5671419
83ca3a41ca4b5337107c197e,575550424.3422
c166a9293fa27e910e1fa9c1,863035065.3872696
57f8a1e37c4ffb1b8cbd342a,624912581.3710676
393d99ca47315ae98fe9e7c8,1282905205.877159
9bef4aacc63605f2b2b62292,624912581.3710676
a266efa4e41df357ac4edda4,1056152883.1960477
adfdb0eda9aa97f0d3005c4d,1095121093.9338555
f05aee3e433cb036653b4375,622743473.2666672
2dfd1808bb95170a088deac6,1000681919.4801264
dadf0a00434e8ceefb3e26af,961275044.3477455
4336ff9b2dc1d97ac8f9694a,427735600.05189806
eb14a5813f860bb74740da2b,360132470.5188471
3d580d0df1bf9dd124c282c9,573551561.2066166
49bb5311607e4c7600caa03b,640526794.474987
78a39ae05ac53535ba0fad2c,826421639.2709227
936e18fcf06ca3c46eda7c8c,541523819.632439
23f12add67accdc9ed40f59f,370569201.2612595
eb1b9e15dcb88964f79e6a4a,697480845.4262147
e2b7f984616fff25e3dd6a3f,883851931.9088056
b8e2b98548a234a245d7935c,695723025.53919
79382c56606e701e44d55033,1097379298.9558704
983874e637a1a5782f31089f,517793132.74018246
3da9de8f610e5c40401a5b78,662516393.8267528
cd69a049dd8a3822e228ebaf,713037161.1874874
604f1b5149f770a8f370fc75,456342018.0214994
0d24fc1c5deb78eb1a0caa51,831825358.1623359
583af1118e60e46c347ec593,1093866457.7646964
13b181b46359620191e6e4c1,434640541.0046851
50d8333064f0560cbe549f89,593334659.7389519
d9000c1afed253d05de7819b,488110325.5258855
792ac070d1a314f585f09987,641839029.4020607
3e874c25176a3abb336b31ac,674953540.4221311
419ce7158ed62eb6897cf09e,488267689.3063038
b6b87c05c4238be76d94da2b,309734973.734687
980d809e549333b475477bf9,555812995.8867661
a7df3d344010d5bb7dc70bf0,437652780.0484328
3d474c6a88ceb86e00f68b3a,505353920.804825
be4bdb73add69f12f7aa6d06,666873825.0725902
fa5234ddf23dd0d9cbd3cac2,520112285.90924215
91a08f81b621333ac58c3845,631189589.9993949
702aaf395bc78986a008d70a,803065070.6618546
86b0c9c1277e9143ee765b43,452800236.2824181
9c2c22e70cffe6836f554f24,482085171.538264
31f56b841b122b35615bae2c,443745109.2403897
41227dc9c9948a5f0688e426,593865662.6562527
781989d4b732f961f91bc3e4,643897774.0724041
cfed0221146f4d83d641e1aa,749230291.66040206
8ec491780efb2c27df8dc08b,516082457.9618628
8a5866428508658b4a2a4cb4,640744295.4021144
156dc81d6e14a71716aebcab,662028804.539713
c24be8293c8f4080562ec0fa,425416761.6946686
7fa11c05ed1c123c1a457b1f,723067775.5922339
a63c36f6e7e7ce7c7e7fe457,919872573.3565118
f9bca38d3e08176649504e74,849854302.6018842
3d389130627ca7bade643f47,709622218.649591
70314b0bd995a4b03c771ae7,432712405.7116549
a3c3c9fc04cf2e2a051a12e6,425416761.6946686
4cbe75a162b076c4c454dfe9,560823351.6127353
0c62d4d501a426cc8fde0c36,1119072257.789057
533363375cf2cbc50d86773c,801401810.3191974
21d0f28d5f30a64352e60ac4,474521522.51686364
471b5135fced50f7cb4197e2,574701373.1231259
1c7586fd8a1a38bbda9c92cb,599267047.2879276
a0f28aaedd12f3d0eee8c6ea,300605942.218726
8923182b6dcc9f2d8be1ab53,583387628.7765472
67f694b29bfa494bd9d9cf44,904867103.4951074
b721a5846527d5338322c9d6,434121061.76687
ed09fe201c9ab02a91779dcd,889751653.5272133
f49045b312d12268eefedcba,762410626.4002838
22ae194316f34d482bdf404b,425416761.6946686
4f450ba5de4766e5ecb8a4a5,485694800.14456326
235a2209cde8f8b0276c845a,651742623.0574304
f563f0899884de7f9bdab405,688045297.3636103
5b462279f602c5b67ada82ee,752004902.6544648
fa4af69aa064a4306cb110d0,624774333.2309858
a70d32ccaa78ae9417aa7e4f,425416761.6946686
77c9e5e3a6d965ede708cda6,554514795.9899598
5637f3d3278ea049333afff4,474521522.51686364
1b1c220eb91c9448b520b76a,853971778.961284
f4a6ec71ad7790df9578324f,479576874.8217743
217e1715fdd5db76ce93cfe2,648610103.6798091
2cfa1397c901b4e940d9f673,560823351.6127353
44672de0d6d9d0cb3b4ae938,593865662.6562527
1c50477e5b3a67f3d8fec62c,592611946.4698746
0a2a67e8b310471b115c60bf,444219333.3707403
06220a42e68510eccb4d790d,479509190.29642856
611a3e1d63c6ce5ff8779243,661069832.7629517
1284d7ed08122731aa7c0461,308813560.219113
d44eebc871d1fa6981c32ccb,620462355.5087957
43272151f217feab78190393,640744295.4021144
6bff92260afd556a98d3e3a5,1058643663.5782676
00586a92b53f4a8f9f6b3022,1080077559.5153098
745e7f6a83b55196f231466f,905514546.3991195
9c558e10e5bbf230f16968f6,1167951445.696104
1b425a31cbb73b713f291e19,633583858.3213034
076ccba20dac8bfcf184b8a8,984050378.6998694
c8fd8b729f4ac6270aff9c9d,538399127.5888078
52f026e670e9851b08c70542,720322988.6444025
00304df33a3c9a7e396ddd3a,963220506.1843683
ee27eba49457286b5ab76172,874540008.7120334
97b57932e5e20416bad6919e,955085040.9126073
e570c5f58a20fda42bfb535b,629733351.2476194
79acb227b5ea365414982957,752004902.6544648
d24258de8d2ca10186660a1c,960974399.5622853
8a8c202c069c20696c2de85a,593865662.6562527
40f301afabee5be092ba20ad,814105898.5105013
afa842858299a6ebee166e31,984050378.6998694
7641dcf512a05ca754930bed,642517600.633848
8c9b472c55d4b99e44041de5,721422953.2929941
88b98c026b7650192034535f,1335390129.708838
9bdb1bc52a9ddfe92e6a948b,944568515.4056836
4abef5720fd889512ecff70a,966022625.6556057
58b139bc16fa2731e4b76f28,640744295.4021144
9ad9ac8728cfc2387285c24f,404917088.3069031
75fd5603c4de9678627f81d9,1053002958.3500034
9f4a25a5550f016ef2370229,939691548.5482773
d4f4d0ed36ac9affd71f302f,1077439757.5582743
51bf7bc1c19fcd42e71f2463,617390678.3121206
49ce19caa1325233d0de331e,967292971.5877757
5aa1667bc8db26bac1c72f5f,1183667905.9823806
b43b36ea4f81bbfd4dc4d781,1014478353.4827745
2a623b33f3cc1f54620b5233,815045874.9306842
8745eefb9e2761ff7eef558f,1031028129.8877382
0e49eaa5cde9375b1f026820,568800576.1027817
f5acbf43add5776430d8d4a9,757196388.625302
ca50f7143937a99accef865f,1202624469.3199081
0e1bc8ba1953ec8c28e53b9e,566332372.511788
980bafcd065c8e3d6cece127,916877235.496163
c81133d5a58d7e8eebb10c8c,1161723890.9740024
09656004f0a7f544580958fb,1272984685.4513366
edd342f84fc90478e344ea1f,438948567.00273335
76974826c758eec5c255c5da,592829007.1893102
63b09e45c1b7dca181491030,645417542.7835355
89952b237fda041b09f0efa1,1044168926.828366
219164e1d9b14cabb9bbb8ab,697116427.7352728
ac8aa244c21a9b86de4ed599,1161723890.9740024
92ba222e2dd63a4453a30637,872568926.9817764
bfaf8b7796c8c57bb5997be7,932578009.7719816
dd5a565f854eaef90976c5fc,1054230832.8215812
f8ccd21343b112d8f9e7123c,702952596.2787677
a90991f865ac81cdb3de201f,852235593.2771188
fc57fa9bbc16d1b8106c2c70,910420754.6243328
9ee3218bc61636cf0d7f8107,508620439.9205114
c00592c7c0c3a863a1bab9c3,626198799.628708
f0aa18bf86a36daeb59946e8,1100817332.5742905
e186499af986f1959f729b9b,885181351.9669151
18420ed4661539a2d72ff400,1058643663.5782676
957731b9940c9131d92a22fa,1122430524.848262
9172caeeaf6498737fa0c6dd,1241005782.5340834
c798ea36d2e4a8119723eae7,1243998946.0786994
eb963f082209fc077aa72bc9,1053002958.3500034
07b7ba964a8e30dc16d66443,839749760.0881768
7fe364ae771a7689d2fa5584,1147184628.7212439
c59e06a2ed37fd750cf39976,975657098.2188022
ce03d8ae43a426e074ed35f5,1231266000.2902355
b76c45ccae25a06dd5fc432e,704102580.6574448
f855725acc115bbbf03bacec,866786446.2651217
b0b0db3bbe07839bc2b600fe,1230833960.6588373
cfc8dcf337e020b875ef1572,1200129087.3117318
390107256faa08574d7231d2,655286356.9312851
fb10f3b45e865b4626f65ddf,561267446.8980539
75f167e2273fbecb2c81ac0e,949624738.6371915
a7b15424d7c025d885636a72,966022625.6556057
f9c11e980254045d7478f273,876739595.607706
e0b13f6dc213d05133252d15,946389906.9098912
c12f362b9060344ad044cfb7,739005868.6019853
f872f224d2af413cd104f24d,885181351.9669151
092045750c36a8945c526a12,418080619.9471448
5ef33cf17d4b45277edf35a1,550722388.2016388
fc64387d7c3c91a6e6e876ab,816035185.603979
c1168159d4e2fffdd5662757,547256451.6408477
cb604e3a56cc847189462004,1058926389.6810725
9e95710c61a4706e21cf70b3,513525567.6721535
ab37f67a3afa274e719ecbd8,553274500.4911203
970cb360eb64128037be7e23,881674860.3489618
e42fc32db529e088f15cec8b,1006322546.9555738
8925028d6e7a6cfce9967779,405281013.55529195
759e76e38d84a4188dff5446,785845835.55525
83a376df2024c4c9fbf2a0ca,442473982.87138224
a8bb80d99280e332084b3950,637429945.2962084
c16ab4a11cf67a39fec6f049,669846644.401063
9cd1127b1bc10db6b8ce5d4b,1006910057.2171104
ddfa979b1d7cdea1d7dd0a86,451139041.4514147
d78f7a1592c0779093150ddc,1006082649.5627065
97ce3e0ef38ad12f7fa8c4d0,395243830.6503581
5c789f2834a1a69aede6316c,416183873.1881977
c29ec380fc7295a9a770a74b,303030662.70986426
5987f6171a2bcb37062ccc94,957585832.7257165
1e91de6194769980800b4de8,688743817.7831846
0a0f206f04bfb10c137388d3,1275254482.5431328
34dd15023216e187daaf5a07,1019373977.0455163
33d2d1db291a13affdc209bf,758595701.9118543
6fa5e5160d7c2bed824bc0d0,761845159.0673258
8c04aa7506b8c80c1bac23f5,687900954.8577651
e5d445e39104d9ee6b244822,918594418.7708769
2ca6b3016a89139ec7590f9a,1125021818.8335044
e567e9e5862b13f0085505d4,343268059.2939463
edd1c4fdbef4e6beafbd39b8,528804914.59438133
039a9029c4341b1528ca6b46,303243435.8992795
fa1533051ea4145f7f710ed9,412394917.86272305
9c99a85c5dd878568582dd9f,484671293.49956524
9ec426691c80918203394ee1,398558082.15846115
66f58d9d1e1eb7e81cab24a2,1130418556.033163
0d0f8ce05ebe99dd3bb7b23b,847284099.0833292
6a65986cecddc5c47fbddb9e,644036568.5712115
a82fc744f537ddc6fbd16883,1154214504.0015247
d4c40178c19d6cb2fcc88e48,838450189.920024
4034cb3cb77e9cb39cc98fc5,804303658.6877813
41ae9d3d280d4eebe510606a,705434721.6302128
4aaf6763c105ddf2a6eddbfe,640744295.4021144
633a7038a23ffaf4b3f7896d,1062160886.6838217
2a531aa9576c5f91891cc8a9,939526669.6307616
85d58cf85a179e167428ffa5,989818120.7378261
42f05e5d4862d653efda75c0,853971778.961284
256a46a6d45d168169f63aab,749060254.7965972
4b0fba692104472b36c38c3d,752004902.6544648
253c85b226a15d0ec2fbbff4,440018170.928957
b0bb2299d5f456f800993a11,541425705.4234654
47fe78f6299f757b231be10e,809406813.915228
4d09ece928ffac7e7d270bd8,551804331.3629469
fc762d2d172737cabbdfcc75,682431811.7659907
2809252a96f47776d12021af,1218091710.318923
29eb473852b36dcfbda0c702,1218091710.318923
231c050bebe12f568ef92afc,589774880.2467988
acaf9e18bbc7295633d92e01,771580147.4102005
860435300909449c0443c10e,1171275425.7371447
f967ad5e086f485c27f09990,1044168926.828366
678927546243e932b48d6058,1050509419.8141004
c537ea2620b8c3a3f013c0b9,971918252.042741
10037227b2a24d9a72ced322,880952042.4258286
1b4b3662ca18e731acc18928,1379326038.7718828
e6717956eeaadb3e95840256,1334529502.720254
ccc4457f68fcc1a416e3acf3,793669719.2842538
94d91969cc4b9aa1e856d801,1143739209.2459064
2cc821cd7b5fa82b27308f87,397659033.6709316
f05b3779581ac0015f29571f,665127170.2554258
dfe09a5f848e8e819c361ac9,401451935.12500256
ba87ed2a657b0b042a05460e,495605013.3674939
f967aa89a4440cc1c44bdc54,588122462.2464757
81fc8d666c8735e1095d0d4a,771182898.1753886
fd8b9540f1e9da778d566d25,417941890.93188435
70baafa9789d2fcf1bc212bb,773221333.3655925
4911f8879e5bc9c27ac13bb1,539824314.5311315
ce53f3477814fdea2889cd2c,677043599.3410484
62f022e19ce6608919eab5f9,519168725.06815034
55657bb933aa2ea3083e0b90,473713072.27184
808dd470aed6064f02aa5103,559594561.2480003
39bc028f3b42d9ea48808ad0,445405413.0267331
c0c01ecbb9189d77098659b8,512217681.564048
57c68d470f6248d00b6719e4,1242310702.0231357
26c66cf2f43bea00e6387326,1257813247.9470775
b5f0dfbd34392f6855bb4b52,783724787.3702122
25202264e18928158b89278b,888237462.9497547
e93abbb49b24717d3a0767e8,1077425372.2815535
906e1f2e1bc5cd51a55b0266,1045141277.2416421
eef1d35ffd08dd161a36a2d1,1243880314.7510252
35e0cac576415a4e61acec80,1204226624.8307862
53ebe061b85f046ed12ee9c5,834741835.0618693
059d77736dc72013de7767f1,809647685.8218971
17d7986a62e0b066e4e5530e,550141812.4039849
8236c798dbffb3db51d5d744,433853693.6049402
587e67078115103d184970be,479988675.6565315
7569fb4aaa9a52d6a525e3b0,479988675.6565315
db122cadb7a9c33f420fe246,479988675.6565315
e852246b7661d30dd2e1f0ab,479988675.6565315
f04eb16931448e87aec205fd,700288174.2240103
90e858d3740d4aec0fa21c12,731676194.0395304
65647ca6e47eb2b9ba20058d,896591532.4189725
d0792d22549d1b3f63baf3ad,461008446.7632976
76c4045b5dad9a8226e9244a,648527221.5608145
fac4f0bee67523194fd4312f,702491520.7252622
ba89ed56d156579ce288dbcc,640744295.4021144
adce397b6d1473b9b6d02865,889751653.5272133
f1a924badef699637ea8fcc2,524134590.7144216
3bdce823d3b96e8f0170d96d,668595735.4042301
439004dc23f97a878ebf371a,1077439757.5582743
192e05cd731950f91fef1d83,1016130221.0953683
5110c49047db23ac3aa4ace4,545403702.8688333
f4f7bd9d03eecf35e9f37619,1069320165.5936483
141dfd80a005f7b32bf70375,1154225511.5013027
08513fe1cddb2cad74874a59,539709007.9325825
6b23aa3ca5edd20134811cea,589774880.2467988
0fcab263453a9f196468e552,839749760.0881768
127e08fa99afcaa339eff684,446749716.19647485
d2c46ef63db73ba3cb7e32a1,616779817.0718902
7c50c93bc9e8846345892c12,1044168926.828366
63698398738ebc7ccebac817,689178781.3583844
417e974a3f0d97e502e49800,1102037901.0031826
6483f2fcdfbd26c621a527fb,1249656519.9499414
3b739666f401ca6b2135652c,909186947.17582345
1b750e6e2e92e8222482cb46,1278569218.0581565
dd34882ac55c57480663f7ec,1228540119.1494498
026c6384ceba017c5f2cd66e,894744805.145932
3f4272a3a4b14ce152fc3abb,659125881.4302754
5cccf025fcc0a7d9ea01b170,429753841.9723339
c8d179013c5bb6379693ef03,343331574.1602498
8c258d10ce32150f5fe5b712,1440498293.5930738
eeb6fa8f820ec63aa0aaa303,1044467708.6939545
ec8b305ddc2bc211a8a05d0c,634614307.8084759
5a84e6d2ab8db0fc60775d03,669686959.5523243
015d17895f32e2a8b616ca1b,757027431.6908729
6fa35f1af6d51d341a3165ae,699513900.2357188
17821a9cb766b0f3ecf24e83,565461327.0779296
23141c17df584746755dc508,675678719.9901049
00076c8f390d5dcccc133309,1046839079.6847486
25488b1c8fedde6250b413ba,481444702.7264221
5ba6b4953759b45cb83512c7,683157207.9352193
8ea02baab0c59eac6584f62d,924218219.1832672
b5c34f90096fc88b8ca758f2,1158278988.714193
35bc25d0f9de2ed4f714fc8c,936381600.8392897
8b0e1911b8ab8028409dc9fe,893697572.0456901
2ba1672e49c023258d262d1d,771896621.8490303
2d778563921376962d126cbb,957120201.2125603
bfe7c873b2fbad871327994a,1210684329.5477931
72d0f19409c85dbe32cf6ec4,1036729071.8597226
d406baf5cc9b4473ae9b8426,664156109.6810501
070912b7e5fb205918c1f4a3,604717559.1174265
659abd72d12756ba0670f466,390001828.18881094
7a464b948b65544159cd0db0,1361185614.4485042
e89774d061d50c83b409a071,459823790.61477
fd6b2efe5da2c35058333bbf,1262244955.8452957
4577c1623c8407e95e893e63,690279900.0878041
21adc839dec9e8efb128abf1,735288421.4670429
aa843a050ebe8e4b3a04e9ef,1018460564.7878832
0252fcaf7bcde09274d34be5,781299438.7690511
46d77c92811f0c87d2d4907d,941620268.5428051
a8c662f906075eedb098ae5d,712962364.5356921
b8b46931b93b7750e0d1ada3,710296580.3646594
efde559422ec1dcc55abc686,1198043275.0817845
339bc881458ca34bdcb771da,819204056.5152438
d7ad6527cae719481f849927,969049125.4872773
df3abaff81c430b4ba85d4a3,1109732628.2769644
bfd2f20a7bfb0d865d7f7193,1034836448.7037051
fa3ee96e6b6ffdfd00aa335e,978340503.8861691
163228979751798ded8c3fcb,624912581.3710676
3578144f12e13e98e8cb2480,435660590.67539054
7136cad475a0480044707984,779061373.9497155
93f5694b4854068f42ffe55b,457607595.3313822
51608bf64739db05c47a3bc8,625959969.2996247
6a01b6d09d516d67f4a2fb43,388109566.5404538
5f26f33bd89fa7563ac6873f,650788620.8506452
aba54b001154ad881dfeea6c,469181963.87026197
b2eb63e5da917ce649a72142,443967762.1342208
1427aec89ee9564b95e93cd4,413122359.4297938
a0087db5e9e2cdd6073021a7,635708268.5749944
4396f94f7f3c403c43d3ede9,886047899.1073537
aa703cc78a1ce659901e711b,645108626.6316892
0dd1bb83f0f18af30da139f4,734629564.6858792
37efd3e2a5b6567957c62081,515619037.69216937
ea47ad6335e74dea06228b16,703903849.2821862
8a975117ab302b77ac057823,854770274.7750019
ca5949c4bcf0b63e5d1be784,453001510.96742094
e9f3f41366d5d784c2928937,872041505.5160099
7a9c505db21b777203d34bf6,411449745.8408477
238cf9f99c4b01777a97f82d,425935573.94710463
385fcde12021f4bbae6ac2fa,344139958.112464
d9eaec557a7a6674565db1ac,883900821.8604202
30b0c440c0bc8c6005855ff8,687809116.30245
09feba43c0b8f3560fe09be8,1336796844.219235
2547bcc87b618d3d7e22dc21,596125173.5658903
1240a616080d6ba5459335a5,1003817005.1192433
7cbc8fca4f84908ed4e7192a,996590527.706972
151a16e94d538a7a6d658ee0,504285139.00932366
a8ecaa9120c6da21229cf145,1014573171.1447583
3ca34fa833e6ba10cb4b1944,625938479.0384477
dca2e851b82c512f01611ade,1018095429.0961225
3747996611a842c452865a9c,892035437.0021052
3528df61a44a9895248336c9,438713368.9830664
398a67970cee5dc873d71bbc,1402916436.6638803
1ba2c2eedb352ef9bb59c638,644458048.4053348
f6f4a467f40bace72ecff598,1161779287.606677
b2af9047dbf58867ed0c42af,793335238.9118153
012b8d616667a6dcece0dfaf,573289070.2214936
0b117f10e699f10f97a7e7c6,895468692.0957658
8d5192b6208902ddf4804839,980664609.3587573
b86cad78da7bf06b5ac39f99,965481070.1820073
4cc8c95dee29e43463a8dfd9,822747653.6945059
76846ed8b7ab36821b848f2f,814960377.7002283
5428bf7f37a94ce9fb2dd435,901671221.5554173
b22c39c3df7d8e32cec2ba43,421272878.4196695
44f5380847c175a42becfcdb,1315554728.9244065
fae53fba5d405b2e6a3abf01,336865018.03554237
3b52bd5eee5ef8e3871dcb3d,1057781815.099668
21eef7da02b0f2a2fd987135,565828146.8490623
1dd6b0ade195edae38a4a20a,626901488.6979601
f359afc7bb50cf6a61ac63d6,423930412.13427424
b0de107a8cfad95f09876eb2,918569889.9810238
2e8c76f4ed59cd3924f7136d,1037286849.7187892
06a2efde5244f7d653ddfb8e,590993285.6883311
f72e2f6cfbd32d97bbff3ac5,541088121.8713868
9705748d2bb061678a80826c,1019529533.0382628
9620068cef0622c404e15960,709524773.5588943
cf2e8824527989d3cd29c058,574232409.850402
6e606a7c8bc632ba0ba37184,497179529.0087649
63fa384ea296390350f23d7f,936958658.5683397
4d3f5e7ecf4d361d7eb55f5e,897554842.9595525
e31a209077a3e47712588730,999535478.4727657
5f18524e839c2987594a11a9,1061498620.298814
def06f49a0b8230ab613db94,651900515.931286
faa72370e4c7718964930805,651900515.931286
983503bb75d84c410d1c5d3e,1242372311.0608964
30f381306494ebaa760b990c,1071149179.483153
5e72dbafa642e4f416e6f01a,955117831.718176
3d5ece38670c1c96df4cfff8,1071149179.483153
1bd6861d451d128c8bdb72e4,756969677.2845069
072a6f084d31a5a4be4060dc,965871549.0315312
4d8deb43d663fb079262708f,1071365765.198995
f00b8eac1812a500d7a732ff,894992294.958927
77a62d5e2c89da24f66a2118,656532400.2234968
961886897eda4b0ce54d1d82,1243752205.6238952
6f6c83ff891e43b7c84728e0,961911474.800548
ca8c85e8100f64416146368e,898788293.7123615
24297f4a3e14c24c941e7720,1011088169.1457802
98d7f0935f021acf313630a5,612169123.6581303
a362533eea6c235049bf3359,1062219639.7311051
2ddda0ae748b38a6258f660c,1339941814.6483984
b18107a422b9eb6da9fb692f,936276232.4042284
11cd643195dbe5dd4567b62a,1132127479.488358
c9ee7f0666429c0c15c37499,437263956.3739795
c386d1ac4fa8dcec4cbf9788,918093460.5942217
21e0bc9789139640ea33ed09,1211941184.7138536
cacb91ac1b835d62422b8a8e,893172711.6329389
bc41e69def6bc7490800c4a4,362353853.20757014
7a13669d2d7ed2e50b80b4d8,392654521.00353706
08dbbd8d672fd09463c061a5,505283562.0170282
cb93b0d5e9a26628b0462b14,968956714.1675358
d6a43f209f810455fa41dfd6,765111453.9889126
ed5dfe95f82f4c087af07045,722316533.5471772
02060d2f56e979a61427f806,483899079.8858099
88ffa9f0bc3f6c9f2e589a75,1170424569.2807689
b48093abeaa178d1f7fbd83b,706410891.1282655
b42734770dacb7e580a6d742,639194077.8292295
d3aa845e96d22f31a3656aa1,401379199.37884855
becc3ae7a71d597bcb16d261,1184397357.2157357
8dcfc24742ba669335a2d65f,816656450.9508322
45e2411d38589a2d85774c5f,964145059.8708636
9761b0f43949eb5307472ba2,848814277.7552297
e07035cb49625760c7da85d1,343148264.2706928
f88bb9c5a471504c13d3616c,468799105.71182394
4bb5265c6e63449e5fbaa270,1147968229.2346435
ac73b8700744cb7835f328cd,500124135.0054688
a632ececd6a023aae8a7b730,480825260.6097968
858288683063dea9d5c57420,419130550.6291219
d04f549fdf8f34bab19a171c,391192344.9710768
6ed5fa8f114431d158d35f43,415451833.201976
f849dfccaa8163d24ed935e2,1296419419.276674
bfde6e7200fc27e6e6f1497e,1067518708.0754744
59c11d3de7153d2605cc2273,558070341.9033477
33ddf4e1ed8c864e9db16887,636841769.0772939
00f5ba660a4fcf6ddb96220a,584017770.4094843
a13004b87c6d7e7bf6b75730,817685146.3559296
eebc02ff14b6d270746ca055,844610504.5818098
65ba6e178f3565a84c6ff973,1143050059.9731505
a57f40f00f80abc7450aaf9b,657403281.4628525
df37b916acdce817865197ae,966743328.2596487
b5c074ee2e2538aeca099fc4,765645756.8121058
004c9da9ef1b3b5e309e475a,577059645.1557047
c5b47ac5c4b7476d50bd56ec,723136735.9972258
778ec765417db9ee48d697de,604221797.3462249
b287339babba162e290d0fb0,533671551.6221317
4d35e00e86a9d508d82ea90a,312418001.30871576
0dc2a023fb6c5e0b92d86ae2,515333911.62762094
5787d7c671378e596edfb58c,962150015.4430099
8595b5517cb3f1ff8094d67c,870964361.218259
f4d53276bdb5899c6f059c67,998424628.4976519
9562ef63320854bc6f94b5a4,500614685.7272909
c04e72fb6244d9a9b28322b8,1567336722.6401913
3d141576443a97b0202c9672,1152555773.9797335
7caa4bad394586a46dfad854,826792146.7340695
8420bb74fadc0c8853cda025,457595376.05340266
b274adb68a37458cc5181fe2,1210991491.7208426
8561bc940a91f029147430f1,957585832.7257165
258a968e403e747af5693a3a,1119838791.6750803
0de34892fee879f449facb19,808911399.0566214
9634cfebe7e6b095f0065ee7,609734818.5029904
1f3544c9f47bc00fcdf59d74,400887239.5620439
e3077f6e47d130106e7165c9,561361661.6821984
f0ce47907c3c30b6b5e990b1,665970073.8248937
1432cf7de2beb14fc7603ae7,973240901.2965944
60f0df18cb4324ce5f4bf650,741284374.469659
7c1dc421f5a689aea5babe4c,650679397.30795
020dfae44183c65b708727c7,461185220.717017
92a9c07259efc617e7d58f9c,694459556.1888385
18531c57f6dca78763d360bf,501399229.010311
dacd62440872b6e94ea56fab,492353525.05077326
b607bd072e8293d6594f3829,607245329.157602
eb86c1da60250e5559fc3cfe,698267519.1602172
fae649fc7256b9a3ec036583,680991122.6301742
b7fa81aa571906a93e9b6cba,896666780.5324249
0823be832fff81b3f1291859,498978847.2427827
fca3a0fe5db369235960d285,420822348.0069259
496fd5c93b2a578d970ed55f,327732398.2117259
9c63c6c27c74c03f071385e2,884103153.8577194
6ebe90f7140b738b3696f086,800640952.511179
7110d6374f3fc282e4f4bdb0,431796431.13227725
d33994c75d98941acffeeb90,1041984444.6669466
b8e8d84450f5e0bc8a721c94,985588783.3050553
cba57e3b393b3e392c7431fb,904732493.5398306
fc2ceba651bc629e7f690849,723915065.024592
857761b5fc5c7d101cb765b6,473365338.6096406
55f67dd7302b68477e803399,771131417.8810543
19f538269846412f3e150a4a,1117517317.0515003
75e0fa8e5c83c49d3a0dea48,1209574115.0939233
fcdbfb9e15352cf210cce7cd,737780584.1011256
c2b91ce4b1bc8c576a0ce1c8,614721006.8981797
73eaff92528288fdbcd61e2a,1147368442.25285
f6544a1c169aafe6c8142907,1108577540.5734327
cba9aead5bad82b31da51e6e,633411071.3472495
b239bdcbfae846bf74791728,726480908.3469738
3b823e81c5378ee3c977e863,576401829.329138
1b4db5fcd1f92d3aadd5c28f,564260041.8550849
b50a6b85399ea2c6b5c33405,1019132912.160061
1e6176a558f301d81bb050f8,700554027.7198352
8bcc1b035ea93a5192256b37,763872024.8259097
71a3f0980cdfea0ebb869935,383525037.5877878
8cd0345dfac13ab380240b0d,576401829.329138
e66b2c71519ef8756db69b97,476615956.199555
c843044c1fb30819300448d9,328468340.81187767
4ae10e7fec364242c88e511b,555695334.0059112
c9e92b994e48df83dcf9976b,1073544270.528792
27f41f09ccf8d182c79cd48a,974438957.8532939
d8a7c0b01bb545c414e12a23,1402916436.6638803
f3e2fddf1dbb400788a5517d,1230718932.1899807
89a066b7d6a31dd066fa0d32,942071171.9995385
c245bfa6587eeb55227c8a4d,393140876.9276037
500d7c5346ca11ba934e7ca5,851476817.9052323
536fa59adc007df763949045,863362703.2048653
223813dc0188fc229b63e8f3,1117308450.0502203
7c972ecb7b90537b1da0deba,425397288.1064502
98d8411005ac05d77cb12516,1166889320.519087
d12c08cf48be75014a149873,1234045003.7911155
955544a0bc2eff312e965c2e,1052719805.8572459
20488db7a62f765ac8da0a2c,857037826.2585293
3f370094239ab6fc817e9ec0,1178614774.9016576
ff54bb34225682d25c551178,1234045003.7911155
d0c7294b2184d0b4d0e2fa07,1178614774.9016576
104e960974eee31e7e0eac6b,829124631.4244887
0d477acd9c95e9ec63839a53,504285139.00932366
6d255e0026d70dd44229a2f7,1311095887.971858
926cdc0242544bbc850520ff,517408107.2715773
e75a05dc0018f29517948ea1,328091402.06543404
dc40c56571cbee9c2b7770f0,679721994.7416309
2f76a2b53e091df35a125b13,463677797.8578926
a4a49182c79c72854732594a,449338219.8573737
50287f73d47b4cc4c2e1840f,955314600.194789
5efca36c25884a2822bb7a81,443424448.41230834
4347bf26ecd61ebc7a16b4a3,554483067.306536
7c979648ab3729b2c0cd2106,578086366.9208535
f40acdcf5cb9925c09c9df7a,704046178.2145842
6ff3eaf8b5a2f16efddde1cc,790739872.8055648
d35596846155e74d1a637d7c,1035770474.4769262
a389a1ca097a820fd9af9d15,1184304739.4312403
ef450748c440c4958e5db54d,832266544.627306
02779b92b2f9bafde0c75c11,564724092.277057
77e5e0b64140fa00b0227a3b,480239589.7908358
eb55b0778607da932c3b311f,832266544.627306
9fa391febd5d0a8e4c6ecb8f,444114282.93266416
6270356f1cc3dff186d0ff4e,990006931.5677805
ea7d5c601c3f8c86ca8f15e1,601688250.9632314
072efeafd082025bbc5a25e5,780916548.5434365
d8bb6151d30573c7595ee7c0,800295901.962663
f26c43f2304c8c694c818a9b,685752527.0121541
14ea4a7c57d830eba13638b1,724257574.1114919
c1ac42dad98d2f23dcbf140d,982437544.4976062
aa6af44635b5d51da4b02059,581115432.7275724
291a4ea1a695347e1901bd4b,1367926552.7720876
024d2e34a561efaf4811c17a,1028225706.9694636
e5a40a555d11d4429b9675c3,894992294.958927
3a10398b72905bd710ffe9e1,1045037623.0450653
340d1313fc2dc8e5b6918262,1216519833.995381
699bf5460c63a4d0e4542ade,1062083904.8512039
e98bb3a89bcec8650e33e730,453746053.5464136
5de86bddd492f76596b17a0d,1130998696.3645153
95dae083200a9e43a5aaf210,972441160.5793699
23fe512fcb21a0b84781a318,364881818.1356731
a9dd62f527cb0dbfa51aeb7f,663149784.9267002
8964dbb5b0cbfe509613a63f,844547679.2174911
f75009356c700f7da7106cc7,844014657.180514
6f502f363fb55811478e3b88,534999521.8356316
a48f29071cf207b27ddb03da,759404953.9711895
b46bbf66cc82a4345c5da177,677816272.1053345
a460aea3370926825b0dbc13,1183236770.0527916
7a21a8d99a85171334695004,1019189285.1304172
279f6f594d3f8ca8e8a5e2d5,1322907143.667604
bc3c509022e3f6104cba5203,1020239558.5291016
654d2a3a0e02065560ba2484,588215575.2464623
02a2ebb6eca5772e3526d78b,749614802.9615823
d4646b7f4dbebf9785963cfc,519132087.63783705
68fabddb27fc928b57efcfea,713766499.5440915
53688de79b052b3185fa9435,978801523.4711206
bb962a9e3861b06ae1daf833,583227418.5809568
d80c5f0b8ba55e7cf105d282,974353466.2422491
ed88c773fa9ae8bb29645fbf,651094047.5732181
0c3af9e0e9c80a68acebd041,822074713.6719537
0faec12daf0493a512b2fa0c,1349462370.7565515
1807debb0a0b590b9ba4ebcc,948003230.7555066
20a2a0dfc963fb8a355e704b,832754026.031802
a2c033f497e62ea10ff8ba3d,772718589.1718637
985e40843a30150e6892e4f9,970093986.0916978
2ba0807f8cbdac389424ae04,550915699.326815
9a565e7220cbc3d5d340e8d7,843848860.9559057
33598222854631e92fb72baa,1074199709.9562244
03fb5bfbc1895115a04e8116,875761876.0568796
5045ba9a65b4bce4fd305f82,823625341.547626
277f6440854cb0c98728e685,1202700167.8988075
12c7037cfa63de49e984a789,721822105.1492802
ed9976e922a774cafb601f5e,397725026.4203776
ccc70d1d8e4411331730bd7d,417194026.762789
30d38a7bab2eaaef1ff6be0d,851817939.4783833
31a6c440ca9eb29acc0f1086,1227931024.0674841
7a82ce4b2dcd2b43485f5047,1013853552.6237079
a74be48ad396ae4aa33ffed6,981201581.0071154
4ea46b833575642ecb2ed1cf,412517642.737998
b780a0ec18c61b0760df9433,539597842.7526835
b83a5c303a2b079585b9b94f,1058141001.5182931
a3c45875c0834b144f834798,609252374.0646927
c3ae3f44bbae215f7f2fad9b,482324301.9956653
5d54a0a596d49d9f85f1b5e8,904375356.5077897
355d1fb69bcb4e8e8ed9ba1a,996729299.095281
cd791a46ed616911ae7d4fbd,1210901413.5354373
d2d2f335839ed35571b19bb1,730394796.3173357
0823b0dc92805ab05d3f8650,1954134598.1408174
f92f4d135119fa88994929ec,1315813204.1292927
401f0de98764e9fdd4055406,394863310.7104125
68a7d01e50462f7506f8c8d7,532035250.0040179
e4434407771070783b97c014,609813906.0591521
7e1153d411af129357ae5c10,451368847.971688
f409c701e200046f574f4e06,503377971.840188
30a8b9c197bc42f088d0b873,619956050.7209321
d5abd56b5a8ab8c2f61a07f3,844887636.3090007
805a27aeafb3ca91cac56d14,1013884493.450855
1ee04111d277e8758f740139,695575745.6441262
b9de7d7b9a8ef7c64e5f6bdf,786454617.3247938
5a12a15af3c0585d81ba8f5a,790475978.9420426
abb63383766a9853c1091c5a,1073589319.1843123
1f95c205d5094c674f6e45a5,1381429694.9741423
4911a6285f548dd30c8061e3,791944346.0763977
0b9730cff49bcaeb4d703c06,918601427.1168542
f033750cb9db15e886b156ce,1420886505.2833803
fc7e93bffb7fbbdebebfaa2c,907409462.926703
4f500afb7f7bb42189820a18,1450437279.117905
3921d7b508fa1591d40802d4,674670378.0589365
caddb9dce27a7e8012478da5,901662622.5895525
4eeafa126ac5f301cf60f9ff,650036839.2513429
59afb00a84b4f2a9ffbf71c6,662540403.6068608
7baa3608aad1fbf357d789a6,908831518.6888431
a5b8869e9cd3d0cc32a0b298,1069034664.4237726
d084dce4ab9c4008ffa3bbc4,1081642295.9629054
e3ff13537ffb7172336ab5c0,1309249159.9604456
1bc2ae31ed1970ba52b1ff60,1280365344.9297779
eac7136b26bccb3c5d2b6202,755252057.0895882
073fccba71b28afd815be434,724459288.3037277
9b1c23d616e9407fff6553d6,417738664.3294247
4122eca7b73c1347a7814a70,918939643.3481821
cece8267e60c2461d6c409a2,1304921199.3729753
ba4e89128058d5564987dfc5,417738664.3294247
69843aedb25a928097a22a89,372473970.85068095
a45863121bdec787e119b14c,383083456.35730016
02e8811bff38125bcf8e1a6d,409274617.2183094
d709a76487a49bf257489c0b,430511903.7104576
46c42803286c800351fe633b,477362889.63501924
2ae3ae7f794d558ec119287d,705434721.6302128
76991a35e9c1b69e1616659d,594083182.5843468
3de5d35f742cb4eb68d5f314,891822784.5316259
a53c748935206f61751dec1f,448939870.7766263
ddaf8a1e5e6922cc3dee5caa,452800236.2824181
841fed959f036a03697868e8,425416761.6946686
ebe1b5c9471f3441a388f7ac,632553875.5156381
f0f9bedbcb57383511805d17,592829007.1893102
f9402b785deedebd3ddbce6e,923726527.0478479
d1f92e6b18faf07ab70ca1ae,630877857.2659428
6e794276348acc39751eaf47,885561312.1164454
4b04e0296820d04421db5219,371394252.6003658
ea0ca17e989ec57a480aa464,1400731969.0758338
cc6fcb8ea6556f676c13a76e,1087042404.3525772
2778de5e56ad7ece898249e9,1200129087.3117318
9f0bdae4f8609ec93588de3c,992538581.1585535
90dcc3f9428a4e7cc396a15b,824791804.7509452
2d7bf0032580e6b6dd1ce36b,1062160886.6838217
c45d86d17d1d0519b455b7d4,1066714739.4812105
4c7e7cfb286d82aa96356fb5,924126557.7982763
edc204c3e18368e0a9eab593,1257966798.9752636
e789e801fb5d4501b5d64e2d,859186837.6879864
3997c10ceccd2f8c8e43cda0,1122430524.848262
580d8eee8dc4b7d43cb193c7,998030507.129129
c823e3fcfbf0c43bf2d82586,993208970.9132638
30677852542c78698083d4f3,1334529502.720254
8fc78c514a2f1cdbc5ae6e1b,993208970.9132638
73c618d704a2e1ac2bc41954,946333950.6037886
4ba85374c1d1f1d3f4632ca1,428828589.27344203
9a471715e4c4865b822a6b77,631791826.424175
4e9f1e21c855f1166428fbdd,709767057.6047512
f11137d27a5d7fa57f94e97f,1248574865.4213295
5fe5f3c5919c0ebd57ec8e36,865420274.7497457
e40742774df7d2b614f32de6,528961273.0826605
24b28522c72f7fc359f2a718,957164015.7012058
26ff1e1f4a6f6bda702fdabe,932601133.826787
9e617d1fd8a4f33d7b66098a,1217562107.2552338
3b4e889562e4078f8f369172,478873970.53112066
3a50d40f15b1cf5bfb338092,320474057.2810983
cb2188cb8e534973ea3411a5,531562574.15185374
fa57f96bc6affd285d10c4f9,430511903.7104576
c0ea6c76eb977d83c163fd7a,409274617.2183094
367cd12d7f4aa93124047eb9,682361527.0748093
54952b5f463c64c605576601,546683700.5100266
57eaaaf24cf82d885f0f1dff,661551668.501988
f2ba4a7a0765c3ce737b5c81,1040443341.6198595
5282c3c48495dc31359e70c6,452800236.2824181
552b01d72edb192663998c4b,1171275425.7371447
5f3a1ab21669ad9234d4dc63,1216654420.4313943
68f431548c330f84c46174f6,1027945295.7719394
048051ce9bf8f6a48e9451fd,1161723890.9740024
fa4028ad48fb2082d167989d,642517600.633848
5b1902dd7768f5144ae7704c,910420754.6243328
be0a8f4be774eeaa42fe460d,836270098.1530235
16263617308958055850aef9,1400731969.0758338
729f5fab1578f8cae4fca8f9,992538581.1585535
bddb9388922dd56737d8847b,992538581.1585535
9847a4ab995b7b1c30196704,1344519271.8611064
d19937a773269962c7f9e8a3,1100817332.5742905
b3c8714dcaf5322475ce2c60,1077119216.9414241
875126e5776dabde40e29b09,768664400.930909
3a36f59d7c0e6c4eb85ca0cd,993208970.9132638
630f00e15cbd7826475d1509,859186837.6879864
434782c3d1dc2b9ce7bcbbd9,998030507.129129
a470bd174fc7587dc1449c89,1122430524.848262
99c6f87ac92cc323c8caa005,924126557.7982763
ac9ae945fe25a46184057606,1520245279.3932185
15d910dd93e0aec22ccc2083,993208970.9132638
6e1a9c8457d3ac6a57598052,410344695.30903167
14e179618d1a44c5c55e23e6,496789932.6145804
2b8b979cf1952fcedc63ca9e,395911567.0495137
7cfc3061c0b2f3bd48375ab9,769647323.2143228
7200e3ba2013876cdbbde972,456235841.16968995
9ddc1924043ee8361201b39d,933946873.23943
f22d6cc8c9611a7c23fa8969,936804979.9864092
b7c0a0a4f5c5b986a70ff249,452722514.6412943
adf176b63ea23e08d252b5ea,558498408.7450205
77069fb9fac6b61aa6a89ae3,591635027.8658191
7f0f27f6d30c743acb3e867f,990378994.273006
7e299fd8c2d53ff1cf95aee3,1207400494.4462705
f309733881a4f89d9c8a8958,1155428162.3277848
0f937643c067371018c8deee,585941338.8397652
8e35609c1265ddf59e1c015c,763429234.2505401
c1ba606f32ce0337cbccc2b1,1114401160.920203
15f02dd18da12f4d7b0ac2ab,419270473.8948456
bcbe8ed608f233d5ed7362c1,1821245292.3552964
14611fccccfa2a6499b2acef,596247984.2165262
b10b428245022d55db248b72,615116262.1262847
13e6c5cde1004803fed93cfc,505647027.15112287
ba31c38eada33f680d44627a,612527687.9501175
3786daeec4a4fb40ef07d8e5,831149749.1863467
7736ac030d8b587f44f7898b,955659042.5766007
98f89d21e5dbe53f8704e745,817532318.7961588
981fcb79db3881259eb303bb,402985508.7584171
08bb88dabf0070f72a801a4b,818234313.6351638
32d56542ab5486bdaf4466fc,1216482709.3227565
c0f911fe7ee2113ec59cb5f8,689452252.4770184
3adadd50e603746e5e4fc082,800790622.4388562
d117e9672b3ea0435e7a894d,402985508.7584171
020473766363019ee40d6685,1122184352.2198043
b04d16faf40ee02eda59a9af,402985508.7584171
bd6f3819a1c0e551598fb9c7,425536056.87575644
5520cf373444931ed8630635,421274485.4512359
40355fef059659469e16e3ec,421274485.4512359
deb844a2812586991b3022f4,720377947.023651
ac0b895f523b53b4abd013dd,528162816.7747368
ac208e250f5ae3e5e1008351,781658662.0357895
0064cd1c55914cc8370a096f,537078084.6169808
165fab7a9f8dd404cf4e9d9a,489463072.5830177
df3eca0f59974a812b4ea9b4,1216628894.2735548
1b7c062b606d0560e850a2e6,448784909.9687658
87ddb3a17b601cf7c61e8c07,618742840.2752128
837cb6389640f3919bc73e9b,1086961545.9750235
77bab76414ecb20888cef7a1,1050457325.2254279
a9268ef5b7133cf6ed1a376a,825950467.6561054
cf7cbedea50333cd2dfb0e30,723915065.024592
b0cfed2d25a5d78c96d39d20,899129504.6860857
ec0c283eeb8db461c20af1d6,935387323.6538538
27c3b7ba2991e7bc0c9fc322,834716361.1513761
0332c7ec0d3e547ec6d61664,884103153.8577194
e58b92216ee6438a921ee0d4,640942309.8795844
f7959842378c94c9f620f561,569508371.5697169
cd0236af88ded6bc15b49eb2,955659042.5766007
d40e0c2222c0debe89735e88,569508371.5697169
2bc9bbe0f0216ed9d865a85a,762192530.1705154
e9bbc31499ca187c6a492175,688888337.1472616
f2409d037bc8b3e63ca69fd7,643922337.2917265
5ad71b7cfd356a75021174ab,528561894.1581856
67dec8c47ad4de9605d56db7,618742840.2752128
c6d679cc07ce4373197748a8,1195730717.57312
a36ff3637b7d2b1c52999ea8,1213627509.1141546
3a384d68b7ddab45e01b6e99,988795392.3617461
42d34ca2252acaf6e777d23b,1242580856.6297624
c4b2a42a8908cc35e649fb16,608420909.3574524
18c38418824075acaad8f960,730708315.0279081
85bb6775065df76bda33f738,945826884.6566925
14cee0bdd9dd5537b96d0786,830045534.5718174
ab332133aca64315672a7192,1050457325.2254279
d53b60b0f2c65918153ca2e5,457166162.86799186
ed1f81648083d4d2726710ac,500245296.3875905
b6692a933facd74b4b11569e,403667094.1063795
90e00fc58569167c00fae7d0,579951681.9541527
8a514fffdec277cd46c7cc71,604732553.5970737
7f0b4b5851c77d78805320c5,623947866.5928717
fed1a608e3c0f2b79cd02ebb,609738307.4435953
075a5474294e25da55373a09,518922214.9060896
8826b9e008064cea38855d35,623947866.5928717
660eb3b40b2bcd07df8f5c3f,467049817.38466585
d55cdfba22aae78b6fab5491,427234152.0514839
ea6e83dbade169818975e5b3,634235556.0573196
dcac44d3f8024c6ea1632432,459790464.1398732
2772adb268cffadfb2917c2f,432366729.1569216
3192bb7190b9130c4e67be4e,701001798.0162345
9d892f73b02f001c2f715607,493835757.27979374
c27d72aa1fc5d37f4cc105eb,1049960552.8173832
6c0ac32bc8a66844197c5fb4,740529742.7869991
52338f4f7c8af6c649106a96,506612392.67058957
356815b8ffc300fe03073b7a,773216908.970286
22c780d56cb97fc34f29e9cb,478716895.0041786
806907598158861a6958388c,444497328.53394574
449cddc4dc3ef1e93b7f7c26,499499713.37381053
b225270821758e45cdead76d,477473072.54131556
e07bc486c6f5541e4788f83b,894105062.6069472
970c0d4928a9292748c0fd00,987745460.6899228
f73f720abdfe4b5adfa2bcda,947945370.9958887
48d3b0ef6e5f999bb90fbfc1,885701516.369283
b3ec2f8af6e9adce047536b8,1011458508.4994864
0e1c66f843e06f14d7264864,896034208.9884133
91c4f018fc7939d150593935,555330846.3645537
102434eee07ed18268857a9d,1066055733.7324831
a4c70eae507d630c2f285eb5,1313355981.139899
45abee1de734dc32936d0b1d,836956254.7046304
82bdf442e186baa829e06da1,721084535.4422989
019cd320e02a64ba3ba9a37d,739833733.0168142
ba1b3c8ac8afafef56233c84,627689963.4097643
3c3a0f57e030472879f454d8,1132222495.39462
d520e90e7d0c44a6b8852e5b,700880136.585961
38328747d2e1e0e568c05523,694989588.9493599
659e9ad0f593b644071cd850,642079019.5745047
3e6645f2cd377ba17ae2e46e,568860248.7878532
307eb683db84db535106c445,848652394.7186804
26c8961848e3a77d98049638,965941557.2122269
52373e15e9dc1ad371a0c090,685842782.8223003
e5b2a446c12222efc187e02e,523544096.520607
156f706d1d30de19f7e369ea,801472126.8257295
aa94d2ad36bc0e91bf561be5,936670978.5436904
8ab41842b8e41b89d8670ecb,426272856.5866421
b19ab02a8e22f3e88a26031b,559497441.5617
a6b1ca7a4e91c4c0f4366984,644423631.5513479
a277d5e8216fdc3d7c93eb2b,805388990.1579764
f939b7271c4d399a5e647f8f,805089495.1271914
941392f9a135909273422dec,729144847.547229
e07d8e9e38e309958288a516,1065523131.7545059
258f10f742fcc835d53063cf,1343145419.9415452
fb672b4cb1b66f2022f36a40,1062626948.4616097
ce9dbb6d009cbdbe654edcfc,731598046.7640643
22e524f1fab17d5b8616d741,955132405.7709062
7f0d874df9235245f47b04c3,1044629086.4483871
27a8a052b815998c771a1f55,955132405.7709062
b80593fba07e21f8bdbc352e,1441495993.2209954
d18d990404e7fd07424f5a77,428314422.5453986
033599f7e7ecd8d9c8cfba46,1184824396.2734084
51cf2fa527c3db62914169b7,579475118.5731986
2b2fa2ed0055a19859e78446,987334839.5239996
a8e1adbf076dd737c079129c,1085353921.4475408
adf948af7b24f9b6f29610cd,626297940.9684091
23473bcde48f634641769e22,484802581.3505852
c90486bba327ede32dec60a6,504006280.34315443
d254d88ea0989a609b71fb72,421072850.87455136
2373c595d24a7b862b518ec5,885617053.3179474
ec401de1c0ab2dbc149da048,846122943.8837919
17c0a8fd3a2c8b5b18d61e4b,578709678.6346595
1a1016e7a96da2237b391be5,622230559.7985743
c5b40b510bf7f121c93a2332,936710283.6468077
aca37e216a27b4dd5337df99,781584120.8111352
96f59167d17d1c99f31be997,703443491.5004352
062b36cb4a87cec372f9f91d,775481077.0650728
0466a7e06b152c1860d44334,1245810664.4463408
f44726680d0c594a2d430bbb,603126799.7466955
8aac8946e7ae5725971c5557,603126799.7466955
e1aa6c46135f4d1aa1b7a1f4,619270595.9871321
fdbe5801070756d1744211cc,1021970977.838349
6ec4c88b8d3a16148e2e7348,582714819.2672784
57c87ce038e4e523b4ec189b,1149600622.6024995
9bd500fb24eebd53d8262b62,582714819.2672784
85a86e01443aba593f95dae4,674935517.4587624
13e2ec0a12c8a48a753b85ef,481054590.6333282
b93dc01af5f49e6dcfb7a547,444016879.3267449
71a42155184509caba01a1dc,452020171.27274024
25fb1c0c4aace859265de172,836956254.7046304
6f63e4f866bda86d5c993c8d,313339411.63127935
72bc42a5c73e7b1f9d54c835,918060189.8352187
c06f36b42021a1512cb6e3bb,421274485.4512359
f1a7fa5dc1996591ff97a34e,672252902.4579812
6128a8deb1f0bfbbf0d67769,1173596646.533779
b5254c6c29b4f6984d328216,409298817.44464415
6cb19c3e491a60bb2c166669,800640952.511179
dda4ee9f3811c29e2b261a5c,700880136.585961
7a564ce9a4ed3d2b8fbb1103,836956254.7046304
63b982fab95cd17211a4a58d,587911610.192237
5272c50f1d8fded01f7fb0e0,864582146.5051011
02b47e60ab77588aff6cb433,458350091.69324523
ddcc7f7a087aa5f4797a8a5d,800640952.511179
77a887ca508d924ad5203194,830045534.5718174
b57ab7afef2b8aee016ce6a0,1133908192.5802867
640a801d503d85835eb65a42,1041984444.6669466
767ff947b16b2271f516c28d,599862852.1005613
1dbb46a250f504e9c8673bed,817532318.7961588
fd6e9c9ed7679485dfd0b022,945826884.6566925
7dc4f9de14c2924b229ca0a3,970366019.4199787
3064379f468404110d594c87,685309268.7902782
6005ebd6442c62f8becdd2f5,1035628242.8146007
b62e960eebdf95c2eaaaf9f3,1237247904.8541949
7b0258f1aaee97661c34de64,550288735.7324835
91e2f9f7d4ed776d38a3274f,1098987966.1001441
d505277049a254f960e114ef,831149749.1863467
32040dd7b8edfbe331773288,935387323.6538538
70e427235490d7d9c9239676,872332629.355501
1a2aa38b8e18fd7ed5be77ff,899129504.6860857
4883f7ce7086ba9c8ddd4315,707273735.6431735
4116cde03803e63a3e87e847,1147915680.6221683
d6de5d741702387dc3f4481f,1172037477.960993
2346533f4712f3bbd036d85b,1041984444.6669466
f6a12c0f02fcff1be042ed0e,723915065.024592
eba3cb8156e0115bd7dfb525,1237247904.8541949
ff27ae490bf03513b6bb386f,963628450.3509367
e87779bf2f8af86fc4ae9583,690643378.5735415
4a809b3987cff0290c1df8fc,664156109.6810501
8f4241a17d1211687bf232c4,393685649.9995821
bd8c1ff6f9919ec6f1dccda9,420687523.5807011
081e008e772c6a79b809a87b,482495445.0233861
0eff08cf4bc42dd442a70231,1060157127.098134
b4e084d14962cc58d4089955,982716787.9609923
d02c3b5ac6fa0ed6db06e490,1229876500.428703
e8abf103cbe9fecbdd758516,982716787.9609923
05308c4f3d0e0887e4a68a92,489060866.35781854
256a6ba3ff423a899229f154,657053537.1960474
097314d920292b46eab5dbc1,973025593.1904852
4ce0fcf14266d144c82f8d4b,569288991.1291733
548791b5faf236b1c03b7523,706367776.5448538
40ef1682158d0c3cd07f484b,1319037110.9035802
7b473504c85e9cb576f951e2,745226843.1213269
730c7382d76a07904f559b28,455847027.1797172
e05598d3c49f409b937ff2a1,408925824.59266376
844dc89fe6588acccf0c7536,418125278.1601513
ad1492590bf61d2cc83b493c,1086843379.1652503
88fce3ad9b8a965dc11336cf,500462888.11477745
b76d853ea415967415ace0d7,793728759.8695204
c12c81b3eb12bb329466e88a,1073163480.1637514
4e27458d179a469435d02ff4,900856404.0912486
8d15b4bb1447eba7a680ef47,515779367.45273083
482c7150c7555cb35558398c,1056850113.5456172
e5d6be06fd53d317c8e5c7c0,637195338.8609568
f798e7105aa8aa66750a2c85,1119072257.789057
eb24e0a0ebfbe16eba466280,1155088826.3006408
618dede0dbd48df4fe610af1,1266276790.237591
6fd936b82bcfd3cd2451bdfa,939526669.6307616
adbb5c4ba7be2903799a51b2,1230833960.6588373
3a99197868ce338c738a3b20,637195338.8609568
d4c45f35f214fc226ec85b36,644753125.4210163
c3140ab2134de662162af508,309734973.734687
0fe23ccd8e42605f4d9f78a7,357958841.83512634
8816e8101ddc4e704053e23c,705434721.6302128
64ecb100d7882ddec6bafbcb,698110379.7715468
9151a8c65e1f01ce591c595d,637195338.8609568
c8a40314be3014c2a218f5bd,1000975894.6440313
29bd4cbe11f44759e07487fd,754618490.2306205
72ddab9ba5f24941e4dbed6b,1172605428.483508
1f18df9ee1b19359816ed13c,889263032.5619365
fb82175fad61a81e9b665fd3,1257657316.8685162
dee2e190c4e2539124ac3ee1,889263032.5619365
0cc2f3a49dd703e7554ba638,1248484372.9333344
ece0394e38b152e6c1571324,924126557.7982763
e14328c988a27176e9fc63af,656358362.4663644
a91664b9f15f9d6f262e7b2e,1148526706.824881
d54270fd6b09b38a978cd7b9,926002135.8486524
40c74dec061500aaa78f78b7,639761241.4734681
cbf6faf7b47b43b2a77b3654,729704136.7773567
52fa1eb3cc7cc2f77ff98764,583295280.0279639
bae512bdd3b04405c519bf4a,637983374.9238063
e7fbff0a25cde72a38e7c7bb,1060478688.045878
d3f297fadece964afe5f1cc4,1334211364.0188034
2679ba671751ff16e76f1807,718626839.6132611
8059e45ca26bfefbb18d8e40,1178365270.0643964
9e7ee8e17b1e76965e96ef95,1047158598.3712423
9039bc918a76e486041842d0,597044592.8374107
1d7912750a5e345f7edcdcbf,715898910.5914856
4fe0482ad622080f55a0460f,663943325.1966767
953fd7541735fa8d9a342642,1102283858.9929547
0b3021c156324d1e7974ce3b,1063870103.5076758
b0a8e4b4ef6678e6b43865e2,892477916.5772071
bb47fda808b52f30364a4d6f,870300121.5635961
d846dbe691d0ee3ac5c3bec6,948100877.108124
21932b5a5fa65d237ddb6293,870300121.5635961
07481a101afc1d5db45245df,843555980.2506639
d99c00c516cf57b6fd9e877b,496206583.5918599
6dbb494acdc64c03742fa730,986717345.8026814
35f69c7a9870ac62735d7639,372802337.73415893
2721f5495ef5dde16fd29cf4,987711549.72284
0c068dbfdafa3429c71189af,488391567.4808206
f3293c4064d71f9322ca97b2,1111007581.6047838
5eb268b95d7b6006b064f9af,642237021.2536286
e13a1c06ccbf814945dbc768,837251634.7788556
935a1e8c7e62ca9d3bff398e,1003275311.3246796
f0c7ecd3b2261873d3664748,1184212128.8892922
d2f20425e236285124eaebad,579549175.7972349
05926b977b5df59857194ec1,788470253.7934433
f548ef815603ec44f4629a60,1031854403.4420675
6cd147720319f60ed2599361,957331989.8225286
6302477fe8172d08f3b4815f,490212374.07056963
b0af9b1e84a1886489d46b91,663705290.0543802
5f3a2a31f6d1838e0a9531fd,1044684877.1502751
96786aff35713dc21f6bfe5f,1048933700.5271475
68de232e27aa83405b4a19b9,1517730476.1217246
8d252e9b0912f09703110b81,393490465.49568886
f4e646df504728ee1e6ad0d8,445413058.98302615
e89cf4cc82c5283f3db6f5f6,469801639.08722234
1bc2c099466f9a989266be0d,390381386.18839246
bef2008b362c4af1fc3be566,409616675.7494366
7988f76ba063d25a4f467730,459359192.0159392
391a98a344e894c6397d62f3,309684762.135715
5ab0b8b0d6d93c4654b5cc14,571375432.1001984
305d6abea2f3e496e3b6fcf4,1118218799.0220098
f512fde4fa3f1f7fe885de83,1065468260.4169681
c7b6e7a287602275f7854ef0,1109726278.354092
3d11a16b008c26fe43deca03,585492238.082495
ac7f21d22d013874c362d440,1178167501.9640129
c933750eeb53302db0245782,638980759.3909029
766a8ff17723a5c34324576b,676604679.8926822
802fe3175a2059f12d7edb99,557064294.5765013
508bfd077c80b6cdfc5a10e1,1363724520.9596686
ddf8733adb641e15837bd728,528263565.4454118
17914fbe0c3634dae8ce9d71,1103024166.2252598
09e4397bf9794fe24d87d07c,893205080.4627461
302918a3460b98acb64fafdd,614474833.8754027
a7e57a8be8fc8d8a844cf9f0,359843402.4617108
7b50b071f4d795c9b5ad7531,832104643.2860243
91a7bcd95c0c960e4cc22d91,788707903.8515583
5d4a23137173c0e2288ec418,675704495.5794262
751ba0c00d4fae1078c02fb9,415129446.8753491
e6bc998ad1d87c5be3559ab1,844114472.5549319
53aa9cd32e2a6aa346d3d789,844114472.5549319
06f22f7a8e4e78f45ae81638,908854053.9294635
2105c17a4e2f97183e24aa4b,882967322.6556967
ec13a869c212c39b6ba21b57,643557669.8260565
0b49dedfb53ec812962e31e7,691918380.9046519
69e6fbd4d3816c4cc37b265a,1035711208.9105346
ad46f8bd482500f3bb935737,1218412371.4456494
368f7a70a62962bf31ec9583,1201061098.3030963
07412230b931192771072334,627620528.281972
e63d334d9ae8b672dc7b7d5c,1201061098.3030963
3e1c2c5b0831edf78f7b7082,627620528.281972
226277c02e8532922a1c769d,1049824382.0720024
7902ada9116a1cf7458933cc,1162969845.254651
b21f6e217d6733230a8eb7b7,797280764.7922416
09ac622c303bce9ad5514442,393603060.1272063
ea63bca8e3a77fe88d88fafc,661324581.7452193
a3c7c54fa12d5b57dd997210,1045019683.9392871
cdadb2607807935a0a5597e1,599917773.6990855
8d041784b65d33c76e5245a4,1288179401.7751858
e6807209b634455bad257998,412212471.4671667
b1e3f1efb232cb0976506cc2,716937419.4088106
dea95d98e8bff87b905f9172,1087677040.4035804
44b6382d9195ceb3f12d4939,1143052240.1702006
41f33deb9990562def18c917,650064116.4549651
0a61250b2c208d42a3077bde,946333950.6037886
c714b30713eb7877ed3cd92a,441026446.03844756
bf120b883bfaf7641eda65a9,848576320.3572137
90b34ed38e0f18988f11d77c,990471559.501623
feade1f4b3b06fdc12ec213f,737049200.371098
00bff9be2d524083e3b3149d,489267993.93291414
f1e38e53ddb8a9d5b641d934,1145393989.3131404
49dbaf0bcca86f32f86e641e,1115924095.4874914
18539b6cb6884f753e0ac18f,1227668737.716759
7586a79a0151387a1c0cd85a,626404266.591333
d533a334c2ad9d510865fe54,526467084.1963801
95f7bbdcfb59b4cdb41b0394,1069497622.5899166
4a2ae08359e1ecd39b43afbc,670696808.1257188
e8cf39cada5b7755f60306d1,806149747.238765
0489a476b376f7f6efbc193b,416094976.2164924
7b31b5e53015f8116fedb0c6,1258372359.7686477
4c0892a39011cc6a37fc1145,596435660.4556129
92d7d4fa9fd09075bec14a3c,1173939180.5792894
5e5ea93675900efebecaa19a,464977022.45916116
084de1226de9a6f4a6075c2d,887319692.6653677
54f16cb9563346e15b019102,498599252.7799147
512a6de80962ab797ed2bf72,1086020713.9463804
871befe27fa79fc1e1813b19,1145234519.8220947
4e0b1df5e05ac505c701f519,500061180.83629996
37227e66adec69299f853e51,824881480.0603702
0a0e3ee960f60d04ffd6bc0a,508389604.5905849
82b15a5da307865c7045dd56,916962930.9232824
44d596fa36e3992208292ade,809301840.8960965
3569024b3ae4865240973e6d,663312971.6628022
31d3215c8345d48ce9734c65,401268972.42696196
147e7f5381d3c951fc446376,419028236.32433796
77deea164a3a622df41249f5,443162338.75441575
3cdee5304896e4cb9604ebe3,736842575.300623
f5418917530b72c9fea14f66,623341217.7816352
ffcbce226963f10da8c53fd7,1175550206.013446
2fffe55a1584619bd7c489f6,710573009.9159445
3920eb3f72b96fcb58ef778a,420106187.2305923
d10bdbfbd411ae625dc80611,615814736.8834729
d61ac80c0d4737c3529f4a2e,759276052.8620075
f8948886cb4cb018eca25d19,552349787.0932612
da5bf7f1c7b2f4ad670e2382,663743268.662331
f406c9c3c92e9b31310a50ec,888798413.0917517
171b560236ce760573a990fb,1165883753.573929
4d852bd93332172bfb081aff,1165883753.573929
2e1f7569d134a931098a2ede,798741966.8378714
6d8d2ba62c52445d78f687ed,1068555601.6714379
65ae1a893abdc2eaa63d9271,993208970.9132638
c9c51c39725d7df94822fb20,484570540.32599986
56ddb54e50deaf650a25e82c,697116427.7352728
aeb330dede55fb66654901fa,998030507.129129
4f4e3350c429c6afc0bb0094,1226725438.6090508
39377d0d271da03ad85c7bd1,661551668.501988
bda2fcbba2b412981e708054,859186837.6879864
eb89d0b7914010148e6bb597,672772402.4486442
513d0ddf1ce44ca671675fe1,1400731969.0758338
14cd5f188cf6d2433240b5cd,682361527.0748093
dbbe0b6f5eb07a5f9ec873a2,1206304795.479255
f9acdd3fa50068bc0180d008,481195912.3655673
4a85c36fb854e922936b57fa,361686831.3556937
937876bdc44c3b8fe063a9aa,484570540.32599986
001399d3861c5792ccb8b515,1122430524.848262
f28514aa4d6ffa36104411c7,913877706.4402505
3b185e3e31f7f5e6a1b3193c,832384022.1796124
f4c7cc4a249ae7037aa0b35e,625696167.7224114
b74a02ef5cc838952bb9afd4,514847595.1289078
75f5aff9fa70208ddd843779,475804845.15774244
b7273cac93fb7a0034039600,1056850113.5456172
b73bcc0cbfa173c9fa404369,1119072257.789057
3c4c18326318a7207b589dbd,515779367.45273083
29a230f7dde5753e65b661dd,1226465749.067199
c083a5c64c4d6952accd7bdc,873211580.6819289
1cf29f882ee8b458b8f27091,889183317.8073499
94c15574aacdc5c3cf5a406b,492762198.63866
661f7eaf134a5b142843368c,555125397.7282279
14a5bf235097782f468fbf23,442614945.32912856
d2d46c70dc048c92c8e4f09e,976556335.8734353
f6faf74c3f4e02a6b333b7af,1150820404.451678
6dfa362ff7a0d55693793db3,699966346.0170726
b070e3747bcf22ed67509efc,971301136.988172
7333f19416625d6f4244fe02,474564063.08863676
3c86651d9bbfbb335f15b544,519842522.2468868
9d8affa93ce4dc7c1a21b3a3,1195853880.3846698
eb8cc67810d95d1b102410b7,1505238819.4259307
047f94605add5f6f84fc3f90,545047005.2329686
56ba332c82c36f07ba6bd271,1071173696.4228252
5814a1dd61362ded4f1d8d8d,1571167903.144187
141ac7bbe9637f9e5142135c,1000437642.1908525
08db0ce5cd15db2404ff3d28,691753434.3711243
c38677ed0876b7996f596336,351430545.9780264
daa4d7da8d7df8efc1adc9d1,359331066.4566004
f15c6403c6d4e3676a607780,454167724.44014186
4d0cf77f8cfcada2265ac585,492258686.1137557
4caab3951bd6cb6dc71ac8a0,600989750.4999785
7cb64b94877a9361f20027cd,396107952.5011958
3f438d6202cfd4527bd8f983,646879204.39982
b7763beef728bc2021ebb841,418126873.18455267
4cea8ea969dcc433fcb59d96,1110954605.89799
24fadbd1dec637edb728baa3,637602612.4394346
63cf422266e7c39a6c895b3e,703730676.4714751
dbaa5d47ff63125584bf7ac0,1350649458.2675228
da12ac932dd8a2fabade4bdd,551205793.2498863
f35538e95b4a567f9b834034,999663219.6309885
6ee1e976768b68cbc8008950,1089714107.9077604
a910019b3d18da92b4c6862f,683019101.8861015
a09413ca0b723170c26652a3,730020143.8259394
2b451da55be3683c33e4de31,1089714107.9077604
561840990333852ace562b82,649919064.4684893
b6695af1ce28eb50d7a2c25d,1488025773.7839568
9327563b40f2a0f888c68f28,939824189.543814
3438e5d77044f21743e56edc,690677629.1631466
63cde4fad1be942dc5ee695d,592909294.5689929
8e712705b7de6e791c8735de,584027795.8250134
85de01c0aa787152c77c6180,462051600.23277044
c9b0673becdedeede0209697,532962548.3075885
15ee6357e02b76367682d6bd,1210827508.2338316
5f284a75ec8e9c72abc76695,591276288.2154574
37e696957da15625da71146e,504133189.9898038
96a478c359fea0014fde607d,1022700259.2743157
1a61721fb7306d55dd77b6ba,1022700259.2743157
a7577260fa10bf408f1997d8,607065830.267059
b3f8ffa761119a5441a44ad4,993995456.3898546
a5c85b445f503a56e0e2a924,1414871950.9219558
5aac1a1d5da10b76ba4b690c,1055103875.13024
1420543e2eb5f38e4d38ba81,1019523699.2601649
a530e3ff6d7bc1abe333245d,918795930.0485498
aa9988248c7dedb016d8b6ae,1117308450.0502203
fe8ab5495cae81b5478026a4,529550806.8808307
b463c62e3c21e339e7acb52f,683054277.191736
00a5133e7373eae3f0be8f2e,471961651.0902544
38b424cb0e54f0f7f2745781,683054277.191736
c43530f324a3ac90f53a8849,659956144.5905273
abf93b2418fcdac14293c9a7,716882723.5109749
9b1be976725ddd512cd222a8,855282356.4083499
9b7f17ddae12105d47fad7eb,585131642.8540812
3caab5e89722761d5ab2498a,586627943.7768124
a2f40c8227b466249d6cb659,639202612.0478679
e6a5007ffb7c1321d4fc21a8,461383182.41742724
0d50b435188b7830a6949026,470774887.7306672
d4bee60a74c2e2235f507ec0,862246939.3727945
b474103c4b637ca25b5d89e8,624912581.3710676
ce6ddb82d2ece3b8d58fcc63,819987247.0341843
28403f16831effcb75471738,345920094.5137679
03f518e2e5861002772345fd,498978847.2427827
011a6d0f12ba108ef15076b4,345920094.5137679
93ac0b004ca60ea56cc2bb9f,640400970.9203593
1b70fbd3e46da8c47c3eed61,432324672.8237915
cb40d6ea6a1eab77a60c1ba3,617523759.1103789
87c73db5d50e8ec3a22e6ccc,787775763.7289208
9aea45bade274e4ed91ec301,702571919.1002178
43c22bfa9a14df7b0126c12e,419270473.8948456
6d848e54ee68e6d8f23b3b1a,405113304.61958534
e5cd7a2aed48057b0dc8d970,477525896.5047327
bc4b94c892fea57ebae3eeb6,447994672.42613274
e7bb12e99318573a6e6ce1cf,657103668.3150841
4b52ebb0f0a8878def4170c9,919034296.0893757
3e85b447edd3b23b5a0d3b79,559471830.3875265
15005fe7eb24aa25b9e3cee7,1098987966.1001441
22e00f8057294350ddf4d42a,404900869.95252234
ddf2583bd65f02abf7ce3280,984859666.8990321
704e5657734af93d19a0e5fa,714094672.7398762
cc1a11362066152d21d4cc60,603947573.7269036
12062de068acd322b610fcf1,1031661547.0704192
e9804af0513b2f68daf182b3,841996736.4088025
f13d8f4b2e3114d71e5ed941,1045486200.7863
11bccaef3431fc17953eb81c,987807633.820114
ef2b9c11f884cc5f31c26f60,817532318.7961588
25986c851e13c92ede6c6d6b,1242580856.6297624
37e28ed39a51956880d211af,1147368442.25285
9530217ea0b5d2395adfcc9d,1147368442.25285
d8607e3261ef1546eb0c30f0,1171373727.2076695
22a025ad47ba22ea9fd1a094,795887508.6656836
1c88ddc21f3e8e4ca633621d,519637317.9273764
e45ba581daff88707ad842a9,430475775.2296044
d7e97cc158c6c54b02fe635c,920349925.9843975
04bb7cdebb8b66e783058248,685752527.0121541
d60cf6dcb7b4b40077536604,1028225706.9694636
85ceb648cee9f6f3d221254c,652644494.2721242
f58528d3ddce3bc6c71bfce9,642632808.4378766
c269765ece36cd93058efab9,632288501.0275738
919bdfeb16dd0bf67787d53e,800295901.962663
ed8eacb8746dbcc3c2ef3aa9,859003315.1806874
15ec532ec6fb73074b9b12c9,529760936.4662325
58a724e8a0e05140b07539b6,724257574.1114919
2b7a5be93795a65d29970b02,733515059.9686892
6dde9af12b6597425160a47a,1721582923.9698942
f0ec99c13c61e89310ca9b8a,652527491.6261225
65c83da72c07b8e74bf581f5,491495944.6851887
3ecdb7a7d178b48361340ea9,970919574.3148006
af22669e3ed10470623fd8eb,776028541.9469212
748c981380925e1247b9e64e,1149482223.4843745
78ab6cb1f62a7e781d4c4d0a,422484710.52172023
e80ba06329760362c7685ca5,609252374.0646927
3cecc0cc43ef46670a8e69bd,1021978774.8878894
527e4b1b06637b5362c8f17d,514074365.19261384
cf9eb2cd0f20b13cc8816bbc,600642522.8604938
4b3a6baf8196a59bac8c08c0,602402499.9642361
9bb9864a6bcff25b17477717,561822256.8691607
4f7d630c921cff500705ee5a,576374345.003345
7b7c0544ece4aa383fd5b4ce,620260020.604338
191094739043620c72aad2a0,999699447.7066962
a20435d582c7646db231e7d2,967542073.922724
1555743ec7e2f38904852860,572657397.3696084
1c7452cfc46652a60b7a4f05,832284006.4575245
97439d5a82f970e7f50d51b9,829573879.1338087
7667cd57d0bec809417c9b11,944222667.4142814
103f6eaf04b44c4013acf097,1095708197.7935667
e6ef433629e193042bd30f4d,982328867.1562636
2ee7f959d069c9ca223115cc,862094004.6236136
b46625b69fba1afc154471e0,873331506.2783641
5cc0700421954934cd8dc445,777885396.615331
066f1b68f7c053a196662fe0,1072377759.5293105
645e1c7b799a489887086a1d,1184212128.8892922
f426c41d6d8bc99f359f480c,331150645.0617493
d1be4eae680cb16d0c842606,1031854403.4420675
57a5f4f83a474ae156f207ee,642237021.2536286
53eab0ecc3ff098d55666699,1102607682.2496552
54022fa49ecd9cf290aefc89,1313776893.2334948
545db4962e6294cc5ed07727,855282356.4083499
8e17bc9f09099ba3138c232a,1407977550.1319623
3b4b303bbeece313f92cb85e,936535209.9678032
d0119d7bb15452c473ed28ba,1208870660.4694092
1a36f98c62f5126c8064314c,1218468147.2143927
96a77e8e42d676b0da3fa572,644122562.4707276
d7d6f668e3e40d957163276f,786838722.1368551
5b908b8abd8dd0862440c172,678165426.6264242
81716dd4aedf72a6a14392e4,396912637.7319688
47d252717c4bcae3e1ff19e4,946223852.693868
4f0b2f7e4d787a108a4d2537,1069428268.0745308
90a43053efa1d292af692a87,401184026.4785826
c3df4b9fdaa4dcb13723b5f1,845205160.5299002
4b905620f76873355d317dc1,779018282.833675
ea16314310144a10c81da9c7,371815976.95827204
0e5db1a36a521a5d2912b238,668797254.5035822
c53c58dd7b26902f67c3becd,593137777.2979105
6c17875f20f58b1fb211c18f,1178250650.4164627
200020552855ed39d1af999a,628246919.3320074
b44b862cbd855d46954eca5c,925910297.5397828
ce47299ee877638c4729f60a,609687138.3154922
3a28bf9841e6a9d3f1bc293a,953330554.7162684
3a488b9e24d9b8fc7c222e20,368873228.8844926
5469c33200ffa87952b356d0,342083732.91705656
b57174dd86ed451448dc501b,659796300.6116692
ebe09efa32acf6d680341840,979326267.4063498
33f7d5aa494288cc90d60456,862602247.3518964
de9a32ec454c2696cf75eb0d,537545412.0062033
df4400c44a166c851ff46eab,641611366.5797943
5dcc8f6a6854a864dcd27a87,844114472.5549319
bc08ce9f24533cd644ef08b8,611863283.6574371
2935cc0e053bf558a8b73054,844114472.5549319
f08001f2590d7b734467c58b,582671474.7071111
5a9892659590355b91442979,1052193866.5155015
ea34dfefac91681864c2bfe1,751772576.19461894
ee3b5d47d05a80c07751f7a1,1201061098.3030963
448ad01af4c5cfba3feeab26,1201061098.3030963
bcf43ae0b4b15ae168abca97,1035711208.9105346
8ccd326e4f515bf7e817a14a,791305656.3528632
94535dcf38c9c6461a73db02,626670757.2668335
9b3557302e940d4da341cdab,593887184.5145937
edf8c961862a4ff8e1e44f1a,757957884.4403205
6e508fb72f189a4fa91bde58,1186966430.140138
7d0a4771afb00cf9a38ccb81,1003300188.3784372
8c32b6b31d1a1d5736c4df61,1560595089.2695026
da782fc0c8a79e3e250f0f67,325596545.73368484
c86e643b7f7b57b4482020ef,425639960.19788116
4632f1e8fc93e268ddeba07b,763110409.3131799
2cd372392fda500e6526695b,618049296.172372
a05ef49ad8b2d6c466ac7412,1085442941.4757879
9f50ed2b7e40847ffd877f4b,960074860.4552372
c00083aa30ba7d953361674f,644558851.1947519
50857161c59b991304f5c55c,864559059.9792628
3676f63aa0ab23ca7cd344b7,531562574.15185374
3710ec95af4702c45f165279,1092461137.9805915
16db516a238934a730ced1e8,465942053.77359426
d450dd622183c7cc43a20d70,416372048.1516448
ba84fbef80c8a82895ec599d,1117730486.8931875
ee85a12b8f764bc15164dc7a,710364322.7554848
0038a3b703f4ec779bbcfe6b,1177048939.5510976
aa643acab634ee591a2a43ce,664360092.1364312
d6438814f4ff3853bf6cdb13,1218412371.4456494
a37522af63bbed2f4d10900e,1036901120.2629616
0b715ccd3b3e01444b855857,561794396.1961855
fbdb9caee4455e99259cf921,583638045.3158259
b3c02569b8fb721934f51c52,530527403.0102358
c07e2ef0bed4be12e41c783e,482092527.63034433
1b4e4016cb766bfadea42f73,311682348.69239616
ecf4e968c925cf8322f8a0bd,313339411.63127935
6cc0e6bfd30ed93fca2bb217,393040408.9672418
3e7f514983daa92e49a7c87a,531150087.09109807
97a22807207cdfb341d5c50c,460408273.2592884
3f9e95762d2f2056e9716039,536600928.5614025
255c5b92d71a00c3a73b9aa8,420822348.0069259
58d24ab99d74ae4c449c90ba,984859666.8990321
51d1df6e1f28c40dc9074b74,915676593.5762558
16261339c3a99635717fcda8,1333005670.9746928
1475cdbbac4aa486266e439f,667533026.4026527
2a9974fe07b1e4427e386e06,728683270.208452
cf76689ebaa20c70d9db4d51,1411887692.4944036
f9379319f992cbadc43b9189,952916064.7576517
62313cfe4272d263173e1ea9,794104300.2138104
b2c62bb0cf8d210dc4635653,1242580856.6297624
5d2fd288d33283826210cb90,1147368442.25285
3454ab4ad567d2d22d990fec,1045232979.9087442
58be66aeab226c35330d57d5,607975451.7248698
315ea6fbd6b3261cae7fb900,994560593.9551288
6930d8e260fafaa5c317dc82,672645376.5011513
0fa99fd0e8cebb71a3bb0871,526272313.9162177
fba946e4ceea37176170835b,672645376.5011513
b53d4d8d0bd4a0ae84fbc22e,649202957.6208489
8bb1a2ecc997779d1addf12c,322028571.20560825
6dd97377cbc262b07ea2eb99,343941783.94010246
5c50853824c890a5a7f0cd70,517568993.336456
4c3865a97f5877090e7a9649,590248655.9987779
a3cb2a035f98276076f2d848,577599217.683197
40d04ff9c405cccfc82ed5a5,419813818.54157525
22caf82aae904c79057fcb3b,563834011.481821
eaf87358d89af17c3e004c21,920541287.5469073
9ab5ef2c5650c4bd05248990,295604170.924834
d96e3063ce77ab1235e2ba26,482996340.9866309
665d62a8019b27bf5ce6e6b4,434272615.91436934
56234f11aae98489ae00a8d3,836279668.5595673
76a5158e1a5c1f9fae8ee882,624245459.0668576
d974970034de145d469d09c5,678046435.2598877
7b5db1e4f4f47b4bf7c827ee,446961941.34662455
73ff6ce99ba5dd8cfab0faed,697192221.5671419
e1cecc8f17883ba6e2723826,577585997.6375282
857870b1412b84f0f19ed751,443967762.1342208
d89dff35fa1944191aa9ed98,866001501.5211556
86b89233e0176e034ae3cb7b,825876428.3264306
dd3d529f3745159d9e7746b2,966499961.9102201
af10ec1529a63d0bc10b056d,1130166320.2108126
a2645174e4e15c49331f576a,1066830717.8090186
311dcf366691c44243b7b89c,1138003182.21587
4cbc74a93e33f7b4812e1a7c,363666617.6771111
6e0140e1d667cecd155c6e23,456384669.7775644
dba6308e2358f30b7ec33f59,1082725949.6370707
761ba98d35074faee3594dbc,807685742.0870303
b961220d34be930fada80887,972680457.1946701
c9c3973bb37b5c688a7c0157,762268129.7973974
79a0bffec81b17d606a606f5,1066830717.8090186
135f6f92c4ec95847e8840eb,713077962.6685092
05858b1e4445f56f22e1f4bb,864333174.3638842
623b7d96c0fa09e50148aa7b,1014573171.1447583
e61e5d3288f02b904d3b1e38,1234045003.7911155
0d173e7afc8f8babbef6ae97,960540097.300479
7635a792e5002ab99ceef583,439151222.93408775
4da93e7126354a474d435a4a,843398317.3622507
a4c71322f79dbbbedab3191a,1223083119.1867485
57ef53ecf8b709ddc05aceec,989350025.2525684
65c3e09ee6f1ef0500ca4316,580130909.1905135
74d0b6e87c2045f95fd493c4,946074067.9121752
4a3d0390e005fa5b4c9403f4,1058518480.4223503
a3aac701ae444b6d91b7bb0f,614204157.412411
4afa3a1b63c076123e7a5279,886336936.6254406
c97adfa6f5ad3e3db6b80edd,983645045.9379694
58cdc29143b85386c76bedbd,1032157536.2972373
1f81176d8a0c61a7177c6c2b,1314907509.033608
1c2e69465c75fb3af2d57351,1032157536.2972373
7a10ffd970cc822108ce7cf0,1048139730.3112957
3bfccc757ef82ff2774f2db9,1407977550.1319623
3c753ecb3a4f8ce43077a6c1,960540097.300479
100e9e2623cb0fc52fb08813,933898777.6959327
90a269d52e47c1705f9b6cf0,1010384512.4726157
34f4df9fce2ec05633d0cbd1,517012520.6356334
1e4fd826fc8693b17f6efc3b,916088863.7799499
efd9d848677015f13688453b,560438396.9558053
07cd866c871333283ecb2d23,1113638349.1129832
76a307d6b36b8a51115e91b2,993798302.7734423
080969c751cb94822aeeb755,355388674.99515283
1e37fb708b70b6b5e8fb5cd2,676168624.364348
4e47d2c8ccf9929ad9c84544,471067704.53730667
3c877a0fbe08cda958ff8f46,1013627326.5207745
ae59a0d6441697841d86cfcb,453515036.7136823
2fdb80ee4f9a35663e92b3b2,614020259.2187806
3a513410a390c75fc14b0b3b,531408487.46615976
0616401503f2ebc05af7ce4f,537951578.8352339
98b973c8597d5805f87dd074,874171446.7514534
7063abb555d919d5300af3aa,1118250791.9761617
88c4b21ecffe12cb6c408a6c,1092461137.9805915
75a4421cced1111492d00298,531562574.15185374
0482cd89d767b3b7de976c3a,461682485.77442414
bda9e5d8048acbbe5a9d49ea,545241444.1083952
2152ed6b2b2eaf16ec272cb6,656938250.1359694
9bf2e0c1bc82010e92da2540,792290329.3292645
110af3c21ecdf156898c7c0d,1216654420.4313943
2790ead3eba9370f00024472,691465861.6986288
9b06c7cebd33cd26cd6cc089,1068555601.6714379
fbb89795386c14f5088fccdc,836270098.1530235
e8a3d9d6134ae8d631791e52,1100817332.5742905
5c535b7d92e34c0fe4b66891,541261532.9935156
d88544e4e85add30aa795ce6,399323566.6769611
01b78983d268b52137e5ac1b,480739060.8053393
25414034e50ca33fcdcda4cf,564346147.6739737
2212e0125cb7f75390020951,537364991.8653105
a4d5ea1b907e98be72b5c49b,684684748.3970871
2df90c0a3e2b9138fe276a75,847746420.0949064
c520b7e8de3796450ce49a30,318148759.78439254
35114fa32397272437e67a54,584597299.0152562
bb5726ac16b4ade709151159,640493809.2108327
b4dc6733589bb35444b74c55,834086129.5270748
3b0b0bb06d95c5ea1aed2d95,418858833.1940531
fb7bd85c05cd74d945d22de0,546262605.3423669
6396667677a878ff61e1b536,600234815.344122
47b5804ba1a998c3e7544092,546262605.3423669
ad4d91ed26c1fd5702b94064,687957376.0502031
2b802261b8bd839aa0b04b16,791349427.1405481
0bf9fe130da23aea7142bb7a,868570498.2835935
90511f2411d4a37a7224b995,774753694.9269807
1355fdce5b97bb36da15734e,1221740137.795289
775a6affce535c5a19ea5f30,1339538069.1700017
e36d70d72c2758d7fef242df,958411744.1064768
2fde05df6a3aa9f57385e6a7,494166480.82613134
5e0100ae728e347eedce5b14,1031854403.4420675
a636ffa140f80412f003734d,1078634405.3106487
74746d24b9bd86e23338bcd9,642237021.2536286
99c539fecb3bc233288ff905,861290310.0227952
44760087930212643641eeb4,1032157536.2972373
2c5d940b5ef2276f1fac1ca5,1184212128.8892922
b26f22f1fd5a991ecd1e07f8,845031071.5629236
1ffafa78622c45ea4127ce82,774753694.9269807
32a555016892e7a74d231545,644122562.4707276
8d06037db08d0754bb67da4f,1072377759.5293105
80255211d99c72e343b32798,1332881093.9755192
070062cd1c769f3be9255af1,1032157536.2972373
0451f65828e628c2220df77f,936535209.9678032
d96f6225db81dbf3d1a0e9bd,604281728.3225082
b1527eec2e6709dc51e03f9e,996590527.706972
5464fe43eded098294d634ba,774753694.9269807
ea37ad89fbe4159940586718,313643761.9228089
4057a676e7012fd37af9c3b1,517408107.2715773
51273a81121232e7f30cfd1e,347431005.2725483
3cfd9ba5c6993718c0c532ff,508370211.4360991
8567e677b30c410df80004c9,853716092.2069772
7a34bcd9f86f5036b526c3f4,736223047.5770537
3dda25226646e1e91f4c948d,736223047.5770537
a2529027db6b525e365e7be0,702152608.7547724
c6115d5e908e04e67915a581,721182192.586536
8d0ae601094562744c8dba4f,480331196.9595902
55209683056fe2f9faef7fc8,586276713.1059973
e840095310907e82a159d683,736223047.5770537
278fcdbf16e3064ba42c6785,798079528.1483141
74af10afa02e7724eeeef108,494657792.2856141
b763f71e8a5bdeecf0f3f0e5,379839922.3269182
5472d536d1b6b731537bb67e,506288790.10353225
995ba6d1fd63d5160fb18e71,1383750325.857178
f424ca724e7df1c37ed78aa9,1053800612.4813678
c2aa451b62293042b7244fff,859696645.9883579
d4ca9506161d3f4bb3ca57fa,331618373.67075914
799862427c1f335eadedf4e8,443098103.26397204
1f3b3bd08063993c23586c93,437103021.1388222
817422f4c278ff27a22b05d7,604149196.6261487
db9798a3f9ac287754f3ae01,1104596863.5135193
7ead45d1f505649429904307,804070511.1883031
ac7ab254166442188c6c5c25,800726474.7584493
67250a8950aebdbc67f7fbfa,964363921.0387532
641f4319c315cbb74872b8ac,547940573.6878881
710b0541a025b1b6a5a80c41,674953540.4221311
a10f459124248ef30f290cad,574315655.7505417
1aac53220223d0d823e70d0f,457061537.8109216
9d0ae0c4dc11d8c6d94e545e,653439173.2255919
be685d2954b8c7337ec94942,811964325.8593578
e43151473292e4e98f121f63,366291061.3031827
e04fab3d74d14be3b8dd2c8c,474308876.8520872
c77509a6eb6665bb8eb07d95,819585397.1333401
9753470e033b35407a2eca2d,1064852675.8276565
825f57ad0527d4abf41cffc9,1003300188.3784372
0d8074979d302868c2534262,1055047528.0086867
15a3e60c7a5d55243057d7df,340418772.1038107
6de06f867a28393a9e95c7d4,394280808.880141
4d418d0079828e244dbaff5a,723970297.467974
2de93fc191360ae22b0402dd,384577667.91663337
86792949f2e6a347208cbffd,675704495.5794262
6d8a0768adedcc1070d28390,984431468.6832683
459963742bbaadbd9db97723,542618739.3919758
235b10cad7233d579a966948,865420274.7497457
4443407341bec8b7b0af40b4,784839232.1022745
d7047492f4c53a0cdbde60e5,1103074659.8202534
5541cbe23acd6ffd4aa0d939,1218412371.4456494
1d0853f825cc0aec6f5544cb,1103074659.8202534
f016623361c6ccc5163e79d5,1114214128.0821943
d280fed64d1c23ac9d79ce20,1114214128.0821943
7e86f11cd63ff6c8a3c12fe2,945540088.7098289
9d7f161ee660b1bcb54574b1,994226782.6001686
a0722c5527c6d3cd5cac9477,1036901120.2629616
278a2cd98528eb1341a6b685,455817466.5252266
b755f88ff3907bbe2a417e07,1020062492.2159934
2bb55b0a92d62454867bb158,700421756.3323468
960c9349b6ef9b747ebe5829,1100477243.0445502
2c8352c418097f82a50d9bbf,801982870.8745991
47d7ba800f164f397fcafa9d,722670691.672062
610061a0e67aea7d222f08cf,1125556252.131267
a33de2559b5f56d1b3cfce08,927267605.3328726
f020fef57e9069e4dea2d71f,1555836823.184914
883f095dd3f7e972d7dd3c2b,603630873.6822965
b0b784bfe2d3c1b3b1320613,906760665.1573682
1ea66dd4a72d93f5967be730,713197660.4822286
90b04117887941ac898a67a8,332230577.03540343
022357a3d48ea87d58ffb46e,493097846.2437342
292224fa68b0303a90063801,559095268.1053861
6cf924390dd3ed4454403887,487193225.5542052
555a293dbc104e00f182fe34,607923271.0125709
e13ef02a57d35f71a4fe6121,504145690.39556396
c82929467d22589ec62c0475,657349366.0920075
18a74c9a49ad381aee5e02de,636889143.3311763
da40d46cb91d9e59fe12e6ba,550046333.2768757
6320f26d77fcd56675db6b97,963766308.3667669
3307731f3bc518012912f1b3,868779263.3794645
ba94572d1e050bb92522f112,459565135.3274209
6e0d6bcb01e99fc4959d3f7f,393912485.85225713
dc3cbbb2fa00043d02958219,754998566.5389609
495aa774f4db66db6df30e93,569585500.6141958
6ba298925ffad32daae55385,800295901.962663
8df5099d856c7f9de43990ab,1056983163.5069298
93c5c5d9d1e99824178be9ff,1089327582.0379608
ffbce3ccf241890ec95104e4,353986266.0699381
2c03c38782e365e68b32d6bf,546775467.2553205
7734421098413f27fae86fef,845953506.4496897
2b50969f1faab80655bb9104,571752631.555805
025a98586386211b1519f9be,344071043.55105585
6013b8c04f7b9fbc74ef1ec4,576067708.8358269
11075db1cf9899c8640e1b90,517633164.30764997
61ba09084039a467410aeadb,935869157.3399596
eb2880c2433c4b2500fd40ef,630441209.0844846
f7f8607535159c82dbfc6c14,400875770.2501615
35c7a7c0ace36f4b95423c4c,447181943.6337126
c71123c31d02408cdaa74daa,529760936.4662325
dd8aa138623604829d56ac2c,393912485.85225713
cb94eee5ecfc75d0fd5ba6e5,500055458.12297666
ae6bfb4eb4770f2266e3b961,535034217.6013139
573ea1962372999346590c0f,812718892.6923951
9f7204b4bb3ffb8591e3164d,1127625547.504174
a4410bebf9843297fe32d63c,647021109.7416928
2afd9dd680803e3c12d5242b,962421656.7984256
a7618c242fd918ed894304b5,475434718.6973974
5ebc5cc2c1488f681cd119f2,1056983163.5069298
cd53a991573ecb5c53f47986,973868536.2680023
75ecbc0c0e8e76bb8d734f60,767966848.7977489
47c2934aaa5934c68dcb9e51,1019609264.6845584
386ad1ba1cada9649f3415c0,413847137.3904074
9ca0839c9c294674e86eb691,1322543846.2619386
bdbaafd11259af6300321a89,707048485.5809163
2e41ceccc918145dbe7de0be,626753236.9875373
11df35a3fbcef34e47747e38,600634503.4711523
b0bcb64f2f2ba69cc712e0ae,887896998.3360807
bce0a4447db2d54d36661011,601323415.5112978
ef7ba10407cd74590ea3fff3,1041477773.8526621
a743dc3903eaf3576046ef3d,945354349.071814
b3d072ebd7908688d908d350,837382593.3422693
a48abdedbe3d132276dbe403,1028225706.9694636
c6b7e739125907c86a8997d3,912994390.3221117
813d9415d9abca46ad4d92f0,1126984798.6546266
c631f8920a2fd1160f6b15cc,1059599177.3385884
16194707d4e85fe332411bd4,724257574.1114919
31e241881acaceb02ef915d2,859003315.1806874
a3f1214ea44063ad10956fca,783127080.84471
ab086fddcb949e3dc0ed9b5d,490157211.8261306
ec4df02b32d90c019125d108,1078883371.193942
09eb808ca3859318d6328db8,600634503.4711523
f520fd12dd3ed32ba78d357b,815576157.9948664
0a2f7379cd1bed7d2d2d5a01,1032307167.146445
30652905d3eacda34ff61a9e,1010754594.0923625
0509650d34981639b9c64a22,1142677307.4242632
77cd6b199ee485314bc74626,362714113.58035386
10c836c2e566dfe9edcf3d8e,1420073700.070452
e109ccb29c02c9b35b789c90,529760936.4662325
2d60a221b478264cab9816f7,1116102900.1400867
d34c48ffe935cec3358b2247,923703623.0409129
9cbed1ed72b444c22d8c1614,572301432.1681777
735c3aff4c151dbc32f9a76b,985312482.4127436
a4b6ceedaf89cff74a292ab5,827585748.7415552
052957f95b6e7b41bc625009,938443131.9519562
33a61cda27fadacce0d1aa7b,1019934089.7212176
6c3bc8c58ce67b8bb9f5894f,677372975.7718986
1988513503246248b80c7f17,1011088169.1457802
57c29184563b31f5f752c5c1,965470021.1912236
bc6a7d4ceee8bbff9ac5eda8,943425178.2987716
f1b7ae24195b4414e6d6a001,965470021.1912236
e7b3ec90b47c9e6009ca8a75,529760936.4662325
39b62c6fca161b80bc6726c4,767966848.7977489
55163359d7cd910861059389,1033913125.3229551
df35908d6ae2847dfc73cf9f,845303504.4063257
ac822dd448e04e9f8dd1721d,1216519833.995381
7e86148f53beefced6e0f3e4,540186867.0999086
6eff15cd6372aeaab2e665d8,438918427.8312535
0a1af9bb571b90233856289a,542965562.8263668
b3cc5930a3cb26e35a45e09a,390813489.32898647
0c12f73305bc7d72bdbd9789,929443792.1472298
ac048209de77cae737d60545,479822082.52775556
9239fafbffc066dff0811302,436957146.6115717
8e0ba427ea909cb7943929b0,909358642.8975264
b3c99f30b16fa80cdb4f213c,730690196.9509344
d1dc16c82942902c668a5c9b,866776526.7382109
5cfc9e48ab90da0f4e98a7ae,942975425.3552771
9abad9f79352ed42d1a9f099,496397801.09410125
dedeafb60b4a39950e7a984d,496397801.09410125
74cca5cd08c4bbf5d0404d74,653499000.1073555
b6aa1cb0187c4a1715517fca,496397801.09410125
e22bad460ec1bc991f14bfbc,483794796.16408026
594d46a91315527995cbd807,960168256.0688765
2c0b4c8269cbe25a4e85e049,451065046.288886
1014d3a98e886e1a7358e29f,821631094.1985927
73d6bb3d6ae08921a6117f5d,528359294.4832771
de3b619a7c80549db6ab16af,791670990.2362986
da34d6cd832009e428d2b467,321954873.1491725
104722434c2deed04a901aa0,321954873.1491725
cee66eef685e4764b9553a02,697192221.5671419
58b40969f1b73182cb6d30db,697192221.5671419
964e9c3f87176e761484543e,620317992.8664477
19487167081a9b0dd09d7975,1018095429.0961225
7d8e345c9b16d0fd69f848ea,1186903040.9864364
7d4ba999100c8e694fd820cf,942320968.3960408
c6b157e7a6ca08d04ec4de4f,500949949.14588153
84ec2d5245cfa146dab05065,796093988.1985277
c844a386941b86a3d4c0312a,674953540.4221311
0648aae13097ac649fe714b9,1070311854.4061247
34f220a8ee1f24bcc5790364,528137632.60946923
d12eda0ba04f846d73cd7acf,524897922.7647865
c12904320223ddd043f39c63,531562574.15185374
8bce0097d22b34a804b502bb,682361527.0748093
ec1171cac1eee089be6f427d,661551668.501988
5d85d77a06d0f0324d15d162,1216654420.4313943
0349908483ce628a0a5fc164,910420754.6243328
d74da3bb780515b1273d741c,836270098.1530235
64cb8fc8412c9247a5c243ce,1100817332.5742905
3a53919313bd750f2b1af906,1027945295.7719394
91d265ffaa6b407e9747b15b,1171275425.7371447
1db1d1b76e09197dd915a8f1,1419505013.0871425
6645a3080e5d10779672d139,858507017.7096533
3ff6e77706eae698f86eec29,813260071.050559
4670d21fa84e40184f03d5de,511546937.4367815
ee8bad3fdc93f7fb79c9cbd8,940672458.8684169
b624f0438025478c9f66fec2,1111762229.8355093
37dba4927e327d3a4a0c1d36,591866406.2220918
8d16b1bdea35630a3b09b192,988861403.7790484
d54a4c353cebf18d452be515,582688145.3102235
c402811ade75f5e3dee73ac3,927517014.6557297
dd926903e87d691a0f15dba3,476933328.22473353
cb01687abe09df6838e1b224,642596037.7455901
6ad3e1a47d1055b55d14e091,1035031872.748708
b8d50a94e8166e471fd8282b,906276532.0056465
a77d82703468f2f9e8f2ea0e,1163233839.698124
5d2be469f69f31090769efe3,948386640.8733536
c4e8559ee733a551649a5dcf,819344694.2824534
5996fc90f923d6e8527097ae,956954089.4951463
32d5772adbcc785ecbc2c55f,574410965.2140127
5f088237d263c37e78264bba,442063169.00289404
799afa0396b9f268f239db51,483042405.3037409
bd23b1463f0936d2ced5fc67,567888905.7508546
8f35a5d800d98481d7a8b6a4,598627302.7454604
371b5ecf08973fc6e6849d14,625570871.0926521
fa70a55dd0e2053a1b566de1,339193162.5352311
584364cece0bc4d17f0e7fac,369213913.9208807
cd968f8973a267790a38f2f2,407218935.5794499
c46b122728ef4c9ae8be444f,921823909.2909391
4056182cbd8c12cd87ad9e84,597938058.0944077
6ac747618b6ca674e86cd275,430076921.37297124
afb02897c700dbac941ba8b1,954029050.635001
198cd3f4e9be65b83f01ceea,1136846856.9066017
c92bdf97d7f0a9a12c024406,446554626.19669056
e00e5934d1941490834c3145,954932032.0377593
5b139fdb19ff722a846d71f0,783053893.1427528
8b554961129384797391d1ae,1260481461.1973598
854e27be18fb8f24fd433eb7,707400554.6654674
241d9f8599ce6cadac1d6609,781707863.1384083
b85b37ae83ef95baa03752f9,869133947.6583594
5b3ba9e56e24e08e1f81e220,421141925.9542946
58c6518f9d2d0526d31e7566,403569324.3453931
38a1e2050dcab9b4c70c5e83,515403703.7749939
da94e4a5fdebe3ae7bb1adcc,942596000.7203875
49fb2771ea6c1e8950cc9a57,1320678474.3727949
f2b67c40a560af8729bc6072,578113932.8841596
13fc2dd1cd32d9cfa457a5b1,703082663.5509621
b6ebc3b8408793f5058cbb90,1183011107.0706186
75ce506dcb994b10497e6816,483397247.7285794
6dbfb281abaa9a6956c080d7,306478155.5591035
af67a68803a18663e4b03eb1,477546845.55669457
a9c212f77a048ddc33ecebba,559084604.311113
df89fa06e32e90b0b6c2014e,728687439.7795044
f20a7f264a8285a75dacdc1d,1162980936.2522683
61a363a73f3c93aa1775c4ff,590111323.1616237
d8c1f7303b205fbaba2890b9,394495195.9693138
70962daad7cd15ee8af564fa,860758213.4418188
087caf4bce7b0a3fe3c47dc6,736863656.8374029
5d2200b04fde91f830478aa4,436553120.1507923
821eabfeef3dcc622fbcbfc4,417377085.83841145
3d722d960b860b4bee79ae2f,482196444.4219227
4d3d887d2236c2f897f3bbd4,523195707.6781446
7fcbcd9e274b75a157cf5d5e,775226711.394328
88ea2d2d7cb6d641df3ad76d,1316290136.3016758
c06088db17767866b7f4ba7d,1180885220.4988978
e4a9626b1107b9397d0067aa,707400554.6654674
82abb1fb693f34877bf1327e,1017926501.0377946
3279efb86571efde18eeebef,648787036.7683214
afca7b219d52b22522abd00c,714668316.6026331
7712f963ee37e91abb7342e7,450447746.1740056
2a2f455525c8e0bd709db91a,679928164.226663
833ded72a8cc9c0d606a7a74,953928974.2539064
f3bf0be37be6292ba0a8736b,970880685.5690215
c06c8b6425e3a7c2d7481e42,660844171.8619895
27d4f17375f76219b446c092,491192303.3822321
9b7de95ec90da0dc8cff7011,518886584.5685286
8fdc9f203c3de5d486de7ba0,301116091.9474854
ebf2d540aff82f1aadf95f9b,571752631.555805
51c48d17e774d6cd84f4c355,706670981.7643038
5c1d1ee26cbde5b766cb4ca1,1032307167.146445
2d26b8360f1da9a677670fcd,732544748.4606292
ce1b06502cb0c5d9846cff9a,572766633.517433
3186cd0a3125adf3b25587aa,982437544.4976062
f839de5370a225ff993f5b2e,550669869.7261496
2900dcf3f944a7fcb33aff36,386991905.4301591
3f54091296f773f5a1bb240b,1243360842.813822
499f6f4997474415f0bd596f,1243752205.6238952
110539d2ac34e5180e3fd95b,537232790.5623131
dccbc668caff517f649cadbb,1070953064.1658009
823c9c7abf2d00140766a2bb,868779263.3794645
94af5eccfe170cbe7d428184,606388844.6100122
dd21457e18f07d7a927c0104,474146968.13496846
5219cb469fff40cd9606bad9,367100285.8578338
5a83bd697db5076016c0671e,436484014.92406017
2a1edfd6cf74573521ed74a1,430398601.81402624
40aad45bb7a980c9c5e1884e,1182679460.6172705
a315b497dd8e80464bf0480b,642314198.994588
7095d576a0b963eb340d8fdf,803299458.795446
9d6288cfead77d622f5f5b95,490673548.77351564
4caf356c110a50c6c94f3eab,939635988.2897104
23101b0002252f3d4b3e1d5e,1091315701.5480459
8d1f7b0cfde7e496e7bfe972,955679093.3116127
28e572584fea1555e2a517ed,592952269.7462811
6666ab486afcbc162fb560c6,991921616.8141974
b0978c973ec3291e950185c1,1313270812.9584453
d6cfd3ddca2a59f0b6999d77,987575917.4963154
a77f5c03a98636d90f50e11a,1048787660.889313
e6387696767d20cfa4918ca9,1270539586.8807373
1dc0fe5bcea9d08874871326,341042668.51392394
ccdf0abddccb1a670f31c2f2,1278032821.6110566
3ba769d65f02217656e0f5b5,1139825747.357313
628b3b56449724e7d945351b,741790719.1348017
b47713520859d58efa95bb06,1170112073.9267058
e6c6625db90e519f9dcf1b23,506867556.532307
3e1a1b2a518d3ca2fe3950b4,685642666.4048461
24849579dc9ba7fef1b24396,606261632.5126399
6103571d9525ded3c09668c6,332347194.53292525
a678e89692df9b14da9f19b2,436886310.8363009
47bed52dee0d311ae0016b08,551585458.2687228
36c0d26b83e575a500a6c30c,685106694.5628663
34447730b60ad12f4775894d,1174933767.0730839
aec1778ae3b5e60cac280b79,1181189328.2246
d95f38f5d1293c74ac52e823,1174933767.0730839
5dedb7b64b6ad0b514de2bfb,1079202378.3894713
60c71a98253b5550d773a529,1270539586.8807373
099ee1a7c91105ef46b5e7e8,498706727.655917
b56533bb19eefcb244e69470,1400793419.160487
62f46b8989bee43db86ff589,486310312.33418566
4d485ae48974213b1594c905,737772140.9206961
c627c6287efaeb6fd9049312,408699697.54421496
976945e68af6a66f6fb0850d,641793735.2008349
93e443a5b3864d52765e6484,772621321.6069864
6ef9ce7a53ba3bd892e21f1b,864054608.4486772
6f3041147f930cd6cd4fae05,442695153.5919129
3917b95a3d05a5e58c117f68,351631023.00976074
d61ccfd4239026feb484cc93,245002305.55708486
b443781523fa0b5be4ad7739,1029495376.8585064
6f0fcd78c473e4e04fd411c8,613964046.5582466
7f134c92e20aa9c6f084edc1,741121795.2106832
75075631f0fd84fb0ff49417,543324007.2102584
eae4243c274735d616c6b9bb,804737922.639107
25d233d2779009affadf5e91,837411343.0856247
1990717d8c7aa8e732bb1165,843852079.9899918
71b99de83d83dd970b00f07f,1160884401.5089793
243ab5db6e47f3536d04d312,567952815.9124694
61cb98125f43429f7f93c898,781299438.7690511
6ed772640e5a311cbfd17c31,496061799.5591806
d9f0b4c92bdc9476f50638ed,596495956.8726305
796eb5ae3ca5b63c9fbb240a,1198043275.0817845
e6f3eee9f5048005f24f0943,712956925.0852695
291ff191bb029742387a72a3,691365635.1115949
829bde7f8716daf76f65ffab,983995949.3179687
110a2f124bad0f9381edce7d,1102269142.0139081
76b719681617ff7f28d33df3,518153736.63802207
eaa6d58e226904e9993b3493,427542289.4508215
af3e3a83257eb507b96b2a1f,1070281232.9763585
43969367322e86c68b51c2fa,446689220.6629493
50fe589dea73e764b7735938,400074496.37826365
13c9960a03a1c446aa5515cd,685752527.0121541
e7834f52ebad3d3cd00d069b,964095409.2087202
fae37ecd6046e53ea121b1c6,893181229.6323173
8a0d2f8860a90322d6c3b61f,467280598.5329273
008c7a02d158f3b17ee8e015,510783535.8203583
3ea6e8da2cb0bf83872dfd8c,563740457.005362
9b184e58842bcb14dd42103b,668649297.8464856
43eeb2567c61bfbb059fcd4e,1273837207.7786043
ac7f6087e19c2d3502368fac,652119391.3412483
73494d52196ef9838b1be34a,983832679.2350512
112d996c4c0662bd13af3ea0,1045037623.0450653
8c3a02c9ca043cf0f322ba84,685752527.0121541
a757ba01a02acbdee50462b6,925578342.716275
64e3401f22d18b573ff0504a,707048485.5809163
acd7394afcee30e084844c63,548129771.9252573
35255f80583ffbd504250554,635188311.4109435
370a0d0da794efd58cab251d,1216737964.3289173
cdb5f8327360c750469cee74,859003315.1806874
dbffe8f46b3d9da2e57c97fc,863272137.6032615
25b1ada57fd1e5c88d939c71,1013936708.2378495
05f79195e285c126125d258c,415106485.4094295
62c017eac96743cfbb61e86b,698887099.2916741
3ca7f183cc0b303e5d455309,1315396657.466287
a3dbd504524f980ac5325150,1024250245.5335592
5703df84eef7ca9bec5bde45,1164066146.9973123
513aa9c91c245ee4be31507c,912759331.7747186
d41d07d1aa700278cb81ff30,660478739.4707304
207e39d9cc4402edd48864d5,865279980.1773765
7134b03f54b10f282ac34fcd,934939619.286966
6d860c215908949c4ba1c536,451291372.0235639
f35f884365b1bf6fb303d7b5,396573623.84603864
4f480aae78aa068901ee9468,479613465.0294993
39a12600317b58457f68b5b8,399035767.01740366
5f0c7a6b4f46203648a0bacc,461313666.186787
d01f6c0b2b338289e9fe3768,305400954.0276223
613ad83abcebf6598f0079ab,658603100.7937956
effc32659ff9bf30faffb3db,658603100.7937956
73fbb3e6b22b957ba6b7557c,696749542.5505399
6c8c5e22025ca4f450a428c3,495530340.9612956
d6e333e793f75c2ab34fb127,531526075.8995012
b82e52830b51e823ac7187fe,414065845.32519853
35ed4187f732a1ea68dce712,1089955236.488951
0c5067ff99e15fcf99792cbf,1089955236.488951
0ad01fb039a198262ec59b72,903189362.9794958
906014f0ee3f3f4f0576d4da,434119405.72959757
13477d8ef90576ca84258984,446416666.38398165
3083a7ab1deb092f7aca6a54,610317748.391242
a92ae34df90cbf8af7695ed0,680793720.3484254
82d22ca21e31222068e1ecba,811821858.0470866
11727589f7c66554e9114407,820292284.0608437
9982169d6f3e9ca61dacfed5,1212380467.235301
2de0ad9bf15232d6056285fe,1069028547.375851
eb6e6060b78676d13d6bda48,727000713.8602036
6f37300b1fefaaf746f53907,1226762875.8697364
7698775967b96e3e7bf66e6c,956479643.4264932
863e5cf88a808b8ca96907ff,1143104566.1469445
77b5c9a5f534a5b80cc16d09,992283043.2499186
ade0c9cf1f9106e342c69bd1,889266424.8376694
6fb45859693c703fd9c812c8,570334520.9839398
45badd183bb1a4c630174f3a,604043192.1975994
f66bad2cd4b09ac29f540f63,702196805.3897493
fa3017d74586eb4c3b5b7db9,635213753.9572265
f09bb33b65b5ebb8fffc3a21,1251810702.7135007
600dc823c42aa64f60fc3ab9,513721499.49907196
c1d9119fa7ae7d44362f18ce,1196956067.6597292
a1305fd943ae63715529209e,862867178.6260448
8d81b4681ad0055c274e7da4,653023029.4633768
cbb10e7618b1385cf922e815,1226919656.808457
b09111ea69c4be8ae120ddc3,1020977341.1715193
099f07f9ec4ff6d835337f86,827137577.6850156
c70f6bd5ca138bacfdf8b5cf,1078101687.951761
a6c86ab7381f6c43fdd61a01,650823377.6408111
58c2b87098ad454b1fadb13a,790762496.3784542
6afff7782d129021eebee968,599999021.1169586
ad92f3ea52673dee0a56902a,1005459183.952576
3e040e87b89a043564f0d0a2,1161602027.6798599
49d020d2056717c2108b0927,794728574.5740386
a4ca465294c114b1065bfead,1120633636.9788418
ca9520c7b8432b0521b2e8dc,454876007.4642718
4d20f253940a4492b4f6a9f0,687122028.4224001
09b61cf8ff3ff09ac892d073,699023080.6970402
86e81141e429bd81d7f0e73d,900396031.5071298
b9826d7a6132b16df1bf58e1,551319349.8402036
a90c60e05e29b77963a11246,469160486.91593254
6e9984a3c3daf63fce5cd3d6,1173596646.533779
a9eafeeab4ba51d3644f4052,555491869.5540421
f74eed3a7dad1bd8d92854d0,746091560.1173002
5b377636fe30946fff973f3d,759438269.0519942
5bf6c1862c0bc967da2cc484,891873816.5007691
cd5111edd2fe80f56db29531,1063529257.3602303
c76c4695ed005277a59451f4,1273975705.4516628
7dab6cd1002a8521e5825bcc,512786598.2956753
5b57258272dfd1babb29e7fb,735061259.4427965
f68b7dfd0579838324895097,938235522.0856113
812646c7de863919cae5edff,990418664.0259478
0da10eb6093728074b34fb75,1046491713.776062
c64346c8b0ba32a55292e66a,1108440110.2419658
ad6317cbcbb8bc27b0774fca,1126851534.2535708
9f43c80d2fa31a09592b030b,939381528.4450933
5b84f5de073000ad4d4b1a04,1111346685.9523652
d94d18cbc812d560c1e38ffb,1182882498.4285223
ab3110b5dc8ce81471f69c16,1246839981.9869132
138a1990291ba31024455eb3,1422358865.989407
646bb3de5a1cfe4bfb7a7ea7,1422358865.989407
d8fde541f142e6a7f0b28099,831536650.5408492
ef61986cca74fe8585b1b287,580866098.5439048
e1d8eacecd35515eb19f9135,1165252380.5056362
8346d64ed6211083fd420ede,428031852.84971124
4340fcb9c80733260565c24b,892723076.6244454
ff5a27ffe7de039e65170f9e,803071197.5854928
ce407c1e25333d7c7eba1b0a,1177048939.5510976
f927027bc766ae6c111fb685,484802581.3505852
3f9a3edf25152433969f98e9,761296083.5920705
987476ca395533347581b2df,584754539.5095267
17d0e3208fdf10c77e95bdf4,476527784.2952216
b485036419de03f5bad01f35,1245810664.4463408
d3f7847147c88352bd3b9707,768897547.9305669
aabaec5accad3f545f864a3d,534340729.61043286
400a103762ad652e81c8d3c6,914369388.1770215
acf15357c1a919b6ee78f676,1158548547.581072
8d983b9ca65f19ff3d69985f,1527202884.9784703
b9a80a4d84eb918792324dcd,558073535.2166005
223b3c04803ae7b855f9fd10,796651446.6483247
e5c8f2d536c3f931eff2d70c,799967783.9358565
f976ec33e004b2d4d32c2eb2,453004967.1078631
cb00e44cea76a92e9c44e793,467655080.65448946
0e6dcbf136294f2a99410052,711913319.1345127
102de0a5ee4f19454b922b96,687521871.9992266
cb1c8ab11838d9f0a1197e25,1056189143.950176
2e2f1072d8db7372b2c2419d,575201437.6387782
8c4cc779f5034e9c10b2e698,487188579.33968717
85734fd69714897264ce2214,669468572.3355038
5694c1f689779fb5ca95686f,492222070.02722526
f3bb60434cb36fcdfe218478,305175607.3486045
cf8bbd3528d3e7e2b8f50c29,928635758.9452509
7db1c8214f229d865da455cc,536347164.2919913
f3478cf008a7ad268a434ba3,649315648.7305666
5440ee15bccc4eaf827fefa8,1090156910.833854
78e85ca7c532a77700bfae6d,961044052.7884066
eb5e382e1372c4e94f467673,725471469.7230343
5a11cc89d3b01eb87535ff1b,548193549.584348
d0f5cebc2059ca89aae30c76,421400656.5600741
883371e374936fdd74d09fe8,616710412.5427111
9ab4e5f8cf2b807603329cdd,606938476.1473426
c37c7859956931d77cd5c9a8,643176033.9972973
730804efcdd755786bf734ff,353986266.0699381
9d021f3fcbe5f82fa1c1fd94,563740457.005362
975ea2f56001edae07f28fca,487193225.5542052
8fea95d0a70b1ea918803f58,935869157.3399596
4718488d664194a3c0c5b446,616281219.1145686
1b87ffa033dcbf4e2805dbb8,571752631.555805
1a77ac51e03c77ad280be447,706670981.7643038
228d165257ef052ad50433c7,546775467.2553205
513a83ac5bfe27c5b813ce4d,460493462.5715698
73bde441e18a9548c034372d,636889143.3311763
26301269301b6f96862af599,1181306486.9068415
7b30dbf2f6d835ea0c14b392,697230786.5040485
254de3f3fc52b8cb62141baa,845953506.4496897
f566603aacc78da47a283804,868779263.3794645
990c8d65ca11a97a1d34c5e5,1273837207.7786043
a9878134c12696d8199a1ff3,859003315.1806874
58185ef7646efa724e904f5b,1089327582.0379608
37d5b8f329ed1ec29d4bc035,529760936.4662325
e6f948282e81570fd03e4df2,982437544.4976062
8b801b4cc1d254d0277fba5f,475434718.6973974
33a334a16c4547b9d7842c3d,707048485.5809163
1ad9e105d9da875001111075,863272137.6032615
08ad96681afa49c74721daad,662575788.0266957
beb73d27906bea7a7d880791,812718892.6923951
bda5b2e5a87a4905a30f3b8a,1059599177.3385884
5cf70a67ec25288657d6fff4,945354349.071814
baeb4e9d612bffb63ae3564a,1126984798.6546266
1902f509aa05287ba42f546c,820844767.96109
c0cf9517f20ae81c79ceb0ed,1130112430.9659522
2ca8b22013c529b412ad764b,1019609264.6845584
b38816ece917027a179663d4,887896998.3360807
c89167e42af0d42c88e8573a,635979930.4790462
09254c66d93cbbf2675b775e,1041477773.8526621
89f8ccb0c1e2136adf87a10e,687900954.8577651
cff851746578050bdfd46090,943425178.2987716
d53ddfac67129aebbe054024,827585748.7415552
53b5ffa0cf0dd12e4eeb6a2a,985312482.4127436
62db5fd2a4eb831d281ba8ba,1420073700.070452
59b5fe8d4f5ae272dbaa5ba0,1243752205.6238952
3c1b7a0a306e16e8c22d78c9,677372975.7718986
5219c3cae1c92b52551a8571,1295813743.4708135
de6aef9a5e47a614b75ee576,733515059.9686892
d168181ef0dcb853171cdbb4,923703623.0409129
6c8e27967ec63e6dec4bd6ac,1033913125.3229551
8544bc14286a51e60ffee7b0,845303504.4063257
ed48916725be6970cd2f273a,682763809.5201595
9ff3268cd15cf039ab958413,552643798.4034917
16cc5c280124618cd5d00027,464594050.9989354
ac028c1580f6e4da4ccedf0c,463457635.73409504
673f2b913006ee8b33e75b5e,982853627.4845383
191f96722301456877893b22,658829253.0438199
a7d8e636db44cf5d3ceb67cd,882884804.3124803
1310e9cafc0b9fc21c212f73,1028590552.0741976
1bbbe4e1eb264f5c69467e50,626297940.9684091
283c1142d027be336a7bfacd,305351445.0230527
4d09c2354c67243c968dbbcb,474231081.4072178
db3edc43e89840a65749cd94,788361981.316395
0274166db611aabe4e946a83,788361981.316395
8153b36347669087e363801f,865420274.7497457
e04473aa943812de1d662058,1203833922.3940845
7742e8923a4b832e3d94f3c7,1170482613.3202922
536b5a8aea016aaa90fe744a,747389091.7538774
d2c02052de9c97c531a4453f,494911654.83441716
48378a6148532f71abcc2f98,784839232.1022745
fb0dbfeedbab00cdc7eb93ee,791305656.3528632
699412bfdab1157487c81725,895408915.1064976
a63c26369cfbabfc9c2603b6,1411981949.3126948
34e5602cb58501859e32dc9f,542618739.3919758
da83b03a6c9d405f55714b0c,1239021431.9571133
d938d682332fa9e5c4986024,1009862388.2789893
e9e39766e2c96bc783d580a9,1319318917.7295108
fce89a9ffaba32f9f7c5895d,994226782.6001686
2d6aaefe0f50db8acde6fd1b,1527202884.9784703
1710873f951e7f695fca3568,565187446.3259999
0ce068461fb3bf34eee000bc,926445560.4200566
b5606ddf3a4e60e2a0e0d6a8,976554473.2418176
2c2e56e3e5210c111c7de708,654333407.6881481
94118bd8c3da3f14f9c7836f,786870239.0590646
d20a5b3eb857e1f4b548066e,688100417.9462825
ad37e23456bd4d90010f7784,579318192.7523842
c5602c608080e2546dea5463,613995665.5465446
e3bd8bd5884a55fc1a151687,1254171914.5809863
aa31e5995379bc38dd40b8f3,1159892858.5496328
fe8a10fb4031669a9b21c919,901217308.2841344
08eaca41f26eb387b67bf30d,1414871950.9219558
23ef4d57d130e4130205f30d,1134552877.735536
d6f1594affb8db7a865e3452,451892589.59242743
abd9cf3c36309d590e58c2a7,672352923.1091851
1c177af5bb41e26ac0135b4a,920613277.8816338
a05da8df13eb4b121d536912,660144986.5711024
5a5a581ad5540fc82cd3c2ed,569573550.3601539
b50ff8bfc0b4c4b165c5ccf7,952763403.362438
2abbf26e80643dfc1b75edcb,958709758.5591664
ec903c33a379d8d2cc04ab36,1064964389.1785036
c062d873af3b7cb98ccbeec9,1157276427.0553558
927de0269795dbe0566a0326,1225722077.9306147
ee703dca75c4dfd5d035c9a1,453746053.5464136
b8a42b02c50438c2ad7598a1,420658638.2525169
f7216fd19f41ca5ea66a9169,420658638.2525169
f487761a658a4247563faa38,657424598.0617294
caf878b42daeee3c7de336e9,953856198.0250645
29d0dd2d4b120dd54c34b13c,906624044.2620481
1cfc7d60ce613536d23b093d,849896448.8264594
c6c7409bbf52c86461aa1dd7,751146226.2881411
312ef52e0250429a5ecb3b27,1173321348.4988143
48299e52748ecff3b69f7a90,705539679.213849
a02f6ef1f148659297d46b33,760178820.3064693
67f664c8f9250a22c10b4f67,1168212114.5800493
4977af03eebca1aa266289e2,848755996.30504
39af71aaea23b5c1e987de32,429175530.0079199
d69b019e6d54faa1cb044d39,777216536.2471986
024e94e72ae88464621539eb,1034753552.6808172
b980c778ecb2709696265c10,1312652256.9484236
8780134f8b40f0fec4d1b661,904352932.3174788
107f29b67164ad6861cb7059,1000750633.2137429
c8958d280d0cf2d8a0b481f3,1037666785.0728424
1f8f74ce8831d5532f330925,1216654420.4313943
7be46b6dd9891ab771fc4be4,635460963.1623104
4f4f7d2b14079ddf8754d6ad,792290329.3292645
5921ce922675f6517f8f0007,1068555601.6714379
49f0323d28ef0610248c87c0,956532550.7538353
3ef167ca6c4ac77f6968d17d,691465861.6986288
8d2f9968ec8aece8d1a20137,947240488.8966835
4bad47078442f3416b2c1ff4,516848850.10870755
5e1cc2905f7a701f895123d8,648477744.7477775
a8633d3336d097920bc8a9b3,871989945.1379195
72fe83366bf13a53937b7034,1241626099.5545905
ce78e1dbbf0f7aee98e244df,1228017684.5501342
11be39d287e5a8bdbecb5994,803351554.3369188
40a561bf79fa7a08155e1183,429001206.31297725
3dbafa8cd5225e261ec9b6ef,478958008.8288301
68cd88b657b59f5671f59e04,441694857.8492446
6a2ce95a8be0654f193592e5,512371090.0306277
4e613cde51f9760d3c051562,965838389.032716
1b69d2c7fa8f802c4af1369b,671245832.0986054
f126c4b36c00d0ca11c21a2d,647960937.819673
e6a7e6b41e6c6bbdc16e1e14,787630028.5970718
5a69ebde2e113923ddbcd18d,867712768.6958777
72f0540aab38ebaaf9a389f6,1129157939.621968
75b5bb7b5ff8ebcc863fbdcc,1222826533.0537648
096912698fd9a59d94935478,646866866.2758057
f0ad965090221d2349e90d5c,1011275250.7224724
1c224347a1445ae01184e0a2,1062916820.3996942
0ee7273686a0a92fbf48a383,995707026.3652999
e2094d28cacad3e2a711c5ca,482914357.3706361
f50e0ea2c3831235704b8c72,492725545.0989394
1e64759f297a66524eb07b7e,991940536.398044
7636a187e29abcbd8fad6244,400826838.20612705
9b858a70a031475e422e375f,1086389489.3263474
56c2e8e14f9c6c9a9f046a08,984116073.3427622
1bd7b990be19afa5acc78bc0,499694106.0902249
8b36b7364e4a4c80a6e50bed,736079829.6384338
d348d38769937c8f350297bb,775106951.8092988
f4350916cbddd5a544c6ae46,359133049.217268
237bce11f35d32ff029498a3,881800993.9711298
faf92fbca9baf8cce4a00063,599094477.4510376
812c9b5407424f956d308b06,1166637847.503119
9fd4adb5c63fba5a11661b23,589774880.2467988
168f81689afa1f055d8bf7c8,871132161.8817216
2a9bbffb1b98c49d79bae509,1078081124.9900408
b95ecad591e5c69fdad8763d,642942991.6497912
dc51caa89a74da37ae644ff8,642942991.6497912
d97895a836e6ea22ff3265d8,357235855.4964602
de754bceba2d206a9cb4f116,383435803.02360135
036177aff84b1901e0f18759,422554017.2105955
8a6cb559a488d6ce1b641585,836515773.2616028
74c4f233c7f385be73168e0f,682361527.0748093
27a6f3e8f9649ccce7680f0a,916877235.496163
711045fc099712aae3fe4d14,694827886.0957427
01e033f5bd502c4ad398ece7,661551668.501988
a99261116e0158109b3e3bc3,372894787.51943564
2d8d64261ba659302da4a481,697116427.7352728
9adaadeeaf6a403e1c8754bf,984050378.6998694
2ab24b9c5349427998338d21,672780101.7618433
09ce36a03c52d6721bc5276b,635304628.5134559
80b37d5ebdb325edef39258f,944568515.4056836
78a080fc98669c0cd9153904,1147243708.4304338
2d14ad8ab9573c406e203ed4,918957170.8980802
145f33a8350a080231306bd1,1226725438.6090508
b0aaae3a435fde30c4c02fac,998030507.129129
b3f5af523b5d6d938693ebfe,859186837.6879864
25d62e6b1a1a52cd8080354f,681093742.4729872
5a06a8b33611251b62d77e72,1214845710.5678024
e93a9b257ecd815c860d0b82,979567258.2966609
610f192d22864016cc2df1c9,808683085.6273235
4e665d479b3bf2e25cd463a2,950677667.1668801
343be18b0f77260f32ec05d2,459203262.3402067
33dbec39ef8c0667e4c3f039,729662383.9662392
b24fb90a2aa5d9d0c7e1541b,1359849199.331765
b56a3a017449fc4ce417009e,668794703.2493865
e0dd5e6879d824a95c3c1773,611629920.8507981
156a20e2bf9e48b9a360f9c4,470653682.5375729
d5583fa23ed97a3b9413e910,991565995.7933552
4e6f695bcd4d3c0d8497c1fd,1087822270.65078
da7a511a5f470d99ab2bc4a6,542609424.80391
22a6058ffe790c98a8922258,1102796973.6493473
0c19c54de06d1c139df99ab0,997027818.1014138
48e687093fb26d29cda9ad6e,410119348.1342481
3ad3c519ced4b63ddbfdb0a1,366097587.81948495
0b221ebf810f632568c1e2c9,465361197.21338683
7930f32456e796e40fbf78ed,1010505930.5652329
f084bfc530f4039f6631537b,1217747906.6640468
f9793063f561dc76c0b49a9d,730305642.2378228
4d2ec23fff8eb502a9d93353,1067907679.8199728
a6f570e11883e74654898d75,909048226.8410083
cdf11b53a23fcf9b6032cc8d,745309289.3109297
6f968f62a6fa4dc255397bf7,1221423260.2198544
d692ba46b098c6658799ea8f,633806254.9609541
774a4b48d34052a978b1180f,1048501642.1660504
acea4c7aa1185baaf6d3b60f,758284680.7954623
07ce6f95a7719abc9a204b6d,950267955.610877
b371665aece480b8c1602773,951430473.6759596
5edc37d9746cbef8352f0fa4,581495734.7914399
26617e1fb3b4f0e4a70e1b0e,1424481963.5212169
b1a13541b37964b8b85f4669,497093241.6799614
94213637892f5fe643cbe8ca,497093241.6799614
742acc26686d04596ba60a34,386982309.8788356
acb1d16ce30aee0a39f01f09,1042817509.6743606
e0d837e6d5d74fe91d39d23c,832191939.1158528
29028322a6d692edc5ca713f,430982672.01328
03d54a6e80d48c96a7f6a1fa,494742713.2121431
8616b310e335f539ab1109dc,740378626.229736
6c21f6a3513869f93b32e9ec,1026045223.4478885
10084cfff54a17bcda6f19d3,1120097268.182536
169c742419c0d4335d09fb45,672564554.2949743
0f06896d7502890175cbc4a0,864232616.5471417
7d2e3464d5f2f79ac29e6c0c,935676394.0886021
de9053a55630670ee8e59c9d,1039578464.4378061
8d54b9bd24cd9da341cc942a,1006575940.7002628
95570bee1792641c7c12e4ef,1055677579.5640095
6d0c5546a498fafba15f2e17,412248639.76701766
ed43b0ac46067bf886457c01,1097603281.896115
8890eca19a9e1cdc9e0f0541,903894220.9479806
760a5dbccf4eb4ccc2622b77,776067026.982661
20fe2d7fb3910ef786cff965,730216499.0407119
602abdc140c40112afc1dc98,349646059.75572103
b7f906741cae6861bd5fb922,305351445.0230527
4d45fbe5a5d39188b5eccbfe,1018672325.770863
08f74ad7f06f2c409903ddf9,832104643.2860243
7be186f4eeff5c0efd58e424,571265371.674415
3d1a767dc286fe1cb86ed9f6,1036901120.2629616
2ec9f5265334241fc594976f,1218412371.4456494
d737b8b7b39e99f7d877b7ed,478019809.8956829
8fc50169e6ec98a3f4229ffd,1175595050.5503852
942133ad6b84f9d08e1d4e7d,1266854162.1091623
c965b03014d21473b27072f8,1201061098.3030963
f1c8da86597a427e24dcd557,957518256.4590993
8ed5e7770d03c43ed19abf42,825328428.6870722
68ea36e3f441cb6da8d36198,1092627847.0399468
c97715bec6032974060480d6,1411981949.3126948
e6eb47d050702ed49ef5c49f,1411981949.3126948
5a82fa348f3b97e74cdd3a61,1040024698.8595463
cd05166ab9bf3128c23fb8c7,594099046.5286242
cbe4318f63d73fea6238079b,1213694640.4831526
efcc8d268982e95fe2fdb311,1127576080.7631004
c45d7f326a2f279760d1a4ae,542618739.3919758
7c5ce0e65cb26773edc9ddef,1239021431.9571133
357fda0abf79ec95f73e3584,480965597.60069484
a1e8f0c7cfbfecfd1549b0b5,899513736.3300551
3f208f32cc24d8ce1506ed90,683142874.8769265
87ca8a2b3251a38d45730f5c,672980314.8353375
728961e03bfa6e3242f06d8a,604053561.3752269
b9f9dd0d368df912e6e0ce70,765244264.934666
429b049255a7edf227a980a1,442033659.0875025
a6259664a05091ef92129c7c,529447793.02484536
674c915c52b27df2c06b8bd3,715273798.9541755
f8be64dc83c5923983fbb770,655441357.8431145
445fa7f5e8e9d7f12e8991d4,1075706687.938865
0842816a5ef4f24435c8df22,1098738552.176127
40558b62d83e4362efe1fe26,548075409.9433748
bc474096496b98177e40f590,590002155.1020275
2b55989b2253416428ece917,590002155.1020275
7158e3a6d456211d4533e246,527691568.3193564
d4fac54e137f5d27ce5f457a,631311195.4711396
faee80ca0efce20e731823bb,920648397.1610531
8ec09555f5a47f96a8683699,1301438849.730453
2d7a48a6b9fff20ded24f86d,383557225.64058536
514b09016ef85b9ddc4fafb2,719735196.3720119
a1c975ab16effc6f97935e16,729097564.1437865
e803e3806630c6579f004610,556368781.260226
26526235b34fa5b7349df00a,370807471.0010058
ba762cf12cc038e5c43bc6f5,601863863.8635532
45aa335dae223bccb31ff7cc,787235026.7074752
1dd3d7e197075859c1ff5b23,1296790380.9119537
2db9b3463f85dfa87347d6e3,1116856748.870581
f72cc14d79ce15491a96ddfe,1115387853.3831575
4e25bad08182b79f5ba9639b,1083742473.3672347
e724a1db86d8d0c6334041b6,568132669.5323695
8fa53bd51f5d54be50b3fa29,466140279.13594395
fb7048ba61e9e6b1de829bdf,678761991.3964814
4bf70f19da0bddec9241d310,686783981.6389922
13c7f3592bd432c7cd0a42ab,601012676.8768787
cb64b363295d36b9b0fde3cc,662527766.7720263
bdc17ea3f30318b11df30508,478462213.44984716
cb7f62ac4c1afbb4256601f0,662227081.2243075
5d6c275d9d3326e738c875c8,1116662914.2901409
9865836c04a9582688f50496,449048632.1249356
55a615b65a28b64d46ec63e4,452259915.3244256
dcc9e2c9c1151bd9f93f44b8,495029665.0355352
1a2c0e46bc18bf3224450064,513025301.1645552
3de8187003cbf6c4813bee45,350892706.60045093
d62663a447beaec69808f85a,441015510.6885417
1ae17f134221d5d9ee69ebd9,714856452.1476241
35e55d060b1c4239a85c0ebb,349014412.6940651
45917f1bac415feac7e41124,504556452.98432153
ed44705c17c414af8442b6ae,606461714.4689981
6f01f2c67343ebb8ec717a5b,606461714.4689981
8f2218126da9580268661c70,1474408418.2028658
5b36bc6e78872d2ca6d3d1f9,519833598.63514507
c5c7631ddb5b485d0e992f7b,505681748.3692095
43c88f1874dc7f91c899df36,1050301056.9590703
dc544c90e6ee38346a6002bd,556267977.415798
02990998f3621fc5a3d0ee63,458391182.50588304
dbab5ea45ae910567c97fbb0,1184438020.9700456
bbf80c409ab3a6784028eb6f,389729666.9755345
40e56beaf4a7f28f8108b132,389729666.9755345
e857db57a89e165eade00770,414893558.5376893
41fc4ca2b3f48508d840bbb1,462717456.13488007
08c1db1e620e975c4d476b2c,372409326.6283428
8a1d93bbc83f4728657317d1,674391193.3767996
6be0ddd4180b5eb92908da05,363383029.94325644
ff1498465e4db86f4f652e87,688537601.7515712
6410d336f6e61c4a81403c61,942448587.7945651
169cdb07bd175b4325fd28fb,353061136.66995996
546b56fbf616a6dfd1ad9d88,922094717.9560834
666af58bb684c2d8e7574e86,675355319.9332222
9fe75dbfd537f9ebc6653f18,716878621.4868574
ef961c130fa3b9015b103154,947507920.8835698
035ea0f13f2ca01c902d5388,652342072.9591755
7800f742ee14c4b4142f8b58,617985642.3344734
0c621256c4d7ca81045fcde2,836294024.3747435
50db9d168354ea3d75a03a6f,878944714.763147
7bcd1fe7a140b6eeb4df2aae,871439603.3772336
49a4cebdb22fc2d72bd1aa78,401586722.49641496
69ae1f2868fe714ad8e2f114,443395693.3341101
ca4f4a66d83f2043a7dca261,324789592.366377
c0ef32a7a294e5891505bf35,324789592.366377
5ad6f4091b77715b7f74587c,821549607.1184931
331e915e2a66fb70380282d6,522011524.8784574
3a00543fb00cbc044a5b3527,330905667.26497066
81df59c6d8be19568d16ea3e,356695934.8770497
88a4da0d72977b0c56b31061,594291713.9441003
3ff9e75c6de41de517d1c4a4,298336021.8910417
147f80fbae69dd577ff19950,501258666.27576864
78beee9b7fab8600d420fd27,841794407.0752016
c3733b88ebafc0a05f5bdc99,416225153.2379439
568509a7aba60f8fe2d0cd5a,362701660.9932481
f6d3f7e963c9aa1783b3adab,632600930.795848
ffcf6794a400aba909383b41,778081269.4935063
fa0aa00078cc178de0cc7d96,969890473.6233542
eec51f949083f39691e37e15,842999465.3545644
26f3d5bc3adcd1396747a414,1158278988.714193
cb9e058f82b10cf80990beea,960609719.0475582
22a0f3315f7600e5120db131,428026954.4419128
bf6845aac15fde9b89a7208b,590301571.4390954
6e3cbbbd3f4d0578144cf021,646749665.8340597
98a0289e513d5ba036b24252,636460473.9751786
597d3f78e2f413acabf825c0,553374761.874012
43a91a731e86b9a0784f717d,852863271.3212255
f34ff57e272cd08056e6a243,735806108.1771803
6f68b289516faa0b7ef36a34,399193345.89069426
8bd8a7e19b6d3b8bcabb84d9,574302510.8587811
74b64bd536ebbcd7c30ef8fd,1149758507.064112
f968e756cbe6504fa0f32458,413778469.57060754
e99d9dcb9880cbfd219b4297,1210561948.2871864
4c9e6812520f4aea4ce435ae,521372703.66539454
78419be95416d2991ade8be1,468126284.000584
d417ff438d2a418b1f9e50b6,618287466.8185042
3ac77ed776aa4630c7293240,930128334.6212914
95173735a8f6e554f083c065,930705089.0425016
83da39bc1a2eeb75e2825c22,729065580.0507337
4bf89c9e50c5417ed669c481,1022877783.4610257
f90fd39477c8da38e33ba0fb,1111999753.2399945
b45bb2d0d137de6984d4e1ec,863049880.4932138
bb812343bd6cd66e9cf9a9ba,424520279.20713633
e299f614cd8ae525fc8fd0e6,1165381295.1033034
521e9326a2003c7b56fc4365,702086988.5800618
dd59ac4f6706a1399360bd14,783053893.1427528
d6c6e7f923ce2cffba8ff9df,707400554.6654674
df07a34d0ee2f78f115c45cb,1188298384.6822004
db6061f876f890071f7ed957,1296637037.2345648
b31601cf48b268f3b4107564,1184304739.4312403
3a9b2ef74c59e96a6b107357,474697140.1343193
d600310e19c926cda14ac923,1078883371.193942
183f2cf1a1c7eb9700b6e72a,1097379298.9558704
42556b1bae874a5c09777873,1119388202.6001472
57c1ed738536d177d66fc52c,1032307167.146445
26cdd114566b7cc63cd96fb8,883851931.9088056
0f679cc583a47b30ea132bbb,676645977.8254001
32ea7e13e8d9391aa9b7ab9e,301116091.9474854
0a482968c7cdf212401d72b7,754998566.5389609
85e4ee2583c51592d68ef5d9,305116241.343113
f4ce15aaa352d707b68cf773,457532539.2061554
7d383abbb6ac49c6599ffb0c,1032307167.146445
6c67b1b0991a1d79251855c3,858507017.7096533
9e52ce2cb6f6b7e2a152dd54,732544748.4606292
bdeed3a7395cdb9b175273a6,1394837313.3451567
423ddbfe2f575e6bcb22e7b8,929401246.5606732
3247399a31df838ec5fe58c5,929220449.5439489
bd57e5cd29d935cb26006835,1216519833.995381
bf00f36c4dbb273d7ba4b7dd,562922785.6313871
48b9efef82faf72bcbdf66b2,1045037623.0450653
d2526a3e39ea01f87c99d073,1213565010.8326013
651d5cd65f80c4938deb7da4,556048394.3942643
0be7803a34b11d89133beaf4,662261185.7463014
a54b0b282edbd217e9509287,532007851.73837507
550c5061428d09afa0c409f3,942854928.0011159
7538c609fdd115c9dac551f4,667759697.7197216
d7e3cdd3ac239a5c318f2e9b,1221148388.9147537
9bb193ea939c5308a738fcef,819793333.773419
33425419e1a8e854418c5180,401805082.1186523
fedf2e30e390f5cf74b27e97,687122028.4224001
024c5c787d005adbe770b9bf,402985508.7584171
13f681a090b36edf38a4abd0,551319349.8402036
442c6bda79f63bae28674b1e,434004326.6143336
47e0c773f65485ab7c78d49f,579459645.1247134
9e30b310c820d0426f504d90,527802294.0318014
8cdfda9067e0934a8ebe0894,1059730552.1100571
0a8aaa78f68d43e3b1bf6c51,831149749.1863467
1101f533fd18cae5d32c1cbe,1018489703.5952312
9f6af9ac2404a8d55f24286b,691989649.9721389
75060f295e0aba8e1224f766,426725152.7004457
f0e68102ff84f49d90fe38f4,648634846.6636689
3c45bf3e3e31e7804ac91704,468784799.31675935
f908e1de4c4be0d77411a998,939912029.695385
ca643c04044fabc6fc566d12,1195730717.57312
8aa76df8fea21a42fb6229ff,479559495.45101696
c214d2383936dafbe0652c51,1070550731.6279575
993898470c6676ce46ede92d,834716361.1513761
18f6240cad6e92f9151099c5,880605972.1869965
1e63fac2629793fdcb793f1e,619766884.0145243
e0137390f0186c98f4e91263,1220652379.5106218
e35f95823a486c52b0f4c2b6,657103668.3150841
ede10672118071a215ae09fc,1059283944.3322502
fcf46edf6d612ff1f5ed6134,1029994253.7701048
df4be33c0931aa86231b7a2e,1173596646.533779
53fdb16ec08e794dba9a10ea,800790622.4388562
74c24c5e142e5267456b24a7,1216737964.3289173
f1bc08407f40396c094e0499,1002557969.4734627
496ce19c015093e97144d375,602139438.3454832
a183a1c009abf7251fd725a1,1063529257.3602303
6bdd97526b1a9cf10853df1b,550321274.0609934
f083a8f187e2227696695ee1,841332122.5780102
2621e068043a5019aeed6c8c,512786598.2956753
3b43e7acfab46651b099b1ed,1078506858.2770426
6565b3281cc2d632febbb6dc,1244309813.8137152
09e47ad8508e7cfee83c6d68,1244328800.6195652
88b02e7b20ce6db956afcdd2,1150884061.6682825
bfc41facefe9428865e4c29f,1242580856.6297624
569bb17b961fbdadf7106d56,1040282610.4931239
2314e3ffc7242a429e00207c,736970479.2272887
4bc1e2cf5e5ffcbe1020df08,985246707.9035946
949c4a5382aff4750b4dff83,939381528.4450933
a63b4a22614d334b4a61ea16,1129849488.3150122
734fbae84cebd50aaf71c48d,973859248.778173
f92935374a7ef86314223c5b,1113500291.3932018
6cc8e22f11d382206273af23,1218382160.6369512
701768887155444b77c4f446,614328349.1214154
13c86cdff4dd32a9f8b9adcf,1160948615.4119596
8002e2cd1b70ddcae88ebc4b,1248994074.071513
d0d77497c8a7d567f01d3afe,651900515.931286
95a7b01cd60cd10e7364a600,670773567.6763668
d1e38d7cbd32567c874e194b,670773567.6763668
e674ba41f9657ac8f30d4f7c,618997806.9886026
6bb760d54e5b0f54d9612a8a,1072377759.5293105
9e3bbcdba89c647e4ce53182,700894841.7907183
72927abf4bcd53d6907aeeda,936535209.9678032
aebaae467e5f01db3afe69ff,400427959.1828326
3ad457c8855ab8921a7974c7,1184212128.8892922
1f3d3fbcb686ada1a96e01e4,413122359.4297938
0775d831f68b88ca59eb871d,1402916436.6638803
5fa3b0993cb43d3c72c30093,1003275311.3246796
bef19d0084cfc9f6fa37ddd0,697953275.7458094
85a856b4d0dfb1fae861f513,644122562.4707276
07fa1ad76017843232107517,1032157536.2972373
4049086139009c35dfebb3ab,453001510.96742094
655120f80a39c19221623311,963883962.8022391
71dca93007d6ba45fa40eaad,774753694.9269807
9f41ce015f02d67e193c41f5,473404163.72929215
9017bd24d173b2fcf564b32b,1031854403.4420675
e5ef29d41082025c42f7c921,734629564.6858792
5c60d7880850970facc54bb8,1017278232.9496156
f51fce25d8376d48fbe73a43,463812245.4190561
9dc7b0a394309d8b76d0bb7c,791740452.9423223
a12ac99bf63b547fd9180a79,648697945.5448681
378d846a7af35e0c3efe53a9,1166924931.6985004
0872198056be7edd5eff220c,851467073.5821114
efddad1eec775ce61d3b7b64,472199362.52257323
70c19d59c6b9e194b6bc09fe,440018170.928957
b0d3d98076883f346cee8d04,1112428271.970099
c7694e92a97bb66794e62fbc,553549999.0615046
7b4fcc72822460a428c19282,576544768.9513196
a6baf4631223d9b24de8b590,616060271.6599642
a6f616d63d134f14ced205d1,1193311091.7795262
50c123baa5783185ddbe29c6,1111789796.913501
24756921525595f1684929ba,1018621809.9784259
caf9c761d21329c993a0bdf3,1128464661.8285983
193d70ead1ff1043845e7671,805104851.1371346
62ea31859e01c2f4d4e97baa,616412885.0494796
272b5b5c28e46c6f5ad95c22,577467030.8417493
552ab0964056c1d1d1b7398c,1256190113.295487
23799891583435710f66303a,614765563.0292687
34896afec0b639648c527483,1009123013.7744247
eaf53eeb911ecbae638409e5,411715086.36392355
b1fdade0fbf0470060fc2708,583650290.6578109
8a20478528e97700dcc84abb,577599217.683197
702525f05b47353c95b0905e,573763829.2573812
b84c837c5a1fd0f1ebc5f8a6,470774887.7306672
ee2d16316e6f4f2388494c7f,577666424.2606899
ea4af07bef4ed93e81ded95c,1090491731.03659
1a71d0d3503f9eff28acef6f,951686382.1416644
1fe392004a09aeeaa6e8bce7,489674106.4036244
46d4b0cdc81137aa56f516df,1266916988.313414
4d666967b74ccdf5b04e9787,584588378.8364245
fcf79745f8cd716d3ff9d27b,595430859.8916631
aa8a19a2fd3e2cfeb3b7dbd9,520165858.58290714
f055602beb49dd6040641c9a,484089247.8787509
7b1377c8d81755bb9b501064,431781606.83273405
17d0418e4a439e9de8006f5f,886352151.7379483
48f1c6e343a4724ed865533b,1214495873.6680586
353207faab3dcf10feaac8ee,825145842.9565561
ff188e88378c8e2abed8119e,809664673.0845938
424b41f5e01ea2e2ccd3ca48,625024632.4746355
608cf4f46a188cf84f853c72,506285893.1041201
f9e7582dd99d36bfada56249,1111346685.9523652
d52f04fb69bed41ffb10fce8,654695439.9649888
ea84b58f733c8e491db98a52,1126851534.2535708
68699eb9653684fdd3fc79b0,891873816.5007691
31f52502e89beb1b2e0dc3d3,1108440110.2419658
fd41747287a480d5c4dcb56d,1111346685.9523652
b7afdbc1b57b52e6fb03accf,1173596646.533779
48b270a493af4fa28dab9211,491507194.26336986
2a787b39e84958ca6b7001d0,443758651.4730961
e439c77c0d871996bf06bf88,989350025.2525684
91b8b9db5372a2c3a5c30c58,1021596789.4082205
038272b33c075765464761e8,451328386.6507223
fe8e45caf7605fb91d6bc5f7,628849946.3667206
d354a2581dcb183c0cd70540,639234311.5718503
9421ce9f204f373a50357fce,523547092.2725338
56bd3b61805077405af098a9,463136863.7627675
0a606d19ae362a58922b172e,473596530.46810335
ededebb1a544fb3246d3e131,373977441.51495934
6b6c365359d20be719ce815a,1065368686.3179882
b8b22c1afac62b05ad389dc5,415890267.936715
3e3717eda8ec9a68c9d83027,386370163.1005615
03be8ec62dae56680beb2cf3,800402760.1268016
fe6c8cd2e792d62a4c324da5,504193771.7679871
f9c133f7a12f2b8c1b2beedc,606753281.4833089
4ec47b8100d224499ec608e8,946637237.3061199
143ca16847cc47d4a4c01ac0,886047899.1073537
22127243f7ba3a68c3fc33bf,762879017.10388
835eff7679889fcff6795d8a,586660392.8904796
4ed3eb724d4e57a7b35ddf5c,959891758.1703475
4d743a1250f7d91e2782708e,573694888.2371392
9f5cf735a842860e7ac753cf,861572914.6907802
e54a8b735724b2af56c7a36e,465668410.26536226
3b39471f854357b7e5d2853f,1124633494.4697714
91bd11b5a8e0c0124be78f46,622075107.0304692
6121943254877ee48716c4e1,391856973.694257
3f4c2c98a5a6cb78d7d26327,381090267.1182045
2b6d63d6b072901effbc8e1e,1195190319.665243
7e4b240c601e37977faffeb0,1195190319.665243
ac29d71a80307cab65f29ff4,426565655.4424118
70c77552b1bb67a2a71c2ee1,1184672994.4435973
54a09a85767156b072c808c8,587157424.1791215
244210fb4bcc0a04f2cdff95,1001185929.777487
9a2b53c1c7151a8b26a71edc,425416761.6946686
918c48a512fd6ff22fdce5d3,624059744.7164763
effe4219e6cb56e5ab70ff6b,814988357.6246868
936e6d2192f28a2b40939a4d,681093742.4729872
ad9a1b23979f0edd2ee19f38,622660333.5929662
8a8e4996e24142eb413c0d12,1193374823.1692002
31c69cf4d197f97ac594a896,752817174.9306991
143f07eb2a8f0a9e26fc4c56,1299417348.7838583
e5fd3cdc6a19653275c7f4a8,949624738.6371915
5c7efb015b8ff7f108c99723,516887298.16573167
394718d9d069a126e13be804,624059744.7164763
56f30ea777f5493139f22384,1230833960.6588373
37d5a902f1036cf3d80c275b,779774952.5414549
3f418a8bcc7adfa87e0f67dd,757225273.9262122
051416c05445860d5b4095e6,410307128.84973055
887761f34ce0996bb05ac48a,993199498.9795562
e02fa06a8de8a603e417d5ad,611971827.6878581
6f5929e67fb8da068b91096c,1577955210.1398177
291479f573955e063f2d8bda,1095595349.1383069
e60850405ccec092b8fb5d02,656071738.9989996
464864b367e16547fe319229,776226908.3309249
4c14547b7e02e75204ca9f4a,539306657.4054152
6183257f16bce94113879745,653037976.1454395
46c34a4e5987c20eb1f5ff99,593759197.5676469
3f39b25dedb96409dc9d1947,1139021634.4489362
e7a85e64ee07971696f555f2,610215317.1800622
33043b254b9085fc82ee1f7f,328349952.9634459
bd2759d469829bb8926dbe09,955679093.3116127
affae17b6cc59bdaa30e29c2,1066987410.3098234
e611d41aaf38a58acaa0bf23,911678841.6867305
0de426088a306321990cf60e,695083712.0309112
685982808b30597cc013e2c7,519362847.5602315
4cfd1be6a93641b110fcaf67,312921337.53775036
68fb3b3cc3e5b13440eb014b,1262594097.5963042
532bf5813d7e70958f71a480,985474118.4290785
06ee1d8f3ea326a0e3a9791d,610523826.8797108
1862e0c4d8e89fd2302ab376,1151250707.9615524
f3dea3d678d959aaf6b2849f,985667740.6472466
2478e48a3c6bedd57c13c72c,878643004.8377047
efa36c7738fc14a11cc352eb,559174186.5048649
2f6dfe9443645d6629eeccb9,746972952.4313993
bc7e867cad6f221dc44754b2,850209368.8432163
e4f2fecf58a038d7b18f7160,1173941419.6927178
a7620d5599ec354541c8af13,1214933764.862486
484cde8e47fbf62a339c8219,781766013.8888108
5fcd9836a3ea537fe86d457d,741564377.1110692
1b288024824312c8b1681bd9,459311881.9134227
44e4574527acc86977f5bc41,647911504.2090086
8b716bc4d6d833f9bff3e729,532399679.59759456
0ab85344c5fe6ccb0edb6313,1220615128.724641
03ad99f1799f2a20c8cc0a50,523451236.71271384
6db318f828d464be421eb572,875042236.7260392
c3e648317c360c76b94bf541,394353010.4627038
19cb65620d2330624252d01c,390399256.83913916
dba9fa9642ebc97ccd765db6,556703156.3083074
1d2467e5f991b935d676e906,317427462.1561943
4091a115125eb4a67f494620,630727462.1925907
d197410ebc0e3b9937464923,390399256.83913916
722699e593085cdd72102baf,571860604.3782032
c059affd0c19f6d4d76f37c2,914057261.6668774
855dcebac302ec5760f67121,592050444.8091753
f433278518a80c3301f26cfa,733579419.9636973
66a45b0aaf5f696d35f5cebb,496934929.165216
0152ffa8757aaaf417e9f997,353439122.2509386
55b72f6c7163a9b0b3b0b262,342140502.77307314
c8346a875be8391145a2f9aa,386300159.89557326
11c86230e62bd2c9ba44131f,1311120895.3798597
c4b97a459e2c6d13710fa273,589774880.2467988
8bcebf3cdc54d4ec99ba0d88,825696871.140661
ad159116d166e45b70329bd5,752817174.9306991
6f060a8ee8d6d15f46289759,1032330795.0528337
ab5f089f9d2ac1bf52222ec5,447291985.38225436
f4fc2da675d6a2583054fc56,359941563.4436257
89eed91bf5148b5645408222,858634750.041686
0761d0b7c6e319a75b06d420,536429010.6188063
ce84187750fa7aadd141b5fb,1035559109.4781775
ad77298955813089bce818a2,537659230.8568484
3abe8f334f0f20f8006ca5d6,730875580.0300456
36445c32822146606f75dfdb,966195840.125024
f9798cc6285c9fb3ed7cb668,890155647.0677322
59dd396f70b8458772307895,938486091.4526521
83e91710343450cb0812a6e4,1318644694.5609128
1e7a931100be734988955242,1190508006.8373127
bedc5ab20edc896f814c3f06,602972669.451647
f884247fa6414f384480bf38,632447712.3575575
f34a38cdec7eb598e55fa41e,924981829.6192161
106ad411e13ea21ad68e5f59,1132365034.206197
a87c585acf2a147e381005f5,441246051.5965084
ad755859e7b6afbc021fcf6d,1517808638.8453994
8015080cf97316a08453a9fb,1098973293.1257212
f56d8f5cfaca0691c6ffbe00,564131983.7546619
8ad016d414e2d2be053d7612,731727831.6404307
8b91a957eca1985938860c28,863095973.560343
20bce83e2b75fc535a148dc8,1007820799.3682963
5724ecee1b12e888d538c1fe,828072067.8957936
1e90d068f3c86c6f691649ff,843464274.781002
0fd954262ee740999c31d407,425279654.1379737
a6d7b144058ebc326b9803bb,600651688.0079917
a81abab882910584371c7b66,452122779.96393025
9e41c4b41cbdc2553d80e362,920924130.0453885
b6fcc49ad3656cbd3f4c2ea6,934094738.0137297
9a296eb9b63ffbdf2a07cd0d,1030701737.5657033
3fbc0746bd620a0baabbd859,479245860.3630497
3043d0b025fac4ed90b448e6,458191008.8237318
219555efc5b4291791143252,575394561.3553932
a00863c7c53b2c059ce22dfb,383643561.4834184
28b838c94d10823ceed62e0e,695972543.709157
7e64ab35f5e336d5bd2e1b51,973985566.22905
52f24ab479fad35c8bb5a8f6,487671092.89102656
0d1ef14606c58310cae371f2,334718802.8549184
a465a567a4f60ac534505bdd,1320356082.4604762
8694b149f7c0deadf820f0e4,901102146.95727694
16d6b756f5ebcacf221918b8,928949319.9615221
7d132190218425df1857b8b8,983011110.239993
7c7a3f51a58dfd1588d7c088,353623882.59207314
64d1c45a2968b0fbf0eeacaa,1032718763.8397498
4fdc382b65441412fef509ad,997783070.8306962
04ece9352b3810031f3f9a90,884838683.3734215
8b5b351e07a26c25cf51e176,389725950.2415104
f923bfcb8cdb543c23bafd52,782935911.0466006
a15a12446d2e5993a0a6c423,973474824.4271187
ab3e1642655f7e705cb047a9,782935911.0466006
b62fc917b3e8ddd64bb81018,434058964.692339
835842cdc8ea0a2206c2b46e,1142664230.5950778
02ce5bc5d5d286a4cc0928f6,1279391316.4765186
d8e51f7b40bf1887ac007163,1165883753.573929
90f320e94aa429856e37bb35,466029155.8801427
967a7676754d6f9aa3e14473,479704037.7993279
9251f3dafa0e747b6e78f295,568409061.6453371
17b5e8357e17b516d947ebe3,573536245.9320663
f943cfd29effc9c048b8e106,965838389.032716
41719542347401b04dfbaa59,629317900.4667752
bd6ad9a9ab28aaef9b4955c8,479701292.9186534
bbff88040e5b20e874cfad9a,687924572.4682438
3d6a9a4f2336a46eb62e6a47,914135719.1980228
493367258be5d63dc8db97d1,914135719.1980228
67cf2149b4c214da77694088,721018521.2032102
8d2e85825e95f6941445cace,1165774795.0731637
01afa737bcfa6b1ab530eb09,947464548.4057494
25813f7204a2e796170c4836,447539464.93028367
3cb1773d90dc240c4ffed5c4,1225722077.9306147
6c81a0b90366db9f514362b4,1225722077.9306147
44c8131b88accb3b46b79ba5,383557225.64058536
ff185be4fdbe3790c72d00cb,422170555.38247156
851f50292e30b0a464c0804d,791843148.1068658
6fc2a4f29e3b896bce631ee0,584027795.8250134
cabc4fd04b60a66bdbe2cf9a,1210827508.2338316
61e9c2375626a18bc9920c5d,607568560.9194305
396c8060d9767b4debf2a54c,743928808.5270565
92ba019bd942fa33ab742924,691310252.9672847
ff71037ec8e5a91aad6f0686,613301593.5877501
d162a90b37622c1dc6550690,361358605.6426102
e1490f0730f8fdc36993027c,733019956.726869
5a066d6bb65d28c2094051f6,1048225698.0556035
9c7bcf000cb37f48d9f15422,1132349915.6028125
528a6345df87dd0db33bf822,839488724.2919396
579ee47bc31f5408314bca28,509183418.8357588
eb61a13df1c8d8d0efc4db3a,403689422.80648565
b649d315ff3c97c4e8e9db73,313718549.3381094
d8dd26eb78ff22272358e302,988784076.5612458
6ae2221c504027acfb7368e8,691361679.0970107
3ce908c9b70f349158f7d04a,982716787.9609923
7cf74cbec871e465ec2f6a61,982716787.9609923
02e9b077d6cece81387fda35,518458222.41189176
865ed399cc344e0638e45128,1291355306.6485453
d9ed55fb72efda67f5144330,1285817927.987466
9fdbab0b428f19e7e8dc35b0,724044867.9511545
c061b886b7136a1b00c8ea2d,901241373.7038791
fd0f6c0b5234ec1f6c7d1fd8,987743576.7167636
9df90c0644948ea5539939eb,799392757.5201248
547661e79bf0c62cb8de63d1,606860919.0036559
68963f5f3657cb64276e3beb,657010928.751934
cab0a460167bb64c037cf25d,342772131.12538904
31977cd5d4c09eff149e74ea,741582764.8224703
23264fdd1059460e079e5810,541063353.3897033
4769743185eaeb0e4158e0e0,576576660.3177997
780c809c52509bb4855a4efc,600973702.5565106
f64d4e029592761bee698958,493097846.2437342
be364e85b988ef8627ece74e,408118579.5962243
c73c38b652e9418f06f89b67,426388325.4581347
213032fd36fa1a6342570158,630370267.2765995
d519a8de5fdd1a84ca1baac3,1056983163.5069298
df91a494d5d244f20dab0eb0,305116241.343113
9be92b361ffd3ea2c69be23b,550046333.2768757
cad16b2ea432d926d961109a,474697140.1343193
56b22bd973f94a4bfaaf6b33,657349366.0920075
84114798ccd01ae3dc97cb27,460493462.5715698
fe2bf1f402addaf17a213030,963766308.3667669
e01c1b69abb6a4c1c69c77d7,1032307167.146445
24671f63cd061228ec0b5b9b,706670981.7643038
f54c16df774e70d49355cf4c,447181943.6337126
5537b994e85c2688fe555d5c,630829726.941175
1e5919cbe4373aa261d672d7,301116091.9474854
cc125d0f70d6d0819d6d90ee,607923271.0125709
51f94ebbd6d2533862a1fdbf,697230786.5040485
fe409f9ea8d18c9d9ba4d02e,393912485.85225713
753b47e2a3b9fcdf9d7fd9fa,576067708.8358269
6bdb3153f267395eefbf588c,504145690.39556396
9bde9f216ecb90814670e87f,963766308.3667669
7f5280804c59f56fba3d6201,421400656.5600741
ceaf16e097500022498950ff,459565135.3274209
aef06b27b0a080b5ee539b6b,344071043.55105585
abc668bf93ec7d1951c65cf6,393912485.85225713
56822f406646f93fb39d9e60,400875770.2501615
2690ba8b22a95cb837cb87b6,391019278.7420155
180172e4eee8ba756207b3a8,457532539.2061554
c11cd2e00942ffe56db5ae88,732544748.4606292
75a287d87aaf6ffe7b6db546,367839728.1636585
08f35bfbfe1bd663c40d9e54,517633164.30764997
c2bbdb2e5d0191071e6db37b,1181306486.9068415
b129a508d1d98a1b6dd2f61f,754998566.5389609
335626f385c28e8370c207cb,630441209.0844846
898ed7299f0c7b8a99e4877b,559095268.1053861
a98022fc80dd6ff27de693f9,569585500.6141958
a59f1631e721d231eab4d146,1394837313.3451567
98c9c866109bedd605ab7dbd,962421656.7984256
cc9743189c3671adbb1be49b,859003315.1806874
e22b8126863c9ca8fb04df9f,973868536.2680023
247715511199c5b680088b56,676645977.8254001
6e51ca1a9c2bba9fa0cbe5db,1025941506.3146614
ba8d6800443dcf95bf9c1037,601323415.5112978
5ec6e033b9dcb454c57050c3,1056983163.5069298
156ecfd8ca6004281b191db7,1130112430.9659522
edc3879a1102740f2f96227a,1032307167.146445
c02ce25a3334860d3bad53e8,600634503.4711523
d041129f83f1f13fd7b35e4b,837382593.3422693
6946fb4c877f35e9215ef4be,554587778.8521383
ff2897a56a0fd08996d19424,413847137.3904074
e1b64df8e809ba220c9722aa,754998566.5389609
c13263f9c8628bdef086106b,815576157.9948664
e2b8d1aba0c583984aab25bd,982437544.4976062
3786baf40b31a20f3bf3aa80,600634503.4711523
bcf12785c25f6e600eee8fc0,626753236.9875373
f85d09bb2ea40bd4b68465da,1119388202.6001472
1f40dff9a973064aa4737eea,1078883371.193942
79beab95c6857412ebbbdedd,1078883371.193942
5ed8cd2cf2c6dd5b5241d6ac,883851931.9088056
ca8dacc29a57d39640e3e59c,1127625547.504174
723655990d58df33d55009b5,1322543846.2619386
79a675215fed2e293b27f43d,912994390.3221117
57999ba0ed9089739a1f4de1,767966848.7977489
00cea81b78d6007eb405d5b3,490157211.8261306
c00facb3e4cbb27c47a621db,1243752205.6238952
d1481d9d2bc9d1a3811f2faa,938443131.9519562
26313750bd29b2c59a81b58e,529760936.4662325
2bbbe93b615c46483056bfe6,965470021.1912236
0f8fa0a074b743c92f0fc56f,1011088169.1457802
b925f9ef733930be26417458,529760936.4662325
0183b38955437e8d0128a013,1116102900.1400867
1c9f65b631d2f2856bc97079,929220449.5439489
c11d82cd360eae99c04009b1,1097379298.9558704
4a80ffd8e908a3291a32fb6d,965470021.1912236
1a0134583a5854d5aa9cdb9f,1019934089.7212176
5f5346deedcb7cf5dcd1e9be,572301432.1681777
f17c8b14e56a76ea84a45fd6,767966848.7977489
b8ff548543842246ad439703,1032307167.146445
53462704cfc47d32492b4847,1216519833.995381
25f925538316d3cdda8218c4,858507017.7096533
ffe653c61bf13df43fa22190,532694247.8803642
228d98c82021e2325263c7d2,462684802.43726826
f32a7d08d176bf9177dbcab1,588143775.9696218
f2c86c1edac4eec6c01ec11d,975824595.2358612
06e350e3c733e5a0afb613cb,744596005.3889229
e2544529df4efb7e90afcd21,441097111.759258
a639ec3b943cf90cb28bc1b3,577143300.917328
a1320186028a726935bc1cc5,605478132.3682034
97337d2f347a50e0ef518516,651577311.6726041
8f619dd7fcf5e1a17af301c4,1129198860.6226757
72569ddc5828fc702b2fc773,947603708.8058511
ec674ba8cd16c2264d270901,935813823.0843232
2b05f001ed1a84425a45d0ac,421657133.3698894
0a7758f69ddd8fb27a839661,551815908.8000267
e3ec7a8fba3e1ea07a135dfc,456744321.58607227
4163b665043ed27d7bf26c00,515657394.2642307
69f7b81b70ea61f304ccd36d,779464168.2279255
ff61104cbeb37f077c565fd1,564836124.4639122
883ee78c03efdb4bdc57796b,505829340.1467733
fafaa5dcf66d22bff322c72e,458362331.1245756
eaf0f2b00b6994a9ba8c5ed0,367979372.78620285
9b1590945c0c7f7b0704d287,721182192.586536
766d34ea891f3af53f1391ba,824805963.3621767
b8680f925773229571014e61,602943918.1596714
2fcab31c752b699af5e8ce8b,1284905920.4341397
96d14697ed6847ee757d113f,630630025.3292178
ded79c11c30167a9d8accf77,512993011.08318865
ac50dfe70b599ae93ddee4fe,637667070.6124715
3fc7a0f9c30978f24d688fb7,836348259.6783417
083f05fe52ab15e8d481ad41,1072604822.7712386
075be16d8d9ed6831d139b2e,802010405.2440709
ffce0b151f293cad0a6f770f,1119556885.3296487
5997da918101ff14bddf20eb,570727361.6784518
e102f1d841d7cdb596d50624,384332749.0254503
a2c3da753f0116aa5842d4ec,1138274535.6643918
43228eaa1230dc0f7f1473df,461846304.4709764
4349d6bfd5a518fcb231cb3f,845466361.2293916
c6c978051fdc655d21a370ab,622767229.4980632
f4cdf3ff86fe70fae3e59f4c,696430668.9110593
ac154aaafe98dae45bf9782e,1168512958.6613698
01f6c99999c154461765f4c4,724600245.2512074
d7d30819fc6ad6e7e41453c1,1080337161.3503423
383b3198861942064a63184a,567204759.7175946
3a2f110334251e97abe3583f,582916024.693517
9b9db425b698a4931173b5a4,726378377.3076328
3b51828a1e891f3a52a4653c,874133098.5491472
c94dc49efe0a350bb522a56a,926572797.093102
39e4765ae5c8284e1f3f618b,1027886477.9530545
04b28e63fbba92daf83865ba,1019033781.0514205
b9643a26731cf2a9a243ef33,1036849700.5076163
19e03fc1a7ca4b0761eb9ef3,1120503260.7822368
c0224f0cee5a388014db4f55,1107890559.2673268
c4074029fba935dafd82eba8,479988675.6565315
0a8d749a2336d8f66a4f19ef,574701373.1231259
e84da6ce78339d50a72cd87d,323596180.41322404
e9830411c3092327f4e66a99,597167592.9020886
17d51fdfe8fd16185bf5feb4,715343380.4401084
f07126d58455b20f547c4380,435066861.6244347
8fe7db56d501b9c11461f62b,738319740.4426066
1ae2058fbe26f384be45df4d,752817174.9306991
e74a31e6edd4459d4e215c5a,609204731.6034988
c91945dcab0bf200c3ef321e,902686475.5094486
933018604a8d5a9020aac221,752817174.9306991
876ebdaa0bc953890e323843,447257007.9378064
4fd907c202de4f06cade3b3b,1345909931.6697717
e40f616637f6187024b34086,991622735.2781192
f9038f7e24e0a29bd9f3e24d,1315223553.3761454
b27fc4e7f6042d70a7651038,824640794.6865383
e68b18b57fbc5fd6cbb477e1,645397846.5037627
326a82671272d893ce699476,1323618890.192529
d2655e69f5dbd09ddb9268e7,1022723667.2935168
440cd2efd45c019c7151902d,975941860.2568744
e5099db945e4f04aa3f0bfeb,1063210827.231084
3477d85a434f66df58fbc094,904892992.3209678
56991f74ed430ed942b2d6d6,1016791333.142792
7ac1b85bd87929705b7a86ca,994714260.7022876
0e1fbbe248919eb71e53ea75,706542945.9109638
75c16273d3a593752446c27b,580553750.7596989
7e74469fe0b030254756296d,1053314313.1540569
35fca2d53ed17ea7637c528a,1053314313.1540569
963cc728f3bc207a7ad74ec4,722210457.7088205
fa9dec2129f7218b4c4d4b35,712759773.0236181
1d0a6bf40e609fc74a319310,663831893.8658249
b9551c416341fb167049d4ce,765783042.3373538
89131a0af2db172538723b08,931649963.6191357
3e66557e876a876c259c40a0,616602204.1146857
078144699729ee0c46f36123,1273856645.140168
fd15189b99da46b098a949e6,632565940.6384152
d69209d7a26bd306bde5a37d,633221422.4325773
89690c80b7adcb8a8afe531a,457999658.12184495
0e0d19168609ac1d75253edc,478267870.3545699
6cd0aca2bc40d83473a39885,947970684.2061846
6ea0d50e822913d0f444d89e,843137755.5699102
39579c195f288da8d77f5ce9,1112351890.2048488
bc54f5dc4e9ce267ea592813,659403777.4060847
1d43fd3f7fb4e24a0b7c9ec3,961874781.4896567
2566d8588566312ffa4fde42,1059344558.7799736
8d27746cd9d2532fe9cfc408,677021646.6078053
95b822f76b4d3d6ceb0c5077,1018460564.7878832
eba86391ca00fb217ed1f774,1087926018.4139092
b9a0575867a59dc5dcbb9cce,497894107.9437494
0845e73ae95dbd4aec3f1f43,533969879.002901
419a2f823e87ab67b1311bee,1042139475.5522933
552217c633d2562cdcaa81bb,587198862.4560432
4fd7984773d2872e51574ffd,1029259771.0303088
a87ed2154a2351cf26f0027d,922094717.9560834
a2522c9d3edb7e7a23a42b74,1067545178.0981956
357e58ef96c53f39e267b80c,1204226624.8307862
cf0ca58262feb1f8b0dc7b68,637211138.6544223
1cb79aba890b35f9d2a400f6,1263268575.681124
d5c79ef12f43e2bc19e22fdc,681383499.6492516
776e1192349cb7cf1579056a,1201216885.6783726
7de63633c7666484bd098e2b,654624266.0841397
ca1b1c17572f776fc1059691,588925063.9197973
53e94de217ec45ad576fd83b,803028310.1016476
ed5c3d2952d2575b1bb757ee,985739183.6930231
bdfa334bc331e3e547f7568f,1072604822.7712386
9c6a01e3c7ef87d27185e9f3,921507480.4891534
05d9818d3f9f2a5c358d3911,933279101.2216448
f6c990e406b3756ee39b3b30,478267870.3545699
19ace6cdfbd8bed6e99c86d9,381756663.8437122
6a04f8684e083eb6319b5272,575488952.2074788
179bf83034539c8a391e0310,902825947.0461786
a42081eac6834da0560ea4ef,1323427034.2945676
784fa9e78f7cfeca4133e8ed,1152885570.0074313
978edd828fc71300e6723e06,1034161631.3142558
61d6969334fc63611c810e2b,707318254.6248491
4d592a67596afbca92d26bcb,671130615.0040672
50f8068603edac10c87411ec,517470284.29900926
9965f598c5b95b3cfaac50ad,1051796575.2338861
66cf83769d16a4d659edba6d,1087600283.6772854
9c2c2b01934d1d519e651786,1031047795.3762407
2b4913f28d07628bf2d3ed92,1072073038.4913957
9baf7967c49fa209de8dda95,865451637.8234507
7a0f887a9426270ff3c24e36,1064085217.398762
c1034173dda31d20c4efbed1,489060866.35781854
c4a3d64de5e401a86395a919,572802686.0187284
c4cef41167a5e8354a61feb4,1082571075.52517
f52226b24ca3d5b04b7cfcde,1229876500.428703
36d5003f0b5ec7f80e89262d,846463535.0690382
641600a4cbb13b35dc7913e8,1206603942.259802
c31c4bd09d8cfba562ed2b41,927078382.0241449
0df96c81adcd6fbc2f7141c3,640758961.0430413
4499adb2aa3aee94d1f1a1b3,1409802188.667063
4ec06163d39f96baebe11bd3,483483924.1641477
692cc1c9949d35ae11412fd6,502735104.11244094
f1da5388b772159ec90c3210,1148623099.0668244
e7ae63f81f8fad37bb9c1b32,1058787036.666751
d39797a12d9a4aaf15ac11e6,668898036.8293015
efc5412fb02ba9d8f604e493,506741891.60402083
bee2e008ee41f8a711fb8d29,571281715.9416336
80279a7533c44bbae477ea4b,1043872221.4590853
edc43e57b2905405a13f8f3f,357958841.83512634
751795587d1396e0daa25783,520112285.90924215
6d90801ea8cbc12f9e2131a3,574701373.1231259
71fe067a5ae994180f530686,574701373.1231259
2e99240e23b0542f1cc75026,508842645.12378603
fd6112c82d5808311b08e29f,693244658.8940144
0ac639a7c5ec115b3df8111b,674581592.5193347
af0cfebd54f32b9b92c5fdf3,574701373.1231259
b0015b31facc48a49f1313ef,404111590.5044766
2347f69ec1ce4a3fb6989eb7,777897266.2950863
209bf65e11bd7053d9658824,658481262.0496079
41877a677d1856bf609515fe,1032915758.0984088
cf60297d9d9bf1268f35ad95,1070311854.4061247
a33800eaaf178e01558ee926,853971778.961284
69e663ffb4935aecb875854c,960116978.9209894
595415e95e075b70c39d5c5d,673639128.0449741
719679261d84d6b93035143d,693202347.8891208
9f149071cf61295815e3f875,882038174.0338737
3d24d985b95a3e200a734bc2,1200129087.3117318
bbe705b86c6ed4da775b68f0,345253689.3309692
e1d875468eea7b2eecbb49c7,787630028.5970718
0802b7e10706252dab8db909,671245832.0986054
2f412384597554f3dab07985,965838389.032716
da8b5c8a320821ab8ca00a80,1228017684.5501342
0f10d20cff5664f9564bc88f,1062916820.3996942
ab8699d3c685fa834d7ccb3f,1129157939.621968
85956152686438c48c52e018,1029426652.9213902
ed9c4f4e06183b15b877f077,806149747.238765
12e32a758e15fbeefa255207,1078525372.2332003
22cfdfbff44541dba9091753,1197383067.146496
314a1e163d0b77b0f384da29,383402893.87688303
23959a0f6e27c8c2b4a7f436,937008698.8954619
6ab5a87a537d2ce326c867c1,721798700.4998052
d9ebae84cb53d29bbd8a466e,515224818.89721036
9511afb73b656135daaceb43,1055047528.0086867
9231ec89e58a3daf459c5b43,1142128209.4288235
8d97cda83fc7353a86c9393a,841529525.5149572
3b380c563ed2505b7630feaa,1144066482.473328
6e5ca223128fa2de422b4009,609252374.0646927
ee30ab004ac5270daf59758e,645870723.1568156
d6fee4f680569a54f4267215,957408683.4606807
db3b84e5b3a9097392a57319,1016110840.1343014
cef379fa831f936cad745dbc,1058141001.5182931
4db8d32011163bc4fe01d02e,597501415.1627915
f842221d74340270e757fd41,887858048.0205045
f6173e36f95ad05b8e94321b,881891821.3523128
5960f14f2a81075fa66568f8,616084948.0302532
cdeba97450c735185e486eab,750450257.8128103
f9a802cbc802d49a087cf23e,1058534632.2558055
6a9ef848f22fecb9569098c2,1029548395.6019243
f3986309e4fc4cde2b5feed9,895075944.9221041
6c3435048735371c36dd3892,1020179235.7840958
f019dfbfa7fbbddec988fb25,926645259.1181226
4526cb4a2b8238dcc4e496e3,1542657804.484673
95561bd325f60967cb6653dc,1082063243.9199207
9f3e09a3461bce2fee7e1c40,1402531167.0671265
1034b1af0331daddad70f3a5,524058618.458801
3ee9cfee7b0acd482672ed47,935355210.2298934
adb51a572f3198367e3760ef,679881478.8674672
5c802e198dc0906016741026,542114946.3736738
671603ba1f755be5d7219a01,474810330.2449886
001d77bfb387bdf0b53e9e83,706542945.9109638
fd9fda1abfcdd1066a177e14,798432760.3845657
e1e78f3432ea2dff6b69c6c0,847764206.7092445
378e6374da00b72bcd7920df,679101270.7313106
54ec4fd8f49c897c644ce83a,819441592.122727
a67ef3a182aa268bc4d9ea14,740933813.2283268
8100a4b0288d5d9d9dc86d2f,468558637.4692529
699ac8957d9b4eb7fcfbcc40,905671729.0457124
7b35a3e9f3e67fa1974f5c25,1033104907.9393145
6e5383a7f9a68147c2788565,827737298.0925264
fca1c40a338288036b1eb25c,1073579080.687523
237da4784755f090c89f07be,730725039.805398
21a7c5d6ea818dfb25077e13,1113950635.0882738
0cf7dd52e117832b4698b310,994628887.3562471
677c8056695a5a539dcfa3d0,662649090.3366692
e4b85269ca413066323f66e0,830176949.4297298
9019f1dd02ede61479b62406,541175852.6966267
958f3e102c6ecf5f6386a004,441243526.7735665
b05c741bc5013a7a6abd31d6,441243526.7735665
2c58f2cbd00035febac060e1,944310918.6671698
89d36acc5f617a6a97e02f23,625644852.7352903
2fba6801eb9a7bce7ed2c081,607269652.4442804
45ccde79aee811756030903d,1023590140.7559668
5bdb5174517b8faa23df9587,980664609.3587573
36a11817b32bc24eda6ec8eb,413122359.4297938
f1319a9332946bd68db250c2,530586096.4983804
39f70d6b68b22668a0631f37,539204831.0835832
3958d0cb732f3d623764be54,542690156.5461445
f67028acda5ecaa4c8781ba6,679264495.9873099
76f50ce5f30cb96d48a69357,386370163.1005615
9e5efd4741a57b9af54e9265,758312161.2451708
8c45ac143f5cc43e9249c17b,801721341.5069345
2a66eb4d2a205bc4474c0afa,710188205.9761107
85cf1ee98e1a85ff4619e27c,687900954.8577651
84c2ab0573d3cbffa0be90f4,832671435.8103505
48976c41de22ddaea3f8c296,541523819.632439
001c03f6103d35389825b62e,1071968757.8940604
ceab390b6906d5cbe65fc402,859003315.1806874
79f989fd66108a2c38a9764e,812718892.6923951
cc385eff95aa00310eb22111,790329744.2819804
ed764bed1d05cb1e9a4e67f8,769406611.1977274
857c5dae475eadef41c25603,1405498329.7016513
7148b0d9e2e1e92d41633230,691086132.4611852
7f3e02524981fc7e40eccfdc,306478155.5591035
ccc625df8f51248e3dc93214,376908426.25613236
b38776cf09ec8e90fceeec84,458220723.4070838
48ebc3d79e01061c926066ba,405805454.8454753
9580bf8358095abb15a10c36,412757691.1182179
d26d35e33a0cf88f735a9322,1045019683.9392871
b4c2a0a1a63d35a9a08a6e15,975913938.7356753
1bf1913f806bd4b461233551,320312726.3829651
34d1394dbb483e55d1cc2da5,390155095.40511644
7bef2da7f3c160e94fe91ead,441466608.5353146
528014ff6b7cdbfc174f4fcb,644338826.4350656
bf1dae54bab00fcd3e8c9ce2,734371790.0974147
f270dfd9ef449a02b6d7ae2e,654333407.6881481
31d6f089626c4fd08536fac0,523903709.172388
259f4f7fd5d851be70d63633,383657464.8338064
6b74ef5c8ab1df614bfba866,955706435.9009589
7ee7fba3a30e0e7c2ed3043c,517177229.4284481
b24bd44eefc3ccf053939dfd,759404953.9711895
0545fc14aece3f37864ced2d,649621623.2147532
e07eb36210e90ef0419fa0d0,1022700259.2743157
3991b04509fa61b36a8f7d2a,1019523699.2601649
387af5fb4b4a7f5c3fdcce57,752718105.3979893
6852e8bbadc1a9f4fbcd695d,826801608.6734467
8c3373f9c0372b87ef021512,658173625.3670622
6123a0dd128e45216f832e3d,820220316.383094
0913364c688d7375d0f7af5d,306948502.9048002
8831ae77efac99a6c58ce05d,1005326867.1367583
b6283a5714e0b977110318ea,435472834.9461025
d2d8f5356f77507f8839280c,1176797521.625384
f36bb15462fb29f80b127458,1117270090.9672637
7abf9cd6b26e2e2bb6d91e5c,983731352.8097425
1a5f6f7e8b7af9d48644f1e0,712098012.9863217
8e2a5f8431996ae0db65d0be,1243960982.8229206
29535d858fa3a11792697820,1001502975.3285986
8e4df02eee6cab9bd1011987,1202369881.7914903
5a4039f0ca12767138ae585f,401767531.1370173
d84248b3ce8ff6f5fa480a83,578666631.9921924
5838e86b74020a5bead56161,498094526.03395444
02091877f01c926c350b013b,407396063.6248634
df298574e35dda90fb568023,375314420.03523946
d8b83253855448caa81f7780,579918497.8020806
1163ab2c0bc8c998e121b922,456989186.15486926
14f9ab54432e5f54a50be4a5,404596703.13049644
f4e0fa1172c1d4b70b6c4d73,465473049.0149847
4345863fe83682f6091d8a77,513671529.7834251
6c5bbbfa3a1515e5cdec9ae1,459321518.7613279
742da63af109164c21dd57af,612805807.3876771
fdc28a68bf8a5bc86288b4c7,906276532.0056465
0f4b077de4ba5f5db6fb0065,636263844.1283995
320ff6c0320674fd278f6fc7,539893304.3616267
6acf9cef08906fe569c38572,935904858.5960958
853febf898a1dba351d6f917,674926506.1575509
8ae41ff6a828f175a9f628b2,705324398.4416465
56ae6108c1b53c649da2f6ba,459321518.7613279
aa990d4e5f1a0fc4f0bb29aa,907908054.7622246
cb8b826e929f4f8a8e3687bd,697673771.2784396
b85a7389bab2e651f05369da,378672398.06400794
1fe929afafa91bee53df4e86,620842355.4328899
02e89c055b7692dab024defc,527527535.6570709
66bc6e56bcac9bfc4a7341d8,581847430.5891931
63cee15dc4a6808616a2c2e6,623341217.7816352
9a889078a0225c013570609f,536643916.65531176
3548fa5ad26ba2ea999380a0,605347647.4888812
d9d8aeafa748f8f1ff2fca22,930316406.0076734
9e2c21d635fc25f7790cafa9,775609770.5537729
f99adfe85d32b0a66f4d483a,932834185.1514184
eb64fd330053a41ce5be4a7e,553289274.7114724
ea8d704272b2cd066a7e7867,1132254889.00347
e7c92ef9784a92c8b7fca693,854498050.5316025
a9b83e18ae78d307d1b39b15,834800746.4574807
ab8d6823d905f1f0ccf4a75c,982388825.5819877
8447ca83d928dc34c2e7f9fa,467089015.4100897
5bd24b842a67601630036d0c,1191064461.7291572
38d5b9319bc16bae99fe73b9,742027037.3068414
e1558509b120809eface5b87,710573009.9159445
4b8d7217da1b1f225f254914,1013352829.3163245
09e0c3a1b90d46c361007323,553289274.7114724
d090a9e520ef74848bb060a6,786027221.2051846
07284e4caec09fbbb16adf2f,1302702952.7371619
f8bb20be599b79cbe29f36cb,1021850131.1770337
07dd30f04c5953f325df9aad,1021663041.9586414
622872d345b4b0d9c1b9302f,891482646.0178845
fc9151dd6f8850502c747bab,609529006.33935
0fdd03a2dfb18e323d96f468,1075581538.61083
ad7cfe29b56c915dd016897c,586312497.6888962
f40a182d82c489f55c64ab7b,1178354032.3510385
fb06aae0e711d628b16eb910,893429991.035233
7dabee85f750266dce02399e,886707245.1873466
ebcab2f8506c64a461591d1c,786505620.4453435
340f96c7de105aec5b7a28b9,888889961.2220123
be1c6023731fb633c4f41f96,473422223.0094707
d6b051fbaa13e3d92a798521,1099587629.4581735
bd04c8b6b5e381cd5f881379,432343638.89893764
2ca47f5c36ea5d1cf00dbd2f,367989199.02677363
3f2c18ea5d8e9a25adca4c42,1133190384.140094
5bd59dbebb0d6fa71efa4c66,813042936.1743665
bdac2f1c4b306a7742f60ab9,502560616.2168315
a0e26a9d56cfb3b7228e5d75,578517649.1074464
933740e21e9b61721b2c6053,782983699.1206875
a3b9c1a3b81f17e6b22b6152,697793545.198837
445e241d8bfaceb149609d6a,447553122.95930314
937f0b37f566f65a1871615d,558777574.3009652
9a76a405640f670c6355630a,634697833.0252738
7a0f351e8562fb7aafe6e714,615410816.160759
4c5b79f3656501fce2e2178d,485491963.25097704
201053b106a0b89a0a47e2cc,882223252.4224868
724a5f9542f86cc43334d3e6,364982049.6845483
afaadd87a196e04b934e0b1a,518775750.27393824
a46cfad2458ac7ca4134818c,458711292.34331536
f640eb21bdbb9369acc4e863,626784319.1184502
8b3350aaa66b9fa1c682c15d,901975677.7879704
1340b0805cb34eb9a982190f,429175530.0079199
055d5ab6b22d4d0ac325fe73,1168212114.5800493
faed63c1287896e97987c4c9,1148307663.6305401
a094be8af52cf76977fa5083,1173596646.533779
feb3384733ed8feeedf9ce8b,1173596646.533779
eec4d59429b1d1bb75b4d686,536600928.5614025
3e9754a961d2cf348c9ff7af,1113774299.5919833
8f8a92abd28c8990534e847d,1147915680.6221683
256491790d0a2d5e1ebdc2e2,402247528.1697387
ede7995bc4e7e672fda4fa5a,1000844167.8218946
9e8a11484838eed1f4673a32,618742840.2752128
8aad5795547ade3c804c0ef0,745111718.0151125
4ec4683fcf928d9fb33eb7b9,615899311.9753332
ee18825bcf4065d29287b54e,1242580856.6297624
485cd615660dda11586f797c,582949380.370361
8b450ea6c21fe0b5157529a4,988795392.3617461
0d45e78397d4bc0d363be47e,681382200.0146027
bfa4cb65827c4ebb91478e53,955659042.5766007
deb2c93acfaf6994bb3c0608,689452252.4770184
571e1a8c252cd67ee0475974,1117517317.0515003
04e337d3c692f3429d47aef4,640942309.8795844
cd2913f013727119158b98c0,1242580856.6297624
ba63594585c484bbd20ed3a1,701974511.1193051
beb7b99cf12926d8714d1c5d,929250579.9374849
0fbc9e52ccf1b7ea8136cbbe,1142285067.640183
f36031f3a3f77a3fcad337aa,643922337.2917265
7738f18d533d0f0379e3a06d,777216536.2471986
20c3cc21b44eb37d0b359c1a,1108577540.5734327
78257e76c16db549022fbf2c,904352932.3174788
4baceaad0b0081bdaa37473c,1034753552.6808172
6bbf67d88846e94a63014eee,1242580856.6297624
edb259013ceb62ad9b23eee3,1312652256.9484236
ecfe155a407ad2c2f74522e8,597809198.1551576
6906a20be4962df7725dda7c,1147368442.25285
5d86b884df3627d93f206952,1032198879.4948384
cac3eb4606346268cea48e32,864582146.5051011
e7439820086f8d1cb13d7c9b,716256752.8237418
b940561f2d48444e139eaf71,311453555.24966323
4433060d0fa95ae1382f2de1,350141247.6075124
27dd503d4fbf4d5f5d850d4d,491091131.30620974
42a73bad238f2d3f5e376044,358485631.10994905
2b53b13cd912f353cf9c4757,857531638.7859286
4cb59b46927df31150830d5e,560777357.0157485
2f3d01cbf0ee0b985386418d,505510094.48179024
d12e6de49fcca906c3586994,450120524.7833797
8f541a839df1ae79d563427f,457755125.21836364
ae5ff2b5eb4f9ac44fef666c,494973016.62764204
ca77a424800783bb9c5c0450,1014598328.3384362
c0ec1e7ae2c6c3c2f2ae34b8,585580467.0174371
2372f7c0499de8aa2e5ffa06,1055071676.4065862
46de3fbec5bc6c0e256e7751,554837474.0156056
4d8b338266822739bc9c8fc9,916108084.2908618
86d46a3fd9d7bbcac3319829,730286141.2336081
b13fce1462ed87e57ddec917,613346046.8371013
625caf4f4f56f3f6bfd3f786,324436057.8483523
2214e2c62cf8d2d14f11d47c,502218527.3829087
cee8fedd5685633435d77a06,855282356.4083499
061386497cc2dede3ea70b1e,697192221.5671419
3ce50f34a7974ec17178a79f,772083623.5451021
855ce1721230ba103fc0ae84,333517531.6666975
ff3b85eb538fb9a7dd03f459,371993314.9098785
111bf82100a6fab0c9ded743,633289061.3897331
8877941794810464749ba5d5,989350025.2525684
1122a042822658cb504dc147,633289061.3897331
d7d924ec35768a3e6bd39b20,582913801.0495889
27cf45528b4266162f7c9029,931351478.5880567
916f946082d03023ffad6f2a,1208870660.4694092
68181ef118970fdb1d83f030,781900224.438436
2f0bbbbb466fae3fe5c4f614,443338188.7716991
17c8b228fa2591e3a234d55c,466101160.7282959
e5d9afdaf318dbe749bf9950,466101160.7282959
ce2cce355f493a75ab59b242,463677797.8578926
b6825cfa2fde9b42fcf04c59,420225596.25310886
6fb3e33e16eb81331d389ad7,791670990.2362986
e29d9a401a246c00f5eb2413,554483067.306536
fdf103976a39cc12f5effaa2,554483067.306536
d1526bc5e5446680841a9cd7,1062951285.9585463
a96cb9d988f5dc99bf5df4ea,1062951285.9585463
760125efabf13246774a9f16,819318127.5214344
229607e2faf76efeeadcdfce,480735393.0713615
f14b11d270282b317d9cbadc,724399873.4935391
8a41638edfc5183469b6c43f,585849703.2640696
ba249dc7eae0609f20ccf234,636501749.6820966
0dfc7d77d3dca86a221fe62b,1130394839.156782
ed7f61ea4c9095bd4aca258a,666386841.9511689
d2ce77db7cade7f2c6189002,435472834.9461025
9d18c354e8939c9f18598f22,548641247.47933
b95689add02915dab555d9f7,957372161.9143714
1c35d9468cdc55670d48db84,1391197267.028993
caa4aecacff2beded2e76beb,629317900.4667752
017487de3455d9f642a7fadc,772252994.8740627
8ed9c13717d2bb274a81e460,888893352.0745882
c2eeb1cf0549df1359ef4dcb,463969740.1473357
3a413637f3108ddf7bd53bcc,540541415.0930201
145a241c80430b1e4ddebcfe,802855251.7424902
c954618c48b70cb00efb49fe,545223764.981096
fda6cee77fbfbce6ec0eabdd,726322961.1493475
b92c9c464e23f8b987290769,469657393.0780518
d81b170177769c0121b8935a,983541862.8782811
7a832790d068e1e85182b5a5,394991365.6097598
462ced9cfb28550c160e5664,1241626099.5545905
edd9a278b86b1c56e237a0f3,483258966.44859827
fe9b6a82fcc3266ddcb3e36b,871989945.1379195
fa74fbeb90bdaf8eb26f8329,646866866.2758057
a70b6661eda6ef616e19dded,403516984.9164067
cbcf4d76223673724b0f9811,521574613.97350925
ba16ae6ca55dc3c0d5480944,959878942.3182611
3c840c206546c20b3e53d4fa,443573328.04291415
c61076b24927a46ef506322c,992080552.5346763
2e797c8302fb7ada13ef2d4c,870612251.0829887
3c9e3b97db788dcd10acf0e1,804899104.9354216
28db5acb7b224d44e3d7ce80,632041320.460297
c7aad87d39537083a5620757,397860839.0547453
099721566fdd0a32546fedbd,927923996.5303757
bc67f29c8679adf31353bec6,642528630.2741371
eb40a304997a6e66c550b704,900488774.2167962
3882da646752a82db088c614,369761498.25594354
68c319925551b9484778bb65,714094672.7398762
711b570ff195fb77229deb35,1208951363.9862688
e7a2e8e1c22a52f78ffd1b19,1319157877.8861063
814d93fc94b4de6d3a860bcb,559815544.6477007
817da44fa842fe304b93c199,537465445.6071105
5cb29f5aaad14b6c33813580,518775750.27393824
8a1105028a1a1b83c5080abb,345920094.5137679
82b69c38d041325a4bb2fbce,331674672.00402373
a57d01ed5a9641ad64f7f032,429175530.0079199
90186e67d802be6d12eb3696,582949380.370361
f781bb1ed340e08b23258ceb,420822348.0069259
db05818b6de8d77c1c3fd053,702571919.1002178
f4ed8924f5d1a3e6374715aa,477525896.5047327
d792d1eec60822752c8d52f1,910947063.0979345
47a3c63f65a9794384c655dc,1168212114.5800493
ebacf31727972e81d0a0d904,700880136.585961
a759e4c03e49c419c8f0cd2d,836956254.7046304
0648a4bd7ca088f4b3834401,1031661547.0704192
b25734bf3ca94e775f467e85,1004177019.9136283
65a8795e7a5b88acd7a469c4,561919780.1057119
b799aa1dd2de813ccad401e8,489196142.45193404
c01440b8ff0d80e7bbad715c,598680969.3264652
a20cd5193779526b43612ebe,416272789.1523735
0cddda1c211fcdce819d5f8f,496472604.21951073
69bcce6b58fc3702580d3234,1244328800.6195652
ac7c0c806b57e4942d9ead3e,647238346.8924387
aa9e131fe4e7982a374bbb84,704478712.4335405
290725d6b15062397597b954,645165229.6794838
5f0fa37b7c5cf77e0508abd2,1045486200.7863
c76f482d2a8f8db5eb79ae89,987807633.820114
f651cc17b051c962e4124795,1022862175.703754
250d84aac8add089061d3204,834934506.6819487
d3f9cf66c1c05f55325b894a,1312652256.9484236
7198cf5aae5d0d5ba2e43b96,904352932.3174788
766c7906cf0493736436fdea,1242580856.6297624
78f670c0d7a26c0323281ffa,990588695.2512258
ec0eb8d68807f52b681f138e,1209574115.0939233
446138cfd3749c0b6715b0c3,1284004355.8898332
64b4837e4550ce39f2f85342,700097196.0717382
1103c663f6b5ed0309a767b2,580460743.4645919
b9a573a3f2cedd87c7dc6477,848506726.3830479
de54862f5b7b8ff345c6b297,482092527.63034433
16b3311b337c0cb9312ddba1,429175530.0079199
a1c2003dfcdce97d21f9cd15,1168212114.5800493
262688a95a32f10fa070a887,527802294.0318014
8e374b19fb87640c56243088,1004177019.9136283
4032d6a6a13399797a794ab7,910947063.0979345
99f1712af0fe96f67d11037b,474383970.6043192
bcc584e6a08822158e2a1454,624619436.3141493
ad14f4403926de76de2604c6,313339411.63127935
01f855427cbe3eb51b38288f,728683270.208452
4673ef4fa28aabb0fe61043b,311682348.69239616
f4cf541f02d99ea1851b9f12,530283590.97798294
bfe19954cd4680149c682587,704176447.8321712
fed8f3bf4a2d7a426901706c,512786598.2956753
480aa7fe286f4aa31f56d4b9,777216536.2471986
1e9850a50070dd51861a5e63,488862218.27261794
e26dcf5836f5bb53553cc413,488862218.27261794
c7ac975025713f368bdb0af8,1411887692.4944036
73fd5bc0aee47d89a160f5d1,1080654537.2196116
5bb9dac6e0e9409e89aa6cee,800790622.4388562
9b15aa6c85804621f5c42566,904352932.3174788
199fe72cad28e4554e359ff1,1034753552.6808172
b28ba88f3665a2f26c2f8e47,1312652256.9484236
453ef603a66a34f17ae22227,1144889442.704502
d8f4955ed4fc363d6d9ea897,1031913448.3139659
f2eca7e3226f625807f7d6be,1242580856.6297624
361ccd7f37ada9c07ffcf71c,989346251.1889269
e7d1ee027da436cbaa122f48,1000750633.2137429
554ec896fe4f9d8f2e8eabe0,650385329.6051782
ba79c72aa8bbb0517c899b59,1197351093.9959738
69dd957e78fcdd4d8e874acb,730046599.9608947
df91a3c7f364df5e6831f2de,602009672.9786628
77866048ba7b69532d0a18cc,1075792864.7932372
a792bde8819aebc5b2d73a6a,874656780.1956279
6293e4a72b5c84782bcdbf78,1053834782.4430535
bcee01a5d6a36f48d99a5e4b,452742375.5693696
c58b56f1202d1cdffdda3021,929250579.9374849
ed3275b560f020baeb9ce3c0,641284701.4231554
2a872557ba401f4c95e0ad2e,1070550731.6279575
6b8c1c7c855656b0e56f0bb6,1216737964.3289173
d6297cc548b16bff11eea51a,1059283944.3322502
dadce7c7a446a6a177821b73,1085324939.7580085
f5d9d8082e7652e97973e0e4,1147368442.25285
2ef9126614eeef828f797e66,707273735.6431735
c70439fc435337f1e8fd2f5e,1047156601.0766242
79631cac54b1e71c1022da12,1242580856.6297624
6fca3b70ba2c68d9e0d2540f,454725068.87119156
5b29d453bd368190e0e356c2,1025863236.1752154
25995099875f0ee622ebc31d,999939730.2760713
34bd7be0761ab3d43da7a81c,777707373.1513218
b8e15d182ac0c74fba332b8b,614474833.8754027
901e3b835718ccae27c8831b,1170482613.3202922
e1c7a101e5d518583f9a2a7b,862490375.3480406
02f6ffcfcdd3dbba94dd7b33,899611535.7652153
2162e09e137eb5f4a1f32b16,875928930.3097956
5eb815f9023e6eb97786233f,1319318917.7295108
d2ab14487e0ecf640a785277,1009862388.2789893
437167a9db41b677da7d5a7d,421072850.87455136
c3f889c41c1effea85bcc706,416578582.6900097
155da5ad9ad19d57a7632cd0,661920219.5482692
43d1fb0646562c3f1dd6fefa,542658069.4155436
8eb66c4b057dd4b07b5fbca5,893440215.5885812
f9718594fa52500c16e3cd71,968786700.3641839
d9c46d54ba6df0d21ed4ca49,619730239.6407411
d3f688e0deaff6648f2925b6,456342018.0214994
093a92c6846c924f88ba8750,1171275425.7371447
9b1223cd8c9d7b348d6a5c94,1215158563.976159
8209afd76e36d8b5c4f7a991,471289683.93712324
29fd909e7cef62de53430e1a,480050934.08463484
76df3d616d8bc1de789bd83b,297027284.8836001
8aa5d44a72b2a6851d14ef86,859549081.9440598
eb4e1b72abce1d184dd4d5e4,650021961.2590663
2ba24fd47c2ef8520bccf6eb,529182271.3062416
1c9e38cd216595b33e283134,1218182323.3859289
2fc150cf6ea4141106bb8ac4,561492303.7943715
8dd46fd8ff592358e4c3e7e5,452802827.23357135
d5e001b2f1dad3962cfff9aa,899541187.7296816
6e73e42a0d2ef8d6e403112b,521108249.845912
2537dfc786054c61eb3a80b5,844114472.5549319
19c77db46d23e0c07a06a8b2,602009672.9786628
e6424086fe1cf2a2931f4847,844114472.5549319
66526276a7e8da597683e8c9,478036221.6851981
cedd20027ebbf47baaa0dbff,478036221.6851981
ac7c323295addefb43c62acc,627620528.281972
a8e74eb5eb523143cb291cea,911701447.5291154
ad393e9070779969b496fa72,919008002.6833569
64d9dff81c79a16579cef2f4,1201061098.3030963
ea91281d5eaf6b8f436d47f6,1201061098.3030963
06e59cc783be86bd145a56c6,1250705713.6365094
7458171e4db497a4cc1365fb,1057003324.0531324
12d73fb8f4ca87b19ca46231,627620528.281972
5e935d4a03c6abc86ac5adfa,1235724372.091586
2754b4e12a7604efe8e03f5b,1157642901.7846162
9ea7a0d65493cb5487ed2084,461502880.46899503
7845cf57552577b059dd13ae,456978726.62215364
6e710984bbf2662a9cc7bc4c,298522722.38999933
47720fb9e2586dced75db114,531562574.15185374
cbd48f3342e63a84173a8dfd,300605942.218726
cb83c138aefeadb184d2c7e0,554964480.7697492
397d4e490eb2db8a1b18051b,567566215.1518751
4f65732875c007d3c1102140,477094368.4364675
1f8ad363a0539a6f2455c3fc,470911393.1570706
9535ab027f9f2a9a8fdc21fd,457942879.9149948
248993a27da888a6e3ffefe4,422554017.2105955
cd07b4553b6d3863a9e444e8,1002689921.8588313
f53fe605b0a2857cf3facf73,1092461137.9805915
ae48e30b60ec254bf0dc89ac,937033720.0612065
2a0e902f3c07cc9696000177,388237652.6954441
d57535248bb34f65ae678a39,1092461137.9805915
9949cbc958bbc0114404960a,640744295.4021144
841c57617a075690ce412083,567831501.0595249
9fc4385ea76cabf741d38789,873693048.3348035
0367da7dc5374f1957a1b7f6,984050378.6998694
7703f868650a8252e954e457,485774476.16017574
4cb9319ff5adaa62386b713b,1062160886.6838217
dbb30f9d010677de2aee1b71,705434721.6302128
0b54c51a787fe58bdf677658,1059952915.7544948
5234aeb6d817b8ad876e50fe,648527221.5608145
77359d0d34ba4c9d825e46ed,682361527.0748093
b84795015be5077f942f5170,661551668.501988
75f5290d61164d42b39d9d51,694827886.0957427
b46d50c84edaa7feba938671,1062160886.6838217
be8c05b72ee7867fdcb05455,1216654420.4313943
356712646865d98127b92a57,691465861.6986288
ab765acf8b87daf1673b3a97,640744295.4021144
3a2cacbd3b4f9a23514b1433,1003893593.2005781
3c6d485d7b01ddd6147746c2,637195338.8609568
054cd21c3b12f165bd520313,792290329.3292645
e114160e3ffe6a703eb42440,599590606.7709093
a38b2d75349c56ce04f02a94,984050378.6998694
71fdd2b1214b9371ef149c1c,989818120.7378261
10970057efd092c98037498d,571670847.5354425
7543d0e85e6328ebc8283d75,320474057.2810983
db1cfd89dad114c11ab2d409,910420754.6243328
760f24a443eb01721c6ffea3,887917320.9181864
a1508f30ba87423e7393b4fd,1100817332.5742905
5814dc311aa87b24e26aceb3,1171275425.7371447
f26c2bb4d5787541e9c36463,885181351.9669151
cf07a5af6ee98d735bde14bd,748811698.9285401
8b716c3dca89b7caa7db1aad,583815071.1531652
df89e7dea6c313b0cc262249,391228907.5487474
3e2c1d2cba8755ffad9cff27,655286356.9312851
6771a8c70428fec0f21d51a1,998030507.129129
d8171d498291341094daaa39,1112428271.970099
3d43dd23536f843c2c5bd268,885181351.9669151
785dea91d94ab384bbd6ce3e,1068555601.6714379
6c316d2bb84fff36bb01f14c,1122430524.848262
08ba99aa6a8ee752209de6ae,734293354.9166032
d177236e8c725d4405025916,1027945295.7719394
9a6b537a7319b3446977919d,1146681480.4543474
e2e7b03feffb21bad63eca2d,1047530161.4297222
f2fa898e1bcccbdb92dd91e9,1226725438.6090508
2c340ee014e39ad0fd1309d8,993521595.4069269
7ee83e5d70855ed21455b6d5,993208970.9132638
fdd4b5fcf9ebadf96545038c,1400731969.0758338
512b4ad817c387bed877b7d1,1068555601.6714379
3ba644c7be754c21e3cc48ee,723451278.8273479
cb38dc837baf3e0531c6c115,839966016.8296062
5e931fda1e62fe41ff0f2ba2,435199653.7555727
0ce9a7d4b0682dbbca68e070,1091786226.3631477
8d114cef336100a8d8c81ce1,836270098.1530235
ebc3a6574ebc530ef715ea7e,1044168926.828366
4c2b14bfeacd87b878cbcc92,1206304795.479255
577b17cb350bd2a646725b6d,859186837.6879864
0dbe463995c605bcdffb133b,516887298.16573167
88f3f39ea06fb882c69bbd10,782525352.5003861
e54567ced41a40938b85485b,743248033.0419685
cb6d29f005078d4d4efc2d04,629733351.2476194
1d0919344e52b315441aeafb,909186947.17582345
62c39ad30e9a26d8cf3593b4,1122430524.848262
a02bf67aecbac445a12da958,1100817332.5742905
06baade01a74972cc4a419ec,697116427.7352728
3943b64f9550a575f15d6d29,993208970.9132638
b62d64605362afc574ea5b0b,1299417348.7838583
0ef45eb4356e2f0331ad2457,924126557.7982763
6700ad4d4d7f70def59a5d59,681093742.4729872
19ad2fa7e170c67870ee58f7,1058185403.8133622
919c1e281329379c4d130416,1190508006.8373127
8a451ef547efb90a8fcfa6c8,1013896096.504474
5c208e5c37aad07602f7cd7f,646159052.2458787
164fb89266e40a2530400599,456342018.0214994
5fc0f0c4fa019b6f1b2a016d,382155165.9399663
3b16ff50ec7fa717efbd62ab,625121203.2645978
30e6d4e1c53e9e81ff66df43,571670847.5354425
cdae3bf05372c13649a2adc8,320474057.2810983
170a69c11cf4f855ed015bed,1189729406.7125585
e14b31f8a454e47c383cae94,656938250.1359694
14a8134a56af1b328321cad4,965355855.6902478
ea8cc21bf7d48979bcae1458,1032330795.0528337
c287dbff188e95f833ab21f0,593865662.6562527
2cd0b2d7561919f0223608d5,298522722.38999933
1acc5749203f964fa8b2092a,444219333.3707403
9543c16bd5eea47111e6b266,661551668.501988
d415dc486936995f8b3704e3,682361527.0748093
ab946dfa5b9d7214a3756978,1068555601.6714379
803711fede531ad1621a6823,743248033.0419685
f83f29f28978d7dd76cf5942,1206304795.479255
4bf284e6ba81bcaa21a437fd,697116427.7352728
d8ed50fbd5ed46d36b3d2dba,570728450.2555448
b40128f5e17574a5d3da9a32,699261778.6910409
506d4cc6613a07c313a12de4,738319740.4426066
558b7d06789a1c8e488c38d2,847798164.0092613
38410183814a757520143737,836270098.1530235
560a750cb6f8683ccac4563b,1216654420.4313943
48740edcbe275bed3c82efed,683330531.4412203
50b2bb276e598c9cfdb42b0b,691465861.6986288
302adfed183564312f9e3087,1400731969.0758338
063e53d45e5e7945f1f10fc2,1226725438.6090508
6e2c39fbeb5392e6aee9b644,1022723667.2935168
8d6c523d4100ab0c83a31fed,1025166894.9473623
6d6aaf30227f16b2be29e79c,1100817332.5742905
e73e5e75cb18f52dd7239361,998030507.129129
dd625806063f76dcf53582d5,859186837.6879864
a4b16572b8bb786561baa3c9,1122430524.848262
9446f801f30e8b2997fbd72a,1001185929.777487
941569c4352c3a2e32c908c3,1068555601.6714379
8b4c54125d9165554e4123a3,985746704.3148569
d50f33fe5acdaf5caf1c6ac5,573551561.2066166
46ff039321805b51870c64f2,1203553827.0034354
1ac6c220eb690db798a3d4d5,778042684.571813
faf872c4bca132b52dec368c,702905670.6964581
d92232d77f7a124e7ff13ee9,789288793.2657217
f9a136d7944cb7768b598a88,579000051.1523169
e03610db09ed7315cfcd64c9,556147036.9104254
8c51f1b43f15b70d2a294918,426322455.5800441
21d141a84af5f0e2ade9b0b8,704513649.1490915
55c7cbf5e572d2342d0d7071,793485056.5778545
54c0e5e6d368ec51f6e75c1e,858047011.309383
434ff40bff8fad0962ec07e4,473302141.7372481
0a199d5741b5a6213b39b793,536453566.95225775
9931470b50580f51e1a4fac7,392208412.89175594
89498fdf642e770ea75be7d8,876482107.2228844
aba39002de605f9ff34bd542,593722958.4881276
0c1c0ba7d75dc4090b7183f5,1087459231.3864138
2ac425aa592565b44b25cdc3,775463327.9149083
c0cdcb5f860e3a974c401861,780303123.7914629
4ec741bc6ab20515070cf1ee,748633189.5878458
3d4c48167a8de8cb0e4956f6,1045958910.9031669
f5741fdd9f509d3bb02e35bc,1163955138.2919097
c1d0c0846ec652774ed5474b,974364616.8965753
ed2c02ddcf0e54789d9d2675,1027637519.7977164
0e05eba6eed4e55e89dc5f14,776819348.4338577
b29e5a75740c8439aefc9321,744783495.9412539
218445f989b2da5eff4029f4,858200865.0120523
0c7da0c2613129bc322b1da5,922105270.553075
a41210034abe19957b317d1b,979780276.3499995
0cb4217cde38e09571fa73ba,832984368.9597579
9df0663317db1cf4121a222d,870059459.8109137
62be98264dbfd418ba21cfac,911395446.7711965
939ce1536f15c0e6bf203dd4,1084644092.7913227
d9028df78f9b14a720dbaa8c,1084644092.7913227
b05f4b5fae2f2faaddb377fb,665481212.0515959
65ac61968819927b8fd9b990,480486969.2518846
1e83b53963792d7445e19d27,999821488.7794503
72eb1af691a950fbb7e8d635,655956624.2059001
94fecb92077ffe3a72aedec4,610667074.9423034
f660a48b0eb17e98dd77c0bc,613299254.0322965
27fe3fc3838695ce34c5d287,445513318.10805756
9ff4b1fc1970cd5c102cb755,829724209.9808095
b54940561992090411749db3,494564396.1020686
d4990842f549d8139fa94c87,584910706.6674359
f6013cab49ef9188aaf87972,930316406.0076734
cc2e8713dd087d3b842d2f11,358558800.58372957
fb8aa6b6c5d2499d404f3f73,820786841.430637
6a8b9fd89b745a52703715ab,542071520.0205548
4721d06c49413558bda1fb68,576491987.1173384
0100b3a412accebf6a3aa4b1,419356049.9884793
215e8852679b9cb6c4029ce3,429946512.3942811
0afec1b2e7060b99dbe41a10,421522845.48268634
4ff17c9b88aeeff105b8301c,397058018.0998201
6eee8548b87c9349ce90ac2b,518310900.1400502
9b264d26a196a76951308cca,706211508.237551
945fad7539481410e8bb60e5,556147036.9104254
f727924f0f35ec9fb58d0c31,295476775.01631975
c7876dc81e250503076f43f2,628291257.4749713
e4f3e425e9f6e393999d7a08,476833274.1265148
cee1833e8964355b9aabbce2,508930971.9585638
9a1819c45b01c341647a2410,579000051.1523169
ce95aab452311a0cc27e0c7b,775291773.7392547
e6eff72b7c5b0fc2677af2ad,483258966.44859827
3b368c10d243f6bc9c027061,295476775.01631975
510c03bfb80d92d180803887,629022688.8847884
664934c8e209352d2c79c971,483926769.605522
689ba3a92dd7c12f1965031c,688185732.3152766
93d4c413d2a1ac59f1b46830,633141714.3646353
08b09c586530266c14e611f9,603335053.219577
7157dafd306fa99e4c2ad233,603824328.8754632
74e15493f395fdd312d50cc8,347175307.99778396
c34c94e7129f84267a5e4fd7,601529898.9658488
fc0572d7185e132770c3bad7,641464530.1967558
5c1bd88edef0a4146c871fcc,673871728.6986321
a28a31f7d0e3fc6298606078,558513322.4606347
f388112376e68ccb2290074b,994213508.3291093
05d1c33ea8c89ded7391ea92,418126873.18455267
dfd84193c81ca8430fd27ad0,641464530.1967558
8b89813a4ae5f9209f854be1,948840784.469209
d7b9566ffb28c753bea96f0e,884690178.6015555
8062b4109c12a95dd62bd43e,697604577.939851
6d305d6f3e3c2a53515d5f6d,1121593758.1715727
ff143fed55f12a0105f9f88d,697604577.939851
0fd9a2a99c44c9e5565fc17b,1203211831.686902
7f85c59323701ee0e75abb92,436965480.98723525
19baa03dc4143a83920a7d2a,1429719043.6936882
bc23ec33573f28442b36f60b,440453966.71596676
9957e5492f63fa295772246b,811787793.3609126
62e376b22a4cf0d84b7f6bff,902825947.0461786
0867853879129bfb46dae700,1033185701.2390039
92c5129009b7e377fa004a93,1122443370.1197367
6b9d38e0b9a3e28e3e695be1,1033016239.6389967
b6da2728ee41d035da57c822,1084759951.4667785
adf5879151c7236f5e055e1f,705479124.8560969
bb31607d0bc3ee4a37fc912d,831419292.5813549
3ef8fee6a5cf42827d8bf562,1055967569.8936551
e6016afcc032d20fc9d6f2be,671331617.6679356
f3962b552d34eb8bf38b4763,1202369881.7914903
bce7369d51094d3a9d3495e6,1394137792.816301
55bfd350162592f2571e3a0d,951758992.8203769
3f226452520ee8f04e306bb9,1117270090.9672637
b16fda9be5edaf4cbcf07122,1033016239.6389967
e6f5ae869a5b7a30e8f0fd0d,1139408407.1233635
ab0babf6941ef43c35acb951,940672458.8684169
3bed16373c8ae820187e3d5a,649919064.4684893
bc1335d419a1c0f6e6860470,981448649.2494644
98575cb25b358dde32ad042a,1139408407.1233635
fb50f2f13a30fccc3903577e,965838389.032716
7a608479334951a3afdc655a,1275488009.9925416
9cb40496518bb99a7a00a2ea,1106406021.8902252
a69ded1c20e05bd6b3a90028,806309674.3966516
71d422db0c0c638e448142bc,849202923.0432731
fad033a3c81708df7b6ee73d,1118297716.6313381
99fae85157be04554b236007,478857529.98027503
dcd314dabc7d162cfc29c81d,748940252.0095122
1c65d5172e53b4c7f1c4d6a9,857781923.909311
cb6d4db44c789fcfe8236b40,733336001.0019308
ee2c509989c7155bb472c5b0,818265527.392542
73b60c9053ff8193c2dd2823,567943066.4398905
2a487cfffeb12837a5586a41,413449495.75832194
c9d285946ffc4c4b3ee95da8,1032185098.2449739
6a21be8a7a429eacb1de8c1d,1035268799.8573469
2a7fc28219bee48a2368e730,786093190.0030024
5b169f28ea1dc473ddf11580,402775726.3365834
58b3ab31de2f9fdb0da0dc8d,1189409488.4782274
2054c61f0162a18c6fa2291e,313718549.3381094
39940234a26e7264b464450b,1024830629.7921071
550157aa4dae5fafc5d795b4,572727306.1039865
ca87bd8401c0c7bbc4b3f286,911308533.4725485
a8fdb6fb681aeae4d5c22f9a,1064759251.8424594
998c864a446f06d114f42fa2,1189409488.4782274
bc57535516748048e38d4a2d,687293736.0186707
ddd55d8001b809f304883ce4,424453888.32868785
b9fecb3e6a507ba17764c303,372160089.7050547
4bd30aa3e2b4aa077ae27490,693539585.4251069
d7ee2851bb69088f851970e9,1183320276.2657425
40eb0c78da8b51b53548d914,836571618.5782634
1097d9a61690cc58a4b91e62,789233093.621762
6aebff5b1fb3a438c2c7969f,635814979.0525416
af672710affcd7e44eee9ba3,405519171.257124
fbe3b74f9e11c829d4dc69d3,908595798.8992636
6b7219005737d8660d134ace,1224294465.683198
042bd2cfb2d33467149ece1e,1220945769.1795695
d5999beafbdc8acc8a6ad809,720134787.9660095
4ba65b1fb8d8ab0a914b0b8c,640509690.7926401
230864c9c9c5959f9f0d36ee,588036093.486574
8520fdd4f5fec0ba861ca9ac,514944821.7001445
447dd594fdadb1b12ab32e6c,519557042.6366962
3d405df6e5dd012419f43ba6,1001487693.722527
e120c33346ead011ab7789ce,505776279.320348
505740f7746e0154932dbdc0,364867203.3347518
e9a427f23e80fa59d9d517c0,466439109.8021337
97388d009acd9e5ad49e7c4f,295604170.924834
a100f050c34e438070ff487a,443967762.1342208
96d14a1d29b7abc2cad573cd,674083837.9467847
f69e25355ce3887bb1078fef,604576859.8083757
86276ef138e0babab9863276,275482411.91052324
344f3bcc1acdba48c12f8441,579659726.5728445
f3dbdb2b69017cfa026ee18b,915849514.8374636
ba32f2964e8b68ff5555fc34,1027821782.2394106
fb7154b2dfd2a48c13ef70cc,696564843.7792125
089dc5de66c6c4132734b9c0,1006963833.4517193
5c2ba5028fd94a6b9859de70,636397351.6006634
e8544410d811163a13c6a326,918093460.5942217
74d8df07206df08e8f3dc232,1234045003.7911155
6fb4126e3ff41b8052fd0657,622440660.7395617
ba35cce2e715bda1684c937b,895468692.0957658
d7997b9126bef50985bab347,401856433.01889694
da3aafeb2d0105f8e09c051f,426018447.5872856
5daf1136686fc538db40afad,323200790.0860299
88f632cc304cd769e2d4be27,480082066.32690483
c5dc941305b5fb59e66479ba,513659772.9096689
ec422df56b811a0aa42d8bbc,513659772.9096689
bc8bd1feaa8fca4c52e130f6,459071902.0248693
60c116411ab3cca49f7f49f1,496863847.13754654
75ae43992df8ef41eaf9d98a,377849195.16839325
87ee5c7c49ced4ec99f44d5f,556186286.6481922
918f56ffe325f21522cc60d3,452403995.3645387
dae09210f48e5bbe0d31c728,434311548.1956535
c1ae2af40e1ea9da6380b8ee,995281705.292192
e7b717278f7c95cbfceba80b,699289787.7079672
387f18b1f01b1aae536752e5,671646685.5857892
c036fb38fbd2d1b59ed5b7f7,604325527.7951152
76c510c0ad11fa67f0e9a4de,604325527.7951152
ff46d9f7dd86b8bff7cc305c,581267301.9616768
23d95cbbc056b4456b94c97d,857047634.3342199
fc65a77fbdd07fb490ad870e,562919564.5705802
8f0a61533b6a01badf43b6ed,787630028.5970718
c26990b034ee83450a4517b1,555280006.6342884
53ffa19a09c447f3759f86f3,1303108023.2194023
86d80d3757377df6f2b8a0b3,917228812.5983984
c757b3960436c23dfaed4f2d,1153338643.6828923
fd1431e595693fac0406151d,536643916.65531176
42b6cf2a5225dc62342d3a20,785486186.2030652
6f8a0e8f1bce0243ea50213c,835468168.4077429
02277f636716264116015dde,637453045.9363801
b72459ea34fa22d1fd012dc5,841779956.8405092
cf4ebcab3fe4d12e1a20146a,822848092.8880203
ae2c10850b4a8ffca934cc72,1194497508.5766428
0e22a41ec27869c8f83f9be9,910771593.1425729
22a43024821ad081e654c5be,617393033.4751489
2054c223fcd48a48f67d02fd,418596872.7226732
9af6ac77a9aa0c6da3cdaeb0,311682348.69239616
6601706d2133f96aecfcbfbb,429175530.0079199
ce011b7462e9be36184a2984,458841674.3007584
f759f71e444c16a59187a067,620772493.7574912
84cfb0342a0bf2c6777de39d,659885657.4337021
760fd4c893a56a4586030772,702571919.1002178
fc174b19baedc11f78b647d2,891873816.5007691
aff9e510eba008f3ba5c1847,728524844.18629
a5a4c0f268548993b61d65c6,1220652379.5106218
6cfb8a07fc1100569413b33a,680447106.1846802
94301e20cb91669986c4b34f,395103636.11257726
52c1ab7484e412ccbf5d57a5,720467263.3332778
2538cfce1c108ebfb1056c8d,1122768832.7020793
d57541684e5c00bd9354cc35,1082021967.2701988
123106a60208725514f3a343,1168212114.5800493
7f2a2959f5ae816761be658c,1219453940.2418814
fd5758238e7ec91e415779f7,1043480062.5735965
e3197263bf47b3d37f027e11,1108440110.2419658
8e5661e79f4fc282abac1f37,1237247904.8541949
cdfc387f8246a1bb3110d724,1126851534.2535708
c53f3bdfe8159bae98ab005d,1242580856.6297624
200ea08f57fa23013d0e661a,1111346685.9523652
603c736378e07570fb985ab0,656398424.624222
cc019e30685c91634d2fd4f4,904352932.3174788
b0d394d6c9b8967250854c66,1173596646.533779
f7a79e1211fc72e06a3a82b6,1031661547.0704192
8a1ea9d91b3d8a66c6341243,1082882911.338748
22903633f8c4d91158f65c58,622035953.2971745
bb67d95fc94532b1fbe80ba6,981753826.9393669
a8e696037f8747f562ec98fe,873183267.3193806
72e4fa00e8aab44cf210251f,1155157126.1897938
d70948f87875325380885803,1390043474.024171
a0e53cdd1132bd19b8ba0c54,1006138300.6624835
882eb7115cd5b8b09fca0e47,722284846.9247564
529d6599d8a64c63566a11e9,461313666.186787
e26eafffe4ca3c22b7f4a272,754874732.7838277
4e4abc111c07656e5bbdb0ee,1000166716.8430187
46e7860100b0c09a6a475b9e,733901304.6546584
7bfbcfd0fb8f5b6d553c2d0d,643174807.2375362
5fedc401fc32ecc4d9ba7e89,462665387.81760633
aee8b22ecf19495fc5894a08,643174807.2375362
313e17c442fa3040065b7489,748587498.0384939
26206185deb023a344eb2e99,1233661401.5141697
4a9e2358d64df916e2cfa213,668630167.910253
2f6515defc3b21d82e0ca4dc,448784909.9687658
a9b18720f68c7002dc71c3af,560844745.7338903
af911ba38d5376a8aa53fcef,512504993.55591
025b094e1ea7248f4aba72f0,333770809.2047195
f81aa0f575dbbacdbdc681f9,496362770.5944415
848067a69d18a171e7fa34f2,443947439.3680309
e22ca3f1c8073e246079d57f,807362293.8263154
11444a88bb3b230b4feb5b58,640942309.8795844
7a9264f3a12de839a42c1783,639386735.0779425
6d825b439d8622ab90245049,703101438.1342545
d2d317f2990465269ef58c41,843046095.5666924
2860e4435c857cc8a661ec97,1138046594.4201996
39c70622597e64c4821d0731,1018489703.5952312
2d6f5bc20de99dd0bd4e34bc,1070550731.6279575
37ac1ae3a7e2a3319eafbb58,643922337.2917265
fe6fb32f623a9e3d5586a8d3,1216737964.3289173
501531d637608f7098ba6242,698517949.9022388
69f59487924240bac2e75bd4,1059283944.3322502
358e1287e24c3c4fb353315b,993968914.2019591
55e307c88e2a943acd64a9a5,885755576.9495676
19105db21495d546e6792a25,1022862175.703754
375419559910484b17782b47,1242580856.6297624
c9d254244e315974cdf5d921,1147368442.25285
adeb9a6ac3d357bd96c019ea,888422147.6050118
b08e0cfc5bdf5bdf5068ebdd,1128150458.7515035
8da2439f391c6db92b9260f5,1262613363.4003122
d0751cb5e704e28e03514fb7,808968487.4849768
9051c6d14018b4894b560e2f,1067490202.6311612
54c3eff286c62f05ebe2ba57,476158003.66221017
975ee5aeee84593bbeb331b1,437418276.3390969
5102f4786cc032e24781c7ab,577993754.9116198
cfcd97bfad6e013aeb57a2a8,668757711.1571912
f304bc9e9edfc24eeeb720d5,717369663.7336704
bd05a6f6ebf924adf92e5577,952561709.7446297
a7b459470ef58ef3bed7437b,441466608.5353146
37e009a57645b845b1673b8b,620443420.7892797
b70082fdca35092802f8745f,444380345.96077216
8a69b9d7461107db6d16d1a9,1007607450.4692957
adf055978a7a8e9bbd88e741,357696760.93689156
6c02bbf7f6b087a1f0c8a47a,581995050.837478
d91017d9c530e058ace2e017,764609607.6496742
89016540f8b3fb727d863bec,1062766806.8686724
506b653545eebba4c8821588,1250588828.038755
01fe5add1e7df4b15dd73bc9,542138728.9460142
4911d01ea0a4505d5db5bb2d,641663991.1300764
68bda8b092d5a53a35dfaf07,1137304473.6408117
70bec150e1d8ac537cfd90e2,1022700259.2743157
0e21abdf04b36e5f6a1fc337,1463824865.7230556
f53efb47de2bca5912ad7517,1024463210.3220932
82d6244acae149ed9ed88e8e,421029483.94058776
755a4fb96ff2b2276836f49b,742686862.2814652
f15ae83fbc4e4ee3f646b4c9,580081118.2919093
eac458ffc1da75fa1a4ab384,580081118.2919093
6f7bc7fd41ed908494d8e098,568080657.8138384
12d1678bc86ccdcc8ad756be,998634128.2980113
6e07d31b81f3fc9b9de8e1a8,779027198.0414398
6c618bfe55cac120a4f1e08b,652087052.8482883
22958cc4622a0050d1aead77,622127315.841907
c7c3da1f12d872a3726736f5,584597299.0152562
ce30c2c7cda56a69005300d4,678534173.7436137
7a26e5936765b409b7b73cf2,1179282628.744154
8d5a73b1d27a66b3f72fa662,1044684877.1502751
3b8302dabc47048245acc09f,687957376.0502031
909182c92bbc39b00536ce6b,500068811.222607
963da21c3c571d7bbc36f1b6,516480288.2857025
a73504d5982fef268f5ff589,819411896.4055672
50563038c05963223b459beb,730209535.1867031
b9a0058c58cabd619e226178,1100225392.6156194
0037d98f6ac46a86e36def45,555031170.9534844
38117bca778373247df86e14,665580225.1818494
4eeb8b5347526d721092a7be,821960258.8752122
0b6cd71df4dde546e665f865,821960258.8752122
bd066d5d19d41c06b904d51c,800906712.2572154
f10e210fc04e3fb073568323,821960258.8752122
9f504cc4e6b170155d38c687,821960258.8752122
3e4c1e6435ea1a9c3150aed0,665580225.1818494
052c93502aa794e0574db9e9,821960258.8752122
343f45e7d178eb780a9a9818,665580225.1818494
c0c4fa199f0ad751930cf78d,701879454.9368446
5d86154fc1769d4dccac1269,715610854.6405492
e1fb88779e55aef2b66f2c10,555031170.9534844
c26af6fdd00a85a17b823d92,821960258.8752122
be3ee4457a26c6b6ad4237d7,685245222.7219596
9bdc79dd02cdf39f92e8c869,555031170.9534844
1d4bafec52ec7575161bcbe0,421456119.5094482
0f15a78ce3ff90b6894fe3c7,439606283.21037644
afa5698724bea14940667231,1169369116.6103787
4d8e365b35a6b8ebe6d7a15f,489442534.3259979
6ff848f65f2507e58cfaa231,344810132.58995235
e13947242fe19bc3925919f8,374503517.2378807
c02caec41084656408c2696e,800314219.4918461
d6fd079beb9f759fa4c6886f,318981191.13780224
d14f7f939468e641c43abfe4,351631023.00976074
8f6076f8ed13e87862d82255,557164180.0178229
8d5e662ba25a71727f1eac77,1055140099.8689163
bd2f9648ee9ebc1fdbfa53b3,520459614.2404521
da8f986b6ee6f594780f4a91,1055140099.8689163
af7131ea57639ce5aa1e102f,1055140099.8689163
30e10a03626eeaf8bc2c380e,1019428418.9430326
6caf180e36fe18078703db02,398983254.55045164
a40861d6573e4539ee3c23e5,664075040.8852178
d5f905cebe05262cfc44bb11,772961811.6606126
809800b56b7b29399986115f,447201561.4970441
6b2d7f88f15cbf7d998986da,1382249382.0243568
a0ede3a514cede68b721d994,566028919.527924
179d467dacdf674a66c7310c,1278032821.6110566
97f9cfef1e35be84ceea2a46,1619966504.6055057
b7e01962fda2102f1402a444,908595798.8992636
6665e5bc4774d04321d1ba9f,561887627.7178206
6c09a3ccddc797f77d63f1bc,1424555323.9708164
97986583e1c988373765eab5,1080390737.7486358
56807890f8587cd75893aec9,714036107.959048
0f2fb3cf22613a339c88f7e4,917624279.2052811
a967a4f0b1dd36d7264cb408,1011489376.2345722
08ead1ac0b9b30c2a72db17f,1172627794.3704326
1b989360ec91f5da55806bc4,1422849991.8577445
b289cd856f9d15493d31ef6f,1086002071.325259
88668347361a227b6dbba15e,979606494.9841832
ec3f1679451b9c0037f89386,990652936.8660791
9cd01a5cba1674559752f5c4,1509349975.2284036
2bd96c7fe678945fcaf9662f,1085217300.2578745
9f118569fb8b084f0615fa22,391343840.75595456
033521a46dae036839ad6c90,334818412.0440145
bc1ee1f8ffe1ac88f08e2459,649268588.5259938
c62886167530efe1f84086ba,640493809.2108327
d58f191c74d26bc1fb02cfe2,721427081.3200611
981b55d5c38361caaddaddad,623353107.1852351
ef26c0f1cd9e3203ad16558f,716008156.4308902
74cd885ec200a0c21fa9e03c,626582312.8172368
fcfa51e5eec6829b9f4f2c59,502367982.9252479
c3bbe8c09f5e58281dddd412,652043522.7940047
8f36d25584407d9e3c326e71,542729491.7461615
51f4aec91124a9a96f4c5372,656622567.4194518
b7becde9261820feb7cd926e,601800729.1430706
65070c554133f2b4143fe051,504543942.39361066
c2a2ddb94f60de25378aecee,1117747542.2370524
5ec3abf721e13b0d55829bba,1195190319.665243
502aff943d74cd4cbb976dcc,1019373977.0455163
11e6e5ee92c97e31d34db891,809264794.8457396
b1589aa1f58f6dffa93a3a61,994164205.4453894
783ecf989538582ad008fd95,997254143.6635755
1770bd5b0a07a6aa785e0caa,1013723998.1652309
53715a484e20d6152c76fdab,1166092804.5116396
ef73428a38c201019267afb1,542050842.0274686
932a93e3ee2093d7f806fef8,859932801.1541445
00e9afbd1d27062a7bd40a3c,1334308070.1598275
a11a82cec7f8a243e2f90539,778042684.571813
e4a70600296b0bde6c28fb19,702905670.6964581
0a1b1a3d68b04cdcb2d757cb,1064824241.5731343
7c06a2f06cb4226f9043578c,767117745.8474122
5e113e1e878da12e312cf875,1112368863.4772155
a72f5204153b7c92f52d871a,789288793.2657217
fc17f35d300be9680971f95b,660735781.1722559
13ab6a062601d40843de37b8,719921919.4773754
22abc78ce812c519511f8a4c,1230413806.71059
faee4c33e892029b79b63742,1199554669.6138384
c8d39eef5a5422e0da4172cd,877711710.2713664
b13683c625c97c23333269eb,505647027.15112287
00e7c5894c739852052f566a,1086180225.0091481
2703313a3e5a6fef2157928c,718528158.0109639
8dd453e986d05c6c1dd104d2,1046270178.5040385
22b34331d7ca2ea642d29946,796935642.3412032
23187388f9d6e2bffb88b9ed,753587202.7371491
6b49a668de0edbe7f8110740,1234376927.7437243
ef0e5b23069a9fe377b77ccf,1173596646.533779
c37348f8247ade33ac513855,991539518.4781905
1d19edc1e0d907e5ab0899e5,619766884.0145243
c73ee8d419b96c6e7c53f95d,631667718.745819
6251cda3676ecbdb6555c526,804412586.2746799
d12d6ea066b67c3db9b2dfb5,951886074.8389221
8ba4e8e071e458a13efd179a,720254296.5664741
9b8d798a2c455a960ee74503,435177242.2410609
d663ca1a0d29b4cbc5cae9ce,980032594.4808459
dc3b8d97b11cc2af4cfbcc79,1173227359.0829306
7d50144c4b2ead9b7b9f594c,1140336762.468576
ff9cb7bc0b972d4515ea3837,305351445.0230527
267e46cb9eaec6c7009348b6,366000540.35749984
1769a8ec5ec94aedc397b4ae,487648769.5909096
dadd9ddd29102f529caa3bbe,730216499.0407119
251903f4b947b337e0134415,1170482613.3202922
e1b753c283bb9c6d4e438bec,1036901120.2629616
16fb51fd3d35db53eebbe5b8,1018672325.770863
8f543f9c31af1eb17ef1e353,650699254.7703215
20c3cb2d4fa486b23eb81bc2,828193692.3307055
6fb9e9ac6d44d3a286f317ae,528480240.1694693
15b57b0ad8794d64a2784ce6,478019809.8956829
d9ce31250d4ae25c3b850124,957518256.4590993
f90efcbfcafe544674c02586,919008002.6833569
05a98feedbd3f422bf063112,1218998144.3783376
ea359d571ad0c986f826d31e,1201061098.3030963
b02f1997e6e6f97dc808b8cf,1266854162.1091623
307acb7b4044cfa5680e4227,1175595050.5503852
ddce386b0ad3199ca09aac93,825328428.6870722
9e28972500d8ca3fb3b76fd9,1411981949.3126948
687b1dd576eb7d06a08c3439,542618739.3919758
23b2b5b9f5bf3e1208f5f80d,1190367230.9043407
dddaba511b6a18f49b41c1af,899611535.7652153
874e3e3ec6f67c160807628d,825328428.6870722
67ade5109553a9d784886a46,1319318917.7295108
6879f05563a9f0748088cc65,1009862388.2789893
dce05cf86b42124fc93d41da,1239021431.9571133
1ea5db844a6d3a926480351b,785522143.7301874
4e9acf6e9f80f65178766740,687957376.0502031
a35450284f8dc27e0ed717f0,1202860756.4156075
069499abc4e393fe540777b4,364068456.5197834
cd10d6e28fd7ce92518ea31a,1076743319.6859396
3edc0e70e7cf6a21be2f0d53,303030662.70986426
2e2ff1e620063f416a387058,1193493190.494709
1ffdc10c53bb83d3be84c327,500778946.3087933
3c95dcc4bc3788b4cd5602d5,730392010.0876139
aa592f388454d575e0006206,471749252.780523
f7e5bf5b0f6157ed1f604d37,395243830.6503581
513c6ea5a3c2c560c409eaa8,885966782.7125821
7cf15f80838e8edf4f9cdead,1108731905.7214658
49737c7682eff2513869b3f7,786996319.3725501
4e8cdb49a2bdf68ad8d12625,1044467708.6939545
86af11931b004aad3fd27b88,655996661.8428521
90921c9fce21986dd23bc645,611737256.6855192
d79d71be963d418a4c9dec68,1064824241.5731343
c27b2b735106bd5a77a15616,1228540119.1494498
b6129a71f8e320aee8abd0c4,1228540119.1494498
26922ebaf11e35a7a320d30b,1112368863.4772155
23f859b889afe2639ad55a21,602294504.4366841
ddf47d32045769c0596826db,1245924727.0405676
1d0c635770f2e51aed4c8664,1019523699.2601649
e6144e15d5cafcfe87c07c9a,409584644.4477542
a7c7923f9a4d004eab43413b,1415247113.5691442
42b3b56289972176c20c4990,401594382.2283438
b63f49396431089dd646837f,1090202656.598129
e0b041a39e732783f98bde56,1097917353.6404464
409eb9b8f2ba87ca299a7f6d,413138119.0977707
1a46c13974f3634ca6dcb51e,918922116.1325923
4b068c79664179605b145a15,1098078612.0415616
afeba13fa3f81249549cd2eb,491078954.59117717
3a3ce11d981d0893ec732e22,655996661.8428521
ed68664efdb7377c33f4010d,1322907143.667604
93de58cb0d8fbe74b0cbb556,1034562127.7191356
faa204421a94ef95b79eddf6,1228540119.1494498
acdb13c4c8e2a48b0bdabd91,1189777061.4708853
5271cd1cb962066407490051,682332894.6463373
933251193ded6df07c83128a,1039963206.297154
524e00e537f841c13497cd52,736127565.8554531
a9d4f256527be98066c493fa,1324406800.646119
2207c1ed62f59d6eacb3c18d,803299458.795446
97ea5dc81ba49ade4f8f580b,838837289.7233297
72488318dfb2181843f17c03,998790329.4750051
76698030899efea431dbb81f,429645656.4584011
e84888d2f22e14a5016ac789,643829002.0429987
d9398ef84ae71419cb7cc82c,1182679460.6172705
6d32649478d9d86d840969f6,593854335.6756591
81600c1e6b6e3ae770e40b28,1129015804.5101135
68075b0ac8e779bf5e66dd3d,647512465.9611593
6d7ac64b8b9f27f61fb155ec,394602056.9021473
d3bf3146ec856cc26c607d70,745543884.3922216
d12298e0d398e9d21d2e2eed,908954602.5802872
97b69097fee8d8496a6b8c04,435763641.48385084
fa6e53a7107c0e33e3d505d1,826442131.0893884
7279c610bda9354e1c840b0e,643829002.0429987
6f3070318ab65b867b2702f0,385285435.2356275
e08aabb998103a941d24d0a9,369499937.83296376
415e1faab81016a460db7a0b,590970741.5135826
8b871cc48b99bd4190877bd3,555031170.9534844
7240bbe28e950ed75637b504,442772842.815817
831629494c6d15d5ff6a00a1,555031170.9534844
1cccddc33bd892b44d7e4b7a,819338443.2023621
f9cc6760b1112ce5197bf399,696143807.4121662
0901e845b6c56d4761377a09,788589069.870191
2a33fa5b25963f3dc928f668,447201561.4970441
83e9507b9ca2987a21d1b195,497213668.78993356
9381bdf491d48236e84590fa,503336688.48976237
c041a933261204155415c2d4,1308125904.509621
a1cd867286d6e82181e5d1bb,1055140099.8689163
240d2474c81482baaf79b6fd,1055140099.8689163
ddc1c85af165e47502447242,866267476.8092049
58f02c785ee9a506e899b967,891960577.5501608
8b353ba6823f4f800635f0cb,1131095774.9274766
68cda50b602acb4efeb275a7,1029687828.2914146
96cb3c08c80815907de81e73,604038583.7313445
f54dbd8f0aa752f79c581e5c,1136775303.1696062
52a438d024af0d5c38627ad0,810418648.575991
1b5db6af0a1c0f7787064020,1045037623.0450653
84a7286c91f1ca3ecacdaaa2,1213565010.8326013
bc6d6249873222ac7f22b73d,1216519833.995381
12501015fb631d7c10ff08fb,571506224.5257703
85b633e09a41cf22a10f28c8,1069817935.605321
7acb92246dbaaec1cc7b423f,707412698.1050394
bfba8fe959dd2e44a4202943,961612465.0959547
5325f16558ed6d2689bcbb46,707412698.1050394
d4653d505cede3d24e258d4b,961612465.0959547
5146ecaa8b7ed507c4f30785,791349427.1405481
f5b9cbae30356fb3a1d005c6,1271092233.5619357
205ffcec56fd884ab24c5600,721431209.370749
ae7ce478fb66882a2c952012,720696788.3223349
efc9ae02fd6c3f18db866cac,1108725561.5247576
2221052e00c236f31e6d5a06,515249387.31685805
54673ffd4971d04493a1b1c7,601931597.5636066
b0bbdcf0916b246ca95c4721,1085898507.0352736
1ef15e2b882a0da85858269e,684588116.2102349
9881fb167319b34cc23da955,1122867346.557319
9d2a195e645a9e8556683b4b,938894304.8049098
14acd96163e6b3e17177f35b,807105167.9106313
b2c5af8615b8899deb16c896,901081522.6019057
4c40683e401dae89f6537ab0,640000454.7397726
dd007a202a0a3d56ebc4868c,1000763994.7654183
6d9c89a406cf2e755d4172c5,421665175.9181764
7387e7e385063c180f05a7cb,901081522.6019057
9dfd5df5a2efca3fbf2c07c8,421665175.9181764
2a9e75d221912230f98485cd,898190201.182818
86ce27f9ca03821d13030f18,1082492614.4310212
3dbf89c6e97182647bb44e69,969049125.4872773
eaa4893a313d85fcf38dbb6b,745681832.3276151
c57e1c323ddeaa7475e5189e,702791721.6090727
84856812b63dfd9630fa49e7,967008888.7128552
945202a450bea48fa7f2a95c,504616123.14630425
fd689e54d5c418dc9f2425e7,1073061140.1988496
eb90d9e9eb53b44b07ef9613,1082492614.4310212
79005399fa92d05558fd6f6f,1082492614.4310212
5cde51bd6de3759821216d5c,854304123.2835547
230cb38e035b85a4353220e9,773213959.3874797
a22ed42197987a8534abf76f,1058064311.033371
43a2ceffa8ed90bc1a43255f,664465275.266152
8f2fbced5d357bcd6b1c7de9,842851552.0956386
6e895a15d402ea7fcee98156,1160423936.908918
b6a2406025f0e1fa09690c2a,664465275.266152
f46d46ccc7fc415433e471e4,486258371.5627409
71710d25975271eb32c0c8f4,433328542.68216723
01b7bb1556b5c32df8f618cc,1023150957.768229
56e5afaecb2cac6293cde16d,526518298.6573111
70209b9024acb3e5baa769ff,1003300188.3784372
efb0b413b3f661b23d674b3d,1415247113.5691442
251db9c4b7398902b38b4a4e,1097257906.745943
e3e7ffecb903d2daccbf8a53,730690196.9509344
a92ed9a378272ff174ce2688,395905525.9644994
40a53a3f3d49f7905966295f,1320225133.2272234
bcf2c303fc03897585831351,1077302077.7878945
4b0ac2ce45d7ee385ca369a2,487833897.849508
85c7e8ac008493b34e8e0176,615887564.7402384
0ff24418ecb6888dd8ec734f,1070375141.4705958
3164e0ecd246b8ed6cb6d054,509197015.6814909
5f52e316136696cdb56e65a5,432498697.1472769
5ba4bb943139d7930cb91650,615309877.3832365
ba12ab0869d66e03df12b6d2,463894525.3202159
1a111211207627bb4c840442,895583133.4641389
9d2ec1ed9eac77d534ed514c,824790231.5869225
9030f17b47b3940c2e2c4093,824790231.5869225
3b224cf6107d815a2e78996c,977676420.4062827
ab0e770ac42dcc82b472c55f,508447788.49298054
75fd66abeaf040fa76eae2e7,658910938.2172859
c31d98f67673691ece007a65,568400388.4775201
60d5f19c16554cc2d8e5940f,1034836448.7037051
53fd196fd0c0558ed1219329,577925407.9456987
27b06d060ecf702fc88c7956,1064720666.0666322
dc014623ed69c32abce2d0f4,751080325.0836402
f1a8f09837660445961375c1,1019181509.3629136
b98a462d9782988cb54ced54,1204226624.8307862
6ae4843a827b36bf189a32ff,1032697096.7650812
84e4f6c6b5dec0da7f7ca0fa,459679101.07752424
b8f2b9c2e63f0091b6038ea6,910811548.6749339
e54c7ea1f012656f7fafa49c,471042547.4794432
f25f5df33f25576f805a95b5,772252994.8740627
ce9474244dc2d40f357146c0,421522845.48268634
54bc553b5b8abad0ceed4d53,429946512.3942811
e75d4ce522cf587cd66adae4,628291257.4749713
b1f0b12c28c9bd2d16b3545a,633141714.3646353
412e7b9e1de3df8c3dbcf198,706211508.237551
f52ce56f20251f018d7864e0,603335053.219577
6641ef09c0bf5f3180952b30,318029845.17494905
ada53307260fa34f3a6411f9,645807899.2796772
51f0f76e2a8cf50ef3650901,476833274.1265148
da482df3d0fc97f9f8582e22,558331189.3485204
55d47b5f3d0d2dd7c2bf4034,555545907.5319176
1a6714ac2350ad371d8280ae,519210316.63596445
0006c9478f4e7edc53d84916,523743850.8420225
dfa7461510c6dbe5e119d106,483926769.605522
5df95b44c73b249be0fc69e3,759276052.8620075
76bd7a0b87bfb6d2723766ec,385746476.64071685
8570a1d8156dbcc267d3b495,811787793.3609126
94116b7517a06255bf4320c2,1044557359.9239274
8ba2d7afde20563e38892304,697604577.939851
f86ab537a2f5d8c2b223574c,641464530.1967558
9d0d2774fbcb6fcc66b865b8,673871728.6986321
9086e6e757243bdda003878d,1197004011.8828523
5a3625846567d06dbe4cea0a,1121593758.1715727
f51a78ac4b03665561552b0a,1122443370.1197367
561a262410ca91d69a58645f,1270973442.72737
08d90f931e7e0a6f43c9d0e0,793014512.3806763
f47c64c8ee69e744e654d4b9,951758992.8203769
fcc4c878af8bdbda6e1fc86d,1117270090.9672637
8d9b143cd8eb71b05d32cd2f,1033016239.6389967
ce6a3868227d78852fad9f62,1394137792.816301
d82f743ff414299f8c222db9,1055967569.8936551
9b2c7e6cfb2d6c66e1ee8a6b,831419292.5813549
6e9009ad01cf466e8f8136e5,1033016239.6389967
a4bf0c02f139c695845c9507,1139408407.1233635
16cf0d7977ed97d6ae8d2cc5,1139408407.1233635
d96855b0ec427f041e7a36c3,1275488009.9925416
63613a9290bcd9e1bcf2786c,919704155.0772185
32036c1eb131e6cc4f3bad3e,397862356.77629876
ad47e82c9efcfa36ddac0a95,589948141.2639443
d5af3041d95f5e89969c9868,390638355.45130974
f2387712fa17435f56d7b102,481551235.32738805
c1c8024bb6c3635ff655843b,446399637.2643844
11e4350271e9cbb37bcb75af,458734915.8552686
d012efd4a77c5aa5e8d6e508,851392370.8095095
6240b85a47c079cd0efb077b,714418908.8725564
85e332a999931ecd0e04475d,459541469.0615832
4ec02a406caf200b700f5c62,552976989.473118
f3270f2ccbcccf3046346809,975824595.2358612
bfc5aa443994e3f3f78c6105,1070550731.6279575
aa09cc29ab2f2cfc79e5bc7e,676840886.45901
6eec5b03718975e5137d5e92,765422355.3421092
6974d82e41437d61c627b16e,1011979527.7277037
ae3f7f428b49e6948ebe6fff,617802968.6573926
a9a710b78e776c16eec24be6,779030169.800034
249cf6f96144f769030d1b4d,1179014992.0483804
645f3c4490ce43ed68c7df10,1216737964.3289173
3413f37549869d2172b76d6e,1059283944.3322502
956600c9a4ed31e588f8c593,955659042.5766007
00ba709f184e70be13e5bf9b,475765823.15189797
275c8bfdd3fec33752493861,587911610.192237
3206523e850b5b5fbce567a3,1095954833.4564388
9c9ffb3401ab6ab90fcb555e,1242580856.6297624
4962650cfa3decf487ccbd0c,1233661401.5141697
a541b35c62878dc2c425235d,1032198879.4948384
2112e589911b979db6e05a6c,806875825.2910534
c9cfeb97323bd6a0564e1903,752004902.6544648
30e1bd4619483b0e896b5229,1206304795.479255
48aa146a36aba8a0270a8a1d,1122430524.848262
678a80840673787b3aa64228,655286356.9312851
392abbc83cfacfe87c401e27,811128458.9051548
51744814dd3a7e60c0791041,689022373.10861
c6faa5d2ac8e74c26fdaad4a,987564615.6515175
1f2c22839c470363ff41551f,859186837.6879864
5438c2127072b47e3af428d8,998030507.129129
32e182242a654ac03a8f3ea8,447257007.9378064
0a45eb817938241ca988c2e3,1230833960.6588373
e74d815ad652f7046ba33295,738319740.4426066
2887a0d34994d284759db20e,718237674.1998692
621c3051ef29e8da01e6bb2a,895024729.7309449
54de2275006e273686ae5fac,1347024522.7793915
b0a0cc38f73c9d90bff6ad92,1211178598.594438
f4df4ad4366bd794594c111f,651500263.5523975
763206de4c26e3825b69f4c6,971427122.6311822
d5ddcb0a54416bdadb4bf57b,909393332.8385037
bf17eca5afccd9cd6299b9a4,907345427.5768621
02888257efaae858fdc7938e,652695533.9117976
1f8ecf6c089ce6168b3be52f,1080176448.096003
fd7a48744bf966e417f34a51,1224294465.683198
655d6eafd78be856479767e2,987575917.4963154
27472c6c6a801eb749b9719d,1169998257.0675669
18fd9bee381e7a8c29a44c4b,886506008.1034597
da5d47596a755078a2261328,993930998.0201281
737c83218f0e486ef4feba40,381836039.6873355
2390c275fccc98eb4fa33af0,550893633.2142755
35616923c84423b44d1d1438,1211042308.012299
22fcf0650753e2b5a2fa3786,858715001.8669045
9d8e7178912841c2a1232ad2,721361035.7213963
36c2cae6de0add92f32d29f4,1065466228.1994745
699b68daa574a0f169436ccc,428155147.9055988
c3bd0b8277a37832f56be54b,349798812.5115163
6b3411cb8c50c1498572e681,430398601.81402624
fad4ecc419fb64b3f77971ad,806111307.9397329
4034cd9a70d18fe0c883a0fa,483235923.41471994
8f9417de118ef8486538955f,1197821642.2230222
33f4f9988387bfc237d114fa,780916548.5434365
40c9f947e826f89c6ff3f898,340081304.89869314
351701c5d1b821253e2c8c42,364954204.8261439
f6b405af32c398147475dc9b,811091329.240775
45750daec6238508791d0d4c,769218790.7147844
eb85bf9ab77f59615960fbe0,955921558.221697
0ab6e52af85ebf23432d7698,709224402.0906056
9b13a371ed4724d2e2966447,863328122.4902803
081bbc273db70f1d2cc84ed2,928228464.895898
e113c48e4e1b53adaca275f2,983667560.0440474
4bb0666c55d174e0280482a0,701266584.8670751
ca516516b33dc09d712b3154,863328122.4902803
631e6aee6ec1f720f3c78775,477484911.8870787
c7746198cb5871bd687c2538,737793249.0529422
58a5dacf2f664512c2b00ea2,780326937.1163956
6d8998442d831addafbc878f,1613352335.2541828
7d4ffe0038b3ebc149d8f4cd,1049576116.1753796
55ae7bc854658aa5fa49d368,569551823.2678785
042ff73057dce4d92d383cf7,407608252.511338
807c04729620ec60ef18598d,378907928.13434666
5dead94ad2dd86dd41448994,640526794.474987
bb90c874275456d5fe0de83d,697480845.4262147
6ea5fbf037ba7e5c74d7ca39,996554412.2953148
86dd7931177df94a649a4d62,686117547.518364
58ac250fa52a1ac7ce39f70f,481981278.72678995
2861f1a224b4c879b845779f,325827649.43163234
8d06af8e439c45e0e125de91,892341745.6436166
bb2dedf6198be0f3ce2c4ffb,458650926.6729598
57d8cac189a13c180f08cd2d,596257082.3081743
db575f8a4e10a29fe81b335e,1213565010.8326013
e8c79fd41b001fb1da0d4fe1,676645977.8254001
b81679b32ea288e9665dee49,1032307167.146445
841482deb90d19ecb1ec8a06,525945181.7930322
214df9371aa59f68e5740212,611664919.5969676
bc52abbda9027e10b879ed50,899675025.3003618
ce8ce41a36b610be164a25de,600483300.7451857
a67412a01feb64ca6e772858,509881211.1669043
d87896f889ddfe1ba210d74d,561492303.7943715
556a39ca66e10ba3545f2234,622230559.7985743
50cb893af4ad0e21a69f05d5,844114472.5549319
3b5a5d6536a9fd24f02e8ba0,474241031.27566904
121cc20fd81d6322f56d5c53,1005112129.0853966
b9c893f3c3ac4dce40d0ea19,1005112129.0853966
47bf8d322af3c13e8868ed0a,844114472.5549319
a4325969a50a14c948446f9e,694374788.4675902
4583a6b01449530079415768,1201061098.3030963
920e2bd03c9d34e36fc38ad5,1201061098.3030963
0a59b506798fb96edd7681c7,1057003324.0531324
e8d2cdda77c1d885e21c7bbc,1491037292.0489566
8abe99f2b71b13dfe7d71616,1239021431.9571133
c07e98122103d1546d995f9b,1491037292.0489566
29fdab43da21ed0d22c9c71d,652879807.7742381
f2ba7982bed03cac394ef87a,532021043.3197779
eac89e705cfd337a99417320,770577119.3902808
40713332e88c6d3a393c8b2a,708640259.8823333
a9aad230d22f7dede73acc8c,1425218456.4384272
3b7fd4008e14e394dd09a0e9,1034836448.7037051
098327587a877bd50df27551,735288421.4670429
0379b6a001e4018c34e944da,489060866.35781854
45f24dd99d362f49c0adb875,664156109.6810501
dce1dd028695bfc5a47aa6a1,429015116.8712266
cfeb702df06baadf29f12eda,394708193.9346363
9ff5828e084070628ef2ad96,596495956.8726305
6920e6d7fff656d66844949a,712956925.0852695
31ed69311bfbbe000f4483d4,1037116715.4544375
d300473e3d2ced1177c9fbd3,932695414.7535834
2cb64650b876ccbc7337a0e4,334914218.0648762
3ab2ed6d140698cfa41f2e3f,471042547.4794432
9f8697b55cb665ebb054f9fd,489397726.5747367
7e844f8a24422ec3b833b4a8,454821351.4987798
55a615a3b3919798d54e885f,710073076.3060634
fd26da8e62b5d1155962f0c5,775291773.7392547
ee9171c496fa78b1461acf88,1199806372.6033173
d5182c47a954c964445f25d1,869638047.19166255
e064b4dd7b4e64a3e0016f0b,1033185701.2390039
36753a5e31b0edb1eecb8bcc,508930971.9585638
c2ee475efec76c46efbf1b08,610209497.7410473
3baeb28cb33d048bcd6e42cf,413049872.699843
6a6d990b9b1bea0f844d3065,634222249.4053636
e93dbc804920c0bf7bcf8cb3,494383314.369631
b9ea1b9fc0e46ba0724cbc0c,595404739.4971209
95e98113e39820523e95adf4,435288481.1084028
942ed340950f02adf9749a36,343968025.61686116
8538a41c0e0fdcb3829364e8,932663393.7473944
804289a128775f7d1652cb43,543008025.0963063
3dec1da01706b06f5d6a9266,473230829.68665856
fe004acdfad6ac6b00911ef0,742027037.3068414
6c679d5b6a1c1b74bf483478,822096665.7282073
ba54b5ebc5d4f554bc56dec3,552358215.3464688
5b9469c3ff6b197bfe3513cd,510574116.67225784
2ca6ce8266afc6721d179335,909709072.1218195
94160aa4e5c54bb479b1d0db,648248963.5827287
eea6a2137473c3ba6708b576,537465445.6071105
9969f6f4bfb29e3a97c2fccc,772283927.5631657
68006626a3321fb0de032307,432685170.5660157
2149d04442f73cfc78f93bab,1133908192.5802867
01cac7d033166094ab9f87b0,473367144.35855144
15515ecdd35e9f175842a738,718528158.0109639
86f1d6fc54152004e69027a0,884103153.8577194
0bcf7987c4b0ba485c44caf9,631099304.0620444
107fffd601a2bb7a3e4a69e8,712772008.4610599
5a44636153b1d4a74d58513a,477525896.5047327
5ae08e5999ca2ba0a1e2d8a7,583138431.9285637
369e9e64898ea16b7ffefb7c,692416097.8815508
192b505186d0bcadb46b7032,980924639.0601915
6dde6686bfdff12620f198d3,721084535.4422989
503a04e079773a04f2abe075,1015657431.1605515
42b5ebbca90572b9cea79177,512786598.2956753
0b6f2534f862a7ef551a116c,1256190113.295487
05e06a93e9f01dd3984a85ab,548260471.8269047
c6706db3eb4f0bbb0510578a,1138074813.2410805
2babb357d1d828c49bb89be0,512786598.2956753
3951171501fc51e2d830cc82,1142648974.4835043
fb72b8e0457c0199e158e599,1017313159.0256348
df865201353bc7b915b56ac6,526018417.63171244
8d1b3071f5396359c0b6cc62,859931160.9640542
c451b61851c8ae1e6222109e,946624598.419798
e1c33552eeab60683f2f89d5,951886074.8389221
1d8d51cfdf78f1361710708c,551439240.5100574
bdc8e1a1e06d387f9c7b026b,551439240.5100574
2b36d797d32013a126e15709,824790231.5869225
13b3a55d79b79ea89a73d21a,657323036.9365606
e57ad52764215c3d54740ac5,824790231.5869225
19e11b2d60326895b5e6ba01,824790231.5869225
f6e1752b9f4a0a3c8573910a,675865615.2915964
062efee92601be294d7346a1,762764074.739964
e2c3acee51cdd03b1f211278,824790231.5869225
9390ae5c166e1a976e53e16b,657691741.0983946
db3aeb3a96304f3c255e8a22,831655611.3215432
d353be29e7ed2c35b920f7c3,611183279.4669974
893c1b081e383de73b9f2e16,1085031026.3501225
8302e2afc48d6eda16784da6,542542157.5262963
f1e9676bc91a76740f4e9b0e,1030033545.6822065
ce86066ad78dea43089d25c1,1028963376.9744631
c89ac55660cee4608bff27d5,387636089.02505076
b183776d007d85bef0f6671a,619067468.9409273
e8872302ba40e4ea413689da,434531954.124448
0afc6cbb60f34f1cf00fdfb0,591673396.5548643
a811af7cf12afb1dd9b8eb86,1042248806.0686259
7947f71467036449efb99972,1496367786.9053764
2ead9549bab6f1386b7a2c77,672851966.2674681
b54e8d557263624947f979cf,1474408418.2028658
fabd2201750747891eb6af77,1021059133.5565983
7c3f7b513bb20c918a51dec6,816684489.1063442
0dcc222d83e1bf05f2c2c090,794616411.4795938
3ee3ee47bfa21462a1fd455d,696998099.4569218
1dc3b6ea53413ece15bea33b,1050301056.9590703
f44362b932a8b70ad4b99a29,510697809.694288
5372f93d988c3c917629f9f3,361332415.59165454
5c25ccfc7ae77f1d85981a79,595514907.1965473
4df222356df121a41adadda7,319078551.3275474
bf38bb7a2a7ea663cc8f3d57,361332415.59165454
ad0025f5b240d00936c82f9b,561887627.7178206
2afa66b726ed0b1492b9e01b,793716648.6221873
a528312b77b7f84741c2bf29,615447205.128951
1cbeccacfa11843a256b2e2e,683776422.4041262
d11eadc78d95c96f50b41a10,1225511686.8493116
c918e02b3e6d80125a2db1cc,715842928.5592273
b2af005e93b0242e0f62f298,521241454.1723949
ed9703ed896c6118a3458e78,448158763.0195343
8ed11c1d4e7aa1ccf0ea0508,493244587.5565714
9717b066e135a82feb422181,730690196.9509344
294985765f4d12e51a68a451,1003300188.3784372
edbeef6a08dd17a941634d49,1097023532.203276
26cc292628ce4aa87cd287d6,750248461.7403619
47f7065118bcd4c3878e50fc,648298422.9404823
e369c63f83c44329ddad488d,617012791.0612843
383c0948aac71636973507f4,710322321.7121388
6bd1a412c01387af8810ce57,1003126061.9550744
4b92ca1cee4739104e620871,1003956782.7666669
0123237414f757b9c3809f88,487947428.31510985
6e36550a6ff6fdb2711a88c1,1106876719.3354254
1b5de74aea685b506a952f4e,313718549.3381094
d85fafb4d5ec056e6db9a79b,518042070.7921393
cd097f6cd92275ec8ace1f20,480581373.5098421
ced1f52def08143f0b2b6849,621783293.0262462
89a03e25c43a555b47c53864,761171216.927448
f8d64df401009704c152bcb6,1029259771.0303088
2a5aedaaad2d908122f28f22,1045141277.2416421
edd0b57b90629fb00d036e34,627745038.1111926
f8731413b0d976c03b7e05ca,1037116715.4544375
01abe3cfc94be46c1153c82d,1267552674.7185252
aa7f5d0d2fd5474cc67cc70e,1222803209.7110155
4912c91afa6e4aff6ffdc6a8,1017745953.764172
9d805330fb0df9ae73003ceb,1242310702.0231357
7daa9115f755a6c70411b9cc,1081642295.9629054
f5896513d1cb044108d23785,1121647241.2047758
3ff2a2fd905d81f0422c54b2,481323504.6416239
02ed31afcba033953c79d95d,654624266.0841397
c2164829374d5e880c1a1f31,881454590.2330269
3f6eba5c365508ac192f2b82,415673767.67622936
3289958459cd87f24089cd14,517427845.2010044
ecc3362a649cf08afef96fc0,503553703.97135323
264e00a64cecb861d2c05b1d,969594531.6994848
d5b5bbf927f763a43190fabd,637667070.6124715
2691d7125e9046e597437f2b,639311128.4766356
7cf183ed411cf82df26640e9,664745422.3992893
f81107599bc083fec4a13ca3,1057592181.5820751
3c2a535f1df831771b859a86,419833837.3017244
9e871ee8a61b183aa9051b72,1125534784.0541975
e066ee04cd3a597dac8ced59,548331585.6612291
2f4ed160fe2a21722e6299f8,589686019.3430119
e0ae53aa3cc9e9ba7ce65f74,460983826.9134128
78d727d0e61a7c8b1cf6fb1a,836317951.2810079
b42f936db049a74c7d24b0ef,1068840974.9006764
62e9330888566f1f826e1ee7,745782820.7064694
3fcc5ff04edf753621d6cbb6,632620236.5387868
d4ae25b207949fbf0df3b404,813364006.1140697
14bc234ffb3ff7f974afc8e7,469130062.9135226
64fbc9cac3f15c0f1a16f4d7,443947439.3680309
5fa1c8237da8fc7683bc10e0,433016235.02631366
7bf4beee26ba81ad0b884f9f,429175530.0079199
72a47f70aa99d42320e54787,375938448.33609635
07641db461323a5cfcda4f98,430636734.5213845
3af2a1ec9efa6884a8254d28,868270693.3548843
3adca5eeda4939a5ea11444b,956087490.7084198
37d39cb7d3849a784497ed0d,1031124494.3654802
b9baaab70cb83475ac3bbab4,1113774299.5919833
74e178e2398895d2288e6fcb,1168212114.5800493
ec15e2a131d9724b012d68ea,680447106.1846802
ee042a4b4a0bf9a1dcdf1eab,637380099.3986408
35381d7a5b25317d7588ce77,649783959.6889207
18ac3368b1f6d8f7171b07b3,1240466216.8684537
3dbb09358256bae5199e1318,520638330.54578507
4662aa1c44351dfe271e3a9d,894439377.6271223
034a30994bb2e0e446e35957,777216536.2471986
4cdbcefc434b48ba3d51a498,1286568612.9733908
3d3317303679a6a5a381d0ea,1150884061.6682825
68f4e3d4355bb71db0f35a65,681382200.0146027
b3c77f4a398b61d9c204f8a1,1258120368.7486155
3865974fbc1b412f24c47eaf,1434657921.2037086
84ab3ece52fe00ee50f057aa,915196428.027981
dcdb8d97ae65daf55570c88c,817532318.7961588
7ea01fd99b389d08ca50c0a6,1034753552.6808172
51df325f026f4cc5ed2e9a65,1312652256.9484236
1f11cd977996d909ffacadef,1242580856.6297624
5ae03c0e33dc7d3e0e0d54a5,793391228.0621752
da88bf5bc2a7310ff382be4c,904352932.3174788
035de58d60807ee2c272ce82,1031661547.0704192
0cf82b1128ebb8d1087b640d,864582146.5051011
bd8b005383020611b8922147,446624473.95806164
f5c79a564600bcad99c74f03,431043506.8381063
b11672f22fafd555f940a8dc,369319561.9816123
2bc88a5c4bea2bd00fd8f13c,586507114.589351
b2b99019a929584b4904b98d,906375066.7242934
678d0e011f710cefa49f6465,399209335.62949395
f7de22825945329521642f49,548228055.3455105
79b5a037bea858706838a62d,981609651.4216018
9f339d547d83b4ef956a3690,954365748.2463328
127e197a2f70e7ddb5dc92aa,812551495.0011774
65b8c48546af394a924decbc,890590399.512361
cdc0c282ee62c51e3a20459a,1044684877.1502751
ec824ecd0319e05d1ca6a9c7,495615411.68358845
95f27bf0d25bbcd0d1eb9cdb,866047752.2260635
ac0ee54bdc08632efc0d771d,766705245.3956887
904ad71e7d108930d69a7332,924960658.7075387
7f4e6f790de012946197e0df,785522143.7301874
473cb30713e88ecf782651fd,488636622.11587
59a309a6af425b2028a2ad69,921507480.4891534
8a1b0f59f86e33a7aa7c2c23,980619719.1229296
1e884932e57cfcab75ebbacd,1182052519.4364612
8e273f1dde4801825fb19742,687957376.0502031
1f9c0f9c3c6460a323171d72,1016558634.7067065
5dba98aa20e371c3947c19b9,1152377723.353861
51516e102f8d43a07037ed29,698222238.0820717
6eabd14e55ff090e8a93c727,668507749.277857
e224f9ffc7bd70369a5e8b68,1454487531.3874948
35cb50346289f0590dd24d83,870618893.3526819
2aecb598de8c74d9d5108d8c,958790220.0603812
69c7e97037c747b93c33251b,1045839217.2541873
b9b95c89c988f68429822e81,720272155.8765353
fa2c5c19c86087f207c379ab,695813266.4638914
9bcd34e7a974c977f65925f3,550451446.61594
3611c89dc71078cd0aefd2cd,990395995.4011308
9ab273eca8cd5dd4b6339ca4,395151115.7892396
4347966ceb1770f758cb6e37,1036515534.2459649
2a68f627f4dc8060484cdb18,969087940.8696913
55ff644abd72eaff17d533f0,1022959728.094055
db563e5a1cd9eb1be832bf5f,1428113758.6740646
a0e9310061ff0084d63dd242,1133702749.1607673
7ff62b2f8a28d60f6c4237c6,638396022.7446725
c42c59e8a08e8657ab4201f1,532454517.89898807
de28370454624724128a0688,604279423.1750444
514aefd8a44ca048a8088c51,673831885.3185774
3d3a318662cbe218db0878e7,1010505930.5652329
2714bcd5c0c503c3bee0e0b2,1217747906.6640468
5461aeb15c7f826f0ce157e8,347304457.96229875
db352cbc2aa3066ea9b34184,727636074.2036428
22b066e6dbd0f2562a0554f1,1036515534.2459649
daf8d6d3f4ba21513341eb3e,1132365034.206197
523605d1fbb75b0c5acec5f7,690424741.7685856
c59c2a19b93ca666b7c389d4,1202874522.143302
61e57e5539c40e5ffeb77997,690424741.7685856
c1fc25faadb151c73ff254ec,557843663.359992
63e73f1b8b385d89de1329c2,388693330.20563513
80ded3bf4f2973a5ceb1ffb7,437786361.45967454
e1f5f0e96e5865370423c142,1043040303.3244075
3bc1d407f7e7c8e67f7dd27c,999939730.2760713
d87c489d3572187e3280965b,870273562.5168746
110d49e1d79a3534e146b300,883577186.974358
7baf3723bac87b0b393ba52c,835310423.923464
8e9e35321545774dc1f85776,880785710.1454939
e0d6155cb3cdac98f81d44e8,698648529.1971579
bcf775187c0f5ae1cc0e8ca6,623684912.9866034
a792122a1b292f482caf25d1,434258534.88486236
09fe153b0027697e58bd08b5,336865018.03554237
a7283f1587ffd80f4723475f,336865018.03554237
67a10f161cf7215302b6ca1b,336865018.03554237
f403b20cb52d4ad3f9469ee7,568151091.491264
643e13f00dfe7787a19b1254,567571627.9109173
0eb7c68fb7ea1e58f3e76345,991541409.691541
cabf47337c2cd619f12fe69f,483899079.8858099
55c5eeb4861e8cd71731274d,856196384.5807987
363c96b85cf07dacbb10b92e,385992296.4402923
49b59d19432dbeb8921e57b8,1028035489.6311922
818ee3b0c3862d4aae6e7776,438467424.8195455
b15c662c56b19d3843737dd4,553405371.5998884
03243195c467c67e67a7823e,609767382.7250232
5db50c50b523f3d454e94dc9,709653349.7627523
0798af235e9926b1e7e4642d,614506479.1691142
83852e78afcc4127481adccc,542195604.5453006
7fe25ebd70b89f4602bee6a2,788572524.7866085
175590951b6f8c6b8b4af9ff,425396476.72628623
d4dd48521efc020762ea141e,695498800.9841892
a681d6e9ccc7bc60eeaf7e3c,1412728146.7070189
e137b5003b8c8f18892ee9d3,677721901.9436183
90dfa0d7be06e7a1dc15770e,414331292.39762855
7fb856eba0ae98a40eac3efd,1032139818.290904
9f52855eab4ca5161f1fb492,783127080.84471
494580f4974c33d7ce0cdb28,1108461252.2608984
d972dc3dfccf2a48a6384e54,1058011841.7988907
7cc8772ebde8902f55e14b44,452152963.4232854
deda3ad684384ed67711ae71,430930065.03464365
b288c52e4d0fab9f579122a0,950209957.6276419
0bc16b384acd3f8263e386de,978605516.9453496
b40d1d2b7c1db9cc57c65fce,1111643487.1595895
c2580329ee6d7a03925725aa,711658085.9214134
7e73516d57a251061b3916e0,913452493.0450222
7749f3bcfa8339444b0a8b7e,677372975.7718986
557e40fdc93c1824b0bed769,677372975.7718986
edbb5db63dbd0452c51047a0,469295629.12102216
383af3a5794a0ec3efe78b2f,493731215.5643642
90ae7af091c23957b88de5e9,597501415.1627915
b1d9704dd39c6cef28ae3d17,582902682.9571857
44916ca9b874075f55949f87,422753942.0329064
0515734883eea12cdacb7aab,413765053.05152136
faf9f8aa50d936c1465e880c,1091313620.0305178
f37c9693e058492ec3715de9,663826829.2497166
562c7846b05072561d96698d,601974078.5187978
4a629aaf60a113402834c042,1305633230.3072577
ccc4e48073c3da10a2e2d08a,999278139.1505246
8532c64eaed74b64b4d4707c,509197015.6814909
528a96aa31409c32bc9f1f63,922094717.9560834
36fd9fc1f1d9b2e10c1c6463,457153083.4262313
91561030d87ff5bc0a497f1d,525083170.66349745
eb09010915ee68091d6675d4,601378470.8345175
56c41a58ed5b9864b68fc910,669776378.3771455
bf6005f6f71da582a6fab8c7,667930388.7052816
86ee80cbe81724e6919bdb73,470175451.216078
0caa7856aca178f826fe90c4,955910618.6302197
9e41f25cf2e77f3fbe903368,1129198860.6226757
019f4a25794ef01294845b51,1156923308.2017033
d6fc6059bba177ab56d85ec6,1219726103.6942112
436089e2bf605d00849691e8,864343065.928686
02a9c37b3d92a6da473c6fbc,543070170.9892259
bde81ef5ff9edabfc7e30d10,1072721441.4970695
379fcab709c66fa146d3491f,884521453.4325004
28ac1562ebb5050f1492f576,1122953017.805384
e68f5a98070efada9b5538ee,563784543.9624335
80aef024b0ecebb01913504d,402985508.7584171
f45161bb79292e974dc88b5c,311682348.69239616
6de3c3d53d6aee18ccdee958,402985508.7584171
5f2f7596a284915ebdb81a35,443175863.2021069
291fc50c4ffe7935b01e5d9c,626784319.1184502
42ac33321bb1920fe2a78036,1082021967.2701988
c8e00b4dcfa2d05d6a7fde26,895461860.2378772
5c0e328a04f881674ae1046e,1220652379.5106218
c28cb417dd28fe4d4d41d114,631099304.0620444
8e160f094a0425aca23f04ac,712772008.4610599
a8944be7383b5689b5039c87,1111346685.9523652
cb7ed5960f325114bd3489c3,1034601593.8851237
275d73c7dc0fda7cbecfea89,1219453940.2418814
85c24df2d836cc8addd9b7b0,667887074.921812
0fa87864632b7bbbd161f879,556069606.3617826
c7f422224808e043753683f8,878842457.0179003
c51d1eff1b6d29b4164df520,1147368442.25285
b50e8c13de383e64711193f5,548438273.7081679
1308dad458274c698b2fec72,548438273.7081679
6a1024c5da689de67bdfa274,798917186.1849583
6e426f60d25aa8a4c6f8c9e9,599301338.604558
b80f3a46440daae51308d459,696821309.2379694
f59ed9b8ef1726f1a55a4dc3,987171015.4338418
368eddd8b6d39bcc7124a41e,735288421.4670429
391cfff759030283411dfe1a,488131738.9165454
4f140229175de685a0999773,454991413.8503152
cd365053914fcde97b7ee9a8,1191666634.320882
16a05fee8dfbe78d26664c3a,677761975.3386278
c462f0736fdefd319cee232e,888650938.7137132
b419d977b283e33c0b3da86b,1183764989.660189
6eb27e2a66d08a8a60567272,1087421897.077461
7486ef139d41d91423317e0e,948565739.2746851
e663064dd77e3c63ab9222af,1257350309.1029549
9a6849637f1b8332ab289e27,1034836448.7037051
498de85ba30cb01e9c686081,553290330.0280224
3507f260c3c6e195fc444533,400172946.0088151
e538d52c9b2dc994491be3db,417060364.789868
f016ba59a64f287099fc4af4,633408655.0803726
380ae516dd46442f97acfe14,753140318.34733
c97e4d7e08db3171290e939c,588537657.928177
f7847aaf1491103fd931aa5b,1143981382.4264379
08f6bf438980d55b35ce7537,1143981382.4264379
a6a06973b5a4c990d5873b7c,516764077.3199621
6e26918c69487a735a639c1c,1179215151.5813632
cfbc690c55e5c2bd8dd9d89d,1124275325.1334217
56fe5c13f11813b82dfb04f8,529760936.4662325
296f0158b5cc1541cfc8419e,913452493.0450222
6ed2970ed02a3e50ac984aa1,902751903.9175603
4c9f3af11fa91e729384580c,946630015.0647016
2ce779caef0637db97954912,1198765579.9751844
d743892816160218a63dcd35,1186391523.8777041
758efd6f99db309c67cefb12,421351630.1761449
a4146ec09d782b08e8198e11,975683151.4219284
f415c2bc1bc0fdca091285cf,961665656.3434803
39ef4fb2a43fa3bba15a0b16,709959319.4385065
874ee4f1b9c6dfd3d2358834,1333844962.2426283
e9d514f90ebff0de1936d09c,761996296.9067477
9f15c77d67021f349714806c,406508867.1129666
a600ed86cff36e636d204f39,620573608.6564045
58f55e9bf743e2e3ad43c274,772054171.4539459
af1aeb2ba89d29973f73511c,721182192.586536
bee721e93b8d8e7cb37dc992,620573608.6564045
bd52dc8dc5398e5ca2952473,334958936.92256457
b71095bf5e80bcefafb12d52,663705290.0543802
a7f48fbdf807da68594e9ae0,496444196.64192194
50de04936770f874e1eb86c2,435936555.644618
2ea47ef8f02712c32613fbd1,586627943.7768124
27eaac0ebf8a5ee99d143218,1164610242.7095795
ee594b6bb0751dab39055b3e,618478541.2776197
eba0410242fa1e8dea90b194,1088148071.8721862
a619d30d6f2e2aa3b9613c04,295604170.924834
df58a4244134d3493f3c9f30,1072377759.5293105
32dd96f4f07f67806146ec46,444318476.3260789
a77ef77ffa731e8980d36b27,709068854.2580631
a2a1665a693852185673f6c1,1407977550.1319623
8267eeb41ed1e68144301a3f,817064656.8623384
887ba6b287a8b3ccdd5691b5,774753694.9269807
1fc94e9dec93d52e0062e07e,836010144.0079709
ffd3d51ecc85abff64258e1c,1339538069.1700017
3eb79541c2ce9413d2c54736,683054277.191736
fcefb2186b13c8bc39b17915,1245328390.1789753
d4a43654382201db5d318dca,809590549.4629164
15fbd295328ad698d3c76aec,854589325.6447911
7f5e87fbb4952caa0cb658e2,936535209.9678032
9d348aa70957592dbc56ef32,788292815.0178369
2ac1105447a71f68a50105d1,1336796844.219235
d8ba9eb448ce35ed404e68e3,793541056.3015046
21d42e80f6f818eed990bfc7,905091497.9283574
81c890b0d7cf787a091d4081,705238304.5266552
518858c561af5c13c8aef9f9,830037618.6784762
01cda25ee8545b9fe19717ed,1116959004.8407722
2c34c1e1655e87ada03f411a,946223852.693868
48f9e9a87e7fc0a678460e05,1185450546.542384
76ae7be5da1785c37736fdb8,1032157536.2972373
3918fa99179953461fe07f2a,752620484.4109559
305080502cba05a1c165560b,769924822.53986
5c3aaf3f75d6d3ae9b55cee6,535850216.1541781
2ab263b5d1ba72fa562d64e6,639202612.0478679
6d13129db564ad15e69fd534,1245328390.1789753
7de7a2a651273df62aa6a21c,1407977550.1319623
59f9cc9b23cdea5bd4cc3ae9,983551242.7091545
d4436ad417941fde0aed2818,1245328390.1789753
80ab8d9f157c25b40f102854,788292815.0178369
06ca01d3ff86406e896b6fa6,918447255.8561177
88f36882dae9a0487383b769,535850216.1541781
da474e23f34cb63de4ef28a4,788292815.0178369
04f968f1873a655fde8702f6,457365888.8172453
1dc1a51628b8eb1bba214498,369062537.7351663
e7cb4cf600b9d931eb295c71,480331196.9595902
9052c644813d546987a72305,506175819.4089376
1e32a8825a7ea79c28e27a8d,655028936.441617
82f34c2a6644c4cb0649c44b,1063928951.0996728
95815bf7c79e4bff3f41b233,710188205.9761107
f64f642775ed2c9f45aff215,610294467.0608033
4cac81eebdeb45eb0e8aa5fe,752899024.8141743
c6da2874d2dfbb2ebab542bf,841362612.6903193
e7c08555cb8f5c7d0f32fdda,444094800.50224257
10b7c99bee9a4a21e1f32d50,987558964.7776206
f21625fb82740d6f4cf1c325,435842608.1907777
1c3236613cf95c84c5791bdb,840155086.8537472
b11c3a4642f7eee2e443eb32,1248560576.6977036
cd08976dc2d69110375f8541,626297940.9684091
a44c7ace8ab50de7ed8e5a66,549842839.6841292
fa8f13da6d8be3bc1f05fcee,547115555.5871239
77bd7837b02bd8f2c290c9f8,296421711.0316634
11a79681fb0a3f6eedf11d1f,844114472.5549319
70c3b086af66b0c9db4b0b96,844114472.5549319
64ea18085495f759116f62c9,622230559.7985743
ebf4bda17341de806444ba83,478019809.8956829
54228579fd8812c3ea160341,478036221.6851981
dae0265a0f2f79d3dc010ac8,1201061098.3030963
7340afa659775cc18d83aa4a,1018672325.770863
5ba05f67a77cebe5cda31e74,701052607.9408171
33dfb510aae260ccefa4d349,911701447.5291154
82af190e32398942775056d5,1201061098.3030963
a9b9263f6aafe8531f3dadca,717039985.4653789
9a38e7293e9ad7d8462eeaf7,994226782.6001686
5852773a80f7f1b929c7dabc,1349462370.7565515
52fbef3effd854b0ad0f62b1,929220449.5439489
0016e35cfd881ee2e37b49b3,715527599.4013294
380759598c614cbe10ae4bfc,1114703030.1156416
fb63e870ceb7ff355299f3da,632825396.4471414
285b8cb5e9c887794ed2fd1b,981574078.9014316
f003a46a1c8e04da0052d72f,417045250.95287824
a731b326a61043070c3c853b,602009672.9786628
d2644b46136fd95c0fc2353d,714462514.8730845
8248697f70c21fa361840755,662270027.9461131
075b5c16441d9d67cf638386,364867899.26437885
6bb2ac0cf2369cd8fd85bc12,715733707.9296718
2c0b3d69fca6677ba9e95327,911626676.497378
c73ffac843c155f24985e6f6,676492413.8794776
78b57a58368ab056c11bb0dc,1105752021.6326065
90b25b6b913c1bf0396c149a,709730506.6687381
fa29c89363ac9cb59667a43d,1105752021.6326065
eba756e88209c420d288c4be,723616882.6356149
e7081fb59ffa298320321633,541391627.8057717
db1c3ece26da7b342eb7c8a5,1105752021.6326065
f9ef8fcf24d28ce11e71d758,894277321.5757256
2f854c9df6212c39091bcf28,581370418.2907612
ccc66d77e5f68779b1c016db,462653915.92527425
47d288f8f9227013424d6976,374752893.99126935
3e891afdcb568befebd66fe4,519767172.11796397
2d1f036c96e92d9c557605cb,366205836.5589773
dd9d63c612aaddbd86676c34,773938419.763861
13cf784fb3553f75acf25a4b,366205836.5589773
57dd353ac00d0e99abdb3733,986365471.9438663
ed0051ae106fd0df60a14586,1149758507.064112
0997324f14c5823413463546,954196474.5966927
e2cdca1756b1635dd1ac2b2c,639919893.346994
7700df9486a1684157527739,434414279.9026829
e790b21630ab963a65c53df0,625173667.7253324
2bbbd9878a1e7c55bdacb330,562032327.9526603
decb25b7fdc0eb259831cc71,1086354263.7977886
fdbc74fb5882051327b3caf8,604325527.7951152
39dee9b1661292cdda6c4823,925786683.4301566
354e2de1e3a81a63e7fae4bf,870725176.5600641
f80b9e8c51cd71c5be281652,420273690.0081067
a96b19e82d9811d5de1ed0e6,276568004.6532188
5e5ca2753a908aa1b7fe80a2,890626072.2208184
495b6e61d1b887f8b4c1bcbf,400826838.20612705
ad8ac9edabcf2d4b06ba9fc1,1032261881.8374498
359f6a66a407e30b40979d2c,915896680.8486317
ad351bb6437583ec871b1739,965838389.032716
262b1c8ce7db2b4aca2400a1,1028339461.9855938
6808b10f5876ca36f569a4b8,1063922863.2667936
54c74b36962edcc922573792,439319615.722793
e7fc4e6b1fdb38ffe68fb680,771031408.8476541
1c9325df5599379a73e18053,1153224258.773326
8c9bf9031bd378c1105e3f3e,1322907143.667604
be70989d473cd731f6d8e580,764450661.0698286
46136f5f078dd31170c58e64,1370410070.816483
7055f85f7749c4646577a51a,510693913.3940672
861aa922b483f9bf7884dac5,448539308.2720093
45f18e0bb676d2495a227dfb,379174701.81564623
9cca7c1e9ff65766c8dd2e29,680606760.444432
b2b7020e66872c8d83468cec,510693913.3940672
7634d7acd4197594271c84d5,466216747.3216239
11ffdf367d817b582d590db7,847709231.107158
103687e73b0528ec29725f1e,388153244.3529465
8b5369b126b75c497b1a7b73,685752527.0121541
b33c9b03cc12a253e4936cc3,571752631.555805
ab177c5d60492f2ff087708a,441801864.0017604
05bbd028f30492fc0a9f35d0,685752527.0121541
2b9fd26383758104d567d474,685752527.0121541
4addcabbe23020d3d0d46ac6,685752527.0121541
d93ba0c32244c455e0f7baf4,685752527.0121541
92b772a38d5e38bb51a3f621,361971856.97486836
135ca1dc80ae4d9993ec46f5,685752527.0121541
ed5192bd8038c77ed2e46f0c,631139028.2832927
3a878d44356885ea61bd882b,685752527.0121541
c29c69bc6758d5976024e455,706670981.7643038
dc486a3d7e9e2e608ab2a7b0,685752527.0121541
1a34acf8e509659534a56b63,883433948.9578525
5716ed7d678cc2575397174d,386325949.07430124
444c68a7a6cd0b794768d5af,954356646.748697
8a724286cf661794084aa87a,1099107453.3274868
ff9c4796bc3ef18ae7bb724e,1032139818.290904
35984f749eeb84eaf938bb08,1139141128.8413086
0998999f12dfdd50c597c6c1,1150706269.294054
58bc65fd2e0e4430fb353d83,733515059.9686892
fe483817d899e0044abc3787,688251365.9507605
183a8459fa248605b8b5bc1c,712712192.7634805
a1f0d61cef676fbf798b5473,600239394.7898165
d7d3cd587d291f389ba2e8d1,746809125.547598
ff8e7294270343a00978dbc2,966111071.7172217
0996cb112fc3919564e87c37,966111071.7172217
f183e3651c485e0001e64880,913452493.0450222
e28474959994ea9c0c2eeac6,1008107257.6495959
682c0a5f5f3130a61b5214d8,901638545.9213991
245663c600727f7c214063c9,757268603.943668
dea79d1b25bb9c78d331e3e6,770443382.9081001
ba212b5f12959e34b4887315,636284475.2714562
dd4eb14b56cb00130955d021,1295304700.3561769
4c94103d4366bcaaee4b550f,1161599812.1019316
7bd9cefba3f5dab498ef926c,1320509712.539207
1d7a2572b466070f08c6e564,690674994.4421048
a38e7af984a471331b2d758c,1164270430.6780188
b6775aefafa4dcc161eaf6d5,601874195.6302092
8654295684292e74d0245238,429944052.2276362
f0ae62ce6eebc4d07415c48d,1013064880.4818807
969219d7b193ac92e7a008ec,694772226.6063149
651d6af0968fc05584cb3d25,650693049.2482325
4f992c2a0526c0074bbcd875,473738371.9549226
9536c686b6ec514d92493f9b,703113507.7739667
5384587ecbf956275d86e60a,384265313.7400947
bab5690da7c42909464cb9a2,707871602.9876492
bc91072d808fe7b43e972f42,362997179.28522164
37cf2c5c1c6fb6e601d2f76e,446007296.0600477
4cdaece5d1dd4e089a99f47b,448876510.1692619
b37af80bba5adc197cb51649,427880844.38898337
552152b60bdc1ca16d2dbb71,752119658.2513877
32354bff9df0267a5e139156,537103695.1063855
fe4a6d7d7ed28b85c5816fa2,1016645890.3788397
afbc7773755043a40a7f9d6f,588737505.1279671
daf2efda70c6f3cd9257d0dc,404856851.9793676
66fa7c9e82a2876216b14b1e,542853726.8859197
e34517b1563d829104e230b4,438467424.8195455
222a35842b0bc09f48e1d0cf,563718952.4236953
c5a64fe5ed5901734d98a22b,489016093.547704
05db9fc492801eac98f69c7e,449529381.46370333
6e4ce81e713a571601d861a2,430475775.2296044
79fe5105ed7a7861d3c0187c,400074496.37826365
70ea911907d320da1f7f9c41,715387042.867625
e60024d6e0b5aa52e27a3b5a,426555892.2410837
bb63f086543cde77832bd4ed,426555892.2410837
b3c2187fa96006fecc6b8ba0,493815977.41980463
9499edd83df77bd6a90560c8,493815977.41980463
a947158782fe2832cea53040,631258215.9501913
2e1608b8c646a102e27df16b,863272137.6032615
77fbf1f0c35c1025ea4803e3,749098831.2043799
f9e6a759b069e04b0cbf0182,788572524.7866085
1e158f436f2a4caedd1563a2,709653349.7627523
67af004f80b08fae38f472eb,430930065.03464365
386ee01c3f7bd8bdb91181ad,1045627791.9474549
36ffb5566bc35fbce9e42679,425396476.72628623
b58533a6850620b0960db713,474697140.1343193
41353584f956b9e316c6c67d,627821671.8215426
b1d1bc7ea83d5c584988b95c,585348196.6247721
6b1c0866e6f12f7fa8de94b2,850280724.2472501
fa4fd8380dd2620c672facc5,845158410.8964765
44394e66504a4d77587ee105,948515081.7514993
d841d6a82425710e36460f64,630370267.2765995
33501f96ba3b02da073d586d,468953821.4933033
831693b6fb81df1359e45db7,580613549.0330156
7192b9d32e4ad55f6af9e241,677595233.8917831
4f99b97100d003ba3a2ecd46,763062378.7440505
83d969bfc020aea27d2b829b,759442614.6050652
39be6f994f2cd3d68b51126c,801964515.153454
712f16cf2506710d7f2a2e8d,738702879.2366337
7ba618fdb1fe8694eaecb64f,458650926.6729598
d8735967c942d1a7b0cff7c6,1184304739.4312403
b4ef40e00d089a35d750888a,1412728146.7070189
7d73a548c2a29ef2d9655e1d,695498800.9841892
63131b8d125073c7dfec72f2,767966848.7977489
a65655a4f42564ac48bdffa4,529760936.4662325
033d3f8ff56907db4c453700,677721901.9436183
05e8878bcb68d03e3b656eb3,1026148951.0663564
2ff0775d2c131d19804f2a2e,638696851.6160436
9957ccd807718945178bb847,1206399133.7638721
7bcfd82ced5d6f1ae390d388,596257082.3081743
adcc03f332b427be46f118a5,732544748.4606292
b5dd038cf35169bfd0e62eb7,600239394.7898165
35b789e1d63f8f25980d21a1,839013303.2547958
c9a215f284e095850c809425,717312198.5253625
d26efb0e1213e19c378edfbd,1026148951.0663564
9990217fa4eae1d1c4ed051a,1108757282.8713205
2e9390c4423db604e1c7c4ec,782635808.8963928
6faf9b6c30b176e36f2f1d32,625804778.4344593
5b83d91f4d6364d3e4be1428,759884542.295949
0d9616f0ac8b0c2e9e0a97a3,622264978.2581351
9c9fd309cfb505b628f84fab,1413633810.7560496
98b77fc0888335702d082f8b,1015239079.3763192
051d68945b95562009d4029c,1015239079.3763192
eb8021804e63016fd934c9b2,1028794607.9138747
ed6c8c45bc8c1d160cf0d0eb,1028794607.9138747
9fc8c3523883947769b2fe6c,1078206565.157537
3e9cdf767389ee551b5349a3,542195604.5453006
512effa47a1c7a5420bdcd6e,571150974.8961185
0768e70fbda0e09b88c1548a,613508679.5945296
acfa7a1cb136e4474b7efe32,866138609.016502
a343e6ec6eadb287711d3834,879129144.0500847
a698d80ede6cf6243fd9ed99,1215823934.8794825
fa5c81237a94f2f78f05977d,1360858525.5581977
999c8da7dbed7412dcbafb70,980500021.8731394
c33613eff66948d1bb8ea3bc,950209957.6276419
a642351076b7706a733dc52f,903325466.296185
c69e08214cb1fbc09ced0971,549743218.2209208
48a20e676a060954308c9ecf,499491138.9665297
304ce5835e685778b1c2b6a1,596938696.4161732
c859144477dcaacbc1654a8c,687268829.203357
98865eb2f40b8a30893cd351,430552962.4829043
68dd15c8e9b71171348ea24b,1152555773.9797335
3c660885ddd7e98ba5ea26a1,1361530960.2343671
c670315562766401f92913d0,437345697.4647756
777a8d05edda0a335d89e90d,635342193.7939335
81f5c32a2c2d3b32329a645b,592443553.0787019
40525fc425906c9485f1ddfc,426577859.7583194
8b6efcdb553f6e936bd90f3e,983020485.0091906
94dc108f1d146641b221cb81,603008322.9577503
1034ee7a5160fecdb5e8c27c,766228659.5901997
48b34600046c903f0ae4e6d1,1114558462.8344488
edca31377b4f7299f8b45187,906838496.3897343
b1586cdf68f36926c3bf72a2,398228296.55447733
70b15c2a38c404e62ad05171,489590989.30625916
ce18358366157fa869bf3833,458731415.9989536
6883fb90099426e6f3922909,457105128.674521
1b7151cf29b565b2f1caa559,484330296.2112605
f2ec3a3598c99bb8c38cd680,307070302.2881744
38026eb43ff9876cd5767ac3,394566684.2339739
9f68ff98e302ab06df4fc672,396180488.6743796
2d2ee255ed2144b9fa1fcc39,608027636.9160675
029224b78e8f358aa9c38e94,418252899.3413357
88da5851280dbe750968c565,532600780.98565346
1c67456195075a051513b28c,409245734.95027006
9741ff1b895a038c32205784,890395074.300934
75fdbee42ec89d428143066c,444403231.4327249
9f27627b9e439fce085cb01c,636618307.3043588
a4a4a57cf20ad739291aafcb,569671332.5327276
84a074517742e09a7eb6f320,731243697.8219128
28fd0437736c1b17c7ea1f33,560472604.4449121
beadf1de0732143f0699895d,963703810.2892988
b027f75411dce9c742c5d0f1,827390038.5623053
182077fd9c5142d503309490,964358402.9199159
b1df92683a593edc3f2b45ad,582992745.6037537
38cbcd7f88c1520fa083af9a,1144895993.8331904
8ab5eda5b66a6c2becffad29,1071635536.9376689
e68ceeb098f60054c19fda0e,997781167.7123333
e6ac4d158437142c15bbd4d9,1069844462.6393193
a448d8246781ae78dae61619,814941724.9509237
4e878e99ad2fc34400381c3d,1203468892.920761
beaa09cb49a98e8025fd7e8a,632018415.9354682
3df855d8893dbc62eabd95c6,512733785.6232599
cbfc3ca911ca23517da8c2d0,1236523638.9518065
a020e479dc5db78794a5fa77,1148460989.4797099
6247fb0e5261d4225f6c9f1e,668111317.8143305
93822a34ec8dcf104e7f49c4,823444703.1822481
17d311554f40ae8b40234c31,670722393.6665595
762e044ce9371d7b8c7acb6f,1013472671.0645633
2fad468e1c248f40ee3586ad,867944503.9415874
fc25df25f4151a16cf0c90f8,1181002349.017592
39c1613acc0ba4fe622c1f31,1114815720.5584812
2c15a0733cdb932ba8f2225f,1143032618.5464501
1db68ed64501f35c51d74c5c,1125781691.6640415
1d968cecf268a7f14def1af7,794945367.0359365
77c886207faa6965238b152c,317427462.1561943
86242b25bcb2dd775d25191a,852999925.7062314
a8b457cf82926e25cd862af1,1079686214.3835027
fec1212eae4e6369d5555d8c,852993417.8580809
8f59ec48e38092ab01c23e33,1027766892.0999035
490b89e972abd7e64b5ba6c2,914013677.0592672
f8f217756d32f31faa784c2f,1218412371.4456494
1c2ec62e8ebba12c6146a04c,1084685469.4691026
2afa1699af46ad8124f76e4e,636135217.9722265
8c1695c9a31de0f956e4ccdc,534620056.28700894
d88bba495701ae7a44eecc64,899541187.7296816
00571815d5a7f208eb3e7737,1158548547.581072
d626a635ee75c23aee2fb327,1015279744.9030395
7e3937cfe43dc906983fd321,1108364002.3126476
ddd8906ea4a22b782c7888bd,983902112.6259954
258abe0fc321f6b24d37ad86,404111590.5044766
f637a4885488bbd499199148,1344519271.8611064
97f5e6ee143998e0b3fc97c0,705434721.6302128
be4b96920e3aa5c57baa13b3,357958841.83512634
6e7f3a0cb6246f13656fc95c,1122430524.848262
0cdcd8cd52bd1967dab88a5f,464478866.711918
83da19e7fbbca11083090574,579814533.0872678
f0cb484eb3f6e04b5b1806ab,619730239.6407411
fbf8b0f1159e89428778c847,438948567.00273335
7c316b981173919b6cae5516,687578262.0995332
d6496a3215daad9089fcd5c6,924126557.7982763
e104567c1cc70000692f502c,743195582.4672604
c4476befe0002dcd0c315993,668595735.4042301
3008e821640b33a8d70beec9,538892272.4222261
9eaaf577807d86ab64fb14ae,579814533.0872678
9db120a76af04028d2f0ce68,357958841.83512634
81e1f8b1c0e3b15f2ebfd84a,405149622.7859906
9943a2530009f62cab6b466f,1066714739.4812105
a8052c48a500926214eb2e1e,391936206.937318
3335313b9060ff29782906b6,732337989.347268
cb93bf58a01eb262cb003061,1047981807.9467108
0e04f84529d92f2832ef986f,592363328.7662778
807d7f5155bd299afbb6491f,521448286.5466252
76558d67def95bc708039f05,1044168926.828366
bb19983466b1a1184ee7ea1c,1167103003.8979838
34067d9b2b4e45be1e5cfa32,789639640.8147327
1c4fab7d9cf798617fa90a19,498125878.3378403
b4d610e0ecfe007c133a5ea4,422362242.77850837
ffbedc0873b99654d10188a3,413049872.699843
ac413fd87de33153899a1d04,562583601.8160999
83349bba5fbddbfa2db5078a,650159595.6818486
0a759932f763df64a463ac18,908781249.7809812
fd9ebf37acdbb0e4bffd2fb3,487367955.3786797
f725f6ebcc3fdeed22bee385,670416710.3009517
ceee9fd6e692196b960443d8,487367955.3786797
bc10eea54e4a1767881a2391,713001801.7923821
4ed5718470ffa3e5b5f40bae,487367955.3786797
debd031585e9527fe00f116d,949516068.9285108
23b5f2af5d39edd25db6a522,873424793.129089
f51000446ab65417942e535d,907534085.2100706
e6ed64435c659f236cf213a8,294439364.0487337
b160d30961ddd3dac16184b8,823614345.0363384
0cad79296edb4b18582dd77c,950762894.8532368
7bbf8e16cc32dec423afa6b3,586312497.6888962
acf98212eb702c79f16bb058,710948530.105211
1747dd033c2c2769974a06af,852793325.762945
d54e80ee72354c70cb84323a,852793325.762945
de901d3433ade456e9edcd79,852793325.762945
3fea10126c0c651f02de7167,852793325.762945
f823f6d95b4340e8e4dd0d57,852793325.762945
ff6fa86afbf9da2aa8eb7991,852793325.762945
a966f298e8d4d3d580a72d99,852793325.762945
5b0918cab84af6fa6c464037,646866866.2758057
bb1ece5366ebb2ef9d52708d,522729888.10772586
fa926bec03068764c8545d41,619026143.1081067
3bb987adb4ff573ef09b8c12,454536032.5803585
d7fb188814d4c118ccd83989,478038957.0382314
ba511b37b4bda08d191c68da,451125273.99051726
3c2f62f464aa5c48c470bff2,1159892858.5496328
3256c6c6f30aea9cc79b7283,1137304473.6408117
9844c3773f7a50c71f218e99,619843726.0266241
23229e392dbd8fd9d80637da,619843726.0266241
e0f47a028df2dbe9129cde7d,1000989259.2032914
a12f0f00148e564ef78838c5,583636932.1156579
d3ace27450b980262ba9bf76,939619858.5073782
0668a4a4521c783a2d817413,854322047.4854244
768f69f0241fe339b6f52fa2,880668120.4160931
e78ef4d2b165a8e8781c258d,471253728.7592729
631ecfa47fe167bfaaa967e5,480223102.3559785
954e3065b1e8b31a68f6d4be,588748734.5118325
e81c5c1b820636f691e5c5cc,609089707.8480959
b4c779732e827ab2fec8e8eb,1027886477.9530545
b58208759ce1402501f68906,859483506.0548857
59805e5f4080246ac1d92b34,649087809.9908657
a3fd38336516b98117e328b7,1042636524.8751191
c0bf06891690188e17ceeb8a,600491318.1157396
efc8ccaeb09a5e1bb0bfe011,1487798736.391806
8e604d41e0cfe9c93ad536d8,1114178000.356389
f770b66579bf2b55a714c43a,1021361043.1228955
4e01f07ee4b1241360de460e,981667693.5642208
dba1be42bef913f35a95735b,1079243547.4783614
d839ca90c5df85e5cab54ea1,656071738.9989996
ffaca67ff9f0d7cbd5bbd295,847554025.1208154
6f17875bd3ecf00566dd5c1b,1001762798.3113478
10d01825744060a7b777ee4e,768032766.7500454
185b333862e7420f25622efa,734038498.4302927
7f7141f5e1a7964ac6dc688e,1190537526.482963
adae78b82caeb073d84f02ee,741701588.718496
4c0f9275581b5572635613a1,415429646.2727732
9d6810aa1035e91b72de6a26,458112361.8745928
069798704327652a899a189d,643401797.6224005
2f34de2546f13e8a9dee1edf,539647246.6722393
8147da5e5f53a163443e8506,760342679.6061776
6834b61ee23cf04daf4fb83e,843852079.9899918
59cbc0e7dc6e6922feffab8f,1092309038.158789
7cfe5c3f5cb1bf095eb2c503,884103153.8577194
d916219daa90cd2d99edc609,640942309.8795844
e78ad3483c5aa5a7a4310720,359178261.5305183
d048fdc255a5a7f474d48c0a,1240466216.8684537
b76a3fe6a49dcae6e6bf5815,720377947.023651
75fa60dfb737ad50073848f2,1148881645.4754276
83c1d0e2b8826844416abd9b,612090898.120371
8c02948b66db263420c20d3d,878767028.6017491
33ab442cf58cfaa33eefb6dd,384332749.0254503
d379dc03d78685ad14c647c0,624068076.8686187
5e36efb290bb265d81706bd4,931319503.7214621
db534a5f57e92d29b9e150cf,978549522.2904834
5354a816a7da90e205448832,578601516.2344491
f0862f57dd6be5e7659c65ba,788698877.8575416
7d58eba13f418d890ef563da,489060866.35781854
c2fc3f04c3870e14b89d5fbb,610911722.4875939
15537000b6806ee84d4615bf,1229876500.428703
e82508e88e3f62fc8e67dc16,604377399.6973844
86ee57ce617b2be312a9efd6,727390465.2106997
6bcc29a0afc735bcf3621595,878450299.9412837
d79e2addf7c11180be222103,1243880314.7510252
adeadac88e573824f08efa21,925073575.8360938
922c37e46fe9e75e73fc1f35,853963634.8905832
5d09f2d1cc5fec761ac4372d,982716787.9609923
8c5aa3c826f325a9a6c6f524,982716787.9609923
fd0c010fa0c4b84dc75ede86,1064720666.0666322
c23150d0aaaf932579561998,1034836448.7037051
163405cd6248bc3e832dc93a,762819361.3101511
eed12d0c3e65e9989fc4f4bd,796517742.5691755
e6fd53315e92a55c6b67405f,382559921.3748959
7a3ec914a15b47726567af96,531150087.09109807
7f02f056d5eb4aff92b44659,724544964.7484571
2d5d9119602c228b333402a4,402146267.04925525
43fefda5a3b0781578d9f2d3,588762210.0551963
513211d9f07fd6645711ae31,330971944.91127974
c3e1e0d2618556de7df13403,567665818.1820635
b4a4d705930d9afe896dff17,483506979.0239052
e44b023e39910ed29f4dde2d,439606283.21037644
4e78d095988a92642a1bd18c,361332415.59165454
92507b623f039b4ef5be8870,692856023.6490946
e216fba4bffe753a527ecd4c,719886218.6682436
24a4199c17f9c56f0b3ed12f,720134787.9660095
6bbf09c3bbc3e3a000cd2afb,760342679.6061776
b3d45812baa819caa1400255,833052689.8001858
2688e4cd1fd441d1da455504,776255039.0119954
5dc1fd6ec7ec8c8af71e3b6b,519276671.986723
f7b7e298ca8fb75e11e92999,613763830.774646
05b71daf88eff5ae8cf5789d,676186680.255663
e8a7ddb4e5d43d156692326c,490133839.8661223
632820af2a0477aea5ccfa1e,637218430.9989256
43a3fbb8218e73b956ca50fe,854307382.2013774
398c195aa41ace34a16b0d7b,1222826533.0537648
ef3887783a12f591198d6c27,704513649.1490915
e6653cc1c94306d4e56ba216,650650853.2674567
166c21ff83e97c6e74169d92,1099652647.5862162
d0fccd2708fc7def00c72317,1008663103.5016778
d66bd7e4bc7b51d23af57de2,1288223628.6643949
8b47b76193159a21c3580a3f,1245810664.4463408
448d159391c38e4ffcc405b4,685698902.3739226
9ce7fb3190866e6a02e01e26,481002293.7636014
c25f892c01420855f61c3dd9,782525352.5003861
2d5ccb12ebb6fc7d4ba462b0,516887298.16573167
9eb4041ed9e159ec0d890de6,520732677.78023475
c342f6492f90ccf623e8e8cf,749060254.7965972
c3a78d9bb10165d9be188394,487290806.2953362
1978d8fc2031af21e98a4e9e,723451278.8273479
d6d581e852a025b61cffd6cc,1059952915.7544948
ea28f68a1d1d81d29b88531d,839966016.8296062
a3cc0422a37512ae124013d8,1062160886.6838217
073a3ae443f3333f0f526f7e,852827484.5049465
57238dca767ebf3a842c5f10,993208970.9132638
113887ac25fbff9d30fe8d35,816046080.9218954
fed1a50c562ffd7f30451adf,820592739.0791789
b1e9075645f4b374c7301346,1171275425.7371447
6517c1efabdea4c1f93078b7,319505461.0865117
b966fa606a3b50d3ac7249f6,1158053667.9644907
e0ad3e9588636f454e9e484d,966022625.6556057
d7ad46cde8eca723de6510d7,910420754.6243328
447f51e37fda773ab748814b,784155418.5199981
a6b992c9bf4eb32ab3d1df4e,531562574.15185374
3a9c7ec02f3e7e419669fee2,298522722.38999933
c908280d0461c3585af94d53,910420754.6243328
b3616a055e722e3720cca48c,977031422.9145086
45a8f6d942533794501d775d,625121203.2645978
b6da1db3aa02debd11e26edc,1092461137.9805915
6d12669907d7d80d0b458a93,1171275425.7371447
5122b2e9638d3438434fc56b,1100817332.5742905
6367a127b452cfa27043f74f,836270098.1530235
fb3d29813052141c015669c2,664029444.0362432
5fb76f2095eb1a5cacc2524d,500809512.3628815
95632ec6578a204881694dc2,551562313.3073512
846b75324c0f3cbb027387c3,865416973.439683
940dd8311f2b49d4ec212fde,627151443.9323608
bd0261ab68cf56950ccdced9,881214205.5241296
f79f0c23b5cb96b5d022582c,481266588.7997128
795cd68f9a5ef45902712524,866546756.1396213
d908973d90db91f772890c9e,305351445.0230527
d670be6c848b1e92abbf415d,305351445.0230527
87b940bd3dae37b9fdac5d4f,444699153.44654447
8a7ddcd0c452e7993bc5087b,852999925.7062314
8925e22f8511be30d50545cd,658105839.0634234
1342c307971094041c9c240b,914013677.0592672
385488342bff3d3587250c84,658105839.0634234
f8e25b7d7e93c45df1b3a4c5,1158548547.581072
fa4f331f05b1488990a69ec8,994226782.6001686
a71d187784b309d65cea0b14,860930616.135292
0f44b84024412099f27439a7,639475767.2154915
0ea1a5d32324d270cde1993a,750299978.9827142
b13cdf9314a34852e8db4221,431233465.3893456
75e0815e2ba7269a10d9786f,391856973.694257
f42b6680baf774d27fdf1e48,607588261.6049459
5cde1a59393643d7ed4e909b,977426573.1849242
8736dfe0f1c6e2181b0ee31e,1093603604.8796232
5859ec20de4a5036292ee947,1018835547.7606649
1eee0ff52c53f04307cc3216,924960658.7075387
b455979bc938acd34a580eac,803533915.3391814
6921133528bd6fa3675ce8de,625986236.1763799
3d266736d0307404a5804073,592034635.5677352
f4f6e48b618064ced466c302,453843860.15277976
dcf606270a4612aafc5f9f29,626687491.4048533
5e455623c380290e0a8e4e48,429175530.0079199
ac3c9d9357fbe72959817602,1168212114.5800493
f48fb9d9c42b0ebee72cfcaa,702571919.1002178
dc99f2871bc05ea7e8a97d72,845951892.9229627
b5cfd5eba0b6297cefd6d3d5,1108440110.2419658
0dd30227247f145bae82f96c,1126851534.2535708
9f347bf53e4ca4d264a45241,680447106.1846802
81406ce289219cdab015549d,891873816.5007691
a085fab6d9b9d8c24472cfb0,1111346685.9523652
1fce0e993a57a3e3873b8d7c,1242580856.6297624
af67d51867f382dcd9cf34b0,1173596646.533779
432f082ac51bb0d39ce45b0c,904352932.3174788
b6281efabdbff697d70925e6,958128442.059699
9215d29512b14aab6178da01,1031661547.0704192
6218a5d7267f02c576e5bf16,1034564100.9916793
d66cca2c8e08c89af26e7622,1240466216.8684537
ad3b4ae81c322a9f91381bea,618742840.2752128
3a40bebb521445fcd32cf033,847337430.9453387
c1ca38f941200a9d666aaedc,512786598.2956753
a1da74ec074df16a1e8690b9,901645424.9038393
502154647e351af240615b98,570557569.0757257
b57cd3eb0290984f061e1053,700880136.585961
4db632fdebc000c9e64a589b,739276550.194565
e380184391898aaa2d3dc540,709863182.0125202
dca45f1c1a79ea5ebe639920,652589724.464615
961de1cc8601447b03682e1d,884103153.8577194
60a4f09c268e61fbbe423ff1,490963759.0750935
c3191b6b40191009ae9f4b7f,859931160.9640542
478ac408d2a5c603aa23cbd5,689097286.9161528
ecdb747ee4a3ebf958252309,813364006.1140697
6c36e346957e336a33a7708d,884103153.8577194
09b18e3f3cabb7d5469a8d51,724072488.597791
f1a5856ba56e7b12cbb9459b,366296650.50388
c378ef33f40f8be9263e517b,550288735.7324835
b45911f1875da543199e97b6,946624598.419798
678c70903bcb6c90e3578d6f,1286568612.9733908
be22ce55ba31cbf7cd285e5b,732046111.339943
2dc58e6aab9399e9677265a6,1150884061.6682825
dae55582e86b1f514a4ec3bc,1182882498.4285223
c119f62348e418d9ada13362,800790622.4388562
33510511ff07dc7354cca7e8,488080534.5449966
16b79a8af9d6376c73c2478e,1147368442.25285
714f90489426e80933ef31b3,864582146.5051011
6c8e1cda487c9841c8d297d4,1057471156.687096
6d9c4bf994147d8892d27f27,891873816.5007691
1b300634b71b898299c54671,841996736.4088025
181caecd269e115cb5cfd75e,579459645.1247134
059516a91f938d2e8fbcca0b,574450408.2391249
c42ce8f9f62f7a315e028e3b,622869391.6201677
bc23e25cc246ced4731ce5f5,779926672.1740072
de44f54fd6b1b62f30956f5c,638409416.9667969
2ef897a38b95d7b769856e78,784331925.9988151
2280b5f7c47c3b36924b84a9,812289617.8019816
16ef7eaf29eab571e229e537,1242580856.6297624
48b1f800656bcae6a9e70802,622869391.6201677
b4aa025f8813a3f0b132b7e0,439069144.38571095
3c6092e8458ee81aed0db0a3,707273735.6431735
d919dc64995903c9120eb61a,935059105.0605243
ef53741b01120666a08db213,1237247904.8541949
c3dc5ad23dc8cfce0671adde,1179014992.0483804
a270fe47ba30ef0056ec6c4c,325396636.7153557
f550bc7ab5992a6fb48eb60a,963628450.3509367
28f980b3c741866e0db5b761,970366019.4199787
c2ebd39857dbbacb99e6cc96,800790622.4388562
bb9fa21902daecf876c0467f,610196695.1705673
fea142787b18327108ee8929,592879892.2949525
a1647603f732f97a99f5ec6e,953236006.0510476
775f25d8144580541bf2746b,550528094.8575016
527a8fb085995119f846a5d1,935059105.0605243
8b69bb9fd7f0f19a248f5cf3,458350091.69324523
3b14b48188fdbb0917414039,629530394.5029227
02259637b8ef1311c69d3d90,1035574910.9767616
50eeed30ba674cb079689afb,563784543.9624335
5fc3634e1fcc96b9215a6cd9,1269861226.6937273
23cc24e23a1d74159ff78464,922078889.2870287
44551251fe345b31ed71aa5b,804899104.9354216
82ad984f02ccda30bd60da8c,858959079.0121247
5734cd4805f5c055d36ec645,984859666.8990321
fc7ecefb27bbb5c3e25e899f,519048920.3665531
5ecbd5b92092264f4e9101bd,793288332.1251353
83a8d9df3a535fd273b27c15,689014487.9184301
d76fadda8063e44483aa024e,1133849799.6113179
a15bf12a6b8749ac8f9de19c,434022538.5427724
a3f32d81f4cd99dc85a16bcb,656625072.2405456
4029115038a899d98dc93d3a,985246707.9035946
2326bb628b4a571921eb7345,919034296.0893757
471d6fb8037049e1e4d120a7,729971411.3501987
b73945103f07da807f7a30dc,587911610.192237
d6f4479f9226e52c93d70eca,566359377.987602
420b03095062d9571144a276,890892813.461583
ac0185c8f724ddd40bc0d235,672252902.4579812
228280554ba149e60f81d639,868724581.957285
8a44e15417d8e520a99454b2,644550245.4630829
8978ec4c5b2f02fbc1f57820,834934506.6819487
2ab88dcecdb565b6412f5bfa,579459645.1247134
1dd6f560c804c4548561cae6,1199808661.054546
90e94b7e392f84e01a5f1551,1147915680.6221683
84aa7d1c2590f37f0fd6dca1,453639615.4465332
0821fde7debf7cc445434024,313339411.63127935
b9973b07c84b99dd1018050d,448784909.9687658
169013bdcc2ef214e0163ccb,604831757.2128997
3c8eaefb3f5dd8d4c9f5386c,843046095.5666924
42d91ed3f3615247f57ebecc,1178709195.9133966
a7f1397df30d6521c216e331,1074148489.3436773
f6c6ee12e338b1f9730b6e2c,563784543.9624335
8f4687b666256e136148c3d0,1074148489.3436773
925f83e20a153a1e094bc606,876945306.2497435
cd270a11dd8257648d1f0444,922626015.302813
ab11db71265771ed4d9de64b,498978847.2427827
ec199e33b7557dd669fe1aa4,331674672.00402373
b47fe4670c6b065a9e1db429,672450393.442314
918947d51e52e0caf692f22f,489463072.5830177
070543b03770991d65cc337f,1281301012.131668
f45dfcffe189327cb0d303f2,553041331.1303777
d2e7484c81358d4c79f040b7,1279347392.8154786
73ff3a6b0cf4f7ffb244507b,1111346685.9523652
b0cdf05097df437354564bc8,559815544.6477007
33ea5de5e8f5c639a213414d,851452457.3065189
c94056bc09a4bea0e853cc41,619756245.102152
6d5a91ae44cad7849dc4e969,954003575.651028
b52e0738dec9d2f119c75a9c,839861886.2623501
0e35349077490a01f25e2ddb,1162049661.0757475
9a5fdeb5f389590eb46e7aac,1191884854.9768243
337c81be4cb14d494ca69db4,912707104.7609961
ff28f1a1ea72e21acb157f08,806452713.05272
e83ef75473fefbf8d7e52302,502354568.4319292
6d3e508ff42615eb78862723,645165229.6794838
3b7ddf527979726fb8aa1683,448784909.9687658
7b08cade91e2be20656ee856,445664599.14834833
59cb7abb39785d5263a156c3,680941766.694269
bc48ec7245297b4cb85dca1c,496472604.21951073
0f366a36001c0766521b9dce,752916257.5025164
6ea022e53741adac484c1798,937813285.1552362
aebd6304298f84e7d440c379,998449385.2746559
c5b333e454ed6e93ad32d96d,905480004.4192802
bcd31d201096351079cf7ce4,657103668.3150841
46cf5b18fd7bac0d3332d70a,756782005.8920045
1dcff645d389e7b687a498f2,1035574910.9767616
cadbfbea1d03e6538af648e5,640117653.0527196
9dc0c6ef8389978be58daa59,921786986.999318
fdc00f6ebd155e84a387878c,448784909.9687658
99c1b39476ee8e2ebfff6ffc,685309268.7902782
8930f231a5b9d8db14e9c656,688650553.2030945
2dee15f1b082bb986f8d9513,568989380.2056111
346c734ce163296a07526a35,599862852.1005613
6079fb3769f843e99b47988a,554477779.3691397
f5802200af1d28eb48466c1d,424871027.6658432
1f8068ab65469ba56a1f0c4a,424871027.6658432
1ee45a731b6f0242b6d2936d,554477779.3691397
56b7a6da82134b135fb7de2d,1133908192.5802867
340c4d762f830197fdaf0977,544377917.2859081
1bdc0d441e63089737ac4c27,430636734.5213845
b3d82ceeac64b64142286375,547863240.7313067
947421747f33db213e6b1326,640942309.8795844
bfdbb7aef98d4855d459ac94,925590700.6028918
80e88d50c151d5534a57f61c,904732493.5398306
d0f6e19e92c03b40a5aae3fa,1121882596.850433
6e2a3e49dd6434ed01eb5e71,1200218364.1506464
89e2d612654b3c792311faf7,1033587791.1090063
29425249fed4a74ada083dc5,352623690.95262355
fe0182e1795e2b87eef4bf41,717376505.136539
dc9cd30b760a1280e0318512,1070485392.3907335
d22313a06e43b8ab8f6672fa,422123049.69593567
f91cc2e5edcbb704c293084a,1378153176.0928235
dae776f643e809387148900f,1037437224.1594503
e55634fce84f78466095e730,889646441.6189735
a507a938532411f06c57ed8f,1371895542.0049038
30f3b383f2d5e4709c9304b1,976697906.2720474
aaa43db51d1ddea564d1bd2e,526751337.1323285
b3e76a0a1fcacd0218c17908,534703678.7867241
e548ef7a5650696c0e968cf3,675008899.6759931
939afc1f6250d528b0be8e3a,984296286.8763974
405baee61afa4b08dc25e586,1289233889.2334223
0c4781c598c06d538c5fcdf7,1025239245.4753528
fc321e2d9b4e954e80805be2,1161442516.8698769
dce18d258c352b7edc60c304,761084112.7787714
7b0a2bd964c04d01387d78de,894338728.8345809
43fd6b5cb01d05c9b1db0e65,665493905.2194657
cf0152b0a5e886e8291ef4a8,673139501.0618402
d05030b0eb8931161855450b,822338177.0390455
281ea3a3fab48c028721ee1d,870461153.1372335
4fcba82455866a6931590dec,954524128.2007126
ecc5e3781d5e004ceef8cf76,824395462.2981337
409cb370961c60bacbdf7416,311626471.9327051
54445913b2dc2d6ba35abc66,824395462.2981337
51a8c190ffb673d4fc27f4e1,1113481177.057919
80e7c6b194b3229e3e2b9aae,993347271.4328284
bbfc9b05caa647bd95b3c88f,643287678.9307734
128cb9247755abf5f2801431,444781436.1014346
ac180e846fda5cd7f1123f6d,1122869488.2588615
1e7173670334937dc61243a1,1114598854.7460196
c2555955d5175b31e5f783ac,1031248404.785532
d87bbd60fdb8b84a9fe23ba7,484276719.5444547
825012911321d636425cd0bb,1261652839.6355126
54561e6ed5570577ea97eeeb,1228029395.895246
3a2a2df4f07902b04b809125,705594855.4871713
ea7e3ba584cc5ee45ff8ba7b,898682013.2338604
25093735f186b70beb018317,1400892279.3011672
7fe1adc0a5873cbba4b021d1,916321284.2708344
461749398bbd48d69b444d7b,387249598.02986366
eb8f668912b70fd554c8c723,505950918.6611091
e2f00293305c464b361b6178,547240794.7321215
02a0a38b45e1b196165b0098,772580060.2785386
0e6dc789744b678028e74d56,408215894.2486646
58954e79191c62ceb1ead100,1145597181.2405627
23aa0804aabdc61650b8562a,1187854233.8450656
ef64565957b5278185b2429e,467422331.4784179
253725ec3d7939088faf71b7,731175358.9186515
a9683df184aa8b4ad5d0cc5a,1044537436.7633876
3c38153bc36b364b92548965,942394661.9965892
286cdf6dfcd95ee9edf73a93,415791123.78910595
df93a6e36d9f19e252fa9de3,1190807778.7969105
586fde402c82c1eb5a74d634,573734282.0914594
5fd3b0299c0d52e48195fbdc,447906669.4219446
06d33fff99a62c330ef2d585,613747441.7309886
df98fd10dd8ae59956994521,452584375.77328455
361715cb422c5fcd9125d5e6,488071225.2363556
af68665ae8711d009e8810ff,708876833.5683614
63f3295df28c02953241e2a0,520231343.78893685
62d338c26b44153bb075b234,1267042650.0691588
41a269c661f20e443a7a25f6,1008799707.6767846
c5a8695b7aeba06e46266959,911400661.8327006
17e5796a30da5eaf310d02b4,583861841.6594479
69acab4a6f82ae943850b9ae,657235280.701211
5fc3ffb33090bf75a81aad8b,890734797.8598485
02d89daa77bb313328fe0c4e,515916129.760423
6ad1fb94accb91bbc30449c4,600075701.3064985
a1cd215fa99b8776818d0b0b,429615336.6181562
0553a3aa7d961ada6dfcd52d,583388741.5012064
c6ecbe7b57db2db74b0d788f,989804905.32836
a4b23fbdbc7bbd45c5ebf80e,963148858.1538464
3bb15c6313ee70bf4d88f4e0,1186624621.5858366
e05c52c9c8fcb792ace06b61,723937157.496278
5fc77edb0e5bec0ed8e72a60,642303173.0352241
85e15a0a63ffe482c68ec474,1467926501.13342
859025f2f41efa521a74a00c,541299732.1959287
1672a21e6b2d8d0525df1759,633506521.2619765
7d4097722aad95158c51d24a,541299732.1959287
174fa597347f2b1d3e9016e3,664254925.6569271
3f081fb77ad08f8370569bf9,672255466.9041852
74cea4c9dc0e00dbbcff8b1d,1083521318.939529
4f5de1bc90694fedd216ef40,1021419487.5427213
8fa4be9ac1ef719dda1f96bf,356575534.40134054
3db3b80a902c10004cd3a3d5,1119142697.216964
bf02fad806fde4e3575e75c7,841815280.0743527
edd2afd07fa1305fc3126078,378492597.95322675
bd5d2030639ef16370cca032,736213218.0044973
87e74ed42a2c8c97f7bdd239,964093570.3444113
d1c6037d0750bcfe47d425a5,444480372.6298805
763c9a528d0f99f34e5b0031,538453556.8264897
8b674605311d296990ec72e7,557168430.8593942
d7cc3d199e538258fcc83f75,466575247.951423
ec6ffe86e9ece6fc03556ea5,511263087.9968343
9762ecd72557ad6728274e1d,788795160.4526558
49a2d111903c77053d44573f,852993417.8580809
d06ab7503c6deaf9cd405f66,1105686642.8726103
23e7dd821ec2601ee2c6e353,1123507897.3426886
81519727c7ad9f60d2c5f224,991174581.8236963
a4a5b6a844c14b4eca92dc49,1123507897.3426886
7e647c5e0a7d95ce87cfc8fd,1165574693.7417789
7a1bca1ed03e7cd0e277fb95,447906669.4219446
03eb8da7205428e61bfb2845,659801334.4771671
82780776619be0eade3d72ef,447906669.4219446
4c03afca943c3f2484b8db6f,447906669.4219446
85d731901b48348f57932240,664844326.0556233
739de8928aab4ec77a1ecb0b,967193348.612134
7f45d3809b08bb32a45139f8,611488779.5674427
cd14f8aa1613d754221c4735,613747441.7309886
537a9a2dd0ace0d0131722a1,1053985545.5012164
2d4a781f969a4fa2a4f04a7a,1184130818.2869737
e3676f99542f27c9037fca29,875588173.4308826
bb33aa4f1a7732fc8ef19039,438373768.0760621
9f11661702873852a3d65ed6,433419468.16688526
d7f22a4e6daa572583e02640,340045630.8211439
f6ce37c42fad91fce47758aa,499317776.97727925
f57cab248d2d832725d78135,620050655.7247498
9d73758bf7569cab4837e49c,938872815.4655902
322bad590ae06fb48f80c533,517539378.6483351
5a7b67d4c79ecd83b7ab66e9,763806463.9776318
8dfd846e6df9a040ae1188b7,459025497.03160745
44a587fc89d6b6489157ff49,1157592118.2405546
f9ce5b7edb104d4e8407a344,481817669.9739891
73786d11f1fa714aaa9f1f90,804257637.3799039
cc72295ef156cb2d60d6b10f,1121069759.3843675
c9851396352bfeb05fbd7580,1224296800.8418021
b3561144c745ae3d329dfe1e,1009625498.4310697
7ccaf332cf87e07b38b340d9,531960161.8268207
d63fe229354bef8b02b4a934,818593343.7442065
2e0a8235637e98dfea862909,889646441.6189735
0a1b14f320e330b405b27a6b,1040989219.0208328
db41266d7b500a6daead96cc,878147084.7963237
364b8b8759e3c408c4005021,521975682.4220975
73bcd7efb7a25587bb1c31ff,523214668.43748105
17060f24d81fe2661c7628c9,1256444114.1761258
98318f22c00ab335d8aa23c0,741011544.3557819
c926feb307c493aea729001d,440591764.5475756
58d92e8a26589e37b7123716,614922707.7928921
54d11dce9374378326f7ac62,456180151.7169462
8e79eebcff019c3362a76a26,959706860.3088012
02cb957c3db9ded3691a9004,526777459.93961215
561689dc0f267cc5011ede3a,1142507320.3171854
1533da89d388196f19e2c5a3,1141683894.792792
069ddc5d1f3c855e6498ac50,382307537.0634995
d3aee2a35856634eb710efa9,992479896.2631867
4bad966abb5e8c4121ec69fc,1388016710.4270833
f059e39d22124eb9e7e8e20c,1067349722.6327933
3360f48c1ec30dd1c3175101,554916849.8303262
2218c6bddc994984cdc6e567,514319553.4052737
c2a9b4b389ae6f20140e21eb,923344280.687078
d135cfa351ed6abe4ec2033b,621155053.1386002
668e5bdda1f4011578534f54,1000231579.6113098
d2aa3386ae240d7387424e07,352059850.6902624
e4f2ec7e2f4389c1efa52c0f,501820196.6104136
d4f90a6b73b1e179d3f8eb70,425318591.4356565
5738bc8873b341bf92ece0db,572663950.9509432
2906d21b1d96a1ec43bab50b,985385779.1811655
4e1bfbbd8689a95fc97fabdd,628595717.3194286
78410b0193dc989de2d24da3,869206891.3428985
fd7f194d9929a6f28ea57cf4,434473941.7221434
5e7ac1ffc0886c27471d1a54,1026004126.7258675
879d9e3b4ef9063de41ddaed,921983922.9785472
4bf620c6c6d4c916bea70e81,1115307013.839821
573bf87f57db6e037aeb94b1,885966782.7125821
3ff7b739ce65f0b3066806ba,1229921071.4983246
a456f85bbae3f189ff424e8f,710048698.3001045
6683685692e955a8ff172c89,767630023.1643689
82e1ae440b386c7da3a580be,1214069718.5159824
efd178c4aaf3fc9d05b8dbdb,470237333.69498575
55ea155410b001104518e992,470237333.69498575
32a10e550bf7095627d17da3,470237333.69498575
823124264778e5ed64d8664d,920521974.0246651
fb01d990afd25ef96ed048da,1039513032.8244057
df22426db407f4c660681c7f,731990262.7843624
44fab96fa2ea501e0b94548d,1221330076.5750787
871204bd1b3505acfa632954,1071968757.8940604
3d63320260d150d134fe8648,1035531457.4358238
b8b9b90d5721a9ed5e72b328,395375779.5323155
926d12cfe05643554837664c,374860841.983262
cfba6db03f0e38d1aa0802a7,584533745.7109675
97b12012ece8a740944aa547,1080197051.023221
8de317591cefdbc375a41483,677024229.2453592
46d34fc9a8edcc199a537b30,1269323641.4040205
262e3b4091dfa6b71af020ea,944002975.6345187
396761edaa353e0828949bbb,561203218.6113327
8c18d3417886c150136a03ba,322174788.93093824
f053d3918234bad409410755,923275598.80293715
8f5444b81998e52ad76b3ddc,437554289.8731372
0daf89cf494e0f40a94d3e5c,962210577.4810611
dd8c289ec872be3fe3352313,566360458.2334193
f02f6c5b97b8e3cc5d5a74dd,968439373.6102045
5f39cf56c4e1bd43f61ecde4,627942628.4275825
5e187b07578d582ff3d8e189,575448340.292006
bd018b302f732baecd085ff0,716292273.6393359
674cccf4c7772d6091166aae,1071760227.1285397
38e84c560b0455548ce186e4,784726967.9793541
d14173913bf5ed21e3ab50fb,994213508.3291093
cb8844cf2070d8697bcccf27,631272664.4695054
6b44648a905e7f4c0de6c855,593611990.0654138
148aedc984c7f6831c7f9601,541725267.6628894
ff9d1cf7bd90c5e47a0bba3f,452818373.2518315
9353136b0c791bec58f93ad2,587140625.7107443
de2137c70bacfd5087bc5c68,775220796.90645
12bf6b9badebc2902cc11c62,652842450.7607213
c0706c78d5d98202dc24e46b,1153420039.8538225
4394a27b21889bf78927ddf8,512358385.6742344
0ebbe9d3831727f90d677ed0,1379226069.8805873
caec584b5b6998684bbc6a70,510405669.6528929
0c302f1c924f8efe0b6bb58e,682362828.5773782
e056ada7a37336bbe878f38b,620025820.513912
905cea21c0ce1cae97fe86ab,740939466.1262811
e286b12e5aa7929334322842,850893978.8045301
6cd4e68300a8bafb9d22700d,753483720.3892425
39124b1ec419566a371af8d4,660960144.378017
6110b5bf07cf38c437c7ca8a,1180653250.2250137
6f8a22e4dd21f44bc6d383af,933118906.9958498
71eebcb108c4828b8bd5b84a,691140178.4042534
5d61946d53efdd9bd0af140b,1071852220.9946938
c0620585c12f3d9f1298696f,495766684.58559275
d27283e3c941f8fc256c3f4f,606332174.1064227
2acc857ede19953734600dcd,469974613.497362
32474481a0f8af34a4edfec9,428376514.86038655
6720db016112cd2a4a5e0358,435441273.3462026
959d0cba47f650933b9a5168,1095421919.2361717
32d2c5f1707b00c93407a19a,661030746.3085591
0ffdec8eb5272d9fe4775251,589571307.3458396
c77d7a08d5b9abd4d3082fb5,661030746.3085591
a3021c7c465dfdd38cda9f9c,651034440.8613563
aa24974831a0c608635bbcea,613793098.012561
eeca3f5c399785a1cf15b1c6,740058135.2590652
0b51fb3a65a86d7799f27264,430500407.95584315
1af16b7f14dc04f05edf71ea,417089003.0357385
e0d7e4dffa0f3dbc40c7da53,680046188.7341768
cfeb42023e2737491b3e4283,1073143011.3899716
dd4e23681e00fa1cb9a679a1,589571307.3458396
153c89081fd85dcc66a02421,539909780.8491623
f25b2ce0d988bf5490fd780a,403138495.92902267
8700c9b62ff5a5c3394b0bd8,538650780.5192341
a53b105919c7b46c0cc1b003,732842416.4048214
1c835128915211131bc561ab,478517884.9377105
a0c6e0c6fe41e32b3bcb2b26,1263933770.9861128
4eff2f2297ce85a0a3964d2c,904844667.1118193
57062f248424c47282d3da30,828604504.2535454
99e860bbf3033ee4654d393b,904844667.1118193
db8912c5c5e5e49431b2c85c,605298001.3373802
3151daf55106dd159f27a8b6,500155615.0620477
3e8a4318d93b1fed4c48f48d,1053692079.9521102
4c8ca73cb51a58933de61f0b,1170283936.0450435
925754da6fea9c9cdc06e18e,820282896.61434865
05119815bd72ced29391ba87,1189851951.3763037
aae7cca10bd7f041c8e02d23,503579636.85580826
4890edc33a555cbbac71795c,591694838.9648664
902fbbf9f5037be8759775a7,1001455221.0838411
d013a0e910b1fe2e3913af7a,575022636.5572069
9c38b9798313a3091d13b340,830427170.1569113
f04d3ee8b175c8f2f30f4f39,672594059.6891115
f0f883c45e8470e74280e8ca,732572693.3581595
af820361d5f20198bacf839c,1209989460.7052343
01636da0aa2bc223af023a13,1059578967.2808857
cdef6e87c007bcd9b4efa9fa,1094690890.2449007
1d45332e2f04df18cdac590c,624648029.7773117
db3dae76fed5fdbed29862fe,1230338710.5033617
f36a379e0149d4800e793001,648716505.2074867
30d2ac3ecb8150e4d4339d1a,1232784036.2967267
7f78955c480d050f2c8ae3c9,670556105.0959592
cb1dcee1f4ede0877be1ad15,863858512.3519417
a32d2c51f2bd5f23bb519d12,1018561582.8845172
bcac2a4cacf13a91805557c1,281826011.29483
a21afcc258e50a538dfd43ed,517692406.1120374
7202b83b651382e2630359c3,475934639.03599447
77d6855eb6a30d268e49eb1a,638246270.126313
204ddf6ba4822d55ba80f713,529793271.49460256
e0587d29cb717f725e991ef3,710634001.5041218
c606665f3a3f70ef61fa5cf0,1255337429.4923184
44412a9e16b2824c4a520a72,904703158.1305615
313abf19d78b719cce4b3188,821880306.7602645
99ad7b36c3c916393e951507,851746455.0715265
c34c2aabac06323fa180b24b,633506521.2619765
37f39916813a58b844e17833,1013325770.2377074
6ab7f97fb9880e48fab16a1a,462079802.48510295
0e6c74a0056ee94b10bfa86a,499270160.59378326
7fdbc3fed9c9607e6d01e958,797480000.3835703
01018b9796a105be650ec802,1236528355.9241517
16ede6f8833a93677d05a131,629418736.1500424
0a53b0b7c365879a6d2cce39,749060254.7965972
a293de027279019418c070b5,458357085.61398566
973ab56a202e039f5ef37353,636186179.9423343
3e18c851788fa8724ca8b7cb,526439972.67505664
0a4b0a004c894654663bdcdb,1080260922.5949762
55d4b530b881abfce2d03e56,871368134.3251427
405bc08707001684d19f6edd,829687811.5923892
dffa1057472b06bfc0fa7a66,807842892.2796627
d061615fcc6355d79665f9a6,755384597.3842725
6cd96d73fc58b1502bc6ead8,806725018.022548
db78a3ce9c6f6a7f4ecc6853,1224378534.199007
1498ce1c1bbe2e89b84a4a45,1232485451.145409
3035d7ea4b71d204b588dccf,1169284364.68746
2b8e9560dd58d880dbe77c61,1318599423.2652202
e8948741a987cbb3759b7a44,1352000040.6006763
20718780218eac9668776956,1178560823.4337637
c0a9e3f5c57cfbb4aa9b2357,663711619.6714594
5e9e9339fe1c3a06470cf7c6,1102342728.8741093
f852e0f3fb8563ea6918164f,1096224524.0997074
e38b4072ff8b856487864f31,1296229033.5243196
8cfa1121fc87d9483ec63611,1165574693.7417789
1a805101f78cbb783e6f919d,546468943.1227669
98502628de3c4fd3905000a7,591109401.8083134
ff7ebaf86962fd0ab6ff41f3,562727407.9634441
69442123283ab024a911506e,1095421919.2361717
ce6e91b53465250effacca98,1261881469.471499
5d42f42059617a5ca7ff3a32,651218245.7516407
01edceb6c5afc2af1e129e86,332749966.1457344
fdad0c86eb89fe93633c8571,642716163.1304121
831725656d9df81b63c0ae38,590606772.1632518
d1f8eacef9bb4d300d086837,1017635311.5864712
3b6d88f864f6c1759f957c73,1263507138.0696547
5a38f908d8d75c5810280e12,543116785.0764098
c7c835349181bd3f0d964eca,1037918172.9442348
edd4d560363f7575aee42d39,727031220.6642873
8f3924eb214f5194d21499b2,1157265390.4599183
466c542d7825d36d18a86486,927221622.2854252
0b71d334a6db66cf6f1a8eb1,690061378.3491429
7a91cfb02df63e4396b15aeb,1180344777.8507845
6140125d2a94efe499a6941d,466575247.951423
080df3efe1fe81f97e74c4c9,518802467.0898072
e148c2b109eecef0175b3c5d,647728632.6391118
40aaf6665b489033ba0e55b5,1408896292.1407254
05498e49d0b875ae6aaddd83,844567009.6010674
397d0f6319465fd7fea6f710,1045958910.9031669
7e6d8c4742b38854d819696b,1239406700.9149477
9a8d13d56d677379ebf9a347,991174581.8236963
06bbc353bf62fda3b3786fd0,1008109180.4634311
09fd7896d5445f422892b196,801551622.4798352
57c63e412f3fceedd3a7e698,1014565430.5952752
32cb6246cd94f962f780a1fa,369863775.69155985
b0f9bfd521802b0d2586300b,1376251369.666129
2a99204f0a53c4a4d0a2393f,809530329.0169882
7651626df0e2e3119b801466,949233585.8807614
59e48259a076518d929f5db8,531783644.8924084
e7b721ed96269bb195906bae,422216455.78425753
61c3c304eb8a06b5a483efd9,817315602.1633536
3c26b2954be250bfe239db68,513468761.4214452
0df87025a6351b435958ce95,1028009999.2600791
df82719238ea0e102c282c09,827063431.941174
57c74f7b9bc5e33cc823439f,637463988.6370798
4195a9d13c0a526d7cc959f8,502029855.38443506
0d00fdc440d7612434a6b91f,735740149.5111809
0c91369119a06c40623afbb4,417753006.4945222
5a6b30b4d33e068d421bc2a1,971962743.9478996
f4beded3c5ed9fd6cd5177c0,540751780.2067231
95e561c7292d64305a2cf4f9,894802831.0970113
67138978493b84ff42daad45,572999375.9768176
7da10de45c866c7d066d2586,606759067.96112
3c3cc027fb179e91a46f11f4,372079886.53693354
df3ada98307fc85428022d00,541266694.8903637
e029c89d59f2caf4af4bd908,898610023.9211123
105d05ab3d5334b976e448e5,969123060.8887146
253fe7aef58ea97fefef922a,803828232.1357228
43e11f10650837933261fa7e,749411802.1519997
b111b17ae1fc17e3491b7a5b,450855172.58405113
63e1ff737ea11ec607ecee08,979791489.1095941
ae703276c49b6a6a9c39770f,1163331466.263571
799bc0f95ef9a23fc16bb1d4,996081231.2703632
bb9fe73a8742dec9b2e79135,1108550053.1440592
a9b3d963a14c2c7435f30fbf,788124435.4901637
7a48bc2c3f4aad08dc7fd5a8,423524697.6856965
7621f476bc8040270958de6e,911619721.3643218
c49644baf8dc51d3f76d7e7c,589750132.8271288
8c107da7487ed0cd409f4daa,611999842.1761923
1bc8874a13914055c2759a35,354295631.4276621
fcfd6f08490be39064aae41c,515287716.39086324
23178c72b063ecbaaa04b37a,393947799.8719355
10bf1c2d1124f6d8f8b9497b,865869370.2596794
c29b30cc5db2ffc273e4cb14,619765701.9041309
f7d11c2601959921f536f804,964450375.6896125
acbb07a2c7a0e39c0102b3a1,1081679431.8415947
844e127aa7802cdf75db074c,430899654.55444425
e2d88f49873bbcc5476f4ff5,617659224.7731512
42aa1e6f6b8220a63fe165b2,929615767.0702909
ab1c43d6fc4f08e315e322d7,1070046497.7847456
9299c976b1afe4d2c0bf351e,1162051877.5116954
cd62ad28163c8df131a8f2fb,989212281.2566273
e5e06913ec3c851340d7c91a,607380857.0196042
d9b46a34e48e04b5a3e026cc,523629981.5405611
782a6028457ec55d4fd5189e,870373163.121451
11a905e4e01e7d15d35cbb82,620044742.4890845
3b3e423e248b23090a2897ee,756235137.1166492
5915093d458d4b6589e86f59,731150256.4357511
3d162a854aa05447e2cae0c0,915632931.7547239
662a3e343a7e207ecc09d6b7,1207854257.6269596
289db1292d4ee40a1ed6e518,1084222140.8236222
d43d2bda7b6e4d5177c0d032,678611830.2609013
b57ebf09cc691bcf009ef115,930717515.3790234
21f5bac85d5eec57acf501ef,1113733937.5614398
2fa288389b3031d595973793,716172056.4486622
c900d19cade1443983274ac4,965145973.7094353
67bd5b20df7f2a9cf4e04358,671742772.2874862
e111bda6d24089dac82907ad,349784801.83804923
7910ac9782a1a315f68799c4,898548323.3857676
ee786b818284cb382c755e9d,863501039.9151084
f9b0a27bd3619ae88ffe5455,536231577.6319932
ad1c32cf75ffbcfc842e3959,337646583.9230288
5648633b1f92de1ddaa7e7ab,428738626.89241076
1ba481abe0d3890c42884d97,671742772.2874862
ce60e2ce2a420052e67564d2,596726959.9181783
87e1b1170c163689d60bcd09,629495574.1817055
bb4c7900162be66534d17541,682215774.494721
68340674853f0ea101e32b46,452289245.2647611
d10f89691119d4a4a2c1e650,1075015471.1426291
d414907e75a1c105ad2b74d1,487026918.67279583
c9b6d3bce20b7f528fff8123,592422083.5360734
be1695a7b8d3dc68c9887abc,705033873.5937741
debd60afab03fd1552719270,812542196.1404761
de060e07dfb0a5494c5550a3,339908806.7999727
3d6815fb68ce959cb95e225e,881824540.9124244
d93f6d8fe212ee3c0f7cca95,1012846557.7357389
1ac702e7c265717b34419fe7,903735623.053879
a157596804522e03efabce48,841831336.5797334
069c529aaef7d7e0774c4a66,958514118.9923635
0669fb98aed75d79f8decb7f,1066444172.4130852
7057326ac489bcc17d580883,678661017.3186458
e3d6fe5d97bf4fe851aee9d3,768205645.1413817
f80b20e0649dcf1c16003255,435873367.5169131
364256d0881131148655e006,1042905030.0751548
0f9c26956bfe983c8c7fc227,1187854233.8450656
9756b47e9dd47f99dbb23115,602193419.7873513
27d413eab7b562b984c5a682,1135100498.788873
ad17072ff24e0fc0e61963b4,530501094.24389464
473a59415b6214218a15e363,1023264151.3529801
ef72df5586ad0cbe59e36e07,1169779581.2370288
9129b78a741bf5e24df5379d,642338701.804163
964734d3430de94d22c927cc,422767650.0207849
530b25326f39c347a35a8caa,475830256.5565325
482f57e65a3f4c6792775a05,569517061.6441432
738e86beb569a7bf51fbe199,385264859.32286716
c5788cd5507c577b7b585ffa,315299224.7982256
be164f9025f346390b986668,400825309.17599595
ea2efa1a857332559120b823,839946791.753192
f3dd24a17ea51b7a2b0f037e,674465802.852715
7aa8d04246d3e84e5ac470bc,1027292606.6019138
6361330195fa7cdc6d5c603b,693088649.8589246
6820ee22d6fafc9c030cb286,1371895542.0049038
472601b5b5719855ae3528af,1170196885.843542
3ce2c7f1ee7569e1b916cddc,752854508.8614992
afb03f7cea99023ecea7610a,385717783.3402757
404364fe956884368e2f8300,841717342.0231727
c658639b590415bc6ea44119,562322912.768633
42f1a529f5ff3a6371dccea5,711506075.5895852
e2e4641b20d81a90033a536a,616461091.2196411
253b34c2c5ce15cbd8b5826d,782186617.2899219
86ff8f274b698e7757ced1af,664254925.6569271
c4aef1d92cf264c548ef1f2f,529793271.49460256
e8603da6012c2116a70176b7,1038452821.9890172
52b52aced4853a3e3d7fa058,783251067.457224
7d9a9c3b4442efdb53c24448,856995325.8942268
a7bacd6f783756c9e7cdc068,441711707.4923269
68a00651ead62911f850cacd,569596364.6990812
1e7e26077db3bca2821a9b45,467422331.4784179
8aa21f48a83be25f924f85c7,998201845.1260332
48107a1dd2a3b027637f250a,942394661.9965892
6bbb24fd1b9df3df4e939fc3,752346352.0038074
aa45f8fda8801c3b4923f4b6,1187854233.8450656
ce164af02f76ab3a68b0f980,498179086.76346195
c32249c7c0819b1a29fd611b,568824444.4256233
f8d4ec209ad5fa5ba4a68e56,528572983.9444107
cc03087e0f18d59c521b6ce2,1044537436.7633876
fa631a714774fc22ca15ec10,1190560234.4007757
c310efec13e312442f7e1a01,498553606.7444154
534466a857d28dcc598e3a49,600987457.9103895
4a81bdc14b5bcc4c84f5ce4b,567948482.7928836
79ac12d8436c07b620190b9c,597920951.1940322
f69962045e9aea6b8200888c,650542893.6575698
9752758072e096fce6f7f4cf,802141971.3911631
56fc1855dc6375dee0506133,1170618804.8662271
2fc19f73fb877ed8b88a5250,416569048.0720205
63a25d279fc5a9e8fc1dfae3,471883340.58699906
71978c139faf2a251db6ff5e,311626471.9327051
f4dc67569fd340be3dc592d5,577031028.863161
0b829c23806ff01a0c84e9a9,834394819.885123
a23ff4d1b2e24f537a75242e,1022930461.4001099
3a103803cf9cf0451582d89f,383871200.76248
eff8b3fe996b6d7db10b0263,859142592.068549
9d53330b44c300e396cdb402,414672040.62882453
301b5da33d32c0632b16e8a8,637924968.4749305
357e653c4bea02df1b08c62a,1094954004.4642396
9af17837ac2bbe7c8ba16e0f,623771758.7059717
246576e24f66d495fe0d509b,760819957.8310771
cb70f4993947b640317a07b9,605337256.096984
949292b23ece12b655122038,555168810.9501733
4bdff22689954e5b1e575d30,896815585.1642605
7c69d43fe2488db51e6c8da3,797480000.3835703
6f543782174a964402b64de4,652872336.200527
a59e7f0e0596ea6633781335,727031220.6642873
767ae7de1818d645a33749e2,1038460744.785529
e667133c29f90c8fbf30ede7,513579441.4739201
3fcacd1cf9770a2724a5fb01,846671831.3312278
601193433c99337fe806b158,861078417.3560082
42c282041583e6e2090b50f2,1207522556.101006
3bc80c56871193dd782696d3,525551087.31137824
bee9de3e2817bdd591c02897,551215255.4056629
0f761aab549e7f6bc025ab0f,945794412.8250014
3b9971f91bbe4b8dcc704ba0,1005752644.2337905
8f428b58a5189effe993ca4b,382616840.27009684
0af466463f2cf50d61315da4,988797278.3410864
1a486877c62f2aced41a2ca0,806395802.1610801
c9fdc3f80534b32f1a75f530,908368803.0860049
97419310c7e696dc8ca61f7e,1192255466.9970093
49d9cb2bcc98d69222b03165,869488776.7392114
99fa9611d644cf325e20e603,1186590672.4687116
976d317efade1dd77ef3687c,396895225.94597745
b9bd63208716e4e0f2dedceb,473007935.99912846
834263730047f308d71d4d8c,453912250.7441944
d6bf8bfc752bf4580e99794f,1000670467.6498969
58bc2b0acdb0702732894fa9,553007577.1963571
c3b8b774037044a2524913a6,623532664.7476459
eb339d562b72b3bf51073cc1,504793250.33897597
c8244d916b0110b1acbd38ac,1161052693.7635071
65bb6acd9be0f8d95fbc722f,876055912.8537402
5644b84ee2edcf7267b2189c,826710147.7951761
22eb737351bd0958d3e60efe,751349696.9188585
0e2a5d040f6361adb9927388,1164448097.8018868
be9f5ade682aa1fced79b068,661867196.1417509
8445e5cf42307960535a3b11,1101149126.0715182
1b002164d34a71bd06e0445b,632105216.4168166
c80f897787541816ad63bc17,856328673.0649481
673c72783eb4f9a02c511b83,933558616.9838613
3b29177e99201cf4eaae612a,1070405765.587144
91c5967cc1acb3f108d6e0f1,594128509.26331985
334b5b9fc68a18387ae59ebf,484944079.18986034
c9d096d4353b8eb843e793d1,908315094.8179531
92cade7b5347d1c00a48a1fc,1193543272.5128198
1d4bbb5b756033b4be28643a,893733369.212327
e1eb183eb261b6de96e20a56,1223946576.8194668
7ea8da3b1481993b14bed9d4,546655547.8918526
78bb43910ad6ed105610d9dd,908795116.7881874
32c1f617f2b1f537ef703712,1156762233.5209754
a7e6d3c76bb5507e00ccb501,1042990568.4727275
6c75d7867807d942c975079f,762826636.1571791
e9182661e36239f091259232,454921125.27258277
c926ee21c2bd9da7da193514,366895188.02149636
27bcae7ffb9f79b8f59fe1c3,542478002.6629604
6cda1a7622d5577c0056ba40,1172527151.2386258
67c945ee31cf1fa0a874e4a6,707762248.6424077
5a8638c17d14ec4f6d447b8c,471962551.2865248
82bef17c2a4db1f6dc6eaf01,669197922.1457348
09dcdf0b8b37c1d537b9fcf8,628311630.1032987
2cc9f2411f98d0fd41511211,736836953.6593459
aa1eaa63043c5c29ab6a1323,865293183.4028217
35b03ab66c19ba2049ddb9a4,695884936.7128892
90470cdcdd2b813b39f28ab3,1318601938.2964277
ba187eee3858263fa664812a,678751634.3894336
c06a1d212fed896b6ee4e1c5,691206093.8111084
8a8c8f5aa68c4e530d62776d,808349987.0830148
662a221bbbd961c285069c49,718385641.8415087
ee796b35e39c7beb6aee2b49,996009038.667919
53de17a986d62a44d7897200,633347043.3892095
68925fb9f8f0c84fa0ffa9fb,955702790.177181
6a6d4f8251ff961609019ddf,512523566.880766
3477646f548971044f8f0494,433802391.0028331
c82434222f4129168fa82e5b,835745488.48180306
4c00508300f40d74c79f2596,737518890.4329916
27bebaf73dff207d7f6829e2,699361816.0460598
d0ba7b90f6ba3392a165b46a,1170618804.8662271
61974f593c799e5d5090c067,390782183.0447437
c08b016afc6a07105d7703a2,865648095.5600632
011c2017b63235bf0ed3f241,494601186.43274474
7f73a8e83d41ea252ad61197,573852479.8854879
0c25a552c34e114a1780739a,403086981.20140326
21e96ca8dbe2f12b55723335,1046685346.0682561
30f6404e8034dbd513aa8a30,420474941.89931935
f2fce80439462bb9231d7fba,776383860.9420797
40d5384e2e8f8fef2032928a,508708728.184068
95f17e64d2222c904a7d42cc,623537421.9425032
59374f70d5e7da97e3b8b35f,791800860.2495435
ba30cf03fbfb0e36e5d415bf,1345168238.581156
c2424b4861f2ef50f8876c0c,614767908.1782578
e7def7d0999433ad6d3ea412,1055244756.1003429
7f1a4e79fa92196101baa7eb,936669191.987282
37e0fe114a3c7406daa57443,1181056412.2522154
897c0578bdc8d59843bcbe38,394176290.431845
7e554b821e6955ab259a25f3,469124694.1767267
23b0d67dc2a0ae6e5ebc9eee,494834255.42355925
d43f045d046fbc8f5ecf465e,613341367.3959688
498d632cf0868a8e641cecb2,464101616.74144405
6b9bba3c6afa1f999a9429bd,295978220.182458
12db154d9d29cafa574ad387,518503712.9143316
61779f1bec05260cf10a0d2b,613341367.3959688
986defbe9082519824ebc882,943750933.2971392
f72992cff50931d2e19b3ccd,736891766.4913555
0e2d6e5882fd3b4eeb9ef286,688114855.0190593
9702737c9e4ecb12d0f9ea5c,825065580.979688
c36cf907ee28017eb1b40674,455710542.52082026
a7ad9c8b5bae531abf68f8d0,736891766.4913555
6f3dd53b0935c9593a301bdc,455710542.52082026
11f8f836e5626605ee4b41c6,1017357788.5344471
16fe92ffdb7e1aeefcde80f4,1109319958.8568244
c1eace64bd2c9f6bea289c4b,1043004493.9921473
fc2ac43013ba8ab17da28041,974214093.8296571
5e6b54654c98c2517c2e31d7,936669191.987282
f0e8b39d2e4644dade9d8954,677338093.036738
22796587bee45b8f64ee6e44,949443629.3647835
dc8c76f5b3977f90839918b0,1043004493.9921473
27663c0e271e26dfdbf4d289,516636944.206709
2fc96ec5fb2c8dec0a5b09ab,936669191.987282
49d42ab711abd95fb5947c0d,677338093.036738
b8984fe54819f5fcc43860fd,571727549.8791169
8d3f4ec0c37443eb3f953584,629533996.7150462
001dbdd202e9908ee42713a8,964921413.7152648
fc5f41aad1b4bdcbd8298037,557508603.2841804
34926bd7f9880e277e75a447,972374390.6362392
00eb120ba4410ed8efa24a8e,914852609.6909384
eb0c6a8231b38b2a1e1f789a,355860771.95691013
0f059b39ca45bbbcb996fa45,518283220.0907113
06a5364639452a9d663a2dbc,403836515.1038652
cd19dcd4aff76caaa1cffe54,368412678.3781339
7272c3521b7083038ff0a690,711272694.3691663
a480b654e1b8b7134091e613,873914712.6025573
ba24834c9fb0e87c4ea7d1a0,1012657253.9817275
ac46e3eb688cb1cb17da2545,780312053.7031497
3053732169b2260529f90133,610114066.8593017
ab0c047373b5d1810fe42bd9,946660709.9712766
698383c101fb784f8e1b1ee6,355659918.49529016
1b09c89b546d0058cb09c1a9,989804905.32836
64edef308b6a9805f0846cbc,909143594.7973685
995a5799d9a1a7e4dfe4fe34,1192441953.4207304
d4f1fcd4c20dec55e977720a,1321182369.3338983
21264b5a73fd27b85a4e2654,860188709.122604
d464858ed94a1a74948f479a,564137363.762165
dc420bf2dd1759b7f281cfa6,1058463969.8039522
0a268e25a5f3a0bfd8898a40,413623022.47625345
a3460f00d48816ef66e3acc3,627869572.6411629
9559637fc2bdf96defd2438d,936267303.4208366
421db6a58670e53f563eb9ad,902490218.7359184
7b6322fd5810990820167a23,576494186.2639437
17fbebdfe6bc0618ecdd247c,1149523881.042834
00f2621035b1969d53f03fca,518752003.14819264
e97c998a6a0709605432ccb1,433827214.0849993
39e306be57a992bcc75e089a,443339879.97590506
55d0225b44a81e82eea3efcf,851496306.886022
c7c5ee499c712082931032a4,1130987910.3718514
f15f48d4cf4f85a3cd68dfa3,582729268.1705167
01db5867a69f8ea7849d69e8,1261113918.5218508
7c29fc3861c9f074e3a89449,1019698727.1247202
5ae2fec22f535ec2490174c5,338217013.86209273
a6731fb85da65ce14468341e,560957078.2604173
4e327acca2e033c3fb305c5d,626642071.212674
37b8e8a194e4f2fed7ddcd96,336356527.12600607
a8dc954142c54e570bccdca5,851470321.6774278
b427d767b071c3e5ac2a078c,585638549.0152014
a9407f510e67bdb27ad59b46,681469281.0170659
ba7120c89c8de0e57e30646d,519948625.812742
4f5bc448658287ffb3d49b75,679872401.5309874
758d9f47824eb74d1b486024,611724422.0617173
84fb7e582456d7409f27cd2a,1181549853.6099603
0a6ade3bea1768aab76680ed,821385090.533251
f6e74a4b1e026352e5759b2e,695090340.8973687
639b98d0798b5670e7bb2569,916216425.6219683
32ecec7d5c47d02969368779,966966467.9124161
cac82fdc4d960947bbc590c8,757665911.3231015
c2b880a6bc90cdef9dac52ca,725030195.0634673
dd8eff6162c32ecbc6972509,895916292.3237652
6e2f79cf68ac0ba2b1a6b0c4,1215965402.1164892
a904fab9fa4f41a11f673fd9,1165350176.480878
bf11c5dfcb321e020601e9ba,1298547706.811167
488cdcddd0938ad0205ab8f0,1137562642.0385642
b92929668e884453d3a0d633,388579175.4230403
09eeb116cb0944a28742d282,935235686.6187749
c16e9d9444f85bdfade710a0,572398590.8881803
c15cecbbe717e72f09a84271,716721394.9229687
0bbd23df46a4ea4e4734b680,983832679.2350512
de28e62bd01870dfceb5d78b,479990506.67151624
92c4faf0ba1fbac44db6d1c8,475315033.5559308
91892eac5e9565b12b2a99f7,526502230.83914375
ba72421716765ef6aad9b4cd,1258814065.7564929
a99df3a2cd4f2346c6e903dc,330377814.10218334
59a3b1a44c35ed4936cf7843,1013758802.214188
cd74b689350ef612ddf1b96a,570947296.4075363
5664cfe452394ff9376bcc8b,436744673.7337774
d4c6dda51fa949743a46e835,801383467.8973207
b7f47484bbd8113c62cc8c1f,495450954.7948818
d4dfddb6564c9f46b26e7aab,904256342.1615087
aab240140aa4b6602234d88e,604521511.6773039
29671ce02e285f69afeb3fc2,1325066278.3185537
5cd742ea274b4a8832114080,633170697.9556563
c876ed979c9127674000b740,905139836.3200456
45269f56121b796d0392e2da,1070581360.7682523
e981d4fb3a33f372ac26901d,1237200708.4923663
2f13a428281ffc425f2c2e38,1112054899.8588574
407e4196114b64578beac143,787760738.2419373
342027b17940a0cc5cdbf8d9,1081539147.4336734
dad2bbb0fe138e426000a33e,846671831.3312278
e77da26aa7ecdab5505fab60,942800978.9528321
8fddeb4ca696706f6cbe573b,1208478748.5848358
fe368a7d2e09fe88b1b972e4,564586237.0126917
6fcea2c6b9e39576e10581ea,887290921.855738
91d35b9421c4982b54dd520a,658054376.3474292
eecc82010ce9803ebea6dc75,393114632.81854445
b957548768ef014088a61b5a,451778830.90718204
5790e4cf8102dba35e184ca1,1161502330.8565872
cbab68c32d78424452249d9d,1174069056.2179759
4e0b293ec3d5eda7d9fcf8b6,656387156.8951768
1f8742e662666147955c9872,624199025.2986369
aad38b9f22ccf36b0fba4e7c,622026461.8541727
44e9224b9735235fc7271672,427375150.32754225
b61e9e4f3a2e894932b58ed6,750019539.0122263
2b36d2ed79caaccd687f2ab0,358176022.92705363
7bdd64032a4f011bd4fe7df6,667792813.4550954
0890a0d20f33b9af2bfe488b,596631361.6029762
ea7c9e327eab66ca286f6726,420434042.2809213
98510008e150296ca9d27d0f,860548093.0438775
41abd8a2cbca609cf868f227,972294643.6569895
83196bef0e5dc6c981bc57a9,1082005457.0511875
20289e986c1959f0c83a6a4b,765918891.6030903
fb39ca089d05381b3a7ba847,850191530.9278733
d2da963bf6c2f6fe724be23c,999684193.6200622
670f7dfbe2eba87e55176257,875770228.0127991
469b33a6f153ec334b6123d7,557384203.6621164
c38ce4f3763795c61efee6f3,555013174.4001555
8553a05c2b30be81c64a6295,945502216.5017618
d8b3a1d0cffc913ebd05b931,945502216.5017618
f0fb8232343d235741a20586,945502216.5017618
887d749eeaaae288b2818b86,662008601.3321971
126f4d890004b8035a7de091,1309548857.6084716
7d157359b413e107f5f9cfd6,554548641.9201224
65010e340fa495d060e32f7d,443691790.7162618
8164023f628f550f322aad61,1020732003.3262695
8c2423c14aefa13d255fa77b,972155565.7402662
e9772a54bc6638c723dcebdc,702849364.1325895
171149ef76fe0a2074c5bf69,779554862.8088696
96448fa0eb077563a2d168ca,692811093.4942614
3bf1bea2a835d7fd11e47ce8,543913986.7243476
2f4b0b1b81c792f43f4ccd5c,543913986.7243476
086540702ba0876c0c05c5d5,994826205.7472959
57d17db2cc5ce1aa889f1f50,1022797796.2223265
3b6cedd9966332f0722208cf,541669474.552866
351a3e1b62cd51d46913a8eb,1016386084.4292382
33b702ced6de5f7ab8b29e7a,684133866.605792
e0e6852c6d6393d6d3719131,1164359260.8512213
bf5e687721e030639ec81416,708876833.5683614
314479aa7b73ef6ef44e1c89,1172632267.5990093
822896f609e7761b58e7f6e7,611488779.5674427
5b6f21752f3744ec6e529d74,1053985545.5012164
5d91dd63b6aef851e0c78389,967193348.612134
0a369278a1ef6f5e9d79e2e3,1179100449.2654126
7523e95fc2afaf31bcf30979,903926978.328295
cb9de5719b978a78c71db699,1184130818.2869737
af8c90983a23ee15c72b8e22,1396786116.312253
e35d8f589e6b1909f5e4132b,1018641238.8328985
ecaa5e38ff6cddc14942eb7a,1013350896.5010324
d2eeec3fb1ee4d686758534e,1207522556.101006
e97d03ef9638c8e1d270ed2a,507071586.7187316
cbd78f55af1db4d89b53b496,617827714.831625
1b2fa2ee5927660313569617,729926858.790638
f7f00e13da4910d724aba4f6,686790531.3526752
9a6b77dc2c414f0baa11effc,508112352.819438
bd4d0b8799fa5999c5d2ee3c,1257175252.296551
bd6b68abb113370c35786557,1000981622.2904363
4da8ef54252a92d9cc62c174,849394072.2254322
38d6c2a9beac610279bc110f,484316439.6085285
32e6518755191bef743b28f6,826538291.7928606
4fd8d01a5c3abb90ad70cbe6,756766128.1401813
5d9f8f380a6434096a0cd906,364237236.16059065
724c854b1a991f060701d005,317395375.2016414
1bd78ecec17b584e827dd0f9,441837257.56710047
7e6f68184d84e09cc9ebc09f,499476848.6148121
c0174ef555bfdd648acf4346,648067232.8546538
6463505a740324c7aa869d79,648067232.8546538
f239b7fe0de40d208c01c45d,1006259208.4870473
bd98add659faedc1820f96a0,476827817.2339671
ad662354d28a9b2d65f537f7,905217528.4295863
8e8852450fd5556f748c98cf,844449423.2749006
8fd5b95f5808b4676043de35,700086513.5177866
73a23c9d154fec88d396d2a8,777872043.442096
374ca1a16b8eba42b35374ac,565120613.6884388
ff058f978e97c389e7a31f6b,699613973.6595938
9d7f2c004fd359136a662c9c,615491813.8962492
2cc0129b386acf9cdfa4eeb3,784575811.0003762
c139bf6b72a93a73155e1f5b,400620471.88696396
0c017cf9740cb67d530267d0,565936080.2964914
44ff213b9cfb3604b7e4b66f,883942970.5409658
a09c957598e6cde56cdba03c,399253501.0925588
c846d5698bb295697186555d,983832679.2350512
a84cafc064a35cc0ad698009,1122207896.831507
ecda0d714f52da919223a520,838795691.920628
b9398d6bec5cc44fa39b8bdc,721268857.1832387
79d230806fbfe96368b83dbf,1214845710.5678024
a28b1d82d3f7dbf8746d5742,1161502330.8565872
a6555836840c7dd496ba9094,862872116.0057768
83ce7c2d2823f888f2e06ea8,1369552996.2149947
631f4c509de8dd64f1c400db,881684950.3747455
2afd31619c21dc537e4797ca,1014751220.0832216
0be57099d9c3ad8a16984861,548329493.9462146
ff29f12bbd7ac4b860909966,1075345640.9506814
d955edf16ddb9d3f59501a9f,1149184087.1387365
96298da2f44ca873f345867b,688498204.4410906
e6396355c1249c6290906b78,1047711995.6849414
39f9f736d802b166ed688224,973283597.3563057
38a0fcb41f0dbe8b0ef7af8f,836566831.6907542
79b955adf84fb2c52381921a,797390262.1619165
e335b8464a61ea0781f7928d,1192169056.3487363
71a929d79a6cccbce6ac5d79,1105629703.2312438
41454361857cf70c44e1f5ac,725662449.1846366
a16ca6293e2ee2969f3334c5,946332145.6167412
4083248d3d2f2bbf9589b971,1185369150.9075928
de630da5e1c9e27bfd94efcb,1069254901.4619225
f2a4f5010f3da37e27505ece,1039227561.2477602
53647abd1d1b10c9226eac73,570249676.8072472
e51873d6421addab3b539dd4,532963564.85394776
be8fbefb8e06fe169237d4bd,447955367.9771237
257c889187ad5de900a430c9,558839393.1716653
3198c4acc62c1a2276bf15de,547438104.5218711
b22350d505b87dffaae3a5e2,451153669.83898467
49ad389014995f0187edf726,542533879.0531018
025d96090a8e5bd6f786e9b6,567441735.9399894
4a7156189e1f06b0fe87a7fc,697874736.9915535
e91425bd357561183b935d27,662872838.9057777
c9d996f458794961d9957c1d,787908000.3727993
084de965e32a2a65bd3aff5f,787908000.3727993
880bd21afee7038459b5847e,600107749.6622449
2dba091723891d8907905a74,1037947868.4461809
a39f9fd2f143b8ce1f7e1277,703434099.5792474
37050aba3553f3869d59f809,661844473.1249353
35a39cf33d16f8f5ff75fd6c,699823507.048822
7c463a59e7d2f2b4bbd07e12,802769502.1294498
035d955df5a765531d1d0d07,989212281.2566273
be706475abdfd64aabfe45fb,695020078.129337
bf41b26c090dbf0a19252e43,664058574.9952569
21aa860fd839233ed8b82653,513775393.8559833
b870c8bd8f95426a7e1f9c88,709233871.3211886
c5a5676bdb1698f8c38cdcd5,578831109.4956055
3487768de3a13b7ee3df0254,843303412.0792288
dda7a886135a1fd8106d04b8,634019055.2280303
ee102e9d0791ee82ee4da2e8,473280476.1804606
1d4891dc27e0050efcc6c403,636431339.7936094
dc1fa8fcd0ffb8872d434dbf,495562477.07338417
2a5f727304ad67d1cd269361,1046601500.8843029
2b10af4fcbef695b327b7d0b,869216838.6832839
516881e914708f6ea6062ad1,997402519.3841592
5a428139d5ce6bbd9505945c,1388681374.8926115
38dbf1b9c5963e9c3d008340,1085405676.3894675
02c6e8c7f36a2c68851600c6,633115147.2383659
d2684e676cae87d75dea5ea0,633115147.2383659
027947dd01dc991ffefc5082,407429477.98715633
0af13e27cfe9b8f237a9949c,601867307.7660656
32421841f7eeda76160d7959,484021849.7024096
96ad0e75433cc18f20ed83f5,868562214.9893199
b387b5eebf501a620f352504,589341950.2921478
8ed95f9bf057114664ea441c,568803830.8151027
114318a8e5822ece53ad897c,395020748.7660827
3bdd7be0b5e18d266189d991,709210874.837656
0d2c4bbd8a4dbeb6337b5c14,433688223.1176884
a98637742a212e332cb5d1f0,436496503.0105681
acbec9114912932b9cbaf0a3,993904457.5534339
fd81506b0a00fab1ff680b64,467422331.4784179
49e531941384af389b0aff59,467825480.11577123
8f221efe392ba42b519e5f57,1044537436.7633876
1f33395df1e4f6a185c507cb,731175358.9186515
fa823373d2e7fc9443ebb6ff,635530053.5172235
0a6966f19bc2c303886ca82c,942394661.9965892
15d9a0353ad54798ef95e0d3,1115987951.0033877
0d95d756b838d3a319277424,679518479.9241624
d644b23e4bce0e6e50ab9356,1065283344.4969562
6dbc77ad8c5c1e39f72cd2f6,1154254131.4920173
2fb5206d246ee7ab22fb8143,1187854233.8450656
f1582fc47e7b8c0eb0cc9949,1041916874.3192668
8d7dd9de4e919fec5916862e,904511638.5440911
0b67da6d74bb3998c80893f4,427747021.97719073
736d25efc9e570379d32c089,1144843585.8532722
4615a8a7af9d7cefc7fe4c4a,1083835495.7219703
8b753628bd37b9759dad06ea,523783810.85114664
5c7c83526b72ced12a08e573,427134747.71117413
9baa578a930a94f761119fdb,413948976.16830075
8fe1a07cbe9b8f3498cf74b0,451413617.9152034
67a7cfe6e95aa5200c064717,502673738.82657117
b7e3b0c90c0d3bfe5befec54,680260241.4680376
e6a547b2c0d126c9b6800515,863606454.1908629
b08f88ef973c9d1c3a86695d,1112054899.8588574
5933c18b8cb17cc6e4ae91cf,1147259025.8887334
64a24372d58a2cf535c3aac0,967905693.923729
e6f9288cdadc5851d29fabff,1579677704.121128
71ba2f992908a5f91f832406,1090924446.0322556
3af4b54bb5ee5fcff80f1e53,402860240.9128204
40d3f1f00de86e74e0304bd1,745165725.1093907
3b758c26283c2f11251bfb89,646396958.9953547
70cb6337c8c3f5225fa80026,1304411066.480276
0dd510aaba8036e8fd9d667a,1198745001.9767797
ef6ac2a5102d7be910a3e4c8,485553083.2586036
24c32572ca6161a603a7d0d0,454449344.9795738
c7be09a810b9e54d2dfba4b2,638590875.4806213
01a5a230e8a808d844e64397,1142829881.489592
5ade8e9c79288d511ce1fd79,833394378.0659866
7cf50019422bc9569a985736,645804203.9478027
d4716e228067a7bb0f30aa30,664669352.6756474
cb79e02041eddcfa9225346a,814242554.9509921
b059afb753452ba358fb432e,1159335487.8559048
fd9f78fb2d2f4d01e462bcea,671519872.1845459
6337f924f515625e7fa638a4,1252730281.491156
3adcc2c662c8c7c9db5f0982,784312478.3123517
6b7aff233052b9bcb6b9448a,1342881575.6614327
cc51811e23409f4d77995768,739837966.3915093
e3cd7b6dc0495d5109086407,528045972.3883737
e63f468e1d9f86530d47ba4c,520031937.24393815
8bad8a7faae115ac9007b13a,938274892.8409656
d563312854016e9115d034aa,976869308.4245617
57c7684f8cd8d78909711b53,467808526.60342336
76b8190137ba3daa55db33a6,739837966.3915093
2bcc6a15181273b2fad05e3b,1085281468.6747365
b998aeafe2cc93bbd96dd9fd,306679895.36682963
eb77734d12df7528af57c674,306679895.36682963
e8df85384a1f51c31015ba08,976789192.8052917
b0a03d567e287bf4cbd7bec3,344662187.88191473
dc8bc7cb687a3a42b7e7d5fb,1167804427.3707266
147de03212e554abbf3fc3b7,614615492.1001887
c09b8c236316b87a92a620b2,622761290.355255
f5006b435fc92111d55c0603,457833710.8385025
ed70b749e030cc8715c0eba5,1281195929.268333
2a9bbd878f3f45745d76f059,647632275.1497383
503f33d11f75b6b5102ba4ad,388501361.8393326
41479709513815cf5fc1eac9,830916743.8789831
0181972aeb6bf451012a47c6,725526820.915201
0b35c4a3f20cc0eb751acbac,411582394.7197924
e5de98822287c2caf8b209da,840328171.2953656
f3d82ce1c6fac06e4997f7ba,441490186.02545154
8e17d7d78e7acffdcb04d982,614356471.4852092
f1e7a0c7804083963b5b6de6,538291312.3269448
918dbe66979d16b147bd3322,928134635.5079055
35dedbaace193598c9c438a7,466276330.0664454
e67fa931031bed13c711ad00,948565739.2746851
eb2bbf82cb615e3227305b55,668830421.6937773
e8d83f7dcb876d5d05ae3e98,963233366.6514432
2be93bf5132bb788bf045c28,657346858.5079571
ac2b1b560e8bc4fa1deb6f87,852053555.5572325
674ea6932fa9e6b7581479dc,476127125.88657796
4893b21db2d6aa4417e1cd1d,950868079.9771988
2dbef742d0c59d21ad7392e3,686289004.1009948
fc16776abc877decb82a5954,858880442.5593793
6f84d405f419590075610c5e,557992643.5791876
52cec2691ff635031fce9507,324290050.921285
830b1a2d33f7754b9acfdd82,684421000.8400872
fa908c8dd43fcbe9f721c0d5,1087173034.4381456
90c3b93badfe7231410e95bf,1173413107.3343418
60a495b86d6eff1e345ecb06,556318907.6016304
0468cf58f40372acb9d5fefa,823925445.8770211
c523380518164e1e317cf1b8,683827288.0969925
142cf530f13cbccc3cc9d0a6,711578005.0027256
e0432ecc0c1fb2b00b5435af,392162782.7771969
3af3a702988bfa0599727982,919372671.6970209
99fad8a7877c57c0af05b318,782334329.5906793
b57250de388b7172a39dae8f,1202846990.845448
42fa0158217c9cb820f2a06b,618248551.4812694
8fd452d3f5f1dbb3b65f5274,1321220169.2054436
27881ecd655786b093349ab0,1268745144.0612438
38029a1aa22c0a5beb065edb,1086058000.1487021
6750be41e08a725705256b0c,1345042524.9205215
90bf218565cd67ed83240033,1099793183.7711322
c6a089a9bb326c22e3f3aaa7,1117395828.4333353
ede08c77d6090e0900654eff,939007131.906137
2f7784465c1c69c8f786a0a9,1545072449.005787
5943151d9a76010179f6c297,514596266.0657385
82a3742862a06803242b703d,987483622.8819945
b815204eed4398e600b366ad,942800978.9528321
11c4dba68fb47eb9c49df169,629245884.8692813
4ae7dd50c6b743bd47340f20,734820151.8828061
d81a040e22d541a74122f3c3,407782438.75297695
34c84d0a410920c303ba69f8,496775719.5438909
6b0828221f9cdf5cf39e7c15,338212498.2079118
c50d5b4e75f165eeeb2eba97,520902545.8889941
572488a9a75f64434dca5dc5,542408682.5488778
0e67ae9abf1e2b2f66a91a28,729443916.5515898
cb00154afcad81df60ee58f6,457318784.00805944
75801c34fb510d824a7d8366,572504501.7614639
98f2d7810641693c44096ada,935906643.6946526
1fb4c88bbf995f77f2f29b7e,651680471.0009713
0abc98f7ea1e477c6fe3425c,716290907.421548
b3401023d3097815687d1160,767076778.4337716
f1ef14babbc4123c5157eb9e,1170283936.0450435
ecf47573fe1ff641f6914d0a,1034134016.5880969
0ddd21dcfe89f72e2246ed79,402239088.7692489
402f18888d480f5af146daab,514840721.2177861
61b3bd442f6fc8838e2f45af,702779657.4931388
c4eccc400db2dc9627c9879f,927964704.5383443
ab38b4fae64ab90a55b5a403,842105950.2213124
7f4cdc01f9086bcee46d1d6c,1139721397.9701486
1be9d865ac8d01f0378bc148,774151017.4943562
f2f43244cda8e2f5219f3db8,451419644.97748035
89ca905d858c7731313c82e1,538595304.0553215
5bbd0476c27c53e2bcaf9462,989342477.1396823
7e177acdec9c0fe684d8fe44,524060617.58759665
b764bb8ae8ba0d736bf54f5a,394066538.2989114
75f6d6beb64d846d965fa9ef,637924968.4749305
b5293710d0cd75f95de001f6,297140046.6652513
8b8ec04a78d3826b2c8a5754,629604844.4091245
e35579e8b9b24dcccf93abba,626973235.9852515
db5e320f51680100f1ec06f9,317941901.2367587
59be3c447844f31267366cbe,473287697.92252666
0f3b424c398a8e8b53162c37,1094991597.3720167
57f4a3f6fe2e41ad97116002,589674772.0820274
1c6038b67a40f0749a72e6cd,642998178.2578199
e5da0e3919341762d5beed25,520918442.81573087
40efc0dc313284d3b57492f9,629057483.0485255
601da8fc375ba0b3df3b38bc,1016294974.1904142
61a12496ac1e6f39c5ac5d3b,1082215981.2155883
8635edb61b1dda6f4742cac7,1098967004.7680824
ce12b48120daa5704a4c81e2,378265983.7753436
acf4d60dad7953065b59ced3,905555998.5142913
56e3e7d822e13838ab9f85b0,766496154.4007605
7ea2c18341f69f21b523906c,812830510.311887
dd2396a42097b2e8bce52a72,1206615449.38658
41f99600339a7afc8e386e6e,921579546.3843725
b2d160f54ce5f98f46818e4d,991914049.0816997
00dd36caffef00fcde85b235,1197102189.3794599
471bd64a0576aa67f494eb98,1176281385.3220751
79e307acac5f42f2696b0436,880090478.9889065
e65a4eec62e2a5bbfaad5565,702707277.1463528
4845ca0d30483b36bfa55061,807410032.8000978
6784e116d96e03911e2a07f7,480843602.98775476
4184fd9a546823ff1fea0b74,906279989.1828529
616a5485bc7721ecfcc21c70,385692034.75963545
6ff3186df9d15b65dae5bd17,385692034.75963545
886706f32695891af743f986,809385200.7100512
daeb02020f23715e663b4a38,980292456.5993592
93fa1c8ebb75b77dea76ab99,1070222034.0296104
ab25a6737b3ee0c4e9cf4ae6,572520881.4809859
c5641447732d3d1269965ffb,865897446.4658064
86b290218a62d0c51b099a08,560409536.0108309
d7b82133acf54bd3eac338c1,781409722.122725
10fbecd8de540f1fe4c57b7d,435416357.909467
137baf1609138c6ca2715c7c,360256820.5523696
f5534949a53bef05de31b07e,597649587.1882523
466d4240af2cfd09a31cf3ff,927039481.0832247
7478693f3e7e8963e95be8bb,503954371.96905017
6e537e91af0de67558bc1ee2,610544787.9117199
f5b0b51ed49be034c290efd2,895410622.9650984
a4885ce6808ffdb878c41f97,584488036.2029147
a14506a4800c27223fc34728,1087343084.4121544
e8e97b7919856f9cbb9ad02f,1032488328.2499541
e16685dae2bd3b0a4803ec9a,1125569133.1740563
044b8431b186eb022cf6fc24,700026427.1889148
60de8c37c9eb96efc432451e,1018880244.0566419
59b88e154c07bb7c0ddb4e8f,1094872557.5915678
71590ac868415f3a185dc15c,1018437254.3422383
6388b4cfd09e2b1219268cb2,750196948.0352964
f865cd15368fefd8c9d6aabf,1094104331.4803061
ffd916080b1019827491de0b,1180581191.0684416
6b8ce573bc2ee68ace26a67f,980292456.5993592
7ce704ef5752dd496a61d857,1070222034.0296104
6b1a1afa055c15908a855e9e,597728247.2668698
2a9338f62c99dbad25aec5d3,786751681.9571635
c2282da3ece2dca6e8a3bca5,1202324015.895277
5e6324cfe41c3676c7d0a5da,965145973.7094353
f1a4afc2e543ce4260f1d781,915632931.7547239
5d17daf3e98cf433267d978f,778862283.2121903
d5f41dd3258aa346367d7725,364098317.17970455
da35c757f211ecaab20aeb3d,525372688.76830524
8d9cd237c737f6e62092a08e,1115073037.661666
9dd98816533e4ca8516a5474,1102466786.4163218
27d14f352b2983177e836e3c,1315793126.56633
3dd4fa53bc59e5852f9fee98,961946334.7424266
3ca74495aa9adbd533ccfb96,1234869092.7483275
dc93d8ca60d60a118f61390b,581963969.7783793
dd7b4c374bbbcc60bb090fe8,812377933.8138537
f925a05397ca6163230f7ad1,818217146.5761393
66a59937c54eff29ab14b474,1070246529.7483644
077db8e0877b924d1b57ab1e,589036279.6760873
aebc3c6079c1a80f8b2f1c7d,555164575.3644329
ae41a566826a10d5a6768d36,745086137.073507
489fca3e6dc044412d00cca1,1025217735.3255782
fc2f58cc289d29fffe8a5fe0,993262015.411383
59519bb6d5d299ee0b767224,720474134.277299
19921a97a52bed6c6b8f4135,695842464.5631441
ae08b7f31e69fd930ef4c832,1023172424.5548298
1b67fbd144a4a3ef40bd9824,812377933.8138537
9e142165bbde850d4379a49d,648644744.1214993
d3e971e2e224a20530ee295c,840854053.7802742
a672cd6c8c284e14913222d8,633170697.9556563
93086ab3e32aa9599708382a,1129797769.0936906
63773145b1a896df26504b0d,452531721.42873627
17707d66753c1eb0aca28926,566083982.5448748
6a2d4d9a257fdfb2ead837a1,562611501.6275923
f9158cf51f5e9f644349a774,408932844.3299438
c09c39339b5bbd48f349a430,696329722.6851987
d470d84f5d8299c52fa24499,443374551.08390003
9d028997ff036c154c3fda0b,1001109548.2665972
40ce7321869b706210eda9da,612858407.1894196
3fc826461ec4648e4f7877da,1201991540.467897
0e7dbec40eab1b3e5c6bc665,1051090649.9827119
81b3256980dd7d7f49030c78,690920066.500794
fed2e1459e9ccc06943a05d1,1233929675.2319248
c535169307e21e5df7ec88e6,768566177.7703878
d78d84e4e42f145e02e423c9,607304401.6867521
3e523ee3a6c2d89436539792,607304401.6867521
5f2df52db15d2e0ebd327a36,416432409.19252247
1c1ff56435675288e78c4735,582729268.1705167
ec4226205a38a45d97f35828,924038430.4241604
3214488a8fa9cf8b3dae877a,578276047.3386894
4a4fe76c58f5735ce6b018aa,1207283050.5406315
ff3696c808d4835d6c7cc9e3,1070955106.8486136
1aee9081ac4a04490eb3f0e9,946698628.5829426
8dd954e7312e6e6a07d6d4db,554785621.2822529
daa52a91f1fee77f75550246,640548785.5948248
a4ad34eb244e48afe23a780d,492618419.6146991
0b4b741487c001323f508d5d,607304401.6867521
cb383b7a746ed55b21a8b245,744076392.0503877
4b092d4d5885cc224f6775e9,389759402.1238011
ba12305002d24055c159ed34,403179251.0489753
bd74d43d99a240ef4190ecfd,786730673.7011993
4957e0b129c5caf47b026c58,753488031.8700153
eb270972f0f69f1671a0a740,985981752.6625253
d51d3ef396efd4760c979de4,640243420.9421271
ac65d147ee69785195ef7da1,907958275.3696183
53ab42a93b6deb152951f82f,1109152818.516745
5826567e12ee3192785e36f3,1035422831.5604458
ab64918f2b2b4646e87297c2,1161544424.0271118
88b0d688281db2ef0a782921,1397271077.2540317
dcceb6a2073faf9f89f3431d,1197156989.623156
73bf75d5762e3dd30fca7b3a,901294663.7059443
a45ba5d63cd1971de19c25db,597740788.2361578
8467eedcf9a48fee0d72d95f,899983957.2366589
6184f12f3a903658f3319290,589048638.2787246
92ab018394a5398b832d0b97,895805225.6021866
e8e215437d023387c4a55515,651673013.1525018
7b8a6949d55b5bb27c3c6839,516010605.4746276
33f1a7739cb556a78af083de,1090161069.4603767
39c6bd862f908b7e8088f0dd,958607362.7778355
ae556ff5f318b73d3b29142d,707160427.2424507
e2fed68e0b614e65c05200b7,595064143.6263471
c62a4288a4a0336b1436132e,763088576.8615301
f23b32fa4894b6d59f73c151,971579068.2292979
4ac4fbcacef08524ccbf3623,330377814.10218334
5b5bb8156b98eb51a58e73bd,496775719.5438909
53fbed4f9680917f0615ae7e,409564333.21283484
730b528617c2841eea5addaf,935906643.6946526
13d08f7e14471fcf517c204a,536864028.6981647
da273cee807e254fc9aabb9d,756275525.5087155
b8f7bd85b61951ce83d7f57b,835284932.6612805
4954ce465ba712543bdf34fb,469884085.2681409
b7483c951d2c19de665f07b6,426220011.5506238
913cdfdd62e35472522d0a6a,630007266.4018414
be28b90a71e2922437f25110,630007266.4018414
b71857f1cc385219f114035c,469884085.2681409
a72041a40ca87928c695b2f8,630007266.4018414
65a626faaed9d9e3b172415d,630007266.4018414
229bcf400e309619268dda31,630007266.4018414
367bc4fef78a9800f8616d02,630007266.4018414
dc0ac888f1e87924e3994b4e,630007266.4018414
6996e88c10a94d9ee7d05357,523336432.84370834
cb8fbae1b4141461127c97da,1316260009.1561296
d2de34876a7a6914c2dc479e,779937085.3880391
c666974c4303d43b87714c62,685946133.7709811
e8491a7994738d098a7aede1,1235797439.9247353
9a6440e5318b2de28b180a2a,1436029509.2375875
9ebe11eba1a88fcb24fcd141,543120928.7444541
78b0f0bd0494fba0293eb0c3,588974490.5521581
047b0ded64dcae203a3015eb,656035450.6340669
7b95396ef4d0e97de8fb4986,920634349.2885218
08f1c136d5a456c0215ebea4,889646441.6189735
0880b703bf2064f59f2bf20f,934463611.2033483
cfc069bd55e152e40b3a1391,889646441.6189735
0a00771ee714a2f3f96c31a3,730163575.4158329
06acca3d0ef4685dc055ffa5,420747707.7184172
f802b026db4bf9d68cf00b16,474889126.4912507
4aebacb9ecd0a117307c7841,1485705949.510043
81ccb7e0255eee6274f5d930,1195176641.8757634
cd17bb739ac79f80d6f651a8,606678062.2933079
917829a0aba571cbe794838d,785742419.5037854
5b83b73ec31031582aabc527,390597378.0062692
5e18ac352e3f3119f5f9197a,1258367559.4681997
b7eb15346797508f47ae094f,1056892445.807449
5ac98c971b9293bc6a8a6aae,1161901169.4971013
e196b7cdeab1468d5d4e07c5,1257175252.296551
0ea201bfd515584bbf72f902,1047220516.393971
d2e6ab3b3106f36f2c3fc119,433419468.16688526
59db28ba77489750903261d5,614953203.2207216
b348c76e55613f53c8bbc94b,763806463.9776318
a1e38854d6725e9c48c128b1,539697684.505727
b86c526fed01211fdbb62815,1010791224.1225939
1d2b83d973547da8c168f743,694984286.6198099
0fe3dbfdf25d4b013b842b51,816248448.9792036
71a20a4daea6d31de942b2ce,1109019547.4338548
35352b370a31d01748616b01,866275738.2190455
27942219389ecffbce2e1d9e,1235005709.2057738
62fbacd4e172983a2a998daf,1077931027.250816
00c1165df93a4cfe679f54e2,890434135.9158044
207f669778ed0db0e619ed40,447999799.34763634
5ca0586ab7d20dce5e9ca8a0,758663709.5645047
cc27435df779f16e6a62b0c2,1092425715.5824618
7a94d3d31471ae313659aeae,1393021415.171197
efebd19fc5a2ab30f2ccedcf,585998338.9271418
8037e40c0c8b20ab6e0d4b78,566038636.1417115
5ae3359bfe2a704de00e8801,570658785.5072327
a5587c93c012375dee920f71,912886429.9922438
ee7f7d547af56773a4b0afaa,920936425.7911471
9ed988dd6739eb7ad7aa5a06,772653742.7681185
26c08d7331ae19e1934a22da,907958275.3696183
767024c66d3a88bb18407b6d,760499321.505053
6afa85ee6594d1c8296f04b2,643720946.5511827
551ca6ad1ecfc7ac21f8ef0d,920590451.0684117
1f79204a8f62c29b0a1b29d5,569517061.6441432
3dc0fa238745fbc31ba88853,357315585.07107705
4bc3f597867c6844e9b47fc9,534713877.54731274
53973c17ea7e89fbee5e6cf4,384307092.9027396
05397b2087e5cf381809f169,601571204.1642966
584990ea9718bb5598495061,422751523.0223615
2e7c6a89d2cf2d835839f5f1,855230155.7090827
5c02d79c59fb636ca4cbe86e,476450533.6648246
114436e00c03b44096823522,958739016.5055915
60caee98c3cc8526d16d7f44,614446706.0935328
8207612808b5947f2802d2a6,510675406.37396425
31a73382ae20331521bf2e6f,868671560.8347188
c58947cd4f238cfdc0007bf7,1163737591.9365726
a7ee02ad2a4fa122799a2dfa,1315572293.5922716
c77a63e92b9f727034913d8f,707879703.9816198
56c6bf831d3c6737e3844969,917272550.5192733
73ec6f4da3c277958cd2c228,834464848.0236965
7dcd1916c0485e0b80f9eeb4,604004021.3551288
cafa94c4a56c23ec73ee9071,670001255.6027526
d5ccfaaaa739b2bb2b3d46f7,636539385.7478169
e6d2e862f58445084b2980bb,1182066047.031419
62f96ed5c1e5f28117949a23,677771024.49769
20d8980a4fa8e094b7a5f00c,677771024.49769
0172678cb0737e21a317eda4,566870564.3272707
6254ee88812e303bdedb8767,1331783286.140946
a812ed43db71868625b351bb,795591546.8921486
2bd1c70db60a44d4400847ca,1140665237.7531092
b057dd8a9c2082d1a78cba88,305225087.8432445
2fb149a70fa14ac05582ae69,709656056.8806125
47e282cb12ae01243d713178,499998234.5916185
ae47cf27964393fd56a52d7e,1006312949.9616559
21642991a20d6b0d17dea2bb,639658748.8748131
43b10ad2660d7552ab6c3b10,1057745499.6664537
64e5093d6bae57e8b4298123,682590629.7604506
9d8d3e6fb432174770c74e71,627575040.4664322
9f2498c12d7b41c213bec0ff,585638549.0152014
6461c0a03ad3ecf2f8112759,962210577.4810611
09b15382686c42fd89b24285,1043728877.2675188
da846b08fe2205d2e2a3dc71,513714640.62284863
2a89ac6511416d0920f1b9a2,1118112162.4519482
3e9083411c44213130b2ece8,551925380.2106719
0f0df5694eb388d843e1f17c,486676837.89547205
ee6a288e644183bb191a6526,357591027.4405108
8f570610ef199a3ecc49a0a5,695335653.4037075
3115e2391cc3a078b5e6066f,815487494.2945691
c7e45098251c687efe670815,657740666.3684232
8a3b7f5a8da339fe19e8f138,1019401197.6308355
2f801cf48edb712627196b2c,707972872.0760117
a147a8c29757c5d0c592d347,431136419.8282588
86b0aa633bb16582bab5640f,743326006.9534777
c9620e3e2dce92bf95c57c6d,507507964.5781533
b746e4a5c9d04cf4dbf887da,1030493372.4294354
915842a8a03914c08a6607c3,515123609.3635423
e9e6e054c1d09a22b7efa20a,714111017.2569195
4b6fb9b705d80ff350bd620e,433818112.1232818
9a51784f33b0cdfce8312163,611911134.0289711
176c9a90fcbceb91569fa3e2,1115985822.427323
c97e70a767a3661c4869bf86,548329493.9462146
a6bdb6221b88a24c9f8381b0,1161639693.1512084
0a1e6a95a0f9598150c121ce,1172019594.2247705
37d12acc69d0e3e92420e62d,824235092.1235116
d433ad6c3cdbd707e6839082,655093906.828025
36bec92975612d091a3c78b1,981119238.7485604
3eb97ecf8069775b9104af85,1080565909.9009814
9aeed339b2d916cc89f38bc3,661279173.7488022
f404deec9ec16a8460397815,739795633.7345997
8a0114372706f30bf6867a2e,985722262.5036832
681e772045fbee930fcc9ff3,1172019594.2247705
0816f29a68aa35abd5978e7c,1003556649.3455575
670fe8f7b8ebe006885b2777,686005011.5267093
d36dd340e5875df6cba999ad,963277460.9849997
8ae869c5033c248f881ac313,683082939.8912593
294b04da3eaabadd55da9c20,1133062869.3562984
17b360d57782208f5afdfe4b,969759138.248165
88ed5ebb575d026f8d440c60,406452270.2014656
e611a37562f88ebe07bb28d3,434135138.33874893
e685650979374c571dea2ec1,476688687.5719245
10d47d2c73f0ccbc97979bcd,624990061.374238
fe96a7d758a874b1f0c42145,667049378.7771806
a7634531887e969c9c5469d8,553007577.1963571
42f38b1b2dc077c88a746c1e,577676340.6472006
25e832098d9e6e7c2f9afe2c,1235472203.4048393
b7dc47c641b46ca99fb83a0e,1112201263.761146
0391d158ab104c5cdba31872,495233652.99072415
a3c4d0ba7b85b9a6370e131a,991174581.8236963
27721beb237824844adbc289,903389217.939712
6e807e25b64bf0de81f51c12,1265648985.7782166
d2637d64e4022075c8f539e1,1105528484.4421144
faedbe92e3296977872a4aeb,1083521318.939529
5bbc190cdc5ff3296801ac0a,606759067.96112
9b0abbbbfe0bc85686304ad6,556691476.3337699
f8263893418eb0752dae48f3,382778156.4667447
1e73d6064abab2cccdb6610c,314572987.3395749
c0155096575af5fc8db843cf,403179251.0489753
9c7f7b0ebe440f60d3bd478e,382778156.4667447
25187d9f4cfe89a525ef2493,362136211.0299885
85815a09bde2a30e296f65bf,343530707.2019101
fd45b984efcdb0b434033fd9,420709991.3183449
5dac2d2027b6c81c1b7ee3a4,314572987.3395749
7df538c0c831520e6d36e39f,625692587.4704586
14b81320fc31c7a513242171,362136211.0299885
8026e480ba395cfe1e09cec6,382778156.4667447
80bbc51dd90d131d091521a0,431512387.3125579
ae6ac510d3e46a50ef24896e,382778156.4667447
06b90d41ad3ce1d0d389fea9,651527602.1650356
8d911c1a195567dae3cad99e,442927417.3495949
2876aa9ef0b44e43084393fa,392390986.44910586
76556774906f9e12b319c232,385492725.34774923
9662cce3c4b92d1c99849899,772653742.7681185
de3d078e5d524d8a7b65841c,769262807.0264105
547c8638128424b89d602f50,1206654574.4384935
c8a3dc3654c53cf66953de0e,681920460.7349043
21c8b93e50ac884e63514f10,1024699672.6366794
49a0715897795017ee0de843,567561884.9818078
5d646ababb10f51c141e0d8a,631146251.1376098
da598f8a82b1ad1b02961cd1,1166226260.879028
84d8f7109615519f2ab0a48c,969328261.1757394
0d027b81f8391d73fe0046aa,1106235100.6306028
079bc331430e94ee76f8097e,1108399941.5169358
61055e6eb1910507640ce6b4,991573560.870407
3f6effb8881ea683838437be,1016114716.2969418
92c8d6ee8496b91821d7ba3e,796938682.4152212
78a08f21f7d7c51ff4d5b8ac,1029515013.1117861
f7ee7282cb9edc77740f392b,1120723413.014278
694b0a500f1619c4ac4c85fb,862603892.6366845
13d43933e04c3c7a9e5071cd,983509972.1224122
5abb555cb9d65db8e6c28201,585385041.0660878
ee8103b958673c589b9cb27b,1124399706.3435662
5b3a467a3b0feb8ed81be1b7,1159138702.6895068
e570a5157e02d440a78ca008,502791681.8716386
70298b5e8fbd66aee975ff14,489983351.1396648
2b552d7b1a1488dfd618b120,303337728.2817974
f4ea9c80fe71a1bd0b692475,704000522.4033962
e6a9d5c9a82ba73e76817a81,480270734.2677974
9b58b5c993540ec3ab1e4a0c,630420767.4058342
00858277a3cf4f31b8e3f738,675181443.6835742
d937ac866f671e4a0c090879,990107015.9100056
7d02b3479cb2d89d55bd4fe7,457092922.8136696
bf79649b531e876c5f03883b,466657127.92821497
66a2ec5aac8969b2be538c1c,457092922.8136696
7637c251618135e082a9e2b8,927325971.7155558
e8c9070ca596f88bc2e0868a,749816428.5973564
64adcb2941e9553ee394caee,454210172.977052
0bc8475715e42b752649b4e6,417354000.0520282
956ad3b1dcbe8f236efe2d2b,667679462.5559164
dc81900a751b64dedcb4ac39,837954579.2404747
02e52d3895522d9be85c4544,614893386.6922697
49d6752dd196e7dd583baf44,341248935.3295513
8364aa431b2e267e41efabc2,608800501.6704149
1b59d33f9000d2e1aad46239,361600608.77398485
74a791baebeffcb7e7b917d0,976262084.1374213
0a3911a1a9284f2ff81689e6,723394706.2132136
6276bb8ceb13d174b8e405f0,338089953.4760148
d573d2caf8c67aa32bbe592b,451166577.63369024
57cafce17dc4de3bf8a9ba90,1186590672.4687116
1dc9e5c684c831b204d21585,1093966608.8145187
48df432642971a97d3d4bd45,516953356.633512
4902ccbe8456d3f0a29e5059,551623333.9368439
3a810dc80d3a63f8cf106717,914924155.1463008
c9859204696f3440cdb541c3,1037310591.6023711
349fa9cfa15d8f8bdcbe863a,1017837194.08245
d0bdb51c8020a37fe8344650,807277602.5933179
7b037e6e5d110999e51b79c9,1026201797.4697189
f677c51266f5ada9e23f20eb,353765552.60914975
1b85d69a0f8ce1d6ac4d4475,440909535.96129733
4570a3ca0571c70657b4a1c6,1043249215.600642
de32ca7785b71dbcc76a50a1,822264461.5200421
4e3cce6b581e74879c2dbc4f,444198999.0887967
09c4d4b5d1c0118d877d5734,850893978.8045301
b9809baae395914981a9296f,501266314.93439287
fa56058283c975be76d7c990,652872336.200527
7b32938ebf0b1b167a3d2d20,1102246015.729541
bb38c1c17612ce593e5ae7bd,431759371.33768225
bf0485c2e267d06b9b1d90c6,1113001302.4155264
0357d0ee6e0646113ea543cf,972500515.4889605
ddf5182c482fca7d881fcba4,869813887.4785459
47e6a61fd652a3dd37556ddf,1068023787.8499594
a9054883a22542257c7e778f,410987771.0791749
d7c70d831e88d552da09ff29,1096498463.9096942
d4d138bbc80a0b29ed28a4d6,1076743319.6859396
dc9119767bf4f21fcccdcc69,420864890.8686054
e8caed8cd754b0e3d43e6954,1027267134.6507524
033307467830cb865a785e3e,749140267.33672
5498b3e3ca091bb81be87166,748617482.803199
bcaded180edb36336c2f5b96,1029560177.9157032
ee4377ff95580b93e80ae08c,1234913844.750896
c25e1e289cac1bbbee489122,1044296396.6356702
7e41d90a838048eda035fb27,1030347934.9440833
f418efb887a15127cf2563b1,438468261.13058823
93b27fa67eae8cdfcb846772,989699188.4044025
6a42271a0b03bf9a856d1acf,560369988.2408514
2af9e271765438a47fa7e7a9,434208012.5961026
11429e0923f804d7dc5d27b6,886145924.6599027
c218434cb0b05ebcef935e5b,1068040084.7240021
a98e4f4db7afb8a6c9f69400,436707189.2463392
3c35c8993bb937164ae4a880,878147084.7963237
c23a1372c81ba03e6dabb0df,592481974.2021888
cb332695a296899d1c798426,883845188.6794257
2ace3da2fc4e0c022f7a8755,572920691.8901126
14f1bf9aa68aee1ac094097c,1073396851.7811692
649a2784beb9b821d36179af,456762616.5363096
6bbb8f89bae38eff88c89c46,404203323.93595266
1905b860a8d463c3048b4e46,697109779.5466375
3ec50faceb434f716d73613c,1180653250.2250137
99543a17b33ab955d03adfef,620025820.513912
edbafba81b92efa9b1400987,933118906.9958498
9b3846c7abf642e0a6220e7a,466586817.0764752
691c35e98d0d5780aa82aa06,721772543.2602094
395fbdeb9f0c0586a2b20edc,813793848.7920239
4803a3aedb6c20eb194469c1,688479819.8010013
bf95acc88b60a3d531fbd42e,544068586.298043
b936e36ecacd7cbc3498cee4,895916292.3237652
293c8a0a4a358fe7554a4ae1,590325216.0414665
5a72e2a62121158efe59069d,472661621.47866833
605276b332b5e5984b83ea8d,380377146.8637956
d3de7e975a9215d04567e467,430117118.27620965
44b623f7fca1a306560172ac,590911003.6094686
9a6a8802cbf3549870c55031,399805219.25418526
f43c684b789900c58c8b5fd4,430117118.27620965
dd7ec9d7dfad5364dd303f49,556533289.9082255
506f2b1ff3e4e7e43a5596f2,1013758802.214188
090d371309090bf83b6fe0f1,652124366.6363531
886be9a1881866ab1f300533,373609557.0114673
ef34f331871e8ca6573981e1,373609557.0114673
53bbf1d3345eabc2a8b7f5ff,735703664.2786343
5bb87c8d49ba8ae67a659b52,1040361980.7854925
21dd47ac3c4e1d6bd0ed2485,735202876.9102137
f59686ef2740247394547078,541525885.385817
8fac177c5a8b4faa21b33138,497404325.6568056
b2bc172a3ab25b8caef50189,1131056942.502411
a10055de743532d7b7bd29a0,1238610295.409116
c344e3be381326a1b6cb5989,723971678.3330499
3fa4ef366575bc72ca5a0582,1201159608.5593135
e9205b722e624eba0fd36145,1202181842.7355008
e75699a7693c678786ced75c,827331650.1359725
23208132621583ce4a46de77,1189128213.0400507
558d9e4b57fbe6c7e0a09a95,966529457.5984123
1a6ecf722b2eed8cdc19ba20,806621931.316775
11734add51785f1ddb999c5e,625908632.677443
82c9ce0d018c1d620b7a6689,545532712.225417
80d95b058cb11ec829b5ec96,847521694.117225
cd89201cfe3fa19a4eb14bf1,735202876.9102137
d0a5f33f0689445e22db6626,545292404.8004725
c7c99ae9259b34bf9b8ba799,435922420.6628619
73806685dec82cf637f19384,460422324.01916397
83007c444fa52b34482ed55e,645587448.1485219
e08561df5747246d74136dc4,485362340.2174936
5b0219cdbb8ed527aec91659,1031691063.5663027
119805b72aeb50f05d3a5bd9,977137650.4432577
fd20cc372715855081e24eae,1203039723.164052
e4a021b625f4ffbed391c6e7,815624382.6507876
902d4fc2c44ae5ca2703426e,830175365.9943686
71aacbd62d72d3eb29a744dc,719285063.4007566
7290697f96d8e2101089984a,736137394.2844223
314153750510e92ddcecf33c,1348186322.427183
9d576cf721ad30ab1a4fd554,559416343.5319241
50160783a9a0503df5a38dee,520918442.81573087
0f4abd70b68453d3500eebb5,325254540.0837561
42cde300d741cb134a529031,524284568.27739847
1e9cb258a0b7e08244d7fcb1,899386784.5035126
febc9a1b054671445d756cec,705059424.2192829
39351adf139f820864dfe8f4,1167198728.933214
b4fac45659e67d4e91fe65ff,403942824.5640346
fbe555f6bd0edc1bc950d9ea,1231066397.921347
67308f6bb80d2a203e306104,432818061.2859589
799cb909791d43a1eb305eaf,775330222.2369689
4354c1b6b27a87c451ddaf36,462148552.687021
0b937a3ea4864896b744108e,404877702.00169
b96d8b77fb5ba71ebce2fb26,559733332.9018947
f4b1645da3f4286e39f2fe4a,1166226260.879028
a2d1de4211aff373009809ec,858710088.2743022
50b619ba3e0b2a4c6512bc97,870373163.121451
3d57abd322b0077efa1091df,973237188.6842669
652793275729ff3b69e86072,622440660.7395617
1e2270f9f49aaf3be01dab49,932672288.3610613
99970db787f55a4d1963942e,518503712.9143316
801d821fd6ab7ee01b62a800,923275598.80293715
2abd46909a251b8ebbd37133,707385712.9668537
20a783884d6bcf1aa5697772,514579580.58998317
2fc38ab2689eb24f63e32efc,1329316523.3351119
1f592cc4ed728909040f953d,526095677.4443815
d1dca15e36fcc5ec14dfd870,526095677.4443815
54f7aab6b91b48272a81fb47,510536138.2138531
b6d84e7d569d8d0f0d0c9066,1029960856.8232826
54d10cb2a44179fd4d726f1b,1109495589.1308954
341c307eedfce3f735f4a63f,579952788.1252573
1e057cf20757627d1b006141,538291312.3269448
798bf22408ef6814759da1f5,766100061.4463259
9ef3691cdc2bcece41b47e78,1038440937.9075857
fd5793113661540ee34b8cb8,1088455285.9368918
9c4ce4e9f12764544cc8bded,775047818.0976305
542b5322e59a3273e10dcda9,542108742.3959512
af578bfec5d84cc2f4ffb8bd,1086103573.9122314
a310528e34207b5dd813df8f,1169569869.3535273
ecf5c9bd618e3976ceb5697f,1056114609.306133
d342a1ae299065045a957767,820987253.3066846
f5dcdfdcc8f414cb7a38309f,662709760.4501272
4090c1b86074c8e769cc72fd,682112985.5962518
7ef2d4777310765d0c8121af,565897221.8838112
39222ab30001b3cf45b7de65,485425295.65351605
91a73bedc30e0c2acd95d6eb,917967388.3008862
d1e6d6900eebd9ace65d6c36,1207522556.101006
592c9c45c07388359f663219,787424242.4316655
738111512f5e5052927468d9,1431206016.5201728
0db51d4771623f5fc1026d74,433056706.65088767
82c9556e19072558cbe3a7ff,449907658.01390576
c1e51ab95336a51885b4c672,1123535755.6643682
0eda675541a035b1f620ccc8,1116716162.1967797
cf379b41b70374ac4cf82dc4,930362542.5325453
d90c961aa01e51d63e50a2de,785456222.8544692
990379c9f9f210206c6f1916,1283184188.2208352
f8189811dc639d760937df95,682170233.1984092
3d1deb639d94b292552a123c,406191096.18478286
43041a793a13a4171f22e492,531790745.0174764
052d00805b2602cac76fed4d,472349794.8310357
c76207e622cf8a208910707a,445786171.12753266
ebe33bde2abbecd6d1fb0cfc,644553933.6197289
2e23ee2beaf5293f57a5c504,450313737.012388
abbd422c412c2d57f5df62ba,385255306.5940403
648217f4d8b5e0e65dea066c,996164829.2419925
52e7657a539be5f36f48bed8,1189119140.7463658
3a276f0df8c12422e14107c5,1082215981.2155883
dc537b5973d2b94acf6f23df,1376915652.6972563
0a41279a5ea9b92bf8cb79c0,1089533296.479766
80ed77aff62d4c57ede6ba94,592952269.7462811
1fbc660f780245bd72015f07,983763250.7439804
df1f513009808ebd46ec0847,592710292.2595043
58708fd9e83147daf1a80c48,441607250.0658031
52b699f9900d81ae85ddc7d6,523629981.5405611
98c5b154ec80083bf6f51835,1180581191.0684416
588400f7829874f9de919e39,620044742.4890845
46a2a88ef09b2aab932ea02a,836155261.8170091
31474c62a8f39e250fb2882b,1206654574.4384935
b40873d316de1c295f2a97ec,509601201.96568745
bf4b8b23cd87377169684e98,926652328.8873715
a34b3b037805f2ec489a95fc,775272550.205399
963985c57392ed0423d74caf,713241191.9413955
a93a37e4cc75c069e14ffa00,726550194.2691919
071f284d07719a3517c55567,931502485.8462813
5d030db414b00948ec10d18f,492879696.30838996
6e57de8c4ec2e42832cd4b09,877566075.4607447
d9ee40ccf461ce3e9ebb815c,870356562.2291237
ee13d186a24af238d06e0c2b,1195961087.9724188
f27397321c007765244e56e3,831945947.0553938
959397711c3f452486ae591c,815552824.507579
a41222195e5c7d7987dc3c7e,306813877.1403287
ad14cc63c36789bfc1bac0ef,345116086.25631845
79ea72e7b03cfd4fdb5219b3,471513566.617514
cf68e05962a41395844e9c80,535645844.50163937
4a20d03d09fb9d0ee5565ec9,695073105.9760712
734c9446d0674b8d6545bfef,927771799.8004309
d9706de7190ae64c83e65769,1095206737.1691685
b778282fc4b9c43055629e44,1429012932.1984634
a4d4d6480b56d6198c0120d4,1203039723.164052
7557a9bc12cf0f2901c00264,1148239768.7231188
41376f69b086937257387f1d,1120069495.1189263
2910f3631d1db77e4b61f8b5,521425411.6237774
3a8a506c99ede47ae2257e87,1260495886.3454626
25d89911e830697217d460f5,1260495886.3454626
365a227184022e99f1d2a816,841654731.8633662
c6e34cb4e79a729a5df4183a,1260495886.3454626
c5c3f06bbf812593d1b95a40,1276130431.0041971
acd6ad0081960c0f17b144dc,1260495886.3454626
344a104d2210954497a5a388,941810663.5912691
c0109086d0f49aac6c3f3f18,678701146.2431302
c42c99f5da3248e7bcc73fa7,1237776627.128192
8e1e9ae57400052cbbaed9dc,1057325945.0941997
8cdd55d191f206b0841e56eb,769732471.0987824
c1e0b47866cf4a0120e4b3d6,608997936.7948744
45a033d121ca5afef24161ba,1009063348.3069066
bc834280fb45fb308d957640,491920794.91657954
9ddc14c8e7fe7ffb078e0019,1010783512.4269664
7d66238672def6f73c25247a,1157592118.2405546
2c12cbaa1f14553c1d41b958,331762617.73519784
196969a98960a68088266261,523629981.5405611
a5a3cab55661982b7d30bc78,547438104.5218711
6464d5cc161ac659dd963897,322174788.93093824
e9f44786cf982100af0984e4,967420282.5451889
6302e608d8f37e63f4e5cc27,421760894.017894
ab614a5008d68aebe34aa201,779082177.4105479
06bfbccfb3ec0b1f65f4b351,1001415109.27795
f7f46ac9158f0a1edd01709e,1102132493.7344604
6e233ae6294318baaeebb59b,1022140577.0901387
bf6e713a689f574b532edd4c,1066120802.5965477
a7e97bdf2d4f2f62f9889c3b,624990061.374238
784822ba0060eac9358cce22,485967234.98136026
13c51ea93d19df6c273a1502,502505022.91016996
176e00102fb65cba56279287,582751497.9520105
52e5904902e4d75ad87afde7,783430359.9173836
728ce22c8db9bd0abe3f20a8,1265921801.0038416
e8bf121ec117e383c843bc51,1525907190.71977
878ff8ef3c862929bbb19ebc,1084191121.4230623
ed80ba018de35d5d76d50db4,1274697594.9003592
9267fcc93ae3b6df8c12d9fb,484111408.2331655
babe27dc477f5e1b7e438422,594534337.0556438
a4173461aa676e09227559fc,431019665.1403762
f0b2a0602bb5a83f0827ac75,711537289.3475144
2da346c00d6fc39268f12b82,827948882.1333691
9ec5fbf8767dd0d2744a79b4,756373620.5842524
c85e9bd6e20ee2a883d0a7d9,422999947.0239586
191cb509fd44e580ee32486f,905428193.9200933
053d37bf1d988505b5e91809,547288810.6717466
4d3a66e028dc8f3e9ad9e9cf,1116256184.073683
c75b265c0eb946ce77e32ce7,489534029.5568416
d233eb8af3ef7e325f6c8f9f,457943753.37255555
7f7f5313341b3ca499968716,927279985.7737291
4fa51848638f4437a3e31682,829847659.884075
9090236db3ef719edf72a330,1347320018.405101
4dacc190eae91b059dacbb00,972878988.2121166
ccd2f6ec8e9841f1068b7c76,541052001.5478474
a354cdbaff42acd1a0b5d82d,1072725533.612428
da8d3092ed0e085a83a7d67a,993119938.302595
1181e18553eafcf5edf6fa05,460658616.6370945
5b146f1914acf2ae78360fec,904118374.1199152
a0fa0aca2f6c2ae65a98ccbc,467848680.65462303
038bb35043651579f443c481,1170167870.548649
430c46358b85ad4a741c7187,314572987.3395749
4becfb041b0439429f2cffb4,570249676.8072472
feb87029d5a2e8125e165bef,510463110.6567807
61ffbbc24b30698ab8f735c0,504411156.784214
0e3067f71dfb9dc2e03bba59,965562099.9781549
b8ec643c66478da376153333,613341367.3959688
c8bccdccc9186136a332e995,761833534.3214201
0f4765c8929a87746217e957,890366203.7738967
68c145df0ef91fb4d14d001b,398921618.2983018
e5b92a0c67c506ca6e92315a,543563447.1729915
a482103965890c922a66eedf,965372427.2640433
1d917f9f5a3cd44cc4dc8d2e,579349132.5079722
4cc968db25c2cf03991c0041,947677815.5396888
91ba0c5b21b52734d1e244f0,686434317.6389415
d6a8f4abcb02142c6dd15b30,650621069.516742
0587e7e1f03af8ea6c46290e,690511661.3648937
61e1e0c49f3aafee6ec9179d,822694300.3596154
797da4e993a993ef80277108,701657261.1299554
b8acc8e72f2c498fede3fefb,664758101.5329514
ef2ae24039bf2cff1caa4340,699389829.0699947
cfb8d15c6b0c0e6ee4b92109,1079743877.3880072
05aecff6fd8d866c6c157a9a,1144310907.5478404
b2e37eb7cde5cf4290649ad3,854514348.9439391
b7ecbd35179a7658f3c11b41,1117681454.22919
699095150a7f3f32c40454fe,865237071.0860225
989a4fc1590097414d7c3fa3,607661275.5980926
b6853999c45e21646a0d1b20,377029939.2251504
6ddb6863958ded0d72fcc6a9,347978803.7965764
f6fc3807b54d8c69459c4f64,737946652.9540017
6528ca87df8bb477f4b6b8c7,630331793.7029122
7bba885503ea7716ffea503c,624623010.4254643
846e6f1ba1c94966314345d8,658918478.8977083
04e6a79dd3e4d8d17c8b5387,1243885059.7869148
4d60db10157fd0b5eab9a23f,717925398.1456869
0d7d434afcc5e93050e0b86d,1030583789.8617402
bb9ffa04d913d06846d082a7,877907602.089344
80abc4c356813c1e4ead1e1e,570249676.8072472
df8979b26c9971dd7c3500d8,1167272197.6571004
6ea18874ea84b5b4840f9b85,626798665.2372204
aa75ed5781e6e8584143daa4,970939945.2318693
c8c8d083c9b9600059a8b8d1,615271149.457041
5c8f3b7ccb4340263c255d00,450337787.0027773
79b943894c4dd68bfd8cde7f,819632295.5277592
64f36d32a3a64853227fa69b,1228303473.258005
d7080c3742cd9d72e9d0ae48,621453684.2309507
8333d32b98625a2742cfabd6,972608105.4967598
bddcc7fb72bb973f84b864dd,1087979971.161034
5a80dd0f68dc2cf9fb1b0c03,462503042.89470917
5d82060575bdb7be33e63ecb,1022277056.6913236
de416f239b27327e0f78b862,588258210.2141747
816f93a2e035e4fcf61ee4c9,1185511596.93636
aca1776ef24acabe172d573f,1227535274.211342
af32aa018cdfd081a81bbc80,438776968.82295257
7d133cde943d189c9abbb6e4,518383072.9344477
80035ad5b3b4a948469800bb,801440025.046529
95bdebef7fdc2ac0e9541c51,1120095131.7685783
d038e5695b32bdc6fff1f72d,973931693.5478356
2979f2d91d649a8c14f5453c,859870476.1299362
a0be286778d94153d3b22ccb,1284072930.9516985
57e8ea351ecd1ff0825b1324,578387458.4466349
c84f96cf4570158c3832c3f3,772739223.2598084
93ab279de0b7b414ce758153,747933843.2422413
2018131ad3f6e5aa8f4be704,1044766576.0539498
eb055771816b45213df3ff3b,485388262.05521744
8e3700ec731701361d7bb7c9,514230291.36244524
422e994aaca85628ff759004,1030571995.8337194
569e2cad5c18a5f393f80a8d,572012236.9964375
7b4ca3a8d09968e48c185260,947930906.6077694
12785f791e04b3a49547fbc6,1523307477.1516974
02ea72128a99862e9537718e,997271262.8124745
fd77ee8ca0551b5b614b40e1,1065283344.4969562
ffbf6a54fb00029ba24dd3ad,419742559.5029891
a295b12b773127f15e83e174,580560394.708144
90f0cf22cf9c8fcc290e495d,488390635.94871855
220d466e3737f1f2a8ed06ae,302435345.5793493
235c56f4afd6d87f1b3e199b,563921127.8818423
eb0f3b14782c9a484408c606,998956081.826345
4188712d431ba996cd59fbe5,436813820.22865564
3dfd7e954d6f7f40af60bc9d,486650847.24221146
00e80be4feb1e8593b7713fe,596183164.3317355
eabdd1bad2bc4351ba4a2635,1079885988.6519306
850342685ececa472945f7ed,1252730281.491156
ecc4d05489c5ffc8164d5469,319999463.32131106
2406d47133763272a965ef51,469090693.6037629
b9430e8c145c2a0d7efab2a4,492106606.3632784
4f8dfb8de411b8a05c55dbbb,609223323.340206
574b6bef16abb21fd67db401,747304990.1238041
e7ef0d61e27de15f10b0d643,1067626628.4387527
647ec3f486cedf045cdd3b68,623039302.9499189
69d83d8492db7ade6c37c3de,609223323.340206
6c07175274fba6a0dc467cbe,814764545.1239158
a5a71962df1b8bc45bf5547e,705594855.4871713
ff61abc1e7843e20b1bf8656,495480250.58976936
540c4d7a79864885d73cca95,598588483.1112394
17d0f69ae2c4f1aaa1aca9c7,434064760.0434505
80de6a9303eedbfd1c69601f,1325753899.5045621
7cf573f273b14a6cfafa3ec8,723106392.6087936
eb9ab213defc2de5d878653f,644272464.9984279
69f7ab8608b5328f106b42e5,776487526.2911673
9daaca90887e5144c35daeff,463379852.4366101
2bd08c0964ef4a95295db843,731976301.3112212
34f0542a538cee9f3624d897,442105329.44237465
847a7fbd4425fd2fbc4b3edf,1089886634.135118
22428154baf95870f1d83fdc,480106790.42814374
18e89f083fdbce3da0a82a4a,532534754.47937584
63674e7ddf6f2b4d7c6d5c1b,366261020.8105535
0e97f66cf4208c1a57d1fb17,347962211.26973677
a90f7cd68b662c87d9fc2d5e,671645404.5226215
2086639384041f3a9b519140,910266220.1503949
d38353aaffa4af168518c6c5,984931051.3741084
d994f3919c3c8fe0ebd538ad,855554830.514313
ea9d6dc517c77ff8bffd596b,1170618804.8662271
ff83788b9f8db0297f6c0148,945774569.4766636
9d9564415e52518c2817f66f,605913670.365169
9362189c5d784741c9b0f8e7,958102857.6116267
ffb510bd3f847f4ede255fbb,403637837.67911965
7d3e4ead63a869bae978027e,809582828.6425843
5dc404d1c214abd2d45b2a0a,1212382779.6697347
64335f6d4c1a7514377be77d,613722858.986053
b81801f02a73feb1db7f5e83,1555887271.897879
b5d6fe84ee7c6a703891112d,1319059753.8706138
af0502ae1fe341c2ce1b5325,646320523.4447204
ec43b2789c9cc266a8e0d1f6,444773800.98757386
7ff8b0b5ab4fd12f3be399ce,1012943154.9167309
d5c8073e3ceefbfbb547eee3,886583791.8128293
66379c5752189c150954b4f0,430797753.99748856
6a3f9046cfdbf4eefca3ca69,456939505.5065544
b549a72c938d767ed504bd83,728510948.8101327
f48e503ebd3908838c1f2ae6,473287697.92252666
e58ba64bfa5280630bfcfa97,607038041.6346961
07edd16680605925192efcf1,1047468225.0989026
70b821bc1c7dd846a8be343c,372380204.87573916
d84d7edc4a4896c4a8722328,742753443.7161243
6d592a69209ef3356e656c44,707949916.4796244
ca9b2ef10b512905af6be620,1047468225.0989026
bbf16146922556095f53b5ea,789654702.1392806
86e80098f5a3e7dbd635838d,531200743.9262827
dad46c20f9f7d834e522fdd1,1152509610.0649571
e2dcb036931bf4b2aa030036,1000914801.7882632
aa7a25411bc0f9f93dcc40df,555866004.8723769
e192181121fe58a8bf94aecf,652549894.7642725
5aa715bbe2b178ad0c9e4b08,604004021.3551288
43b5b5a9a1615eba48ab8b66,546223014.0742131
dc91e3fe1b190fd8cf2584c9,789504101.82026
1014341bbcd2fd5775631f78,1059631514.2327138
7f2e9d302a6ed1770db9f7cf,762865921.5300109
73f4074e5e09e52e0e03598f,1230338710.5033617
0460eacc73398bb95f0518e2,941176761.4834131
5a44be6fad8878eb2c394ca9,1187967521.8545136
936cdcce007bce08a72112b7,601867307.7660656
8334a4cc7db8ed5c0071fe95,473280476.1804606
e3e9d1d073b129c697c1e9e9,802588845.4250737
dd9a60c3d502ca3cc98d9b73,755553187.6632327
949184accb5878f82fd5c10f,713288807.5172169
bbc675f7edfa0425c78c15ea,625419355.362522
7436750d73f2e56b4f29e98f,1197214075.8779206
cf81103f31f74edfe0453de8,1070313895.8659257
620e467297aed5c47e22735a,500753157.65174323
41037a3f8625082544979179,667679462.5559164
6a2db40e5f210a31b2f7119e,484854366.618555
0083ef74db679d22463a1afe,685147204.6173823
b19be1ad7f60717a943ff0f7,624320474.7584835
0906b6a88fb1eb0d7bfb6bb5,556702094.482314
f82adf71d17c261b41a5231a,573409363.6742198
bdda694c42c52ba4803d482f,645587448.1485219
80f633154b6f94b8fa24f213,636620735.8151107
f69aa18a64d8b8494fd9fe3f,511519618.6123772
3146f3ec9b237fa0944cec7b,641635842.577929
5db3d671b5aa03dc33f258dc,513923387.43508893
d5239537894ce7f2a9cb5a49,510187647.4017726
bc28e66374356a4fcf9b62d7,701162262.9580436
3697e556be961a16a621f3e5,341054377.48577034
bb6f66493fbafa76d70b0a34,1022290705.6536785
e78a4111d943044a9a32ed80,1086006214.1022964
044e2daf937c0d8373f2e914,1509874018.084266
77668d4325802de9d63609a9,835681728.593411
a85ba83751915d8d5d1a0e09,768201249.4459913
429460d5f5c5381e945cf449,1059370826.1177996
a53dc5c58f7384729ba37a21,841304842.8877976
a4dba76865fbd14aa19c0286,960507120.3393908
7573c18a79e5e3ee0610d7cc,570676200.8970691
f13f72c1cb469db92b25c2fb,858744484.0129566
45dd7eee4488e88d71d46783,569034962.9983443
dd4fd04b9fd80818bd543f9d,873566408.2833217
500a3c5953f89b431184fead,439916631.2114464
d2e737461b916ba78030c76f,1065210199.8058354
e1e69b5a90431b8a44265487,629604844.4091245
49cc8164d94a2afe8b750af4,686440864.0179529
e9b054016b281140d2566d88,918639973.9755102
32161228e9c502d2c21beaa3,414136140.63688946
9017accdd4fe3229fc45280b,374920905.98135304
17fed4a312a9b773f64861d3,529800345.0451413
8632f5681d04d9c934675409,858308906.4367063
8356123e4d10a479a12e98bb,909143594.7973685
70463649ffbda5fdf3c10ec8,601239695.2019581
1414ec3cdd3f6ab772fc7584,890746690.531846
937708417ef2642b7d05abad,961579451.3186718
afbe90d764c1821cdb26e38a,570014789.5680912
14331a3db021936067b15890,625383569.6037418
793efc460dd25b67c644e92f,457283022.4856432
0a9e4dd0eec86037a36fe769,832320518.7409636
e5168779de76d99010e37c7c,1119554749.9463887
016dd08801ad1a1e7f6e695b,1457848207.8503888
ce509ce153f452ff8a997538,1047424272.505114
66d8ce8e6aad18a4963275fc,499666467.21934044
8398e3b96d1311c7264f6603,1146655235.2984295
e9081115ab418ef1031326c3,697208179.2133522
5c8240a1ebf6138f81dac715,1120950022.6101286
18cb1adb2078fef29a613a96,996660861.4752855
4167fdc804227ed43224a32c,964382314.9962534
b5d0ae257748ea92c47d8fc2,513471699.52167714
1d17f0ff708e6f0b93a990ec,569794127.2530752
764f506bb2aa1ac4de918a71,782850795.764242
7a861f1e3af4dbbf55b2c301,495334733.7108848
1562a23a312478d7a05a33dd,463772437.8030041
0a040fd24e23a77f0c58495c,856714222.721865
7f0f5931fe148f6187ebf512,686330893.1359928
9fcdcb2be94744d00e734a3a,704865800.4558505
f181f74e96a93820a23bc0a0,449483083.74833834
5193b43c32a2bfb3aac6b2af,806395802.1610801
6cc7718e834ba47a429d6874,810707755.5503371
b8d06f4ce0d6e71ba0fddc26,692039806.6793358
30a30e4ab286fd822c68ab5a,1034118237.0756485
f99bdff027d28ceca0caacd1,1138802231.9354367
f46f5e911c6c595efb5b7ab5,1134020661.5862758
a7f0c831d82505044f370b1a,453348984.95339197
17069e9f4ba45c93738b109a,628756397.3108753
dd5c910c2a3d63b8fa92096f,604039735.844612
a33329c9ed11ee8b87aad6b4,491856058.92895883
925b457b5df270a68b84753b,366863698.50622666
d206aafc71e8aec2afc3f8ee,713230308.8275136
f8232717e74332384075dde8,321177160.3048425
f60d9f0751a14efe41be383b,311425042.13020474
13adc7946bd4e6e3e4416e52,446963646.37437594
230cdc90e6c825d391d5025d,973948412.3369081
e98cb170e4383546988c6829,604039735.844612
5bc46671989de2534553ae49,790465425.0195404
3b98c8e46cf8477a1968244f,647449482.3916175
f9f5fa4ad495197a5c9b492c,364553474.32870674
0bd42f8ee9d36dae4cf35886,330530344.55494916
567ca46ac91cc53e3b479547,550670920.0465763
f0ebddf2bd5aac661e4945ce,741356486.2516749
eee841bc785b1824b6419a73,668582983.0742089
004776514ad269b380581066,581951759.8164433
bd3edc7854cffd6b6debfb98,692335541.1550875
0b42bbe66e438fa81a2ff77a,639445275.3616742
a33bfa6cf99e26bd9c49f8d8,671336739.541254
8b45db8a4f2c0f772c8d44cf,387008882.7576694
262b5b0bb408d7cf53073832,424721134.33554626
5844c83fecdf7e09b188c2f0,677661150.0253083
9cc3c05f0e81b8f6454b80ea,409062341.0950597
07c46b493733d74c4f384b79,1003346116.8675171
932ce2fe93b8e1ec0e7bbc8f,535541644.97410303
559fabe06aaee537322d0af8,388954381.36920935
f4da2c8dd901cca9cdd51025,677661150.0253083
84eb4861db0816bc8722f379,671336739.541254
d0dc69570223bce949a4c17e,806678858.167342
abc2ff9d0e7848169fca170f,740120246.0157732
3e3880088f0df7c447e27840,438429792.473541
3580dcbd0a6d7d6d3546dad6,660902155.576203
f123231ff18912a3dfd7cae7,342024363.0318436
78a7eac41dd672cd1863e3b4,1067587938.7521585
97def72de478566ad58020a3,1045322696.8252913
e3e2e3080cc309d34014e8fd,626196410.8744117
71be583d473084bc0608d066,949507013.6808006
ac6a4c672dfbe20f5bafbd89,679677916.2990315
f4fc081a112f5ee1b3a09e70,600053955.1826994
d8add8f5e0aa562a63c894d7,760420996.5222107
88ab887e18e38d0b8315286e,871368134.3251427
07c8af84608e6c9206ad6961,618066978.9575547
2b352d996677e67156391e25,654342144.0399966
ced624c6debaa01c732e9f60,1115043262.3967097
ef92f63b46f27ccd2151a21c,1064306464.7787704
f4022026c279a9b77a894ee2,646109756.1029297
e2e2218086e6ef5377c01b68,1031435281.9884218
4af83eb7718f5823ae69fe47,1068040084.7240021
ee98e745afca6de4550fe570,674131411.0023042
bd1fda425d792fb0de7b4499,619772794.6003121
86b2d3ad1dacb372734f810e,438429792.473541
98abd5139cc3ea136faf7c8c,999762373.2744534
4582ec985de48290c5f1f5e1,510673458.3055998
312a6b2a57dc6947f95213a5,323453636.1382574
86a47522586da2884181f128,834469622.8835243
b41edc115f6b439caf392941,368752234.7181701
fac682b61b813044a3e3ad01,1168232168.442206
63f4e57fb2cc22659e80d6fc,366071054.30311185
4310c7a552b20afd46f930d9,988397531.1655568
4f18341de355d2cf57a03983,376916334.19259727
a418dbb6d04e505c133c6c1c,1094619902.002772
afce1d7c5576dc49c80bdabf,848351374.3843273
5ec12159380f4d1a85e8b0ef,409062341.0950597
78d10967c36cbf346bd58f63,632783152.2042288
f995364cc33c431b3c93db45,687914075.6523709
99b31d0b5d5ab75a2653b1a1,374896593.2038039
42d42ad031a2c62be9b5cdca,679677916.2990315
73d09646de4e0ab46feaceba,355201637.6012974
bef4759bfc25c7d44a8112af,677661150.0253083
c038742e427830aef3ac1c17,372186354.6763154
e96a7f5424558193663ef6f4,929844525.2878757
1af243eb63d893b1251f44dd,1064306464.7787704
a083fd17c5e7c9d33540b922,580239357.4918286
549024cda1c093c9f8bc2ea3,386048253.3588504
164cf5fb9a759f2e4be67b6e,790465425.0195404
65ff6cef76efb4c83ac0611e,647871960.0358566
784b1db005d39c2f57666efb,583050570.933071
a2f06081983f748fcd74652d,780242105.4633218
66e4f010db2febff23b4a4f5,630007266.4018414
9702cf3039b86f97c003e20c,789358046.9532899
48de5d43e88caea594ccd27c,718602167.9421858
6732c28a236aa1ccc0cb2c86,791725351.8356143
8a1d1f70adbdeb233ed3ec3a,1214901323.0640306
c775d4f60fea55d5511da4d4,1319563031.2210574
1f4109e1a4b47a9b11c2c019,918629461.035464
31ef69bed8e54b5e1fb245aa,789358046.9532899
882907ccf178b23a02ce262e,401128936.019376
2868ac4225657a13f6149e6e,921637554.7351099
cf6f0a3cc030024f4e9ad06d,681729290.5074592
0a1cdd0d5c3c8b973ab1a98c,1391141544.6826108
0d099b1e1a314dfd9aee5293,459116560.31539327
898d1eb301c92ab6603e0b81,469820457.0499244
9fdf7d85fc65849cda3afda7,681729290.5074592
f5ee97750fd4e04eafa9d1d7,720516735.5928116
ef9cf29f71434be184a4ebd9,774021089.720603
e4559824c3390efd6282960a,658102073.3623743
f8dc73052c66ab334cb7be14,1087479973.223024
2e992370de3eed4ec1271589,779186203.0478026
e2bbe9221780d01a265e2ef4,526346599.2322955
b65a2a140ad5fc6e3e26b6e3,378115223.4388183
3dea0748459a295fcbd2f0b6,542597005.6018796
7a1cb1f751cd36bdb6412ba2,693341190.5397809
1381c0399ebbf19db3a11820,378115223.4388183
479b2c9c12602551bbd0212a,618964749.8218942
d463fae95232d30e0f78f93f,378115223.4388183
d0df2748d371d98d76408d66,512332000.70978713
9551dc6098b721dd495e5c57,1343891124.2251265
fa736ec3f2f066cba4328908,815173360.1841813
37fc4ce5dfff7faba6bebf8c,722632097.9238216
f336d60e41c8bfee91d58728,598575924.3567919
65e1a61d984712e76829c821,571575992.7275424
65eaf65f8dccb8e49a93b753,993334008.9044317
36eb8139a5ca1b8459eb52c1,649667469.864398
c357cc3d2f4b45ca3e1250d2,594816766.1973001
4b75f2b374e8674e8b55eceb,1194625101.4894583
9c20784acde0823e9479be2f,821576246.2362477
0f2aa0d9fdcfe894caa8fddc,1263777081.1464558
23374ef76774d4f95f022473,1050391208.8908284
4224e69acf9fb071d4cab498,1203753560.491905
a41d05f2ae3e022c16088bd0,1050391208.8908284
9b30c679d7da9169580773a1,922705208.327546
2795cdb2f4d568a782dcfc3f,1291148425.7803698
5399af7ea98c97b5906efe1d,527579859.5559681
5e93ed2a9b36625c4450b5bd,627602572.1714607
d04d42ff91707e3957b4a29c,1302819739.2805665
f32ea78bc5ea15d700d3c118,633360331.67842
8ce2d6e505ad1da079f34a8d,681994602.3885711
014799b9ef7d5244fb6640ff,1124792240.716372
f50a72cfa82f3742189b7fc0,979027446.3460847
8876b38f90f5571639b7d879,718925708.2230225
239a2dd25f604c730136c720,1006184359.073007
db297b6ab332cbbba338e7a0,618298080.5174099
5aaed76349fc95f6c12ced7b,1393749617.2720063
10c94f25ce3f7532bf4f3152,1062464816.8268468
d0ac1f63c75987c92038bd30,650853170.6526687
db5ea791b33be91840a6d045,1018849150.7736117
8627562772d9d63bac507fcd,621374272.2731085
b1ecdceb6ac00b6b047c241b,1136029677.782332
f499c1513abf0b05aa1f460e,1052527064.7500628
0d8b0ca08838d1dac052d51c,532338754.77563345
c54a573c9aef013dfa2abeff,1004023806.3497577
f02865ea64b156bf4cf4cfa4,999762373.2744534
087b564ba475edbea431d4e4,674732148.8045384
2d3236cf646f19a25932676a,1004023806.3497577
68b547621c25c7418cfdf5dc,1030202517.9848819
097a1a08a389439cc2c760f8,425920138.48169976
e9c905ff64c7e2f8c21b0a9c,484868238.61172235
464039bbcabc650d659f6683,547437060.3675448
93c24fa31fa780d28ecbc318,584321951.257944
a73206cd21136b209f25c7cc,448529042.13943666
852a11f12646f0a1121824c2,321369573.31921166
61953f4c9bac7cac5ddda5d9,1203039723.164052
5a5377f2d087b7bb183783bb,566764614.6894609
0a85c354c48921e0ca202d15,1186590672.4687116
12f9d50fad58e4e40a187d98,832198288.2607096
45ac018012e7dd91d41a5876,574849373.2205619
28f905e91295a47d106a3214,1188892355.8980157
395e3718423aeac3d40494a7,567913819.0262983
1fd7e9b1e717578f751c21c7,705212747.4187088
e8bdc4a088a6b99a538a6f0a,413067993.1898775
45b894a8b028be29ed137f1e,1531820987.1608396
f5c866d489889ab2f124799c,1307387577.5111907
3d0de71d822da8a999bb6222,521785559.4406704
ecd0b4bfd66fe04c278dd4ae,567669066.401229
9a61bfe6ba2b8364a92e5a97,1121283606.86528
e8b8d0c4cb87efc13344bcd2,1069899559.35013
1f39ea319382fb0e41ead713,957501819.7099241
d61700c4ecc128290bc42d3f,395923649.4960848
d87cbdc4896e0e0160999520,578745001.348332
d1281c9f037ea5c4fa683b84,555866004.8723769
310e768d2e8836432f8b3e97,420799071.6576464
c5498cdddd7856e99d21f52b,482113677.02032596
d3169d4a467cb7eac41849ff,621862757.2571551
2eeb4b0d7afa57b63778b69f,1371895542.0049038
7b3621124731bcd2e543562c,1132393112.148022
5703b4ab6e77d88f751bc6e7,805502673.8424076
2c567face144ca714454abf2,1076466102.516501
7169b5a3b9a796162de685cf,1042272661.5236754
fd19e1b2e61f5efde879f6dd,1033278325.7214411
55f0e95dc857256aec65ec1a,1082009584.5823224
ab03c034e2a420f395ca094a,573965228.2449423
ee3c0c7fe3fe73ad0449870c,1134314864.0380077
e59afca092e0ddaf60c9419c,629804221.3770372
99e48a46a1a599471d3260e0,463168665.9393652
419398139a3aa2ca2be3f941,746322130.926044
54c33befb89cc873771c3be6,1339285151.4051025
cb29bd3ae3d5da88c99d3db5,993953747.55566
24258361a4ba8f772a83ba7c,1104221907.6325498
539c12d2fe8cbf950b75a0fd,502429310.8851211
7b81996f3abd287b50adf8da,604813299.4941097
0d9e73c14529fa3f1ec8a56f,785330389.2713009
dd178fd542fc716e32b4136a,853421414.5813004
9aad22f3d25e46538e1558fb,1102590857.9199576
93df4118ec3536b312822d90,970203160.3734272
7c6319c04025c4ed6aa3f051,785330389.2713009
98e04fd660ca1276d1510a72,479283339.4749646
4a8eaccbde5a4a6747818d29,995232349.436761
9f6ae3eaafbdfd8d5c0e64c8,958300241.0479627
5929c81cfde8ae068a8b822c,603851970.3923637
b94ea2b8b847a47140d04008,1276274046.5972848
ac1b644a8d2ec042ca91f89c,1141257167.0751
8df9256029f526ca313202b7,900432096.9813874
e029511780468f4cfbd10d3e,574718911.8848282
0878fd8b66aeb22f6af2d7af,706103757.1339872
76258b7b7e8778cd60d3435a,769936570.7499678
d64a2ad3297e2fad8ce66197,463689295.1382369
8af6bb75c85a2789156b3696,364417215.0076486
40db880aba8951909e6e4ef6,1155571418.4891796
c9e20cadac540faa59d9aa3f,429642378.534676
7d5459e48101349c75d43aec,633170697.9556563
fb0664d59b6333ae1861f343,794754344.0076777
bc6b57600fa9edfe13fb3118,921931168.1445832
d309cdb5688ff7bdbb682d17,905139836.3200456
d17ba799e68d7775f2104b3a,428623339.07659674
2baa6afba131b74487c94d74,537105743.9982944
0b7c8732558fc04f4fc51ec1,819593213.3460537
0d8cda2859d9903f6202af54,705506037.2623307
0f2913c5aa681a2bd45a5484,799372936.3969579
de6010c57fe78d975be38c2b,673091998.0048192
54b474bc7cb126bfe8e6c144,1169302206.6870735
b1dea7d384760535b770311a,687995430.164953
9e90e02c8ed3ad137e4c3abc,486572883.6102146
b59711a5971a3b482db4d9f7,997271262.8124745
2c37a1280b18e095b43e19f5,1013302577.3168379
fcd7c10d81aff25d9233214d,448929595.47601044
c3b8bbc492a7d7bdd63da22f,1422860847.383109
42aaf6521fdf1dc9bc50f88e,516041116.95252514
3c268e9119b8027f78f91954,599246473.4397688
c8d5a0e9614dcf96a500206f,1269391432.41021
6c778557da9b5d99f90b1238,669887529.8434405
4514844d15690b7331fdb6cb,761153795.3002412
d8e981acf77bb46a9dbd3109,834469622.8835243
b940ba03ea60d4cdc5d2d429,726637503.939643
4fab4e66ead1948498d2a4dd,584261771.0506372
a5620899d410af623a3ff4a9,1117557816.1927786
f45e3be8500d7bd91cc8855a,493918652.92881703
4b82eef445edeae7a55fd019,665389828.3894625
29881785ae39aec014c4982c,980548647.1186489
0d9f91cbcc9339146bf75bba,493384785.09669626
b839e76df5d73e7d53691707,1048987720.3391639
7ac96f16bdc50ee7619f3548,1167234349.555167
a102a0a268840439c2c8f4c6,699691373.5907135
e1132006785632e4ec5deb02,707314207.328905
a041ed3fc0b60fc4ce3cf847,890274503.6031686
84b758716f47bb0f4e4a2bed,484735083.85913783
84394774ab45e0c8b733bed2,503954371.96905017
2c1c91f2bb4d9dae38a44360,495815858.2194424
8ba9304ea7b8d2b071bb0699,665757978.0081768
9a76cc7c650230c670e703e7,748750286.9131582
9b0833992397c6e50b54715f,698082417.994059
6f192e6a537c1509521e1e8a,593749005.1029693
d1668e2d35a939ed126a3f8e,1043736840.3172914
a17807447696896bb61ef8ab,979602758.0890892
d043d368d2584ae95ad3672c,757472288.2400782
7f2e3f2eb5abf86b56897250,980133539.9261664
fdb1cffa6b7346fde667d72c,531496676.3520526
58a3a9f44bc7846ae26413e5,759008182.3586092
af230af0c73a5f2b72787c1b,1128169824.9038572
3cd5562115870363ed5d7558,897568538.6640782
cb9d8fe7c18dba6827836403,724162262.9764357
742fd57dd463c1b5cb79f63e,632643162.8737632
0d30768d188b6bb53d599ea1,1013151836.2698139
c455b8a15dbfff94c2909f37,966162668.9927487
8541eec88f0dd8229b4fb041,599986432.7685564
54aad3aa4a166d2d50df48cb,1061846916.8738475
eb9a59d4e85a3f124e866f47,873868041.767857
d65946f9c27e417e6bc60057,361839323.19055265
dfbb0ed74ed85bd186f40ccc,388891327.3938466
84b05da6a859ff5384f37ee7,569882164.5337427
e2da7c1bb33be76b86b9a07a,592518137.5357268
456243bb3fab3e74df21b5a0,546117798.5991871
a947c2ea296f1da3d10b0a06,546117798.5991871
3929df6d73b3ba01bc018476,313066405.72486866
ce44699aeddaeb77f23c9b9c,1347841790.6379259
3cd3537b5f9475657060cae8,1347841790.6379259
4520ceed2e5fe3458850a805,1347841790.6379259
00dea98fbfbfeae74c513bb6,1223743492.7933764
16da41b1128c039ff8f83919,835283339.4832236
111d509185303ed970d710c7,1071801112.3164743
83ad1ce7ef6d70842ec986f2,817134789.0941584
74f8ffe35e8d3bc9be725d7a,477026124.42078125
f5e7ab7c2edf566fa22501b9,1004159782.2205696
2e1f3fb2323fa16150f8bc88,556422904.543644
f8bf37a8f81a310e299385a5,555093634.106892
7b71229680a50bc26677a427,1172632267.5990093
1f7daef9ba898c4d8ac1c81b,649363950.908416
415b68c7a5cfb073676c443b,580872746.066907
856559e93205dd1561d8ada3,677453083.6665208
6d534e4baa1740d7839664eb,715186490.5868803
9ea78159ad117bd9c0b04291,555326609.542586
38faca2d6e338d328428f986,423624069.88015705
fcc6c3c10bb52776accaf06f,483735742.78641003
9120f0e5a6f505a2553bfd58,711402944.2138264
583a8d8c5d7fa63125f62155,887082784.3768033
3d04304c8644c81114c36f98,983091736.1769155
21fcb5c7e497f0580b820379,1033120671.9894693
6542b39cc8d2d13dc828772d,1035687503.6334984
091f6342ad934f4e7f84045d,1084693744.994068
fe8305e287f6a8e7899c9459,827688357.2476449
d4492ffc4aaa4ca9c4dd2357,617461337.1112581
319b9accf9980ef2ef81099b,885473484.6156648
fa84c07cc90e2a2058b57c9e,514596266.0657385
c4749eb8f59cca469236df01,371123042.77652043
b8a5928cf1f7e704e9933bed,857583979.9608619
c2ffdd10fe424afa1b09f31d,394681845.1993711
f221dd5d745def063eeb7258,531689323.6548428
319ba1ec06c9b6ca6990f4c1,1184691071.2568576
29e7796eabea247af4e8a0f7,507716126.1008919
ddbca69ad74877086c4110e6,851332288.5527687
c858f0f3f5594e7bb0f3b6a4,1127492207.3354487
88ae3f4a8ef76675c66e925f,1157598742.0547435
27e0810a702796d97878c34c,1047180568.8634725
7450139ad1b39b2a380472fa,728287269.7333044
35ae7661d8191507cf9e7cdf,507378269.8731971
93b8ea95ca1c1ff3881d91d2,389084972.69056386
8e4709859d50a75dd08b03e5,565794691.6602676
7026113e0cd7b2d17f8a3459,564545317.7096211
9af956dd8d83bc715592b97a,465562727.4105709
df10ecb67d79e645f77a90a6,546160507.3876818
14feeb619f409386e6eaeda5,447197296.67093635
1a6b9a6d92ec5e905ac97cce,429637461.6959792
057585ba19d6144408d4e2da,485723519.062361
72699647b590d11ed9b2f2e8,331543113.30160236
cbc99d6202cd3a31e1c14a16,661240074.916902
ce1d63bc4411a615b816a76c,812266378.3420182
04f0fd25e2456759753bd2bc,1054713531.871691
8c0154eb5be437746213aec8,964093570.3444113
e23017438478050a655f6d67,1099411470.625452
8f0b6d6dd914911c7e90d302,1286441014.6871123
4b38595746dcb78fbb459781,877000505.1211864
95aebb36dc0b4ea86db49492,1147250273.0303771
f900f7a9c5e2ea51689e8992,1041668491.5890167
3fa0d9e247f28968a5bf8476,526582574.8337139
1240f50cf2d8ef1d8713e671,652842450.7607213
14a55e5887af840860b41ddf,338348639.4113466
3ffefb3f453c54585fa6ef22,671458395.51819
c3b357d17afd631df02dc39a,627842029.2233427
a15aced0fffc97e219f99545,452531721.42873627
cf707785919dbb92cfc7b5f6,943990371.9191498
70ebbf6a402f0f707b893979,728080323.5794337
aefb3cb6ad2de9ffa90b9534,753394621.9764981
b2809471a0164e3d41b8fa60,1165287941.7288425
6d11001f164d81734a82ec1d,432198528.36773914
ad71acd782a4fce4d9af04be,811745988.6541877
ca86f53a857c23b15eef428a,1023188037.0461595
580452a616b4f5170eb628d0,619759791.385984
7dc609a3c7a3ab1f9a3146e6,887214768.3331517
e8fc9a1fd4b39f946b914398,513087930.1460027
0d3bc6532812ea618d154bdc,1192441953.4207304
1ee436f045a0662037f9d2cf,685946133.7709811
8697b1d337145af0ef8e4619,999232396.8744242
9a08127164a0bb61cefb3680,601617102.1557722
e08e1f260e5c3231c49e5a96,564066351.7942576
b96502e30fecdfae7796f1d6,707762248.6424077
a0b178016cd26a1d2072e7fc,631222096.0986868
5e3d7da3cfe55ad1fe609579,827606269.4250927
30f77637dd52e728efaddd6d,961086213.7726078
2202c5c9a16b771d1e242c18,957914650.1732788
3dc8277f29d0a2406fa25ce1,948598306.2539524
a0f86ac00934b57d85b44dde,991153786.3715103
9168a08b1fac4c5448626ff0,742263430.7646414
cec8daf847f52cb2845a9f58,928338239.6148211
ab7559b75b340275587e50b7,1403743518.2503197
a392f7f9ace844d712ab2b4a,1174953936.321043
dd21c6799a32ce6ef27f5281,592249225.5750732
275ec6bd936600c7eceac599,1468013298.9752922
978195f1745ab7e3d69e1f50,1283573396.4929676
0e3f82238c54e85ca4229977,613430282.8826956
bc168cfefe964762cdf8755b,968084785.4499106
d22d5776b6305308c9e774d7,823865730.5442722
94d3fe901550dd4ba77ffbaf,1074291913.213855
63717ed97f95e32b2ca321f3,492526347.9030333
a7df0496d6ce217fadfad10d,740939466.1262811
51a696388218fc2e412f8806,724965202.3650577
a918c218ff761315988c6335,1046162421.5456389
d3609eabe59175fcb4441ac2,1272389958.1479998
8af2e264b801b3e155e52be8,1017635311.5864712
76e4ebad138d50c690f0aec1,492999102.6338327
9a9553eb431458a3e30fc672,1226643548.5843031
117f37774a78d65f9e68f906,585248839.84360075
0c8b133effcdbcd49d52add5,803278008.672068
5e8b2528c1c0a5c12a476919,1072310263.5110886
38d6842c2807d54f386bdb5c,1176281385.3220751
55f747145222c070fdd50175,925737242.407315
ca7d715827b39c417e5b75ad,807842892.2796627
b219848e66fb065d4d2441bc,1525563797.7989314
a04d3f4eb8810a346fd29ab5,991174581.8236963
0b06da0ceff947975cf8951e,782659693.4103116
3f35c44229ba13940d8a705d,973430263.3059931
8bdebb8914fbcaad625b1764,580856127.4020407
f4635193372f669612744011,1245364019.8197238
611a369172eb6e3e2e4bdbfb,1070238364.4464839
6689af92cae5d7c9c3e2f215,700102537.4098406
e382002b0685aabb01891743,646504230.574533
edbb6dd10f8c9e7596368225,1141337710.6031923
89b0592a715c9e135967f947,839295001.7289696
a67c6f6400a176e0a07d6772,731814367.6820493
5c6e6dae74e39d33621c7119,1039390111.8392383
0e1c100d8e57de8296363d6f,420417202.41792774
e2e639b53456889ab5350ba0,378501982.99501467
93acd9176ff299221e0d2152,970451161.1649182
cb482d76b3b4904c595f2dc1,393180621.3423899
a0e15809e0a284fde27b16ee,1209975613.5539954
9a958690c3947f5a8f05cc80,1116181668.4211423
889bd77c8271961a6e4925ea,887079400.4309819
dc082fe46a714afd43b9dc19,690216705.9682168
99f8eedcdc31cc0ff6fda7a6,390685298.5343746
dfa744f733abef97d82dbb32,510095210.73390335
d50b80d68eb3b928e4bb4317,604988670.5673227
a58acad50184e66794d8d704,768743575.0019683
52871480f7bdf5ac3d785630,863270491.0438985
8b083d7ac086f52fd2942a82,727303065.0676264
301ce25214ddb4b5144373ef,1042032144.0212784
6d76a22793aa9b571da64572,1104485206.0373874
d7c48db0385bdbf7ecb7088f,1220263630.4160926
874e2c6f3e9f90db80d243d0,472790557.92304844
249667af8d0835c9830e2b37,668770466.8199178
75d3c9e0da9a24f4849f2078,749021680.3753873
9e45b127ea0303f973bac9d1,623206883.279319
daa0be53e7a1d7ff76f32955,1107803924.1794963
bf7463534babd284da6ca671,315299224.7982256
0283890ab76b10547b27e634,1078766082.58648
5fd213a5236154ae5206c372,1291089323.0486565
317e95fad7d399673719537e,526507251.97964674
fb14ddcaa459b49a3b30eb3a,1087058991.4298916
4cb5e4aa83c476a5b71d77ce,803949362.5353283
f54d358d26af89636906f686,1304194631.338366
f002603a6990ec405d82cc47,1339285151.4051025
e3b7dc4e8990f3cd436bf738,818296742.3406532
97c799300453ab511bd06361,1097624217.2169793
3c1ee7e502c6bfb20873b47c,816397922.2185196
cf7741583fc5315ba70b70f1,693088649.8589246
36a0a1f0432c954604825b6e,881769038.4136407
9836bf9b64f27104c7863b79,703502529.3050075
68a3f9ac977f56cd39a6a1b9,1244528179.5735533
b676ed2d0af6807cc2b28ac8,1315692743.3467777
430112bf4fa9324f0149a879,615644447.2899128
fa00e05d83ee890a38c3a686,677822736.2958671
7d503f126b5863fa0626d4bb,960386214.501317
ec03a01c961659f2cfd9c973,530294716.8872238
6a112af84d5a81f3d16dfc32,1145393989.3131404
4c5d3dd8802acb9ee22ab912,869132289.9184917
d029158b36963961fdcc3974,703878340.5335197
c2071e85fbffa3d2c2168319,598540532.9209524
60a04215bee81d26f20cf0c3,559008897.220135
6d4a961e099de1939adc6496,1136888056.55583
2383b8bc2cd3d307caba34ba,497316102.19972277
d9357452fcd193b6c5284bc8,836294024.3747435
863f8f2aeda01a9fea1cb3e0,921273744.5445188
d1a6132098a4bd640321c7d3,1000017929.9145411
6edd2530070918074c8e7d07,875611554.4697554
1cfe7df5431f3dc6a9289551,1389399358.0072312
c617d1f15d294f0b0aea8ed8,1146935214.600249
bbdd78a7ed332e679c8e526b,404277342.55163527
45969f25857aa7263927b400,980180277.4496984
cdacddfdb6ce41a3eb752496,515900385.48983634
3f87d08afecc4aba03587848,1371848442.5178351
f21d2c0802e3858d493c1984,562924933.0154978
660f3f9ed9a72d8875a9efcd,904808424.8985995
04e29dbe2175919265c82463,831798386.7232655
e4082fa99f92fc7a89092fff,682547667.1484424
05402dd344c77623fa053ffa,741367798.5402397
c5f7f0323f554a7419f78359,1084515835.1204453
501193fb57014ffbd7bf218f,598507426.6979623
0922cc27581d9058e55a2239,489580717.3862503
4dcaaac494053749f30875fa,588576948.3670913
506763d35b04358fb0e967ff,728854242.1870672
8c40078231bf7af2f3a06457,457884362.0533783
53e14e867f8b02c6043ae02a,340470719.84952545
2364014bfd851a68a824d1da,776431249.0985603
f788ac4a8b2a6dc11c458c90,547119729.7634825
093c849ad2bea8292c4d15f9,531960161.8268207
71a8b68f38fccf71a229df76,616234202.3824328
ebacfa0a8e569ab603cccd11,473550463.71016973
c963faee3ac527dfab08f61c,614767908.1782578
ce3deac5963eeb96826c14f1,990120235.35311
5607cef08511dbbf3288a5bd,837577472.0418569
8a9e6d0839f9fabad2fc3214,658379537.6874933
ff03a8cc833d067d439b9903,1171977121.444895
d3e119e8fa4d96abaa8c43c2,1084515835.1204453
25b893f6073bd66258a9cf03,1254463789.9956644
0d70ceba3aea278cb4a2082a,1148051436.1241026
07f9017eb4b8c169eb9de536,1277806139.8798504
7cad62cfb4fc3ad9acb09f1f,624875632.7524759
41d174db6f695472063ceef3,811955033.7182356
4ecf579a5d5e70d3b4314ef7,758063427.1532125
41df29e27c0bbb52aa8ffe49,633965848.4639829
cd77cb445eb0f72df89b9fb7,793793860.9902258
65766c8572b629744f00b45c,464610001.84368634
946eb4523f76bb23d0348309,749175989.9800723
453202a234f5b370ae9e586f,849394072.2254322
4e1b5798dcbed1842f260b17,769437429.8745809
f1cb3c0b97ae1c6819fb86e0,1118628377.9686637
24a89527a6744456750baf54,592388185.8423138
a281d59b685eda4978e0c84c,1009103766.4639562
6cc9d912370da36c38ac2cbc,1232981565.4317348
10563c278e7ce8eb2066d398,1146935214.600249
a1b0b8d18cd78b7cd555dd55,803949362.5353283
3cf9282136fad24af0f7ebb1,973493392.1629674
077659c14c3cebbe192f8247,1121510329.7319882
c372834e8e7a4279f861aa4c,569950647.3782767
29daf0d5008fa9e3f0f30132,479481753.3454003
08e1ad8d1f0be0287a395ef6,561395925.5246319
19c07fc2b01a0edec4784e64,848196050.8288031
c2b5216a8050ea0fe4008f59,1285658525.169386
29cc054742b256e6fbc6da1c,675728983.3000433
755a3e09dba04bb6ba6c9851,972157419.9816256
c98157c582392cb895071f28,949851173.8103989
84f47e531a916b7f7dc1f1b3,927824888.8475808
231688922448e4d64622120e,782270168.2962595
9c7c68df14c238ce0b497dd2,481088540.76753026
d5e29042106130114cf3694c,409214513.1695036
08d4fa42a34c74c94db5080b,1133869263.600181
e89fbcbd4d3414e30c30fc29,911941451.8005564
22af7bb676cb4c9ffe014506,403253082.1341434
b20d6ca58e91ae70b6e0a1a5,1024302994.154082
5c372bd1e01f3243256e27ca,403253082.1341434
1242d7e61857ba8ad285b6f4,936513774.6232616
196ac46f656726bcb8087ba9,656524886.8494215
ae513b65e06b69e1ff2ad8ec,672136230.5038507
bb26b45df6a70b6414958912,672136230.5038507
9425283b41165156aacfd43b,573843723.658334
689b510fa99bda54284cfe7e,724456524.7161288
c57d333e383039db0fcd2620,1026305540.916973
86e98ed0bd2565b661b81ef4,621495172.1250341
0e694269bbff1e45395190d6,1072545495.3030663
6511180e3128e083bbbb6940,1220000654.853621
59b271bf9e2d29ed35352f5e,672136230.5038507
a4c324b1353d2f7ea3ae9727,672136230.5038507
193ff8d291a9f163a4f3301b,876659331.3745627
8ee4a7cef562d388b8444c29,672136230.5038507
53bdf5c3cd800459acca551c,445590651.99826497
35ef99962cd5984ca87bd326,888217133.0402632
dc33d5ffcd2aa2b7d56d2ad3,888217133.0402632
05c47739fa4c4f00285a2c48,981074327.7019271
a51d415712d8d6c8add7009b,981074327.7019271
71493c81121558b8ba18c1c8,672136230.5038507
853a14b680761098d4bf6136,848560135.2027042
c9d5c08973c493f3acdef892,596441348.536453
7dcbeb0aef2e2cac0d73315a,476257916.06818366
ae5a4da0000f79f12142e2a7,1308420353.798383
1f6050fd5261a2d21d5a178e,377029939.2251504
e3f39c6e4a41fbdc4bc30e0f,1152791018.8319795
9d157878dbb41c14b52a956f,709940361.7324716
e1fdbdecc84b991f582a2e00,803966230.2411902
3a26efe201689493724ba464,740461948.367499
6670cde3fbc11c263c6c3163,1266356495.3791008
780ae52ac9eae675f6fdb312,666974317.5530838
24f22d76b86498d5c3563288,1088735590.6234205
fda25a0b6b9f62f92e3ea6b8,934142843.6491321
678ba0c80536dd27e385b31f,359259795.0851755
ba0d0663943a118228fd12bf,429371216.9866953
81ba4b47e9222c15c4102992,624623010.4254643
d9ec26c1c3e1811e38f070b2,462715691.01122826
aa850af0c6203104e6ed02fa,570867805.2667571
c697ec00214cad882d5e9812,395356926.99543744
4b193d78ea6e3740bf37b36a,395356926.99543744
08c61259a756e617d976e8b8,1013356694.9579686
c1c1dc8df6996a94ef3c7d33,387454249.82564974
3fdfa23ac43d1df0503ccf1e,1201494145.537199
bd4526ea5b404df442892788,578171274.2984473
1062419f9cf94418ba88b6b8,674410488.1396507
1102f91444b8e1abb636f1bc,1238662270.6560123
b96b4bf38bdbd61d4dd0bde5,1124399706.3435662
45ee2db87e9ca0a1a9faf050,1157384591.2608237
556cb23459a9007127b3ad46,599217899.8224288
a613b18945052b4576595c4c,1015944179.1279111
fce385656705a8f4389cbb6a,830070865.9378206
bdac560af3e155db33d13d57,1173755587.8108306
fedc2418db2353b7c97a260d,766696471.2006742
4565bcc95c54bf0c8d376eb0,1065234580.8114948
5fc559104e0ba1112ce00f5d,1133214159.6699584
74fdeb4c56b29662f13aa8ca,1252367146.3377035
fbaf74ce4c2c6e88950d3fdb,1422000803.7462451
5de0f045039122af0052c544,599217899.8224288
e18337bbdfb106a3f1739960,494550246.7035786
e1b9ae3e0ce3da16f18e1079,1215362541.424574
a57435d71ccc5f032baee302,971384508.0114087
fc5e8e45dd0a338ab5835428,827001911.7953248
918bec54bd7587daafff66e9,693663941.8202559
86137b9624049333f7e0315a,393750983.3536914
0fca6767d8f442da1f8bc6d2,363849090.5047989
3ea5478270517f299b20bd06,750371536.5768429
dfff73eccd591bb26453eec5,608176099.285716
e2dad5c148ecc797018439b3,547587439.0975746
b5a62d480bc544f891fd8521,721959794.9207125
cb09a84a1d7b929607d01ee5,1035160201.5344002
af067a8546e1177eefe24916,438828859.7316049
d6f9abcb58befa3d05373a72,1054234854.4007308
ec2f16aabd36fd9ee2203276,1218135854.3044431
dcafab7adc7b763bb934496b,1017041543.3707627
ede43dcb1715b959ba34a37d,829018682.4021869
40dd67aeb6e9979211c9345d,817524522.2375735
31f630c44db4be5360a57640,1205354921.1618052
ee8651631861c1b94283a953,737879095.0126137
b7d245742eef110adc91b5fa,527312257.3052986
ffc49242bb0edf3e22076501,910016242.3965203
5c5963c17bafef1a1bfd5e03,936860372.8487128
6c589b7e6a3cfad34e98bd87,699449860.7568668
71ab3644da08b8cb0a0b34b3,841311261.5588579
aa668782ae5d0c16e57193fe,658962467.9201459
46673c69814a0b3f25818dee,1068396641.066978
b2a417a8d2440f9124fd2ee8,1241656886.7162704
3e0ccd899ad73579898fe73c,1216826155.7777007
e6f2c7d7317fd433e26878e4,1302379980.6494305
2d91b3a8c62b890fd246183c,992504505.6355634
fa653848d69ce620a41a73ac,616915119.5367293
3b6c94e3e3684eac73b3e7f6,1504920170.4707263
a6a07d35b3834bc6f81beb6d,750309996.6350763
a39617b7adfeb6ae7d5ee5f0,664862079.5515124
95e5e774dac6f0159e8afc0d,518806425.2536192
995362e3fea8e54538ac135c,617217598.4249351
42525c57e13abbfafe9bb395,1130987910.3718514
1ae6fd60628e7d186a5e0174,753340018.4795763
082293a465231208059c5d53,753340018.4795763
732615f6d1526ec9bd519eda,434357940.1514232
99e9c4f8fd7fb7929da10a20,405702524.2415842
1a75e436fc23e7f48e639b9c,426104588.2596871
54cdeb67ca9ea56205e4e533,1134522582.309676
c412ab869616d6576cbb8309,524167582.09678906
b17840ce59c9d9619b46534d,1022511064.1201282
a14f071d8e5c338d9ebed23c,711195369.807387
84d8504f0e860b0760c3592d,1035314217.079778
a3d03a25f84f4d50d2a308b0,510006681.841221
bcdcce01d86d648c4502d42f,588085445.5104364
33379968a83c8a90c23e77dc,562894870.3833723
ecc36a3a4610829ee3f88993,677754219.0127363
f4eca80958b7a22922b0efa1,677754219.0127363
3b4ce006ef95420847da20b9,677754219.0127363
4fb644a95cc04f7bc6cda786,677754219.0127363
f8fad48343ee5134dbae918f,677754219.0127363
6e8e08e09da8dc598b8a8b2b,677754219.0127363
56ff1f7e81fda0c8491c354d,677754219.0127363
444f102b4d54503044154ff5,677754219.0127363
e0eae2174807cc7ada38c726,628727615.7858766
afde90f91b01b0282bb94335,502641141.5651525
1d35c364daa0f021ef263c60,415596077.1275714
8c47395a28f8177923d7b75b,480819758.0328508
98c98982020ba42198aeb45d,623621868.1911359
ff424474d2d10a2c2a1c1892,561584414.0445485
971a322e9087b67650689ea0,570457458.6569614
45a7517c4d29f5bc7787dedf,566487941.7070681
74a51274abc8358d628ecfe4,871497780.1889021
11dc32d92ac579720303c019,592028989.5123845
4c25d939eb3ec218403dc4ce,680975536.1586844
55597a7b8637f24198415ed8,617402454.2171049
eb7173223a27076d16b87f33,625117626.3026086
709d17b62bc95253601f243c,727781813.64258
fdcf0e439ae8b2ff5730680d,750739450.3154947
2524e62e917e8a1aec5c9c26,650755107.1323245
ba601c13d20602c988d57246,906178007.9990008
397a7d1cfb809e34797f2bb4,542625984.1821282
b54d3ce25f3f03cf3fa0127f,362803369.6334396
d51bcf03d649839ca803c357,669080504.2236252
e9fac47a0f02f27abc96d568,909740305.0403888
a52bd93aa6b0d965914f1101,873246557.2796522
16601a92574531c1fd57a359,894553687.4485668
0e64230b70f4a227b444115e,833397557.2193093
ba2118c330e19baf4f3ecf94,799464422.6044959
055e29f236bb61603d4ce9eb,799464422.6044959
7c5c0f2d9a0e355069fe1c64,1094891352.4859848
e781547cf6f8cb4ec0742b5c,980397168.7223008
8caab74ced535ec5e75acdfd,503165830.63392824
9d64345229b60ad1853d94ce,894553687.4485668
d128186867f91603af4fa481,1181867657.8200366
f8fb6d1b0dafc28920393dab,1181867657.8200366
33b92225cef255b0e4b4edf9,909150531.0390061
7eb78d4dea434674a230caa6,1149429605.5683289
833bd3c8ef9d4da2f304a94a,1152764633.8414257
331f0957d55d7f03df7fdc4b,883348017.2940438
cee124f4b9031f59c4fbef47,747972361.6401227
8a9663cb622a55f2a1a8e3b4,529483138.6580328
25d4a0ec9301ba5d53deb780,1149429605.5683289
38d4b1837c595b6d9a23e994,606489476.7185931
a21923caba05da05449d60f6,910229760.7848969
63cff4b5ebb2b6528ad34cd6,526107718.9566612
948c392520e1cb3a030ce86c,728099765.681176
b2e7fd7bcd93309664cd225e,982962362.881344
9d6be7123f2c6e610971374e,810427923.13448
3676e34e4824101f3fd9aa2c,765142100.6227136
f849ad486e84a82190675b89,708363231.1191684
2fb8b2990751692b8ef1ab6e,1094891352.4859848
5155f70c7f8978e487e71479,944112815.1342106
4f076c220dad47bd9bf248a6,1030516958.8208823
480041bbef3a540df2a36ea2,667185528.312147
4ca66e564ed478d06c471357,668625066.6863586
454e4126257189bcce9b681b,1207937197.2445107
10ce9c7a0a58aad19778e5f2,1157338233.9349222
dfe8e2542755d41d920e28b8,377829016.3830936
5115b0da9c95559dcee9e58d,1236507129.6902993
8a0053376ffdc75d0bdde77a,1039574498.7682406
5688288ee38f1a69894ac77a,637378883.6937371
1fe514ada76363511cc79105,823110234.1525788
885a312d9a5bfa8a8db5279a,722707909.0242275
c716d4dfb5a3c2e1120bd84f,921880174.6744045
689aafdc12fd1610c2393a6c,1033753403.0056186
c0c4ecc8d3aefc53c4c06a38,510165266.46127707
30091c32a5046d563597bbf4,449713762.25595903
2e58c9b6fbe9c57c83bc0aed,965243544.743387
3f7c5d8304fc650bf97247ee,1205766518.1598332
56334a9db3ccc24faf138edf,1317649085.0029335
6d0680692396c07afc1a260c,821623258.5512255
9e07dd563b6ff4572f5d9031,1310515849.9834385
1278c9fd86258bcb435e7127,719444224.5840733
acf0f98cd8f8c8ce06f30ab9,1320106786.4405
5e3785bd517f4faa2bcf43d6,978038252.6841896
cfc61dd41ee5f5dcb76bacfc,607106357.6362062
2f171883b97d9c02b90f93a9,445569405.08676505
46aa67b5e0abe39dae442d76,445569405.08676505
50cb49d65d04a5d166f96e3c,543913986.7243476
06c1673c4a7444e7aa80abb7,508978538.91231287
53881f29c7a6bef0ab537466,400894885.9522673
2b028932adc74c961170a4ce,575969927.3211348
f3a1bbe01d265470a2d7332a,378160661.61480844
b42d5b5b38686929eadd56d9,391480461.13078374
bafc63f23f097c24d36c76fd,844536403.3647233
f164514211012e3a1686b148,499075932.8021008
82b90288bffe8c1c0b5a1259,561498729.6006196
2fe64bad1bc8a43fedfe0700,721260602.9634466
da5b958667b31f4f9a1d84a9,1307958746.6960468
b3bc9a04a3ebc1b911326735,898803722.568414
9ff3acb07666d53f00d1f1db,822380527.2407092
13a44ce5066ce00846b59ae3,898803722.568414
bb45c98dbab56e5abe20ac0d,798693216.9848036
f88bade1cb7ee0fa643f31ad,555762112.0164143
e9ab6916a79b4d5182d33bf5,898803722.568414
144162ecfcba71bf09048dae,1104653749.9639099
19466034c2ce19c24a179fe6,820569262.0684086
3787f6da3e961c0e10d30e6d,1084362773.237568
908330b0d2651093c0bb6719,1082294422.2588432
66b7baef9c6c3c7ad24636e1,1358063309.2767751
69cb0f3d422c2c78373c2e0c,1430092687.7645562
1e866483995b30ec7f79d9e8,659012744.6845945
866f2a55f42cf30c4105631b,659012744.6845945
fede7e1a7a6f23338af6f40e,1084362773.237568
7447156f2967391975d335f0,820569262.0684086
08451af5a81fd6a63c4012cd,793887737.1223252
f63608198bfcc858abe1ab0a,506691634.356658
e9a0dff7ae48bd3fa2ecfcfc,715994499.7893289
cc97f62e2fb9d3e31ef1c00f,884703678.0053836
ed40f198ace8a4405cce7a1a,1268505592.6864367
bf17b59bf2ac2d06894bd786,714786918.0252303
e118b149654cca1c0b3a58a2,1004155951.6622965
7f9bdd2157f6c3d488c77ddf,946644459.6026398
9350225547486ad75c0b5ab3,1073560651.6393583
d1166776fca47427c77fa8e1,1199065144.1684241
f719b387fac4f688b57dc646,1138826125.2077887
6ce8991a39ec7b9883f85000,1166827003.5700867
353743db4334fee80ac08d0b,704184506.538205
372a3934e8179422b5cf5729,962906396.6703126
81516aa72c98ded9223db098,860569431.0564184
9e80db4c35139bbb18775644,631331666.0223228
12ed2c22a923c840ef616a3c,1086163651.3406432
7bc57b136bcec053cbd073f3,654611780.2362062
77a06084509952c6cfe8f501,456027910.57298654
73578b4214e2eca83b1e70ac,1104662177.835346
527e571030a7d8fbbf1a41c4,1047991802.3277202
961baf163a07179bceba67a2,1236115688.9317904
76b41682fa6953a3b20d3f27,1000208686.3892496
cceb25e83ecf22252aa92d2e,1157395628.9930542
210ff5d4404ee8578a5ecf9f,996436571.1078844
398274b1c46fd88151420c6e,667596690.3486967
5b328b80dd844db2e946302b,600407713.6566219
4195fdfe50e42e9981fa2f4f,614672936.7995431
2d4031f171f965d7dbce0ef6,1070222034.0296104
fc1b713d5605b0030421d5a2,898610023.9211123
cf6092df1f22a7c4b8ff9d50,430364945.40237856
8dbdd7c8971a514eb7cb4d3f,1374748071.3606648
c197faa8bdbd51c075a6d3bc,1006312949.9616559
1985a2a5c3b2b0c7eca22afe,907958275.3696183
92a1a8b617b6d2c3669167a6,747889620.8611876
2a330fdcebb247d6a6fdea23,966553423.5078733
c3dd975d0aed59a65a784e47,788718434.3084646
608a2339d558a6cea9478756,1262309961.131319
c0ccf6d535d1316e37e1024e,1161684007.0340724
229a7640d41a8b8d6d2f8f83,1114464929.2905912
e3950ce025371da2b4ad9db6,1174680560.4212008
a7e41393473834db30f2c1da,878850838.3526695
7dcd1597e11f83093cbfd7a5,1273902810.0625784
71235a69058912dec1d355a0,1026732369.5478677
349602317da0e456d88fe24f,876229708.2717237
ddccad3e5a4eaf791ce3a7c9,511774325.67649627
776d7d1326576f07762ab3c7,1184130818.2869737
1b88c06bb3c1bc2bb39d1b86,738263413.2653685
1c5c4f4c731545aa3388c554,699308461.0091956
aaa67089a753d255215c15be,506212507.9813443
d6d5717a4b7e2edaef162b6a,841595336.7860535
0ba20e953e8e76add161cd6c,478365488.237516
13c39860029403ea94b5439a,1015665180.0413697
d5436eeef04e1a8e51a38912,376281352.46591926
21f00ad1214253dd5bb97817,1203565305.0419087
5a3119efc021fd0f102ab958,623990711.1638457
331c515e7f0dbb4460810999,634895189.880087
9e360588b18cb15aec3b6609,474330589.48639905
a7cc7d2ceedf4d69664dc734,546020934.9458712
4e78cffaea2008f3919ba0ae,733955899.1056074
452e0518f7164287e47e6354,432532520.42759657
74286242739391c4eaecefbe,509086309.06719494
df06b65985649c7107b794a4,599741584.715001
b6a21387674a509514fa5518,1028353191.8903322
6752fcf8f1af18d61124e32c,610043085.2744492
a7e40088cf53acfc65f4b3f5,990269438.4476804
61b9307a25be3119effbd0d2,518761897.6518125
3061729865dd2d68858600b1,650229043.9277182
ad38d5660b6f1eef23b76039,353766227.3640383
1d493f3954b15e84c41afc82,600337861.3234452
57744cb947a923584fc6bcc4,481073859.33439386
16f60cac352cc0d668d226d0,335989120.26302946
accf7bdeeff29ec7a209c509,452901294.36393034
a694b9ab05641a6325764e63,1084983428.147902
bdeddd3f84cb0ffdd1fc27bd,672763420.027941
de9ab30042562789601833f6,341133098.2312741
1a95522f43288e32addff2ba,351950413.0601879
3cc722d5c764ac261611c2b0,367370658.03143615
aba85a8a7ea2def1fdd18587,889366502.7936187
b272c1025cf5c1e1df47042c,634513850.0094752
5c449356b8b2d7e0928cce59,1056777547.8986312
a56d3b5bc13c9849cf676750,554643844.6748377
942c934c0d41ab822d60c795,508787327.3323366
b0fe09d086490092f1690fc2,796510146.4202508
7abc8a11d3d6c905de3f567e,418778151.07339483
16716773b2a43df0332622bb,536206008.7273988
98fdd3fc6c9447d0f05eb1c0,578624692.1896642
a59f39373ee368259b441de6,434025022.04677004
cb778195c5d61a7c4185424c,1027468968.202273
c0277899d5f185cc78fc4a79,799851830.2132704
44effc9574c74ea4ad98ede4,703216778.7166729
e2d00e4fd93a02ea81895355,1004659795.47614
ab405cd390c0681c3c67836e,937847271.7719581
86db204f7ef6e0e0e6687246,667431176.7167908
97b791fd94b2339ba115a75a,1003365254.3584874
3897d9b5fe3a0cfaed7c18a6,426690969.6968241
ce206b82f2de3793156baadd,530237066.9775036
2c924b9d45667f7168bae6ee,734654786.6233993
358eb586d9649d20dca9bfcd,1081502016.3711843
71b1fe15c5bffb750c99f648,659839089.6925967
eca500b92ff96f10ccd45e54,617116363.3016417
7b63445c5e1ce95bd12c31ee,1135550914.8657825
97d64459dfb368b1f6067ab2,1084588236.7799897
1b09874d5a3e4c9e0d544198,905467915.0376331
54fb79bb019bfd10e5481ec9,498900811.76224947
b3b63d292523ce0a925b871c,653018047.3120447
09759befd8899fc1e359935f,906387168.217803
62e0110b1c8dda16cc7da89c,734402606.2106559
d98ba43504fb49a4f0bd9c05,1150420980.9208171
48815b454dfb64fe60e2cde4,573578910.9283803
40a65310ce666e80a9611d4c,730124581.5151138
a8c5674b5d110d99a1e097af,482465996.7371477
ee9e7dcede0ffc20442b4407,606467498.1661961
9e858250fcb7320b65bed9c7,1244540048.3757668
bc76b078832a3a81b6d637f8,1128385026.7439535
b06d3ee14ccf3d46fe2431fb,592199524.1275442
87332a7e03cb851342667b98,710587918.4874108
faa37a79a1d72e4b8b0c80a6,710587918.4874108
0821109831351eb2501e362b,1121734958.9002402
8d01d6561223272181235c69,922312829.5045711
a0f1c94cd34fcba92f59a59a,1363175799.6840417
f6a5c88d1bca87c1e89d8084,1032047295.8658301
55118881731616058c929b1a,1352606179.2606268
bed1fbafde11c156b655e04f,591012448.9130478
819d2a7c3330480b7217577d,1016386084.4292382
e1967b56ab8ecd035bf39534,592199524.1275442
08d0615cff29645ee70e20e9,978943419.3523405
2e8af16a155fe18c8c6730a2,788825251.1740423
882e8e77fa1a71288f6b61cf,1269321220.3636155
7930bb0822caea5f6451bfa6,934231934.7011367
993a18ae04d78d374f854262,1054824181.5282162
e5527bb25c85988e00da339d,942292211.4810363
07bd45129563bd2fd974deeb,378415360.6795274
83727953ecffc17bed632d94,483769882.14128894
2e2d3f42f4f8369733b3bcb9,601201852.8604026
3b23a71bf40e800a66bdeab2,660556849.4089124
894f346e0ad39c57fc0f369f,1169868831.741097
d1fcd31555048d043cf084be,565458091.4915137
8d48f73816b248d1166a09db,787424242.4316655
32d5a20c542a8194a6aae965,890746690.531846
53870de54350a8cd7c13f014,1036507626.2901753
31cdb68dc6476128c4bb2f5c,742562215.2185063
4be6d93d8ae1375156444f05,454380873.4646056
33a7f6aebc3e2d480d287199,1281804551.9225984
e1e188d3f9940f9dad98488c,1281804551.9225984
76167f6ca3d2c404104b77fd,1183925308.0453343
9297c340db8a74e10dbba148,822430722.8965815
0e001ee8f27e1a2fffaa0225,828778370.635943
ae3868ac8c44128b8a955829,679553474.948679
bcbd20cfc50e2f032b174b56,520673088.0642747
253560c855216bd9eb102595,799456798.3539746
c9c769e7ccc99016f61269d0,929940301.2551422
7c07ba1982289ca3abcbece3,828778370.635943
c5c024d11b3ebb2cd088bf6a,850681398.7211045
f0a8fb06fcdf8997bcdcb03d,900512820.1823227
806f9ab2a016e774689ce2b9,375318715.1925035
4491bda913188aad3c66ef20,981267085.4658966
0c37c0d27631960f9e0fda1d,1104369347.0053134
b50b45bda0905a116f238c1d,1281804551.9225984
f0f8e755058d48542b9cc4e3,566241643.5447763
b3005057f48c1794b7974f4f,1281804551.9225984
e1e5b0bd721a67318a3848ed,438539353.39976263
d96155b72c02bfa04f7ea98f,731317622.6018262
3825ce5030d951ef0fc2f7c5,399843349.46935886
99587dcb4237fe90acb15b5e,339939927.80534977
452ae373210337b8008ea2a3,992652174.6847649
09ae7df5577582ce7e7b0aa7,679054642.148436
b98967876009fab4290736f1,735735939.584315
24a4a43ae4c687bda1066227,1246947003.7138815
c509f2036a11b7132c633d2a,647123547.7209247
bda914dbacd42b2b7c6c5179,1010937757.5188261
5a681060eeb2fc8f1b3261da,943275836.5399762
016bb199b12846ccb0b03191,949936327.4021188
ba94676bc0385678ce3780a3,679482190.6911224
b2183e5bca67574df7d5985b,404095404.41311747
baae43ea29f7e419bbecf998,607524526.4027392
ff1a7adf260e637bf316812f,538491557.8576984
8e56b5dbc4cf628ac12e5bef,939702302.5261657
c8941b8d7626f7b33628158f,1216823834.8682075
d504ed869ece1b1d6e724452,338948699.9367485
1acb5576ccae1f0534f614df,867749180.1366436
ff228869121d053ca7bbe431,967905693.923729
ee4dea05e93581750d613c59,890746690.531846
5d507cdfb7c233cf96dc6a83,635030832.6129003
faae4324336f1211ce4c7809,799456798.3539746
9a8e471c8f4488c3799483ba,541439130.5284579
d040e15e50d655f4d19bff54,488347787.39264166
efc7e89ddf3de559154d8e0c,1396783452.1567025
e91598736dbb7319952f0dfc,667200799.1517932
4046ebeeb7ab85affcfe337c,1061857043.4834701
d12059af22bc7d6ff170430f,1072038277.1651809
99d39d72083d7485e8944a3e,1024801309.5720007
b9ab2dcd8d1855e4bdd540c4,1144714759.766878
97106114a8d353ffebbd07b7,511831920.70879817
d5c950db90c92be5fe753189,637560049.293593
119833a13f3f7df22d2b270a,1041440031.7735562
b2078743e33e1acc49c2d2ca,667200799.1517932
fb9371f86ca6f4e62ae374c3,528485280.17382914
6a39a747417143f0cd24f3bd,1376361623.7113714
7bc0c9e2760e4b1488522768,1112054899.8588574
3898683e5d24bab9eea24d30,1212653364.94727
be0e466ca7d6942282c8626d,569670245.9719247
2d65980024ded46854c25260,1098472433.3692367
87aa28825a5b8ffbac5f2e2f,643549077.4615117
918b0d900ead8267aab4cdf7,746598340.345781
0c85506b301862fb58b467cb,470180831.9779027
4bd031478b15017efd41b2bf,1212574727.103977
48bee96c1f65b8e283d67483,581060015.8836942
7618cb8d215425c931f47886,828922233.1263546
a7a219e7cd18f3c4b83649e0,536457659.78378826
9d3f5b59b9735da05588b3d5,576143528.4000669
6ac5f5f52cfeed2f0ac9d018,820239089.9511513
d885902c923752eab7b619e5,401668689.2102901
b183e2562cc4816244ce0e1e,718997016.3415756
88622b66e6c47cc62c3824c1,844254555.9683596
01230eede2a4a74ec4ee5105,850681398.7211045
060451a9e3e0416ff41d253d,1066452308.7674675
3ca0e7723afebbf53e390297,900354815.5910962
e2ecbfaacf11ed16fd71abcd,890529249.6220187
1f0d83013ea5e4c3f4beb583,1192441953.4207304
450c4eff7e37a271fc24ce3b,1002179419.8988262
a70d331be751cdc3bd0aab29,343553641.11633515
41ac76d4fa450fe0c377a0e5,343553641.11633515
2ef8a530db816223dcf474a1,536457659.78378826
d09c1af87ddad4ad11b82626,470180831.9779027
35b1cd8020e7efbb9ba5adde,779204037.4087919
6714f846f2fa3527641ad96c,1097345810.1083531
4cd5338bcf246ebf263baa35,403704052.6245146
0878a639ab8e6b6e69a3df41,783820462.7394849
f4c118396d781c140d8c9b08,648704132.0400748
27151512d4b592014137ac1f,708252449.9399557
8e5123f5ef1da66571ccb600,1396783452.1567025
c491a13a87fa1ef595b35826,613542615.6064255
52d6c4bcb442eebdab338116,1023986543.174152
e23d93ade25e73614d7bcd77,1371508327.5633223
43059ceabe98412315566838,463013209.38792896
93b7fc7c4f07a7f117e687a4,1061737555.6434525
09caddf25db3ac8e1a98565b,824037030.8606671
e3034ebf243b024cbef83cc9,632497172.5209941
63cc884a9c5c888de176461a,925495372.6076173
069fb1f8d0f06ac2fee87314,978836995.5131038
059aaea3859c4b9662ab4df8,442803246.6580569
148b157ece514d99be0a7f93,433830523.9366077
9c4f397c093dde7de5d485cb,1138989047.2447155
e28d8dac5c1c75d295a9eb3f,442803246.6580569
a804849802cc0820d25f955b,442803246.6580569
fc43df7f26644fa464ecb090,476795077.1900811
608b26adceba64d9ebc5486d,442803246.6580569
be8bbf40db0dde8ed4cf338c,442803246.6580569
d255f73d4066fe559065266f,439941804.1632534
c552cfa8e6b8c8be2c963ae8,490156276.9263325
5ee020d4adc767b3b16fffdb,440934765.7291954
2a01945c2ce528c02b391c61,681323719.0209417
dd7ee555ce0b2d58dbd8a9ea,395177495.8527421
a732aefa7ea4715325e9e80e,617681608.9168618
c6faa40acaccc1603c29df96,476795077.1900811
fd8caba10cd4d1df27605358,657927619.5063684
788c49c17df556bce0abf6ce,741356486.2516749
2d0d803cdbeaec6e2626eebb,656973335.3605417
0872074f7bd512dbd4609c85,567118217.7424009
3f97341f90b11e6a7a7f7c2c,969825728.6099999
2bfa301ea435f929e6c0d1ba,645798045.1083335
1d029020622a600aad4c2991,863846978.6734568
8a100bd7f5da66664a2680e8,511475716.41536146
1441a28c376a20c90d72cfac,550722388.2016388
495eeef459e80680720a0ec8,546491874.3533356
df81d07cc6e8fb0a01c0f404,1057763657.227212
e23ae41983b9f112f05bb703,984166755.063886
a2ba273b099221390bee92a9,550722388.2016388
63dfd58a5c43cc7c0a468209,459784325.31584895
27aa789e29e52ef8d78b9bf5,1061431809.0193166
fbd613ac06b6bf20d76822db,741909576.3513719
2a805135d8030b614d9df9aa,915601496.5323443
22c9b57a67cbef0920d09174,438766926.13004047
fb76da6072bea5801e407990,432847781.5641289
9050b1061469970ce28742a7,554741179.9392216
96f5db1dd0f36d1087172fcf,852528235.380795
38cccc333e2c38bd608e1880,861449674.5116041
efede59a47d17737f90f4bcb,1411696505.1337667
bca5301e6460eb859b7ef34a,661623595.5631562
a23a13e43f3e08ab82c6ef82,450393622.2895462
8437a42a8e7ebca46eb088cd,493384785.09669626
6e3cbc252c449fd4b758b97b,535147504.73639786
6cc6b0672aaccb8909f3a751,517382449.088945
c60c2efec3c12959d86fe3c8,761891659.8247849
d0e45d520227ef8a1f53ba28,611948483.2605052
e45293f1e6ceb2fe79f6e0d5,759591827.0104504
4202dc3f8255586e1ccfff46,540708463.0506213
1d04d5450762d664fcfab674,1182952441.7451594
a3f969063f78dbd95e6ee795,717365558.9232665
2e3fc1d628f6727880d3d4e6,535147504.73639786
22ea31eadbd3a54216443137,459784325.31584895
6490a1eff73727bf62458b0c,395145839.9878629
49721aafec7123f6ff4d8010,1165407968.869621
bce608b4629b6c8512ea2fde,968178960.2651416
a7ba3ccc4831ae7e539f0cfa,544332233.1898761
959b2293af0ee4f7c9fea7c0,1078132533.1297395
bbbf74a3abf9cd8718384a65,409062341.0950597
680a71ef7ec15bd919c06320,591266138.3723779
0bcdef6d56052acd2afad93d,379962380.39231896
1bb885a07f57936b919629b9,524794813.0696865
8a222af682e2d7796643ccf7,839347830.721354
3370a48ec22302456c41ded9,409062341.0950597
46fb04e7578da5741f6da4b8,511204581.92741394
e9da7f2549d914aab6a30e10,481526436.84144443
10d0506d84d778da572ec635,601974078.5187978
966e8fc9af08e76f8b276245,473370755.87703836
0da2a849e0f83b17b006e50b,524623675.6792376
f7101a05db93cbefd6a3b31f,349279458.76444054
b74fd7f7db38ec233c6ad71f,416864722.73029554
0d63e52a47fa884e36f10810,619554140.462722
77fa49bcb52539888d481ab1,605057909.9880935
6f412fbb33519fdd31e741c4,489338922.6263806
6615da422a3864d415b28fe9,442803246.6580569
f258fdece395f0c4f4da6a96,657621495.7930397
c54c645c340f59dd5f47bea4,502790722.8735243
bdd287e9de82903f210878d6,657206449.0668557
e110abe74ba0ad062c9b575f,623527907.589083
47e5ea8cb7f5ab6703803690,1107641237.5670793
e71c6f7437c633e2d9da643e,478884017.8122843
783161faf2e3501c38c0aaaa,447998090.36728257
5fc3de15eb0cd87be5ed2e6f,603438631.4356836
4066155e224520530ce985eb,507545717.7726489
7745863791b5cc6d49f84c8b,672655640.333387
aa7551be1b8d6278d38fbb00,1044489622.7284802
d654c9bbda61c4c0ee1ae2cc,581951759.8164433
d224080523a2bf2e81698d15,1020765101.0233415
5f8d0a2ab1f9136de446528a,832695259.0720421
405fec98d5a3c8981173311c,538651807.9150455
2a9e77fd00aaaf773d130914,424419077.7497628
279b76adc4bc9f8dd86759b1,944597341.7890309
f815ec1a63e980717c9c3290,521076444.8930185
a8fc825e34bd9bd56ec5331f,916896472.5479454
248ed6abe6e528dedde951a3,342921226.74038076
2bce6544d58b6970192a1838,470705752.0559166
352a76b301243d22d1b31f79,550722388.2016388
bb9991da696d6e1f13a32d0f,490096447.04811245
8e88e6cc55ca769e472aadfe,670056208.6734099
339ca7bc687766f517ab3274,465403804.2539211
93375efb2e74f4913d21d94f,515822655.1963545
17d7e6d321bb7394546e6b7b,414869818.81698823
0f601f5ee798174ea9d52caf,793031150.661845
8ec8cac469f2448654312aaf,1075760034.701359
affb62139f02e524692ebc5b,650778690.6801014
c01199a4b2fbf0f6cbdf2a65,1263803596.523
4d1f49443787c874ba19f968,1085621003.4369771
035c61042b7dbc7ef888d1a7,1223617457.5881917
0fc7d98f75bc1c0b782a328e,1151191421.9035587
b1924a5697dfe829b5b8ad76,607515256.38485
d0100c18dba3c334327b29e1,719523818.3822557
add1a20e8bba47aad2edec69,1186970958.0663736
fe8a78de9ba7b59a112e0046,530758166.5471675
b319d049a3a8e4a095940106,560332580.7568251
303dc73dc1130de9aa2f70f3,644730989.9591037
e471b2ef30c388893119a010,1020120862.3300145
9309d812688d0d2bdd33d830,884556883.0485733
fdb192e57e3e48f70a492b87,840898961.430717
c514c9a35632e5a9c0476a31,750232721.0663123
3bee8a9981a1e9e13a05cafd,577885726.3194845
9c942287410db3d0739e182e,544445412.170832
f59b9c03bcd4e0e06d23fb47,548694619.0320356
4c11f4ebc622483532c24a06,678121449.123766
1f53612f7029a21e2e9f74e1,908445039.6288215
1f4b6eaf52fb940e666c1c93,799745045.6013008
dc65f0bafddf39c6c4b2c9f2,529681117.8147586
344823ba2777540ffa2a8fbc,1106414463.1304862
8cef9b18f20e9c5a32e7ccc9,975041328.6813346
413d6e4fb772beff60f73e2b,690897663.8314142
15d3ae51558bfeef80b9e97b,982025383.778384
b81c26f2ea6b66c8315d1146,1171427349.6688771
c3786f81345d39fd8b353da3,706565855.8856938
6c568d2287dcf12b2aacd388,758848952.8087473
e6482f3b6184515453d16bf2,1218168382.475354
32c7b848ef60432d98f415c5,1037102868.5448173
1689c3e3982382e27a4ae074,942292211.4810363
3d0cc51b7a2392f3be3b1666,631683381.4773024
1dbec7879e793ba9685741b4,941000853.0076526
82ff2a63a863c089ea90bb5d,848338429.6684
3d9856c3ee0a4b5a833c69ab,419573667.8613669
6f293451319bae38c71b8266,631683381.4773024
dfc817b569fd71d2dd47e980,1237793153.3394318
c34d46d83e76f54d53cadcb2,821276997.5728421
e08ed8c82d05dc3cad8cd2c1,600053955.1826994
e21f2a8d9c641e45d442686a,1139775745.417185
f1793973b462cdbffb1ad648,779999567.5919749
b15bcd6248958d98867ea585,614842957.6696104
e640424f3b7d1db403c36ba0,515383060.04284734
658c0b009a09339a3f312145,1046539619.4615221
f01fa45466e2730f935a4128,996683673.4931484
b4d69c7bc93efb3790eb1422,1211527479.949374
c2242a77d30c0abbed667ce4,1065031422.8144428
39542105a7c46ded0cc373a7,1141400843.2879992
13f42390057bd294cd787822,824870466.7779361
183d99d88d1e7d995180918c,578917230.4544158
60dd7dc49139e7816dd8b143,642945444.2873453
6d2ec752890a2f1c4094044d,1153076894.9415936
0e776964ba3733f3ac18a7a0,657289186.7148459
92369f73435d1ac3fa95f185,652922148.3070743
8db285eda04ca37b86dc9724,1117508791.1035094
a7b14faa46e7b73ee4e95ee6,751911676.6244413
010e676743f6afc01fd0838b,996155329.1191576
987199d3a23c08ca887b301d,803664198.5418779
4fd8643e1c43ce9a0c18a19e,1310558344.0528514
4d0985935e1432b3916d45be,741909576.3513719
4623317e8c9044e314ccc4e8,904841215.4099216
ef8430c4d15e5887b8103bc3,996155329.1191576
cd6ecb0f77acd93cc1c9038e,1411696505.1337667
b0962bfdb6a2c79a0ca84e48,630685357.9972246
7bf592c5c34bfe6a5df3dd40,1073851457.9499943
9337becb0628955b47e45b98,996155329.1191576
9ed0bcdb62b2223d716d40d3,799438500.4493793
4255eae670033d9c9e9a6e3c,1089394071.3462708
c5346c37454ac2b13b92240e,1269321220.3636155
94fd4bb5f41087921ca12b58,498376767.82372975
ded674ba9c7b76cda404bac6,915229595.0034524
ce25e9fd3bce9b75050aef5d,1322611956.9250896
4e7d3cbe3c62123fa7e2d969,1047887865.4240167
dcf5b42ecb23800a458562e9,1264830892.8124864
0d53bfcecf0397ca27e5f78c,734419415.5447283
f4ecb15ef992a677e8b4fee7,524050622.0198784
46eeb8f186f86f7859274d4d,1029831208.3512081
b5a7d4288dc7a7868678b9e4,1182537354.8859515
34f99327fe595ba6e32d89a1,482035520.85252345
9a53016fdce3d3b5c2baf3fa,974834918.9762645
26be10d0ce8b763e9b457e76,757030319.5268586
2e111ff939191cc6df2c59bd,978336771.8204385
ddcce0b9776593e3ef3ce21b,947276623.9429674
937c0b6350beb0f51e53ff8c,541727334.1847321
f50941445773dd62e87e0416,1020120862.3300145
93a1aefcc4ccafe4866bfc76,717410713.1295693
70c0a72b31dbc1b97c102c13,996155329.1191576
8aa9e1e89993aa49c5c3eced,1038908480.9898742
2a5ecebe40fc09b45d6ee5fc,590012283.24721
5f798656baebb094a3c83793,797945584.3905419
596b6f435f76058493a16cd6,1352995798.9889
1c510a71734e955f75187106,1220377681.6859136
07de14db9dcc2d4f9eac0dd2,1325890454.9808686
29503210dfd57bfef8f16802,859599906.699437
89575a90c7b9b960c8f4e052,790985750.3335847
bb5a6045d18e19613325dffd,1217097732.748764
f984d34c8f27e3cdb7c2a44a,1004023806.3497577
90822d4e3a369948cdc4d998,804595188.1314554
5b9a21a42d5f50ed4b10581c,1163389158.5398433
1be01d052c6a65c5ed286bf4,1148077713.2368872
b73d317e1e8ddc3d5d0743ef,1266745431.810408
bcd302e3b5342ecd8cc056bd,575308964.4363314
eb8956f0c4a885619bf1ff79,858346560.4320081
d5b950c5510c19ccb926e7c8,1032543470.5480884
1e37ea0918a00bcfaded3453,990692617.5918252
1d55f4694f3e000ee3ce47b3,853909885.9718249
cdc3e114698984145df842c7,1291150888.452905
9c611e246a612ac6906abe8e,1310773335.1684973
c0c820463dfec602a6118ed6,997297893.1837687
6302d4fff078a118c3211794,916809034.6556126
c98807fc596bb2f505b4da9b,875098984.927012
cdde8657b5a215915a04126d,1201088588.724646
3b2fa7905fd8fcb3e11ebcf2,997297893.1837687
59764968800501c68631aea3,1192876443.4425733
9eab02171cb5f15963670172,1032047295.8658301
61f84e5a07f37865c31d4a07,1115577211.036236
1494f223c9d3ffba26e42738,1106414463.1304862
ba137cbd10757ad20e5991c4,511851445.91953164
d2fb81a477ef3690cb11c93f,1543708594.0911803
ec4f7794cb756b995d5d207f,727913698.2875128
ea4add08aa912717cd42f9f7,968245442.12104
f11d7627e2f18c9a75595501,1050391208.8908284
8095589d5e1a55a76281e13b,1169839824.5803792
f5add08cb615eb18b3153bf2,1112042173.4733098
1894346a27970572aa703cd2,1004023806.3497577
805a491334f865f06ff42329,626609800.9713225
062d5544f5c96db90fa3a526,1182995312.2737234
332201e2583141f3a02dcca4,1054981122.7643186
4baf1bfced8e85013eca94b9,997297893.1837687
8bc002e1f02beb4d83a6f6ae,656688948.4069868
adebafcf3eb0d34ae31718ef,1121206617.0733125
60b5b0aa0c1319557cd0cc85,856278041.7247257
3393fece8a6ed311ad865e66,1133199029.7296014
df4a1968046eed5326119599,1291150888.452905
b044b9a587b2c6ca00447177,1106414463.1304862
005ab848b35907e42aa0f4f2,1278240039.0114615
140a0002732574ecc516e9a8,616370560.788668
bd850d1ccfc4b21a72f3ec44,991371214.9360266
c6dc8c201ce38ff2ea49cd68,1291150888.452905
572ae40f693551547e13a196,681994602.3885711
b39d1b2637dd8e307c8ba13f,1274950474.4232056
2ad02d6d56b95ff3382b53b6,1117557816.1927786
5201393754f4a5f2a476ef0e,929890638.4111001
72a66bc6d15390eb05a5c688,970765880.2644318
1f1f3e47f3593e4b2824e628,1418893251.9955022
bb7e14611ea6b5e4abb5b89c,588015905.2159951
b82f8abc8001cd6731c4ef45,696305816.5117415
6228854021e72af611d2e59a,1048037777.7080256
6d21e1de9c880bfbb17350cd,711160101.746412
7cfa0c98191ef9b7c45f0520,563101046.391586
a739d80c3fb6b166a2c2182b,484162196.2049532
36f85981124e858c157f83df,990027702.9577427
3d6d51ca99f2747d6b92dd19,767318225.0945978
092b7b5bafe25bf485de37a4,504484280.76690257
f2e0163fa07f89820739dfcf,1018561582.8845172
ba47346e7a53412e78363ac4,720343597.545256
f86e80b2a831572b85b04e55,559011029.6739178
199a6f7df516a685f086dfa2,460341538.0053005
81f6d6790aca5e9270c3d1a1,355539189.5825763
74f099ca0d949c8042569d51,339944466.52335805
4df3717406f9852284576caa,540716713.6699656
5246f7d8023a4c178af6d10c,806126683.4393946
69d9908e13bf7c8ac4c30531,405978096.3417823
e336d9d892441c7ad886a98d,873733043.7440543
f82e1c70884ee1285e1bc491,451311170.16744006
0ffbcf7d58378c85b4103c7a,566655442.4161916
3679e1844a35c0c87fffefeb,499356825.80042136
955a15a734e56eb287555307,451311170.16744006
722f262a44b2bb6fc05ec35a,435885838.1324087
48c346042d9cb826a3714466,339944466.52335805
bc4b7bbf5df92f476b6be103,618121209.3201762
667685f89a61aa2ad5c9ac7d,423440693.8551307
8be5fca8f4339712c6f3e29e,780910590.6457117
09a5fd22f920267b464e2a00,724339081.987638
f6d2d31af94a6a73912dd9f5,876579074.4894933
0e9a5ea81f6d91038d8711d9,642190474.0840601
8b2d8edfa6788ddc0c7b3eba,934231934.7011367
2f48a73bfcc91272161afd39,799377510.4586822
a78417c74b8c99279912e427,1004293860.966368
4d69f7c7e0e837879abbdf78,660129877.2243418
926a7b18e48cdbf6ac3b396b,622418104.1327273
a06733f7b3ba964c20ae2698,1185073008.4043157
02d598a32d864c289e3ba6b0,934231934.7011367
3977cf1326ff502251f78f66,785928278.3884807
c3cdfd0733404ec885eb3edd,416727986.8665062
a28bb09e30bca82627e595c2,1218619219.4101682
0a2f8c8ca6094e6626d4e8b1,826010334.0945085
ac9baabfd96d58e376149a7e,894604875.6856992
700a052900adbfa149dd5b6c,1236377421.7336862
4b30968cdae59b4ef3298f19,1120231870.4771638
c673d94552bc3e451672939f,905100129.5946815
75392e8381e1c891377fcb29,866779833.2345679
a55d7074220aa6a750297c08,924186489.213495
81eea19e7c12d65d21e23648,1150666763.6076524
69df7bc1d82d9723c70eca70,924186489.213495
815cfcc4d26738f74cbb67ae,855540144.0683244
5ea150753f8d07c71af45cd9,977978559.7882587
f851b02d18e74610a900bf14,1146176366.7052367
76b9af8036e38d5d30ac4c7a,1178163007.620233
4ec5ab39cae4afc3b0e69438,992504505.6355634
c74020c85c9fcb2a2cb3ac74,675102892.0626048
6d6ad5e3ebaba1c11dec0f16,816478898.3182037
acbe4eb98668ff4967a8cb86,1071852220.9946938
16a40e3dbfbb9c703e04028e,734132308.9352953
ee5fa0932e098cba28d950b1,1046176389.4141487
5f9fa56b99677a489a9966bf,588015905.2159951
4045e30cced205e8c5b2373c,626973235.9852515
eb2c7a973d4d6ce8e6ae87a0,1058320640.4627874
99c69eeb96e1016a7e53b33f,678629951.3937234
aa7f56d05ed29183b825d61d,471963451.4845121
4630a9af58fb79c0008e5fa1,728927925.4059494
ac003932eba3a174c5b998ee,390483408.8139156
56a7470ed14454665aaef75a,1504920170.4707263
a4e4f56336e07304cb946b1c,599217899.8224288
00ce045307538da1b0bb7972,1266356495.3791008
cad720be1395e2ab5869807c,490436826.8566268
344be03236aed65e74b14a2f,692663108.8843712
58a86bf535b4c16b50dfca06,334617946.83116233
d52c3915fd7d2ef8c92a22fe,692663108.8843712
8a4b7e86a90a296e10a49ea3,406291050.9774857
e1717a317481b0765a7a6a0d,543301208.9058961
97fc10f5ce4a6fd7357381a6,692663108.8843712
428f4bc76d4cd315ba8f89e9,526705123.03127295
4d882ac2b82569f74aa08824,453285866.6441748
948ba87dfd7993460c967cb4,692663108.8843712
1bee6a5aed5417181a3db77f,567525079.8700569
63cdd73026431f5566fe246e,545060520.1311305
013e2a07f94a99323b64d370,911371110.2120684
ff56b24cf15289dc6d14800f,922017335.9347407
7bdb94165857bcd37206cf18,403734083.9120783
1d1e29d9601aa0eddb4d6c2c,942651736.0031742
a8c9489973c54b93737dfe20,649575779.8004793
254892c6b84c59ff5ac4f354,619270595.9871321
c6e9772058edb2268434d7cf,716221233.769619
916a413537580440c4ac6028,589434132.1070317
bab8e472424cd57faab87ff2,731648283.3400828
eae5eecfa2fe828afbc94b0a,527484271.73745173
da26059a2cf36e02b8702320,536348187.2939993
e18fecb7e40bbcaf26c863cb,951033135.2620177
a55906464634558b94d9298e,586710748.5169873
3032ae39e739fe46e9e198e5,901882781.939842
663e062b85f16c2419f8456b,1015483096.9708858
aad0e527c4bf6283f76b5bed,997305501.9918939
32fbc0f1934f7325a404a2eb,593236210.350796
07d1137c1f0aaecbbad32f7b,556475971.6974505
3058b792e3f6781e438a2e9b,495970976.24603665
33d6b1bbab4524c3aa03756c,570041970.63942
c75d43b8089321e359e14264,799092443.9697646
29ea1796aede16cab8a50497,431908453.4023941
bed21c41b31a3bf2095aa273,768866750.8778853
ec232a7ee3aeac713516614b,688946153.3834102
bb7c68c2652c7e124d88631c,601590710.3828058
697b6c6f7666391fc689cfb9,971857078.9985656
d912e45dda1a3a628fdf50d6,866717011.9606072
96fa88a07329d3988b6b41b3,804355819.3535815
66019487c37339e9354ca999,857698487.4192419
fd2dcbcb8a31e97f31d22a53,1009690974.6198512
1a309175498997e1b8f0aae7,1053999617.8203969
e83119808dd08ca090f5ed85,918843247.7993326
1a26960e24de046588ca7837,641654200.1892706
379c4fce87557848548b0944,377861447.09953743
b2d7355eb2aa975900776275,409093551.26557523
3b05e06aa0bc40b9db16416e,377861447.09953743
4a5405b1e181f5b10fec35a6,904113200.7278764
aff22625564f00844ea2610b,755925083.822109
b40addfc0da42b0e530503f0,504050502.8049379
9200d647b6ce9aea67ff8ac7,682155920.8474534
3057660e38fb757dbc8bd898,863846978.6734568
799be2171dae4763df530e4d,938883560.0737685
819265a930d32a97533d132d,983628160.696578
9ba689b29d0696fb7ebc44d5,1006758346.8939847
0f7e28b6efb9d550ba28a1e0,861586061.3504635
57551742fefae23bb32571f4,1091036813.5745442
9569a50febeb4163e28c192c,965595250.4911754
1d03efada56f8a70bdae6aea,658267784.5941747
bfa56d6230b858591743473e,782055340.8806089
ca54914a1cf1028b9c8b681f,474146968.13496846
54304b6117b797791d266cc0,784236188.198873
166ae8e3d0704209d6715240,937825806.3970487
b56659e70367566a4ddb81b2,1077524018.0361378
2641f220611056a1f5616dae,1089306804.961345
08a82bb9fbe4b7abb50cece1,1066370948.0169735
b40a9888ec0379fbf85516a3,1322059604.912399
d35462df6c686296a3c7bb23,648246490.7138928
db244703ce223e6acacbe85d,662895597.2293366
a90df94f959030227fa015b0,716793851.5766647
d97d462ac4f5d9cbbf04e9ca,674667804.4005952
7fe6ac57e87b8126ac4f8530,674515975.9345198
69c28dce8eeaa86605143419,1204210546.7780604
2bd6682ad8343b69fae1a59e,858782157.1170384
2e6fb29cbc1ccc3d97c92c72,1089306804.961345
9eabba4531191127ee91621b,1247427525.5349793
d0c411218ffa7c3ebc10783e,1142178314.5715022
0c61a011d7fe0227be2b3575,897286107.0478405
2c47c3ef9e139d8c4513a090,696576801.2098829
f6503aab62a68ca16eba3fec,1098795136.9250119
e7dc05756684b070b36d681f,1068853206.8849127
17484950b143d0395907ae6d,489581651.1882547
3d997123b33373024bd2cbe1,1256075110.9200995
ddba305c2a3ad29db24a0658,832161781.3392842
b65efc402cfddc0aed4e1d76,864877378.5649025
4a7ecb05c9886bc35f6b9160,582389258.2336395
b4e14604b888c994b64f94ba,628491417.2204105
ab37764e5f4e00097eac947a,1097835686.342513
764da64c41700da5ee80b8c7,1134994417.1592166
8a84a073b855e37a12327357,1171809480.7636132
5a6878f8a47f1fa2fc1d600d,622905033.5124139
505f3d545ce83d0c848f828d,924311652.6427679
6687a2299f38c15598d11eef,930002383.5400826
533134592237b2748915eed8,1047713994.0388917
daae80933675e767b50bdd17,1218393780.0901084
945f85a061dc4e95e779e27e,1013623459.8467549
62dc69d80cd6ea9fb7fe52db,1106500989.5564163
153436858070f7e724f0cbc1,1244048774.6101263
7f9875a5336a32d73df2402c,1092306954.7466235
ac11141115d391be44e6426c,1246559390.8566666
f8243b7b679dfe8303180d73,1201817314.2098215
1376106ebc19c929df27bb62,895325234.0253537
f591597c9a1ddd9852eb3cfd,922909381.693903
a748841236a7a7fb33138845,500041151.62618935
6ef43ab43841696400d91859,939399445.8967257
601310d800d88f0d387235e4,600309235.6659163
db81ec58863dcc5d12839883,566495505.1875808
68d35dadc6d0dea61bf4b513,855829023.7872837
ba9be0b67571b1e9242664e1,1047468225.0989026
1690af2e30b05da545f1576f,1307497302.4474266
fc72ebf9381496067101da61,558677399.6188676
3a2e95f5eddda4df84b2e2b3,585680997.1952214
a660d5809085b4823e287a5e,535034217.6013139
799301c01a3e7fc2af5a14a9,793137038.8122873
824cad597aae34d7d59ac939,544818342.3860238
23cfc154896b93bce4356ae6,475144624.9119667
a9b96d2a23ed155043085e87,812703391.4575194
f5d529ff6a35fa78ab14de21,522993169.8173845
9b337cb1451a8fb078dc9a07,682607555.1682696
cd1fc7362660bce494b5117a,815450165.0939518
26454cbe44a07cd0df12ca07,1299818918.40996
cc5563550bebb29c83ae3054,985981752.6625253
109bb36f29b223a81dbfa340,1165946020.1465998
31081c78ce92e1d8dbb315b9,1109222633.5706475
502aca1a1097438b32eb362e,941051109.2170125
4c90ce573f1d61d11294d05c,1071905376.6053296
87f1e9ca16a7ea48de04fa73,1141209279.0232556
224f6e839dcbd91491f3f1ac,655416355.2164112
8ee7d2e0692e49bf9d308b4b,1025198181.0355859
a3ff6a1fe37a1bb736b1100d,1179379352.7443535
97d49e61c1ef55451e52c8e7,1179379352.7443535
b6514cdb1e2cf37e3ff8090e,1109497705.3278105
