property_id,price
d56159653f5d2abc5ed5acd7,845011245.7147905
45550aa81c0151f1fd9fd8fe,797299595.7683268
735deef3382aa15930482f3e,812120746.9421746
0dd49fa8bb7be52b851c6dc9,808092984.2612464
7d3220a91e78f8bc2924d1cd,845166315.8867172
d3054072b2175deec2c1f8dc,334021068.82247627
b7574b06d593fca4eac59815,346528547.0183
79e822115c5c1a4531366001,231235962.8780141
d3ed5316a463d38c1bd321d0,1002097043.3772466
2f1880c9b8f7ac2715e1236d,943503213.8181221
dcca1c7f109175760ff531c6,250390916.9265921
dfc4f3facf91bbd93ee0fa4d,677916708.7653661
30e134a6cbe61d7954d0f56b,253680501.20750678
385fee7bd9ad7722d45dd034,789837644.5928445
87199c236bf22903d1aafdd0,798964512.540472
19e19ad0cd6b5e84d8aa970e,230023921.40611047
907f968e78d748fde69dd44f,675784872.9486024
be094e5db0f784e3aa013aae,385799454.411156
7ab96f83915bc84f8c03c1bd,306753827.01508045
07f4aa9b9ff5b0b05d31e6c0,903803319.1807647
e9be8cd37abed8ab510ba1f5,946455334.7859697
5f6ad58df27b562db077b5ce,700234776.7166101
ee96d947484aaace40f9b77f,908421163.4018117
15c4aef8401208054697b81e,1107785852.7486148
22d6cb11333f2839b8112b89,1010126445.1095111
288c09c33907dadbae495c11,1027155404.3069249
f71d2bca0c5fe2720a1544c4,821988221.6246363
451744cf3ce55a98db8a3562,789713236.9006224
fba9ae05a6a8a9e0c6268a9f,752793611.5829724
1338e58f7dcebf5a1ea59388,884357053.7421236
a817e8da0ada143ac87277ee,693890699.8642989
46d8bb3e9a0ca584d3c7a317,781117125.8017355
b2506aa9463aebf01e1e00ca,304705381.5416069
7ec025b9b6e6f33bf65af41b,524972433.9336485
2ff531e27672ecd2362eed55,932003869.6086385
9b3cf0d1b91b9c6a2a887647,643735431.9530466
7db5291ce4602d9b2b266872,221640772.93576813
65d5918e826c33bb950fc008,608046025.3853879
395c34e4b8f52cbdb0522459,917711143.4759408
855f4b67d2bd6d18fd03d8e7,828605402.4320295
9ff06409b37e5b5dece4604a,725280688.5315119
0508cd7bd2c77ebb6fea1e56,856043031.6714655
b45fff2e718e54772d46a3fd,731157652.3316966
cf4d2297b73dbc357d21e31b,766325793.4719791
0ada7044c5b29925abc90879,760944072.0543379
6305f02255274ab5fb6bd39c,717500848.9204112
d9a94194ae1350512beff3e6,836773866.146546
e3896296cb80d50d9ad3f903,1017281174.454455
6514f355887c64136edb5595,758152656.4626384
f03400cc18e12903b3ffbe5a,773593325.517638
4e134600155a64783b3f8c3e,1032401072.6267859
d63ebc63c82fbf66d8b6ffd3,749010481.2429429
1bd64811bd59706844230198,926782470.4449872
a83921284639eedd4a511cb6,804187027.2863758
a2f3f7a1cd573e2a33f52e2d,725949098.5012318
47344a66471fa51f61c64652,815195318.464609
78fd849c9429091347d7e5c9,720534844.7323558
c3daf2abea55af99c9579319,676495708.8782201
52864916eb1984abca41ec66,702281108.8371004
c62494a9d7aede44f2f84023,951213513.6787649
a2b576643f7a032371587e5e,1009714297.1695669
e53bc68f0e97ccead24f3e56,333740825.5441261
fd82c710aad91bc90af490fe,758540401.7548132
d436abc2ee37ba3dd561e940,699938907.7063899
216a598114a403676011cb51,879335659.2024901
ea230d5eccd2b687888173bb,688373325.0826375
18bd0dd7580f2a7cb19a90b9,772889530.979022
b143c8ca6d334f6a73c3f2a0,710384554.2975943
ab388cb4fa511968783bafee,293176036.62686926
6a4f08cd04d558a56af732d9,651922062.3249345
7216c895aa047c4f405c4941,708070542.8725227
a493488dcd906dc74cf8a604,993112061.6650444
7844b0b2bc65dced90a355c6,826040653.0546418
c1976383069b6b82ab29d092,966815902.1111354
e5cfd99e2308b7b73581dbdc,290159248.30497247
c18c2ea88f4ac53970b53d2c,673593085.113862
842c9f0e4edf1e5a672ce15e,813662390.4813195
7dd1e46dcbddc6bf5ef694de,954552315.0695107
6cc4f32b39180bd1ec7e117b,694765109.6976994
79e643789a85dc4ffad49a25,702368450.9251697
b3402a9173d289d6db78e09d,966257294.6493747
a446507813234e358db8b573,295540653.36336184
c8ef57ddfb35061d1876f94e,845785475.1871415
360be0df2c003005e3db080e,942794614.2359649
9ab245a4c91877cb7a8661ce,956604931.1588117
a57a34c7486e7a40e8deb316,876853160.2609457
ceba7d0f56f6cb03538962fb,721386061.001972
d5475993f9db58c3e4baf7a3,777600963.277947
d37a1dda09e30da13ff5bfc3,644295350.1941864
68a8b8d077a8232723bf37e9,698227886.8194442
e1eea7716ca6490b7640717a,688489955.7750986
4ae6d75b10848d259ecba576,813239576.7781813
17afbce5c0b56732abbea936,940216932.0838425
84a2673eccd3cf3bd7fd3eb0,701698251.9754312
f2f4e6cbafe527b155707f01,1001436719.808135
de2e3a592cda5b76c9573c5c,687747688.5271542
fac651cf404a58f24dc7d286,970731608.5886481
e6f312a0877af26b69855a3d,1085531560.98074
333a643c623a9bc75f3a40f2,943797868.3859117
64593641e470908ef23b46cb,721720260.6537648
ce9f2f0071be658ae75ca6f9,1027385176.2031529
9ab385e399a4673732b6a799,782967773.2104361
3429c774b736cefc051e2c55,893655273.7363691
a51ad0372758b2bbfe73f8fd,815004726.7410367
8c801a266256e3fbabe7e3d2,724695464.8681048
ca2f81b8fb6fda20aefb0ccb,756912726.9949161
3c1b1f86087f9b99380e387c,910528560.4574841
b0cad5d612954b8cab18101c,836774046.486709
7eb991f4c69215377e4dac8f,880205929.231372
0d130b8bea4321300396fa34,1015553084.8534853
8dfa059401e1dca80ae65ae1,916218138.6535193
3e3f264cd0ac7a65ed2349a2,904902727.4028838
112dce80bf512f3f24391d23,693330461.8226452
ff25ded6333278149f8fb68f,627982426.8666494
d555b82c192794e87e9d536f,666022768.0849897
a787382d96ef9fce8f27bc70,924659853.6133049
8c3aa295f7bcfd9a43eb2037,871409906.82051
13ac95652fb3cf6c43dafc66,555337181.5235286
42fc6a80b882c32f6264ac10,588734098.1644335
1e9c53e09220d689a0210ab9,478649161.7074537
3348706086aa3db5c92259c3,592604565.8208203
66d402a9b7d05f29282ddb00,837518177.6619729
cf88be51d6f31c10e5868ff7,474514652.04929894
30b3f38716be209a894b0942,347164061.57276326
0a5908a92d0ba3e36f54b1f3,309201841.2713957
dd206b6ea2d7f6555109ea39,512001071.1236756
c641febd8bc2ece3e4d2d8b6,374546401.59175354
c11fdc02a288af0572a2bca1,770544205.8087808
35dc60a65969b264ab283d6d,342376704.28567773
d9cb0f637cd4feaaaf8a21c0,813944556.0742743
7e8dfae9a5f1faf8afa706f7,561385386.5488461
a280fe7610c254b935c9dcfc,277461535.78158617
85524880fdc4e4daf90e96fd,542236226.8259656
f361109d06f6609c16724b39,606708098.7872772
3f6b2f0c0876c21755369cb6,716162922.3223004
de26819064a290ce78d8fcc1,560487823.0010095
91be1260a84ab7fa3521c495,1001582610.1254551
18c8dc4549d38c918af2972e,1038618315.3188901
782b0fb8641849c2c34291e6,301067257.57115495
54933f8b33a4fd6f031ed5be,1025332834.5806823
953176c9a901b4f61c030432,847027066.100924
357e2add3d68167a4f3ce15e,770765661.9717677
90332d50e91925eb9b614bef,964696705.6485188
11723d1d472bf1a3fdd8b72c,955882495.2075102
01f8b6799e2910f7769db175,777436958.5694654
a0d5001f7dd42d7f0c91d2a9,317971633.221408
d4439c35bcb88e1490916c67,364717054.2814442
4a73dad0ff8a5262e8b07c4b,676403417.9760793
3dd8085a65f24b497ea59557,596960736.9448774
39ef085809bc80e32e7b6af6,1056197529.4904221
b98ee16e8fd7d1c75a9da13c,1091175835.289043
16deb26bf740fa61e258f545,964776965.2591953
732a3bd457d7798e1fd892f6,855011638.4492675
1376058cb128a1c7729cd2e9,1011723566.2382654
cac7e7c3e13af91bdc7107e8,722042917.6358135
9f3dfa6e1422f6aeac527c61,602815484.0345006
4dd3d1288ccb66ee4fb9c097,814803188.9427826
15fb97d6a43731d61e95d004,944734380.1022407
dac29573163315edf99e0e7a,883942671.2889969
b93f2864087d41c3c92d43c3,763622149.9444147
cd4656aed92f5c0a0b6b7c0c,763622149.9444147
556210496090b42ac10cf1b8,1009714297.1695669
762979729fb21e56a32ed14e,1009714297.1695669
ea935b76abe664d5e2c4736f,608046025.3853879
40e9ef1e7c6749b7a8d04ea9,751552047.6982092
058265732a484ac8d5497f5c,727761948.7510092
6f52ea8340cdd283f9a79720,873319756.0235271
cafe7c1ee67458e05c84d5fb,717500848.9204112
3f45ed2f08a2b03b738fbb5e,505384386.385356
f203b18854b75c4564d7a17d,783212614.4814357
d5333f639d11bc3ab073ed72,857947031.993285
c14f644116669a160446a945,614207251.3387367
de585856ff546e00a5a4672e,365743367.00919276
7a80663cae7c191b5d025fa0,822673768.2311467
71f80198e68fbba902650b1a,685247497.6058425
f3523e0626df8cea803ead0f,495812387.83217233
619abd5f978b1573761be86d,570124084.6509995
17a2323b855e93533a9f09f2,653813763.4593812
38e8630f2c05ea38e2257c21,732164767.890941
1e3798d739f85ee0e5a314ca,281360304.23747134
46d0544f411bbfb6b452858c,748885349.9430491
605e7a71eecb13b23ffca0c1,546776767.988358
7515b37b7ae7c62f3dafbe7d,779998997.5085673
28be121ada9c9303be802474,621406039.1702622
331d54f8a1bd3dabce73d6d9,866289984.3655834
22d167639ccaace593dffa31,910508733.220584
36cd68fc3ffab79fcaa340ab,447276213.293055
db924733e88c361cdfab874a,871151207.1987443
64eea2e9a13a8edfe8ac7027,678532038.3937443
97fe6eeed892111bfa20255b,958398783.9222966
b54e6757829ac95e2076d954,826546138.9541073
dd59b8122458557041903207,550024661.0832511
b35c58fc1c05a77433025318,871335879.4142158
c41964afa164d8b75f8dbe92,680749910.3586373
96b3ea80cce599b68f96f86e,741591952.1871278
a4bc87ad4f1ad97c0a63d843,767644150.8749603
16e62269e6aa2ea052d05f71,777836387.6811833
518b37b51f824fa0fb5075d3,1024630807.1226397
e083d83369cbc93fb94842a1,829358999.7096113
57deff02895d5286eda10d89,964155306.0904847
7ed35835fbe694bc237abe38,696203659.893458
b48efa9ddf36e85164354f26,943476294.1454554
5910c9b29a1025bada93a5e1,776954663.3851781
10a650e8cb5425c97f08f68a,668514597.1784528
9e0feca2ec3043ae6f840631,933889792.4669769
35ce37bbecac6b164fa21e6c,399881573.6626583
c4955010d066e013812a85ea,923578869.316016
d5a83c31bec18d1c3eb9af7d,771056195.9049178
70217bd08583854329722821,928603462.8729362
28e748e7aa0a447731e06706,806458171.0961012
27929c0a3e0fd2d6d2969e03,815565401.9765879
5c5ea0d8bae75e0a5c88414f,933377867.8341697
2233f50cf7b04791cf1ddeaa,776897284.5916476
bf430621f17dcaf17fb91ac7,816400118.8034691
d8dc9de06461e0220bc55906,338719652.7432524
d988975f8c4e6ee8fd8dc1e1,894902254.5116811
bab884e0f99df269805e83a4,799626520.2721456
8fa9b20af1508af7a01e2267,875174421.6857694
b6f195d44ddbe10b78b97191,715111268.0942262
2ab0eeac4a228d5769fb4365,707704562.6538874
347a4deda03bfdde6d1c163d,852168456.500699
17230f18b30b94606fea047d,261951570.99797648
eab4ae491bbbe7b8ab107229,969632162.3455913
07c753474a847bf2bccd55b7,740934303.478618
b7ce05400f0261743073e072,593062041.3045834
4a33d213841d2af537aa967a,684983427.4949943
04eb0b590ce7483c615b043b,712876196.8874006
a01a51af09a3dc387a18b58c,252832382.06309485
270b930a9e22d5016ffa4019,956049818.932421
5ed1320fe84a518e267ff537,1039440000.4092017
f04b574dc221473cfd616e22,767247634.6502776
6f7e390aa6135019dc5a828f,666547435.841374
776d4a19fb3852fe6dcd3ddb,398253449.7046838
b7f164b79658952248866c34,558095093.7144302
aafeff5826516e363471e439,189414221.88675207
eba6a2b80a17a846ae560ece,522165974.64853555
90e62f8656ae504bf6175e0d,842719159.9815265
dc4331d09a1e36baaa6bde53,822856107.2917587
372d67ccb9d251e290891f0a,349048325.63453275
a7801c67a0ddd71c50ba38d3,302302904.57449687
e4d6b81f169cab8ea0244d75,611662223.802128
cd5c6655243a4be0912bc92a,876853160.2609457
f7a7281a19733251134364fc,757333592.1212733
a716ec25a219961fbe90f367,1001436719.808135
8bd45966c16d4eafb49ee2a2,956951480.2179723
baabbdaa5e8f69fc90d303c1,806961400.4849085
8bed46960db1b2a7954ffbcb,938327373.6450446
dbc123f9502159d660f375ca,1014632570.1304245
a4683facc81ccda10e9ae388,1027385176.2031529
3a576586fa1aac85c2ffb75b,1014226876.1447567
b1fb98d0ba25b21c6647d423,825215136.3801638
97fa4be3ed93c37c048f507c,307421226.5415157
cf184cc576effe39c0f857b8,803272217.4675364
784f67fcb2d009d352740ed1,677026349.4140506
f4d6ce332121f814aa663fca,949106105.8033872
c87ae84ef029febca1e633e8,731471430.6732547
e876c6fd9c161861fb92ad5a,900827237.8586156
9047c4764f2c6b1a10b87e99,1379026865.5863214
234c94e9a248ae57bb5a0771,710849410.2828673
a49c2976ca4f24f3a6b622e3,535263842.2069051
ffc171cf73514bed077339a6,391570131.57389545
fba83f5feea2522888377066,715197560.1544421
1a593800d5785ecc36c25ead,994942062.0885928
ab157c9601861dc387a91b82,894730347.2205505
f87f8003f15b0fbc12609514,758242902.213275
f44d035ea2b15b2c69d4da50,661694646.1153297
fc815b59cce7934f816f0502,869323893.6769941
32915b77ca68000ba9eed6d8,705800416.5880895
cb083fa7ff634f424a351840,636203354.3831005
4f3c7b9bc78f882f858b3d3a,568495422.8434279
53d33316e237830ad463a26b,661514271.2663984
f5d852e25d51377686c43bc8,621360638.5124004
64731b6eaf4fd2bb6c155013,1009743964.5795588
dad7e45e4706ab2564ef9cf1,296968193.4986193
255914e9b13ad94efa6ed365,885466908.7149814
5a8950a64b4aea4ac13dad45,680492724.1308728
70f51b4abf26651111305b1b,1038968173.7774097
8919ca18fff7571002e440ec,868208737.3158314
f776a4e0c8c82b3d29756b34,1010005725.600401
7ea4af39a7e577ffbd600f0d,696647655.5722647
45fc0d46c7a4df7ff6976fce,746517790.5165297
7cdcecc706fc7c79cce45b20,955172241.5634167
3503f56e09e639be4762ff2d,905565937.3146381
f70ac0d227db6f5333aa821e,750488498.1991206
20db610da64f80afc1621b12,670496406.1612151
c80ef212c870e2f20ed2234a,614937811.8336836
7dc68d5cac1b7fcdab35586e,520146624.58995306
a478fb93a131fee4119bb9f9,819024542.1707854
7749b2b534213ec7b536372b,536535526.4301515
43e59f5312e304fc21c1e052,1047937562.7348706
82a7920524816f3db7f5a4ca,1191254157.3069508
1a7e331d9ff88ae5efafa8ea,943774338.3090004
a57350d4c79a415137281cb7,393943130.9132453
f3a6132006d54d0e22a17e84,798596134.4786447
14caab87a129f51b2b70508e,530062126.59433657
ba2423d79744d763aa3744f8,872561878.1189013
1caac10c1121a795a172889b,943061254.2787789
40768729f2697b87ed6519d1,753541463.9630114
843234d3c6c20bb60a17fbee,929372164.2524366
cd2e4dff930a1c7a1a569992,908657056.260687
5a6eab133b7e95155f6a9012,1028569698.3766795
5bba6c40aeb129c433d2c58e,902482390.5360874
ad3c644b506498127c7beef1,698005245.4690117
a379656c49f4cb1cfc5b3f03,970275190.0701679
998c1a6ace613d8a7468ba5c,1032109644.1959513
dd610d7ece83bb02dcd7a22f,655917035.5580981
539467d04a2b3e78c592b11b,509685979.66544896
e40fe4ac43cabe82c03dda59,491406518.3650264
5561eab714583013b422e7d4,826332081.4854764
d9110b2b5b1c02766da9e24e,745580309.7387221
c72cf05b93b9c290c063b08b,755992672.1311036
d71cc157c0c43935989009f5,669509356.3784506
4199eaa19ddf8ac436bb2ba3,966548723.0802094
d23d12bd86def2657038a481,757625020.5521077
ca438e13d8aa6285858da0aa,701989680.4062659
a173eb804f4bcf6bfe889417,1001728148.2389697
9b3677d498c2ccf69c756ec7,1009422868.7387321
f8c787390e4c6d2e99fc7c3d,869254888.4398152
a188aa896d1b4520ccd6b65f,574998238.9790788
9fa39c9eb4b10a20dda6c3c2,983127372.5719991
7bc9022fa1eadbd9ab39acd9,863169519.2611085
46f0731f62232b32eb733dc3,760432470.9296926
b6767d1e329ff5e28c42f632,738818398.2595934
abde4b06769fcb1d5577fa7f,817011616.6382029
1496d159d31717ce254f67a7,994954952.7511022
1470749d0d2551a93827e441,629441440.6434227
3ac517f74dbf8cdc8feadfe8,794907239.3870316
fc6616c62030a53d2aa46b12,1039448007.5053439
8497f34947cb4c0ff18a0eaa,606375529.387928
3b2936127f5a4684a1d3de22,826521232.2338439
dab58562904cd13a93d913e1,750058032.3635619
69d1e47b6bdc57512f1838a5,710213581.1967095
23c7f9a0534a4ae6a24e38a6,807635023.7318116
640e9fe41fb79ecba89d8951,889701177.9164801
31f6a25d56f3bb36386d07ae,852658988.0630854
bfb30ae71cdca27f5a5494c6,850994280.3623126
baacf0dbd690644d74f3a929,777340644.2688572
cdcb874d2e62220d12230632,812594227.7899795
1421bdbd9cf7572b799b732c,579022071.3759301
ee9e5adab1455d38edfcaa6e,745815600.3016791
1fae43a9450fae02919962b9,673124602.9787132
5f9ee280509afd55d24f39b7,727684640.4147999
82902f2082dd405ab538ff58,795419337.3028407
eae52c81f779a61f57cb5b58,647864294.525135
4ec0aee1b202642d2739068b,895581102.9358952
f4c6c3210a3c2eb935c6d5bb,936746093.3819017
14a14706d405569501327924,254016647.96139908
146a5a4f3d111dc7b955ce42,1066070568.3352983
99bdce7cdea643b0442976f5,889190555.3595867
733c7cdfd50db77066a67140,244687242.85384527
de328410e22767c66d919423,827732237.1768758
d0116b53467b3081664fb268,554521411.8437936
dc722ea5c4d62773f9fb6bbc,718854956.3580643
e84605e3aadd50b064c8eac3,990563297.4691335
31a3719e57ab1425e7267fad,970874342.007602
34993717af3f861b9735df6e,955766214.2138367
543822711986a454cfd764e3,962409810.8419342
5bbc4ff9cc3ddacb39469e27,808192322.2497731
d7ced905983af0800c19b7fe,931230151.1230941
02d5bac2567ee9e19041ad42,1070797929.3458698
f4897a8a0a911a2acfb8e8c7,1002165290.8852212
4ba19ab08d1fe7f72d0dd37a,941377333.3229111
b7c07f8afe037d55bddb8e41,537582563.8266124
40b20b5a3a986802d64f7675,733807811.4112139
01fb5931cb55f5308382818e,855321893.4411846
7cd0c7174b957df1f004fc88,833177687.113309
ca13bacbf6dc8d1b09fe4c67,1031520793.1166794
0ed0dc77661be57aab63bc83,840923550.4284505
d03558acc19951a882bd568b,340252457.37467176
b8cca0d70fb46f3a31473e98,1160642469.8947914
f665a58fa8eda69547c1a159,867946746.0080914
8aa5ae4637ba83e672cd3ab9,623264176.7955478
a6da1996f66e545041d920d6,214154922.47472447
b828609eff041a68fa243a12,866479592.8590394
3f39a260b81dd7de1dff2b31,872988759.5014541
40fd167916ff071afdc44792,987944800.9641844
6ca31945172976c3a11732c6,930825734.1967318
1437d1f1601d26a3dca7594f,638011020.5628617
ebab054e5f256bf4e382002a,1009568582.9541495
0838d0df248d723da4e25ea9,809041157.1497542
7a134e45b9ebe710c6c6efe6,833991836.1693851
6e9c7f27d6b89c5f9696fae6,288725114.1862857
bd12c705950c46e679c34bf6,938764516.2912961
fa2c1092f17ce021964f8953,751283708.5710256
e3202b635974f7a3367c0ff9,966694437.2956265
49bdf0f970af03d83a57dcff,932568077.7212045
91af29fa680d8033188ffc39,883252717.3238745
cb626b981c0997d254388e76,508202338.8519212
155a8e4186d1626fdda4d0ee,832719464.0738169
d337476c2cfa780518523a6b,722558289.3905367
7c3ea8523ece273991a190da,796466818.5978153
674c02227165e1c7189c54e4,969489380.3898287
17056748001fd65cb961b384,1021238679.6715401
f56bca5bebfc765162c8cae0,1058407745.0875877
5f4b0ec9c7452b888b33c3e8,951217449.8143417
13dbc077e552640736267a49,486689686.66706026
cb645955c851790e83e696a7,1038133347.2837493
649cca8c83352caf7442f20a,766897602.7151526
fc8836e71725949c5f3fa7f7,1011000730.4020147
4f431d80287051ca323f2c08,844731531.596149
42defcc69fa22e4c858f3c24,1038133347.2837493
291a2f9022933c9d81311e81,1057498164.5009025
d48a061a2040d851937413aa,1066625032.4485307
55d2ad80322427ee3426dceb,446091862.4308958
8c41bfacbc1a6ab831b26fa8,1047260215.2313771
c7214222fefdd8d2ad7f8f8f,760388486.6464123
b3d9a095c9c73004643c9e78,1029006479.3361218
d49aeae19e13909e75dda2b6,1075751900.396158
dd10dcc52d2549df85f2a8ec,710256758.4292657
6732b448d2e4f32679f235ad,720389130.5169384
f08a5c2992cfee4c0910f68c,1029006479.3361218
e3a62f080c25f404ca995e06,1029006479.3361218
7634d584c3042533942e2dc0,838436968.0489123
ae58dee872922a9c678dbfcc,926454472.6294512
5ec01e911785dbd5b49b166c,694047529.709849
9bc12d9c9ad95064412c3413,780887066.4236706
7acdaa0cee1ee62e15f4490b,712271557.8086168
d76d5b14d0acc5295b8057e2,745692773.5615159
32f3364ac1fabdd13db1cfe5,455985499.9465109
8cab957b322f1aba06bae4ad,771765836.9818845
e3dc8b417819e9afe3fc7d0d,605274993.9356525
c71fbecd8f7310c201adbf40,852266757.1116213
54c9bffcdc46819f67e4b3d1,774487083.2988861
4d94a2295f612b96264a0db8,954309072.0596642
874f4a836cb74be301e068cd,917631909.6006583
a18925f908acda4171bfbe36,796576563.776205
a587c7419568288d68c46feb,773258374.4623516
19994da77ce4f2db3efe6660,714330646.0576035
9c4dece6127f1f3f3bc1e0f7,719590660.7854385
09c28a830f8093802384071c,805619264.3034679
5766f7cfab59c920081e3046,719590660.7854385
964b7d9de17c1ce396fb83fd,650611355.179867
44f77a86369d6607753adc09,663864143.7610023
7f25471be85adf0baeb8ebbc,356577371.36814207
6859481703fb0cb34c1e564d,310777725.0410549
7ba0c14dce0cb09ef5735d9f,602039557.6268669
62cd6a29e98a5b7a5ad38050,573547872.4620861
9c6d7e6260e4fe83d43706d4,674319765.3577634
5dbcb55dbba823dc31b041f6,903564800.8047733
85abc5c0353c5b678f087824,633728971.3412861
56dd1bc39664f8e9f316851b,696355668.1147137
b23341faa7307d9d6009c6d8,924543508.5921309
2af941adae2e8dfd66542055,420310734.489132
268f887f25d416dcd3c0c9c2,876345681.0727707
9ddc7272fe43f07035d3da63,947599955.8080895
4002635ca8b087877ad22d5b,878505079.3006177
b515b1caa608ff42574e5a06,609440460.0215173
710542343cece039a279dbee,844948192.5808762
187a143dbd6d4bd81d6d9c32,753677338.0027158
26db92c003c8e67d92d88aaf,684156927.7076255
641ac8f4f60ae2b9cf6add93,934488302.2592596
784714647351cb6745c867b1,844948192.5808762
5fcf1e2ab4edf13ec844decf,696501941.3568473
2575d932e98c421bbb38b267,954315636.8799648
af9d2f5f62bf74a7fa9c74f4,935890489.8329434
4db8d529af9f718e6d81a85d,509685979.66544896
9a3368605e5f563e29182f3b,710946163.3309526
5ff696d8369101b6dc60e2ed,718682269.5471872
95ade3ab8dc04237acd6441a,760554896.0090897
607ed21e896eb5ffb50d5ead,509660254.26028156
40d9a852bbed67a6036c6d8b,695194174.2842357
97badba651a94721af5df3f0,669509356.3784506
b2f089146c30929c4836f0fb,733806212.0686655
936307e2f478c3ff7b9652e3,831399818.0334285
b6d5cb459999de084965e993,999347279.2974495
aeb66f808982c6308d891f55,903059853.4615681
cf8418c60f4e54dfa09b1e6e,897986577.3772558
1dcf71e8fbfef2c6534576df,696889960.2213336
c78b16f05ef58855da0d4f2f,581873219.8961129
19ecf1fc86396ada203c2a19,426029649.562693
985fc7ab5aabf1831ce3d298,858912349.1293945
8aaeae6bcfcee5ad928ce28d,829944283.9111667
1a93cae134c79a43b13ce656,966548723.0802094
ffad647e8ee35eaea6378fb6,867364527.3405604
c21a3eaa136ef8a912ce7b74,1128241446.1412895
fabe0f299a4e4bc6f51d54b9,742078058.5429662
5af99278b1091dca9b0b0332,766751888.4997352
3f0c845deec1c24472a35efd,953525687.5703342
c10f25fd39dd36287a6cde73,1010855016.1865973
f37d31c512866b575780c4b7,1027676604.6339873
5d34f871e5a5cb3a655a0b13,844585817.3807317
95bb852a958d7b16fd676e3c,720243416.3015211
24857a7a80d5f13a52eeb054,847681996.8696407
f9796e9d13fe1becef435e54,820839458.053145
1c2739878e452a340a4e8972,1076005203.0983894
698f3f1929a2dbbc69865b65,736776880.5873518
bc230105784ca8640e499ca2,871505118.6879263
622fdba953206a65224f2c82,558929613.1438152
6765fc17d98c08142d3d7757,797554963.3491348
6f35fcba4ffd6a58bce85892,873899610.4363475
d8654c08e95b39e3b4891cd9,629469180.8397398
33305df46dc2186c7e3f727e,1058553459.3030051
0cec193a20d720af010383b1,808372193.850699
734efe04fa6b326ae1d072e8,259493643.1518573
69190139558b2ef3eface18d,316385468.1425538
bb084299ad23f245d7cc5b69,515080328.53908384
d4c7b3372d70b898b167b92a,867655955.771395
4a119b1bbf04b4bd6051c5b1,874177307.0647246
f844345b6224bc76bc3c6f91,231672740.90383375
052505ca8210e5e651fc0b63,904698339.5244414
5731cdf8cac0b8371d786c90,868092460.2235088
594d8d78af90086bf8cdf09c,701249047.1514301
fcaddcc78938f3a234dd2d3f,710189227.9274461
1574958978c9b5d23d9521b5,944992418.0268587
55902baa0ece72e2e8c869d6,960296881.2237586
46161effff173111bb6c3a32,1005326192.5214664
b3fcd9cbfd485e4e1da6c89c,696759353.2515413
213ddc1761cd6b018349786a,800603463.5568507
be3b1df5f008636e14bec3fe,956171606.5332754
dd27922be5b6f730f8b4e058,258991709.9439705
cd2aeb1b2649ef421102def7,704694698.1815139
a226b4af016a772dc7e39ac8,732307151.1217606
dcef5b332fd31d0ed8d754f3,648716642.3483465
481492907baba4574d4a6f35,966840151.5110439
10e5e54ab66b58b3f41ec381,902302034.3240682
d48866a153ea0fd23a858cd6,536132438.50827533
d273a2075d28e343a657d9de,774359355.0772308
90a711f776d53cf654614649,823105155.7306358
f87c76eb5071c5b309e3ac3a,327884263.3822561
74df03749e60c216a3e1292f,348526821.6516063
03a84af05df0f577e09d60c1,590127456.2965273
78682041182f01ee4db04e8e,938910230.5067135
25c76b5a1da0c2d8158b3732,708562051.1382618
af8f09175265e1546200ff86,590084076.6677655
c8d4ffb290aa9cea002e8d67,308465192.6417206
cb89ad8156c3428ac80a4db3,478572856.74857354
7602cb1e6fef087d8ee81aac,937375132.0047084
00c75d59ed4777481a50cbd3,774645805.4715143
fd36cffb856c2a14982a5fa9,484752583.81860614
06ccfa37fa6b011ac38422de,626194706.3276043
257b533b6a66b40d0f097c55,710651515.9623389
736eef4bb36681acbcc3c41b,717776632.606885
e1a4437b17f7bec650d8cd97,818203459.5280216
ecabfcb8ce9bb47ec3089c7e,818203459.5280216
a5a46af0c9fb5c0a03855660,795676520.5212286
920b50f4355cd2674ceee068,693724442.5313956
410e5af026805ec8088f2e71,720192133.4753712
efa0c01632d13ab59f629ab1,624559509.4562074
5965d19a68a8414b0419bc68,800078436.0123047
64955a117f2d9264eb59fa82,662650855.6844329
8cd46b5c9cbd056d3712f155,736776880.5873518
65f736c3fee3d14c31a57d1f,755787086.2391093
66e9c614882d58c022de7a2c,868092460.2235088
8c787c1e6161b18601e6d7de,594573264.3555406
29a115ba5b198689fce5f93b,300771460.73060834
de8ee990e70c8e5ad167dc89,839203652.5270593
0b65098a19c2fc1caa6577ed,966840151.5110439
70ea0403b722a1dae1ff9b18,867655955.771395
5c77e242474e477513b60ad8,579801532.6753424
1655a92b20740a11a5889519,567283794.6730425
1709b1446b20b21482dd2d36,702281108.8371004
e5dba7fa0cfb81488b0c331e,510874136.4399415
d09dc3a3270073e5f1cb353c,874177307.0647246
368e740cb71b9175fe5b7b6a,1058553459.3030051
b8a8ad4c0215077d3e5aa472,904766012.828936
1f4a78e094987ce29f054fb8,705831120.8538232
aae3a99ac764b8e9bfc562cf,898727229.8992473
a63ecc5539e8725af4128cb5,796747637.4829817
a29e18f37ded2e901181d7d2,760766328.4797614
14ead7469d05e5eacce6a575,736691534.3805687
1cbf39c44f6b0fdbf9554845,779493306.3125311
9012294b64280c565a88a1d8,777655457.7687523
dc0e9ce44b9932c6e48a9390,878147279.4576644
a4f272acb4b3b4f5fc72e99d,861277692.9464456
b0a7295da89516be1c44512e,840263665.045453
b638b937d4f62949b9eb9fce,998952334.7252113
cadd4a6e1075b57f7b74c63e,962080823.8671782
a88f4eeeeac5ccd1ba9b8a4e,767054036.0258918
29616bf14b5f1cd42786a91d,796386686.4827102
f03f97ca55e9a43928c18237,501740779.11422807
5fb9bd3aee2e1320dcbea448,303037704.57283545
34bcfc2f0cefad790922879e,1039956241.9170008
8c9849cf3d20991e5126420b,778345153.5304778
ca7b9296080c9fc9fb232782,1065586586.1772307
63a5989d0dad994a6af7734c,685247497.6058425
7d25023ecf668945c87e0666,857947031.993285
fde3d4a4a819b1fa40530238,821546341.8304694
e3338ac993873aca45755dc8,822673768.2311467
bfeab1b12dd82efa96efac31,614207251.3387367
2d564574f0191164ff1d068b,495812387.83217233
5529d858e9c9e3e92ce8a95a,637474390.5471507
2755af908b841e9024718b3d,667725045.7573985
623df36ea9610ed5c58dbd8b,655599140.145342
77924a3c7880310a4822e5a7,365743367.00919276
24fd0b7f75feda5db89a4127,667193600.6929634
c2b9a3b2747f32d26c8219fe,570124084.6509995
3c3c7861a9727bedf5e3cb29,804178435.9271501
822ba8fd3c7392bda84461a4,732164767.890941
4625168852b335b223a05bb3,773860906.0736964
b732ff1637ec53286e890865,748885349.9430491
706bddaf0b87e4f076247450,805568642.6637938
917218fe1425d2c222da1ed3,653813763.4593812
7ac0428c4b7197ca14f3b86a,910508733.220584
e828e83be8651bc2e07641e2,669475070.0711558
4d069f925100b6cad0b657b8,447276213.293055
a50640d13126880a423521e8,866289984.3655834
45e92799de1a5334c3d2d72f,281360304.23747134
93ca9e75cbeaceee69b4f0e4,871151207.1987443
8fc4070ce12262679c381515,678532038.3937443
63182bbbd5f94cea67de2d8b,816400118.8034691
6e163c3a0e30e7bf1e909661,958398783.9222966
3cd016f68705e73b819cf74b,741591952.1871278
3da41d55a2b9f78c2b10c75d,668514597.1784528
0eb8f10c9d5ded1b09f60baf,928603462.8729362
330c37fb5065311564fd35a2,777836387.6811833
b849cef46f19e13d3fc9d5c5,776954663.3851781
7bc034984b19479f29886cc9,782714283.0933629
5cae4522fa829a1614739b64,933889792.4669769
bf6bd06201e60a4c98c8623d,742846216.886787
549ebb2f616d50ca778e92cb,987340436.9060314
448ad6cf4b43298a39c7b5e6,338719652.7432524
e9a37a1a4150461126dbb6e9,717213902.6987133
1d4c50978603ef41377af057,550024661.0832511
bb71a24bc5ea4051d84ecacd,1024630807.1226397
286ab2411118455780314355,771056195.9049178
045108344bf09b01b597e7ce,829358999.7096113
d714e15ab5c2d5a2503bffcb,964371842.2221532
60823c81f0b98e8a57192a9b,696203659.893458
dfa988a524343181a0d3ead5,767644150.8749603
fe8bcbd17b16ad023a202843,943476294.1454554
69fe76202cd89637a15de1d4,806458171.0961012
e7cf67cbc08fa04be9f0a3d4,399881573.6626583
670583e7a2ec6e337429fbf9,923578869.316016
796935018bf2b241646a2dae,680749910.3586373
5f5856dd16c0e5131835e650,815565401.9765879
ea2e380226005bb55c724ce1,964155306.0904847
f40defb11ff73ba4e3db7611,913192950.146841
a4b2dd2771f49951c027eef2,871335879.4142158
a949ede7227c8f8587715029,894902254.5116811
83f402857435d4fadb27fa36,799626520.2721456
36ab522893b5f01caea4cd0d,875174421.6857694
8e4875b7ecd0898571f0b1ae,689565417.8511283
7ef3f8bfd0368696369ac957,638330233.6760999
73ec13a5687c542137eb9a41,656436928.2582217
6334eb4a37d102ee00c6e2a1,738030905.0334133
fab91f0b03598c943fa425dd,916742199.7393035
c57c3c7edd591e16c0b7c1f6,826799040.251451
03aea1b6ff072f117ec733af,756871130.549063
91b57e8d6c41b7afe949bcba,429013655.7520121
ebbc5fdad817b304af3585c4,346780392.14795446
0232a50c9afca03cbf4277c8,740592387.9683205
05b12b1916e51a804419c654,689874680.591923
95c9cee9b36fd1d68f647aa5,790583836.8452272
3d31144a77cb51647f3deb02,929750402.0349777
ea87e3259c2b0d6263d39a2f,772012632.9822276
61f634438de4a10a861f42c0,915479162.0960948
c3ca43d0474dea2f2dfb9791,497628952.14841545
a13a3638569b89ddf1260470,661559462.5303832
124959d1429de095473bf5a0,825613313.7041584
4d85bbc09ae56cd85a8f87c6,965642636.6747365
2c13f29a8b9ac9b464e3a582,429866521.3057196
70215712bdd8ae7585520550,377064905.1796126
3352469ca509e8ca652fad1a,644728840.4574511
893caa7433c200e0d43e9f27,913168089.1795052
767cb14f03c909c595c2a731,721316052.6835427
11433baf7716402e8c58bd33,841989828.0170883
e07ca567b0678126a1aec803,834404981.8377367
b2286067a73bc0049328b55b,668797208.520728
c85d56080167254c7bc19303,753302472.9251919
5b9ef8d6defdaf13dccc5ae9,956189659.5343237
f7972b1936c6d9e95d3f632b,993784896.2292416
defd03ae7d0c0a44baf80abd,663462332.1547188
6fffb7958a58a73b0e16f2b2,1011558814.8134505
5d86a1db39e324770ae58efa,341717542.8014072
c56163e390d9e5a7a76e77be,812508354.0036745
fd5ba2795eb7b5fe338d6b4e,911638266.0220282
24d6d85cd0e2dc3deb2db896,972816636.0274527
feea3a2bd9f643219de51c46,698130664.3072062
055d7c66464d7e327711b497,993989691.3636552
046aaa4162cd410e92b216d0,745499809.8966057
b6bf2760cfa26cb28fc989fa,742269065.4137024
3a6262eed8967d695182e435,784593806.4319236
cf3665f24927de548639ee4d,785340493.3186289
4c243fc50d5511a1288bdc0f,739827826.5489814
d753227b5c685e93b378baea,694404669.9642495
149e49c22fa0eb163a36c932,956345229.6065503
8baa01b8c6d29c82a6108cb8,869156468.2684141
2d437a09b860d9d46644ea23,366708751.73864025
66bd80fd26836fd426be5733,360222949.8978133
a30e69524af9c1bddbc5de34,678561011.9162858
fcc96840d952d32a7300366c,504194693.48912454
659bccaa707b94f303610225,703531537.911877
df1c66d8dfb9520c6818a32b,716682250.9905052
dd1dacc0c90022e5b40849bf,654036839.9666045
1a06bfdfaa9d9ac754ad07bb,434578490.99087304
a0ecc8ce0592a40959bd755f,706629050.4463512
739c2b9be0941e4c126d2f3a,942158373.2523946
d723eb2516802250027312b4,745639854.1392779
04cc75f46642efb1192f1875,815488504.6051042
9f37bcaa95fb0044aeef6075,713496713.7876366
7be8abb5d23794ac47ceda32,463799031.5801848
c06c737cc0cef7fafa3fc4c5,758357562.9599552
48e71c45f41778f8dca24cf5,623499546.0674714
b41f7c1cb9cfbd188f8e0233,972689690.2900995
32ce96d8adc8e549b90b4a8b,859316034.539162
c6bb4ca5a0c839d38dd8ce19,956991490.0761862
1d91edf33a141fa2181abc4b,797853907.347437
aba4e24dcc6998e5020731c8,859316034.539162
00af33cff3ff7c6927306df4,787872648.9436034
6d2328def08bae481705e20c,744692455.7026963
7815163b8e4a54843d121dc1,872387926.4601382
c9f92088dbdc0d81412968dd,796503012.0227766
8e1bd01ce4b7910d42f59be4,863517626.0524315
5fd89a857727753eae6632f3,1009250257.2419782
332e395d4ce62523a2e3208e,296934942.7176401
4fc89ee51cb0e1b9d6459819,962024803.716684
2571fe181b6ab939eac19d2d,969480105.8774031
af98a0e223a825cbab78ae49,734318090.5989598
ae187fea3c46c3fbee7e6e8f,317836072.4419026
c681519ec1ee1a28f6a3607b,908796215.3828573
bebcca3e75e747b5a01f5485,854461299.1610101
0842a0730545c623043b1d8e,968532767.6034873
973afa2d67c20297aa108bda,574274875.7665083
64a9f0bf04f1c890cc6e31eb,326591978.56626946
9e92b27f554068b7dfb640cd,679753287.2259749
57b7aff18c444fa3c577b079,259303042.16141608
6b23f191d2ccbebf9166926c,885991515.0330694
b80c961aeb98d24d968c71d3,1044059616.3282944
064c1cd5e94efdf8c7262fec,802688491.6335055
723078b6cbdf02c88286c596,924919969.2378973
e239ff5eaaebb287beaf76fa,1035425532.7611954
b3b30d8b869eaad2382c5447,1021045174.0612593
3f295e6c14e23cff1468bf82,791085928.9822514
be78bb0e06d5768ac1908247,411185479.48787326
4daf52564456895ca7f4429c,612522615.5537429
c832701653f1e7f01913660f,923380533.4593925
82433a009defc21498037127,734768560.816565
b53d3d578b1d7d9e00c8a00d,725341762.6488692
36fab4c38cdd91de650e6abd,825000518.5020539
bed932e11a599f7cd4bfa31a,809747897.4879264
1d9addd835c9fe8665e01500,716271706.8938638
d8216aa4e029c0d3d646efbc,939969411.3439977
c1b0ddd3c104ec4482d5025b,670664455.4216235
bd0f754b0fd9b7af284419b2,918549235.4001515
01e907d7672006fa2bba8b0f,665206205.7815578
7ad046b20064565644ebfaca,586008873.5278345
1ac2b23683ba89e9175d1b99,797112107.1877692
ab4c55e78eb83d80c153f50e,580818136.1853064
2ad54bda875fcf8c6b675bf5,745100878.2690198
07e76c765d1137cdd7c2ff53,561382045.4450133
5531b9663c5a37a2bdd97e9a,924355237.6739384
c740655aea4eab7066446c42,819417188.8862662
3b6c37e7e6ff1c03ee4fe995,952509083.4119918
1b5d3ddc71634099fa1f04a8,647672519.5156022
1ad916edbe6fd38f40289a04,890547335.4535619
a1368aa4d3ae850bbfd90bca,957327382.318384
0f728f676325ece6a001b4d5,615610169.9095057
0f98c4e431100aa87e6fa6af,672717784.7717341
91a08474a18644c43224c62b,404096521.9903771
185dd9366a6dd1e820880917,765776736.9130415
e364018f4d994cd15d4af374,863451969.2220389
77348acef84ef77f6a076268,741328111.890952
7f8f506137780f4cf12e73b6,919435488.630491
809082a38e6fc3faa66845b9,878998394.5532295
2072a783a44474cd0dd10d7d,822194295.4253186
b71905255273cbb0af1290a9,331722622.72618717
c7d5f021595b58c507f47d3b,736409038.8426808
65ba1feafecd7efdcf214ed2,776600802.9721891
72eb64cd02ad2a54b65083eb,1027919836.0301665
35d79b2ac92083bc439124ac,323061807.866405
2f7d36523df4a5eee3edbe05,949447453.6792877
b0d20a04106ebb87e2cdea37,1099042773.7334263
43650eb8b70dfa256ca64979,696647655.5722647
311fa1bf3c405f9bed13b38a,277461535.78158617
d12dc721a59af021e8ac68e5,277461535.78158617
36f9a0ea831710344f468bba,277461535.78158617
1eacbf36422a54f1327fa291,277461535.78158617
9567966987eb1d3117677cc5,435120043.7972815
e5bc85e227ed7dabfccbd005,277461535.78158617
d1f39f86c82916524273bada,741219399.4605966
deeb837c2c6bcbd01930431d,565170888.3831197
57aa22792684debb8d4079dc,758242902.213275
5b0530f544da162b9a8ff772,867629670.9484628
b7d66c5f1ad06dfcae5b33ff,591605982.7284849
bc353a421fc579770e432176,705800416.5880895
45ae1e929b0fc88718151191,447486333.484346
b04449c499843cf46ccb695e,735785304.6032772
e4d89c9d33a0f2659df21185,627334023.9274018
b2a7a8ccbbec39b63e4cd028,613251186.6308293
3be69554b1cb31ed5732a836,686211825.5680425
de7f584df6103e8bf95f4a37,595132598.647399
0f4de499e5bd2c57fcc75013,606708098.7872772
b4fd0aa09f993bbfb1fa8abf,712172456.7177994
88a83e58eaf136a82ab1fe37,785287305.8520195
379429ee3675d1adbf816cc5,702508111.8376471
c6084b85c8d95e0ededc25d1,1032692501.0576205
8eae4346936f8c6c67be81ba,331939199.8353963
a13fc9e9b4e47340a5d53bcb,844125178.7308491
7b8a4d701066372dfbdffbec,645440162.1916265
a62a6094ffed3ea7a54fee73,700044139.4715745
bf0ad098fbccd3548d834ff1,712172456.7177994
0a231779f131c36d8e6910f4,715820584.5369089
51ba7338f5900d8ef12206fe,814335763.4419816
81b14dbf863114fdddb38579,882712459.908702
adaa406ec9ac311e9f9c0bbe,815188211.4005265
4cb11f32806c0e07b4251984,652392094.4962765
3fee486268a1451a7b9fff7c,757052989.6989629
5666f3c36f0ce4eab2c39299,741648329.2016072
8a8dff62516671aee2250cb0,881599290.5088038
ee4fc6a146e888e993a4412a,795409710.884871
5a16b30f4d580352710e92f1,744513185.5236452
424bb491c71e913e900db76f,707542127.1716834
100bdfc998bbde3d00548bdb,997873717.9478279
d793efed9a723e77ca8272f8,901636190.6945586
725c029b7c5807a4b0ba2bc9,1038618315.3188901
b6d3345346f43dba053ceccc,962555525.0573516
888bc3c4ceaa108e048ad28d,963870670.5194583
267e000c89d3416e551462c2,865222510.4557014
0ab4a4b8adda35f634812221,969344873.7948229
823ed628bddea9b56792d108,716162922.3223004
a189bd7e4eecdd18ebc7d353,934542031.580841
da16828139a19aa11bd94ffe,861569121.3772798
874102a58234cc7888902d42,780435972.75724
789e5d19fa507823cc4c5296,796810425.7032285
174bcb77be3b7e408e61d7e1,837928769.3072784
31a1492e589f317a58a79df7,727015677.1157444
0825f2ca4baf5b34231ecfd2,947694612.6042383
ebc96ea800887a647422b8fe,789475542.7357862
969b956eb7769b6f509d3ee6,833323401.3287264
6ef9135481d8fc882a1a735f,860858099.0411282
5f501c4532ade3f412359a1c,965424525.3815324
c6d075772255b1efa52317ac,862273201.5196311
535bdffc5b79d62aa6179c48,1070943643.5612869
e95653d504208e8da19fdd03,861569121.3772798
e4e529e778dbc89f854252f1,779475434.0691936
ec5866fcdb9afffad2d7f5c6,974174002.5499928
814694a725a50c306d774342,904939265.0941622
1cd6531d8539468cd5f4b315,864088971.83311975
0c3e734afaa6b7c370754082,744513185.5236452
f80eace37237614562f942aa,847403870.2153459
3aee70815bcf6effcf0e5fdf,1038618315.3188901
ea21ddfa37d60737492509cf,745409507.6354811
67c78ce1b8a64f36ddf90cf6,807034267.2525883
fd2efcb61008dc9d11756381,582863638.2954893
f51658b9fea670bd943d6db7,676403417.9760793
b83b0a53ead29faf9dffc0fe,944981676.4843756
c1329245f57c5d9019105382,778148852.3860195
98665b825fb3a06b914d39cf,1007366759.5107458
24e90a7d9a2bd0c30a4f661e,758207877.4137769
6e64677f8d730e1f9ca240d2,705426792.3734846
a742819d8e4cf8fdfda6e094,903518782.5187373
ed75d1c40109eeb51fd636f1,750888778.1599466
cfc2ab56604b4e3734d7cbbe,702572537.2679348
ed5622c308bfd10602e939ca,831290113.6245629
5f537d233678443192d22642,989886742.4282635
aaa79ce67339dc53b4f41dd2,990709011.6845504
5f467c6c80023b0174823d85,680047967.9194391
46fcc0d53b263beae95b8eb9,955882495.2075102
2bd47c19e5d29a3157fb8465,1010005725.600401
9c9c2f05352c92c02d080e96,1048710467.8739734
cf8fb8db6f74c236cad0cfcd,1008734491.0244917
f42a53a05dc90e617e0e4c38,185336793.1051169
bd612d494e2f21051556ebe7,827606375.9205208
ed1c8ac25a3db5120c92525f,634208447.6983008
2c30c2736472590fe45277c3,912257816.4500581
bbe2c06e6f90c4234a7781ab,1062892720.9056432
b527813993b7bf4a10c05683,989835149.9941251
2f610d2242d583654337d468,947017098.9464203
dc25c9240c67effcf655b02d,751820761.3800156
c35f5ef73168d03cba1b1f4f,869771888.3096488
e88009be52bf5803ba3665d3,791270719.9923867
12a63d4fcb56c1d690e1bbb1,927734398.689068
1d58ad85a82f7731e0f198dc,980969285.2672203
a2fdc7da13d098cfeba13b76,639228177.1900752
1969ba34b72e61337246cb5b,299286116.2526
8be43cd8653accbb8fe8a270,852934417.8578509
10092cf2f8afb3658ae475ac,675400292.4805462
0fd313e5a0f02df07eb6b104,302302904.57449687
9b5f013e795f5fa610d03238,691846821.0091172
b1ec4b8badc955f9f4fe2131,844294388.9498972
e491adef93281c097ab08dea,521754403.834965
9a65fe451b30c59beb3d62ef,821842169.6442496
0d3245463127143a8a52014b,946892477.4322215
a0e3198470f97f6a169044b3,904233764.1038285
33e4901b6e72593513a02207,463257872.42319083
f45234a3f0aceb12341be024,795015335.6252843
a71d53ec4fd0d64f8c06da2c,719951987.8706867
f1b30c4ea99f19a81d12f73b,1010563587.7557627
a52e2c893f85b49e2499cbab,861285743.832885
b2fd7ee866066f3ae0dfb3c0,900972952.074033
5acc9d767e3117bed0fd8464,867073098.9097258
0449a82dd1667c8c564904f8,720995985.252423
a0a8d63b5f43b87c0c7e1fb1,671537894.6520641
03de77e22e987fc3fed4eb78,694466475.3333002
3fed1dd17fcfbd2b86e73143,411768336.34954244
04fe204d03bd1c9876242ccd,870487885.2050629
32bdf33933c29b1cbf89539c,727684640.4147999
3f6c05c97778fbdc86304bf4,885503450.808578
478e13e8c1cb5bc80f1080e0,736922594.8027691
3128a4896665d38feb72b456,867801669.9868122
fba6203abad5f4b3b721f29e,566702643.4068918
b25f461b3d48d833a73316a9,990563297.4691335
1282e129e1a355b161621dd8,865084303.81625
293320b55fad21ea3f4a5899,317196017.34927034
de2f5db1cd1024a9734871c3,784582695.8934548
200897b1f8bcd7c116a85306,297037563.0565727
7023f5a68e1ce9cfd23fd021,265047752.3830933
13faa4142e9d60412abb4184,319746869.2960561
d74d0241fe5222f5c5b67222,603655013.1369045
0e51111c47813a0b0dd51b64,726007673.9069954
25e3793214088669aaaa4ca5,706597365.5326434
43d7b77a99e86e8bd21a19ff,846946930.6578069
38b87cf007043b76670207d8,980742903.4987386
8fedbf13ebb7cd3475fa3074,884656758.0523176
4be510fa977b93e34a789f26,703991752.6511751
8f165174bc07c28f9fddeee3,891275840.1470686
7ff6f389e364e67c4238df8a,691104816.6132147
2c91099736f3158f7f09778f,446299508.79826754
7bb1bc81e6eb3b4390440165,727651058.0660517
74e43ea3081841278c76cda6,754844922.3469589
9b948f070b94c18e00a857a7,727873503.008116
99340b6cf8f818392d501e9e,1090521756.6862578
b27088c3ccd93e7d8d5571c2,684145877.01371
4b45cba0d601f29c2b7db97a,768668982.5751628
362212de783981c9ddb767bb,510251003.6658282
5aa78a2bc8ec5e2be315fbcc,935296732.0404217
92fecc04105a999a622ba3cd,803320985.0555036
5098115b26f2473c812b70ed,690520201.6244057
e9860f6b4c3e6699e62f6c31,529010331.78616565
71273ae563da6bbc66aa87af,331792825.2158311
6c6e7af42a6ddf62b04c35fe,631264906.8058928
484922bbe02cb218ced0e779,649199026.2616793
76745c2648b66151008f6399,601598753.012124
2100201e0851e80488371b67,540986847.4565661
5885faa4aac834118c5e4351,796861739.9719495
f340405bd7f2c4bf524c50d9,759200141.9905539
1951c1c8855fed5db8031e5c,779719518.1677669
7dd96ddad0fa88f5c5978e39,857272036.3682903
db7535339826028d0fb3355a,533134159.9988478
4317746d5b88142780e6897c,846593725.2892983
5796e37eb1a995db5cc06eea,487912777.000971
817915cc3582112fb5541a49,818058383.2812109
ba524c4e2f13109ce814ea38,800447493.5959158
c2439ab65fe194d1d60eaa07,915908360.1961701
92e4dcc5911b42e7f70311d7,665698552.6585941
6bf86a580c8b510b7447071a,871119546.5249305
975482a692bb98df98b2f243,240231778.4551685
336888717766096b24215b26,945907582.7712495
ad79f4fa23a28cc84487517a,847839585.7706048
d925c1d4dcb68990c7204b33,867758147.6509852
f4658aee77fa0e35a71da7f1,600482016.5767732
210d58091ea74bb902915250,764266864.4727867
186d4731b3af01bbe4d08b23,709345984.9880897
b760fde2d4df27a168ce0e80,898774310.879132
2e653d2567a47067df169d97,958848837.2283857
8b63358f3cdf8df0eb1f43e2,909426894.7868397
c09d691e4c7d7b8c8f6a8370,910740655.4553363
4502e2809bb5bd47b2781212,903017999.7795252
d03101c7f823dd7d17e49a83,734030892.0926914
f5dbd7dcf63b08f711561e58,978501101.1837482
9855712ed7be7e865656de13,946298600.8698553
5a6397b85f45fba27dd9311f,840092137.9896165
4d1b0315b5aaf21bac150d96,840400810.602584
32c7a2d032ee21f8bbc6eccf,875782323.6187092
beae197df95b84881128790d,842156561.6079868
0cf7a6d43221664a060ef681,716263894.3558013
c431fd6dbad57351a497fae8,845639235.1953907
b1f8fdc8e3e25517ab80c065,671734158.4035045
7b346d5a5f5ec7165d1f8644,671734158.4035045
947ba86487536d611f548142,878505079.3006177
8398ba3b03595704b5897704,624559394.4792973
3f895518a7fccca44e534578,521754403.834965
232e859fc353dbff75c97cf8,795015335.6252843
b234ef225690d57e7c2af4c0,904233764.1038285
393e2e7ea1f20eb6b4148d60,634397934.6403413
668db5244c4d5b5c76b0b395,876199966.8573533
646de9441934226c2ffeff77,867073098.9097258
de53880a3299626eb6c2cdf9,1010563587.7557627
07f10df13b244dc33b464582,766460460.0689008
e4aa393309860fd5e30f49d9,947454241.5926721
8c714badfcdef8ccc73df9cb,1032480612.0400121
0f8ded86be8d3543a5069b6f,854438400.9182249
3e9d73530ff24d3f4a543091,857880610.4873501
076ceb408227ab2563a663d0,334174784.56566316
e0ae474a5307ef4057da4994,518812847.6130765
d41fc79d800458b1691bbb87,966546523.7156793
dc8262e1493ed593103acfa6,711356933.4920623
bd6c24498bf413b6c5adf81a,472256321.85956174
885c77c839d705ca7d04d383,663875896.0105252
b8896656cf6f5dd7c33ae46c,853806941.8552992
34a9e3ca94ac06347d879942,933237041.02026
ca3b5cd3505049f1471c47e8,831399818.0334285
8c05c66be6008af7f6dcc10b,863091248.3616556
565fb93190cd34ac8b01f01b,863091248.3616556
6c8119e00b901efd2dd40f0b,822132502.3565897
34c92caf68dd0cec9fc383ef,1090906563.5852602
68939c438c34e79a317a4f3b,901507518.3848495
dfaba547699e319462abfd6d,749672183.9614444
dd1d2e305d37d9dde55393b0,874150692.6222067
c32df77def9978a84f8ba7f1,861577172.2637194
62103a85a8ddcfbf5e40e284,947183905.863056
93bcdd2a8ee1d5b61d00d58a,876491395.288188
9700892d7133ff2c0d1763e7,1058262030.8721703
fca6d7455056792cd61e2ddf,374830474.38294905
4e84c5953b493be7ca96103a,704938772.946299
42fc4101da60fdb41f41f0a4,865208762.95414
12d40725335f83e2fb9b937a,790689875.7210997
2b9681901b216f2174af0089,789302747.1187435
9ab74e81283becc00a779172,647531385.4366298
8f378dc1215f9213f187c02c,710916875.6644593
4a3a6698b5490216e8f8e6f5,1068137073.2672627
0dd795526c080e8efdf8eb0e,848261536.8177689
3e7217f628a1d0fc9bc47071,867056253.4601758
157195fb2358bf2d5051c439,806091747.3324412
37063e689732880621e4e733,934236522.8580624
3bc68bc2d6a2b81f9e3b9a50,951957207.988496
ce21f368495d385fbd98de73,540719155.5306392
1a6af7fd6a5b0602052c4c27,655167109.5034696
e38259adbfd953bf085a69b6,931575698.5969049
0cb6801c9b57e874102ca349,668721005.2952803
79f1a5bc0be914956d632658,689546398.2282922
f571f85be35a72b2ac358d27,718893806.5226408
163bec92a997aa8263f5a909,987006957.8490554
9ce3000cd80aeec2c5188e8e,652308978.3362536
6a6178c4cae2e92a08b0dd0d,789932793.394276
d52cd6eee468311666218625,953203994.6244947
8eccd2a6352c33d8c7abcea7,761339381.5133208
53d3e32b1dc782308e352a33,1030387482.194141
be26f0523e5cb13846539384,878865292.1911818
ad7739088e8febc68abb42e5,948735178.8860878
add4f9dd26fa34829aa25eaf,712523123.9264903
17005d6ec889a947397ab980,358980652.3603294
3fb3a581a9a74146dcf9b71f,674773464.852863
51c4a8b438bb0d97f712af31,793391476.1847599
0aa1332c56bf357f492da2c0,369190309.9108721
6cc06c89c226a062fc46795a,429503549.0598137
682b38de3539b2a584446922,637946693.9990096
1cfe9cba4c2015e7b58f05a0,720203469.4804453
17d34f9cb105ca5010191142,906057385.4081147
1fc0faf46f3b533f2cae2c06,913384209.1723951
12f9e1f78c630defe302f781,748272184.2232969
87bd6ee6f17d2bd5b61b0ddf,973903833.206823
fd4ce3ddaf79d1b97043ce0b,939201658.9375482
97aacb0847561f45a5540f21,621257286.898382
a6dac56445613d70e49647e5,731725166.3147988
8b1acd29eb268fd684036180,472706403.9219907
656c13ca7a1974df58e1b826,1008734491.0244917
56f72c2d672b7bc3c264f7fd,753825215.2717772
3771c66b9ecd6db0b201d4c4,188337131.01701865
45e2395bee937c187e3486e2,854458274.6898586
7c6880b05c212c66b8961b71,632016767.0207888
e0ae8d2a51c771aef5f245e9,475754871.31230354
3573093e56e95a982a41879c,970773091.8410141
0920b2df9df4f0e509a7efb5,310919701.6922506
43600371d44fbbc81f6b6fa3,200888129.65232113
2684f67bcc89c8a5b95e5592,618564286.2884945
ca463fbe3e5cacc152aa70a6,188337131.01701865
0935e87627068206f6d9c0c4,905203903.4104562
10afe23f1f58f96422c97934,290277612.3386188
f3c8cf1fbbd6cced1fba0930,722794459.0756227
abfda926d174a8da1d946e27,832509035.3115882
fc9fb2f209a4b5e66f89712b,635066897.9393967
15d10635d71919d0c9663fde,623164114.6878451
79733fdf8881b0d25412abcd,973889240.3241438
7254c91fc9b51e76c6fd2a99,932986333.5488669
b732021729ecf88d6297b48c,786700004.0786234
edf4e11d1f1aa6f8080c3156,967844889.4253035
0706ce398b2bd64913e68d39,799918987.2795427
ea4a797b3d73d1b2cba9d651,1421297352.626369
6c598362e322971968739673,333235969.7746983
130a119701171ed3c439c527,646748034.7923208
849c918d78991c57f32f2031,947815165.7051133
036fc9e01b2b1e3ef4574372,1018548494.2419273
e4ee1a81aa121aa5f55e20f3,638207143.0885303
de926223fe4296d96466c685,670140899.3970635
340ae520163a220061bd7f28,865271863.5028155
11e36a3effeb0119b8bded5b,728353603.7138551
2492a7a74edb57f784f6361c,564822394.5980182
1900e7808046a5fe89d8e440,554375697.6283766
fba35c04cfb7b6db50cbb57b,1018396601.1127594
daff79365fd94d1d3a2bbbd3,759949720.5595168
51230c899cea0054bb74cc44,431481045.7947518
5e04875f99a5e4476c0b4186,861034716.1940949
542db19bc6b9a1366715dd7e,715195694.3675704
a117f625c794b7d52ec67cd4,879605150.1106225
4c59acda820b7b75823fa277,773029910.9990833
f040a167241599987e7b0967,710149362.7120407
4a016eba4744dd01954f137f,321547785.0717301
0d995f0ad226dd21bc96ff6b,623464944.945977
3d44c742b1aa4c022a968ea2,254123720.0637614
e47aa2541fb576b9915fd625,813835459.5595742
61fe9ea90c8a777971db8384,765654235.184205
4a611bd82c9216a3771ca7b6,891611021.1607912
0cc5caa9b48a835c92da7653,675465993.6617633
9a7f24ba55c92696d377bcb8,1008869649.5721959
32366fe92222b329e3d03b29,693714317.6824733
aa26461420614755c2a52db2,243333868.3000561
53a447ad5e011909080c0ecb,946871384.7310032
9d790c8c474c9de2afeb00a2,697199279.8490257
dbf200ef5f1e15211e2fc6d3,667541392.9431773
b96c9e2591a4cdf9c4e0c09d,675749917.0929768
78eb6f51d94a61a967da24f4,921555911.0505371
fb338e93dda9159476b8382c,228241840.5041911
72536bfda19f78d370d95f26,1027677273.9890109
7c581e2b9daf20131803eed3,753379928.258079
50cb0ad562ab5ef4e06f84ed,735731884.1247258
a24901956dac4ee0e4b0c91f,743478262.1441344
c1b386f478152f9be1f546ea,562202158.6537061
1f34129d15f992a3b62d4b21,345609805.9930739
299117d35bcdd48afa4c2eb0,991090700.5993719
4ff6c53c0bcfd1d24bac7ad5,244294260.029946
2e52008bd11000eb776bd80a,836941912.421944
56b78bb57b2d1f064c47891f,769200146.0609217
ef64a8989a6444cc529dd1cb,749628580.5441223
078f7c6532204fe046b13d14,749738479.3760868
28c0649dd8b294574a876e95,955157288.0818989
6b9b9d28723c7ad176a9306e,749809350.8339661
a640228932682c0c04538ac3,718055529.2854091
b19efe9cbc26d61daff5ae90,640602779.1524038
dc69d70e4d2713fcdfd93dd9,749738479.3760868
358e85ba765ddde3ac31be33,297851982.1339133
5e6b2661bb7ba0ce4776d483,517329206.79954875
0b6dcb5c1952dcea931e2c20,748694548.3423193
cde84d2435eb1d0d4ffe2a43,632391044.7431754
bac550d41b2cbdc6a110ec7c,829586978.9461539
78fbb49efe7dc0d8e144ad83,932568077.7212045
606affed5c707249158c4b49,809041157.1497542
d44778d36fc789f8b8c745b4,375557929.81415796
27ee3504d1df34ee8ae5dbb2,833991836.1693851
60bae7a45a084f117eda823d,697069000.8331195
98aee6a36f208227a992f9b6,997071668.9118122
388a6dbda422f886e503e685,947891384.2389239
2869a2d2689af65497775b1a,1039492415.5667952
19993833220392781bc15279,939952602.1443594
f0efda3f7fb18af1b44d6aa5,947329620.0784733
cb915d1ef92dff803c5cceae,1027822318.8494047
4bf02d040efe5358d4a5940a,877073613.9557191
1382140d8fb634851d4d210e,1067534613.0352154
b8ea07763f2e1a3d635eb23c,715949125.2481803
8ec00d454698c119085cbee7,663574101.7666812
30d5185ca2ac2fcda2bcb79c,710505329.0037861
d0ea7bcd8cef8588ca50c778,776227439.423714
fe6c19c6f54606a611d412c8,614195313.9338896
f22ae3d17c92427f5227cbf7,288935934.07004535
92b3b7d8dac6b2f6d5fcfd9a,754808411.2559263
8c44d216517f5c59e2611aac,263068153.3310852
b85fa4bc59149a7a25447537,328550253.08392584
99f10097f39b32a478877340,729025499.2492665
44f8d5ab70828e06198579f3,863760211.6607108
1f674965c913f9fe282d07cd,235095446.49604836
60e768892afb284b0e5042bb,903538792.2518784
8a6d013451e46411d35c2b6a,788723472.3824965
6f953b9964d60f6a74c81226,668888926.9255229
05076b448cfbf9dede72904a,866624815.3999544
47051c25acf866250b5d3ec4,1010990666.2698491
0952c73b02dd5432aebdf2c1,763983036.7404743
cc3ef2f4fd5568aea96c257e,825928601.1551151
834fe4a1e9e4efeefb5aba08,366608557.022078
104cd052884247b14d697673,773289301.3766357
8bf61f106e60d6be03799de7,967357376.7580426
c13e387f56342f88c993f0a2,680209796.3721207
ae664789baac0c47d13c3c19,626492273.7545098
ecd1e3003c5d74a3c7cbdb11,841712411.9534285
561cf254aba002fdef8258ff,885371303.3304399
98799228c26c9e4899bed65e,992947953.8943014
03025756be203027ab75aaae,843808817.2467483
8997555e7bea06f7b90ce821,803806120.0856344
e91a3f962129068a3a76d209,838375273.4863529
4bd0a354d75759510ab6bb46,643250861.2033923
f6c1705a83c039f7a7d46255,698956201.2828833
0c4afcff5f5a90cb79807682,747945301.5753945
d3222a7545e302bf10894658,840573838.7127515
03463535ae93b8b123eaba8b,854633781.1226537
360e5cc9ee1282e5a6ea17dc,638901204.9868869
07f24808e42c9e11a7c20232,757084850.9073887
b80d0456fba49a40fd774e5d,870023163.0513889
f865411c20924c43a080794a,824207751.7896901
c578eb2dffe903475aecbffa,462567625.6807462
d639498fabe1db1236656593,426973867.3056515
e6e3bcae6ba114caf108049f,647511635.2251657
7dd9760286606c45e6a15926,731922130.9085323
2c5f07a9402cc93f4c683759,956211291.0600947
e3295e732bcf306a2d338387,416855623.29576224
240ccc45a242f80f817b04d9,854207036.9967684
a7ff59863f8719590146e71c,631678560.442493
e6477c2014ad081d22f12b9d,277722191.9583493
807687fdb46614d9aa139b20,309212786.56175643
317d8f9d18599b346639a4d1,149818593.1054024
b85acd44e18ab485d3ac543e,379412730.17369235
e61476e47d7e7be706d23fee,768039759.1508982
270a97e07eec2be02cd89a86,756138118.8568612
4c9dc4494a3428435457f575,302895649.0269466
26e58d0b13e7f7f5a54585d2,874376219.126506
166e1e60acca831bfad07736,833252844.9266661
aa25d9f8737f142b8cfa970b,708789397.7078496
44cdcca08e1e66a1496fac6a,591158635.0073743
d75b7730e8c291ed41d7caf1,932041022.0796641
6d1534800bf0ce97197efb6f,932430926.5620848
8b13054b3318289aac1f13db,306345898.6520139
c6cb6ccd3f5876c9b9e29685,701412066.8314064
0356797c1683d002bcd94899,873566228.8217607
558cb38bcb8de04588bdfa30,831658639.8175204
0685f2225b939147c8482e6f,343561265.39124393
cf1ba56710023ede80a8381e,980386428.4055514
2d4bd56e71f90e6fb387a2b4,1038821343.2268935
b96b8e1d636f0c10c63e5c6e,714390561.897152
534be635a841fe21c7a702f2,779664423.614371
dd5b4eb5d20b8b9c813ba52b,731475485.4641012
46941e09b153ec19f86c0c2a,1158483824.9842281
9f06ad3793ede2ba7f39de43,970184027.723066
b3df8c66475021fc04f107a6,951105296.1665858
468df200fa490e667bfaa31d,687795448.4389709
8130ab67c5e0d96a9a67fb12,646936271.7699381
f7ea437311c0d217b0d572b2,606180186.4582567
ca0b59b35225b44447967ef8,472293537.5352521
90961073d9887bc1023315a0,789046581.1738706
a1421c30fb33a249bcd54394,562747400.8940873
c87d9677bed80b0fe06308b7,687006138.8541962
d331a4d58875a393080fdc48,639730387.9887015
2f3281ef06475d2114fbf9a7,675417710.6862488
487ede1f7f155194b69c531a,837639165.5231097
04308f869d7c992ed3ea646a,829432905.3084393
912471caea3c71e3f9f70877,826332081.4854764
1baabd705f72393167dba5c8,620562246.473543
aa4c66791884ea2a8357924a,491406518.3650264
1ce08c19161bd0545eef8a16,867046814.0867939
01eb0a2c1033c30830161321,852082624.8040717
b2759de47d28e8cc05c94e36,641143559.6352799
bcdea05b890394a10d24601c,407775913.66743785
db9f66f68aa772fe29e37edc,634956873.8610584
bd094081331ab259b1076261,572746351.9484854
81e7c8c1894e0c3a9315ff27,544477467.0554557
7cc9cdd32c209a62908a18ad,741433692.4364982
1e18024ab7d931bc7ab5873f,853706895.4232535
baa146a6537e8630180fdd35,834846212.6952345
8b788f742021f2438ffbf528,710308136.0843138
66d41314804d77ea0f440695,835265352.5334581
72dec1e6e65f6117e10a2473,533316369.09633297
4066da904062a0041a809b02,741433692.4364982
b7570bfc5ddc7caaf610908d,741433692.4364982
f6c6eb3fac9658c4951c4222,732306824.4888706
5fe25ab9cf4ea071cd6287dd,675417710.6862488
0ef36d33e6c378c946b8a65e,741433692.4364982
991a94dd1e99de493672da14,732306824.4888706
798d87a368f073efafead25b,741433692.4364982
9e8cbeb53820394a460f0879,732306824.4888706
7b5582907bf47bb9e873a513,750741293.5986202
0f21ea53a480e4363b8d7aa9,867148556.1580946
ee667413d1cc49427ad448f9,750058032.3635619
12bb70a95996dc6e286086ed,750058032.3635619
9e9e3655ffa5921889cd8ae1,946630183.7700549
f2bfe55b6188070fc5c3f59e,796723525.0936918
1f00fb18ad48b32c666fd319,680707419.6757934
86f15ce6ea8e97837e6b9383,297974176.41454625
7002d00c9acf8b8a4a5865b6,944863219.8808557
3e85deb0237521f1a7a8fa84,757625020.5521077
1bf77cd1c4037f4d2ed28036,1046205677.0051941
ce8e1e2e4a79fa55a8547457,1001728148.2389697
73a8efbc036911954c07b91c,701989680.4062659
9a2051367d6dcbd90a4d60e0,811712590.1055175
3804d5b313b742228ef0f1d8,944398819.6227067
fd7b741b96080ca5b964cac4,764126860.4379394
c4cf9ab3776289a412684892,752700437.8937497
1c51566c7dedd4a46503131d,814978072.7524285
62259b400be228a30a655a59,588148939.3235577
e5092b4a94f1c231a0c47680,1009422868.7387321
6f435cb10e5728ef45be9f29,1005203722.5729512
04a071d777e60627223e28d4,358044168.8603351
1117078fa37ed101e9120923,693787050.9266491
d56fda10944b088d9cbe1162,784595658.733287
e01c49250329331a442615d6,691635412.086039
30ab0bbf876dfa515b266c9f,359629507.13911426
6aaefcb58913bb3f49954b2d,1070048742.8718851
629a6122db92e378f0eab96e,898545473.0181694
a8549fa4bb56a2bcc0e15b11,480026696.14518803
34291b30d129222905ffdaba,686880788.8670979
cd5658fc146ae4b5d78fb565,655568731.2746613
ce14bec246191176c16c4e27,822192483.4050112
46529f0455fd35b2f4a489d0,738331655.8830383
52b3823c59546a6ff3de4d09,320425615.7479265
959b7ea50d93bf1c36e35005,732136204.8909612
5c6edbdf110bca5a66a51585,480026696.14518803
d4f6cc3cc6e923cd37d0fbb7,225932312.6642112
2865962bdff8929888a51341,882268253.8078597
105bcd15e02d39f70ec2ecb7,862625061.0065694
b2357bf117ecb5b9082871ca,320425615.7479265
273cb73a7bdec0d291e845f1,784595658.733287
1f4cd62152d4940990ac6a9d,517503445.16092724
a13ff325f90eb49363f59052,759394033.9324423
40871d7ade3e592560d0b3e3,703991752.6511751
ad2081cd75928b8f5e506944,964553996.0930816
1508ebe40f90f90a68f6dd69,784595658.733287
d3cda82d1fa53a7ca1b46a33,865010461.2735572
dc20d46be2470d85ad9e7e45,822571877.4444357
0a7fb26822c2ca556f62a257,655568731.2746613
40a1cefb3cbb7e2972e30d97,657432693.6857913
4c3a2b3e3d5999f747ae0d53,792804935.6608133
a8870552db951bc4e76e7f9a,694277266.8930523
cc48e66185c23195cf958612,816223999.3011321
09d4b5b5c2f97ff88215708d,805537040.8165216
a59320023948e2d915c07306,784548247.4966567
a74214a0d4d40b898ee2be88,584855076.0931592
dd9f28d722d43112651786e6,760433773.9572287
275360e29bf3309e09ec41d9,492857460.8676314
1e21ee2ab4ef88194cc85166,632395670.4219886
268c1e17bc17dd646d1885cb,625094735.5785612
33e22ea4154e8f71062dba8b,614076078.3397906
5b5db88fa09ecd8f4b9cef6a,945136175.3982284
c41dfc0b917edb6e6ef7b1c8,444490363.0806552
3ba6b07e752fa580f630eb8f,1016913622.3481864
fa6db64bd7cd8b0f1c0e2453,1015727716.2406176
2422ffac7337b402339dc550,977513553.9513533
dd6d47e2626e2bf24f842f21,741502614.98619
bb433dc1bd769d684d8b3352,596815022.72946
812ad0d57e4291da184bfae5,546484356.9526213
51a0a1a680770b625579e25b,947308527.3772547
a91fd5b9b1a791a6af59b70d,736256436.7203772
094da6ca19427f1a943105f6,842886293.7222123
7af0a604d1901925aa179436,769579327.9731514
890df90091e14d1c3a1b30e8,384533446.7220768
aac17b54a68bd216e2bd1d45,300713513.2005647
fce26c7fbf0bc93937ea5198,735214458.018729
b4245f075bc41aa29b55d324,656898477.6043996
bb70d80b0c6ad3022160c8af,272024207.7106187
ac85c8f7605ceff58dcb55cb,314486102.46748936
520415ebcdd1a4059d18e2fc,766654835.236901
81547b223494084af3e15bf3,659390550.5371087
a0f1496a0b4a7cd8b850f010,816832843.3918521
436fd4dce2ff0f71232f4b6c,734742766.5839922
3923f0e655615aa6b52721b8,731481788.0889634
afe03b938be9cf14e98d4a0b,591870322.7125968
0f1c472b94feffc41f1caa44,580787971.3062892
5b76ae185e6b41243777cb4a,494103723.9521839
d70b133f81d6f1c9d93e2ed5,612498587.4587482
865459f5342a0102d255fa07,282322783.37775576
fea5eb95dfad452d6786b042,639407796.301642
415622d0f7adb1a9f7009a63,403769881.8472811
543edc342ad39b149501aaeb,170854665.0101523
89e1d01cb5bfdf567faca443,788291865.8529245
e86b99e5dac8ed0d8296e950,317628102.792869
2c85b19f02bb3768c10d14fc,623191362.0433601
c17a3139c360750a6de5950a,441494161.84070396
cf76e6077d47a14abaf0cfb3,339198313.0732895
82ad4b3d5a215f17e745d77e,860507932.9132321
dbb4260c89524c78de7433be,638087203.904947
5b312ebdf71ab7971f9fd2d6,681863623.2972038
b3413352f0280412f53562e0,275578252.7851203
28fc5f188c5e11717cdb4a98,260011719.11044586
c4d7a906b747428aabd368cf,743103298.4906979
a4dec2ce375ab5e4bffa5966,752099598.5195508
546d570784c7ab8746bba80e,621458055.0488111
cca9a08bc4a91f317b851f11,871409906.82051
bf43226ba66a3e2033d32fe0,929920235.0700085
c2717194de73e1a1d8dce40f,339437129.58961236
acfc06021a7a81313d85f62b,449075342.8165468
2d531a26f8b1a8afa511e3dd,693852877.5608463
4a8acae29064919c68fc8600,616249459.7303741
691b030abfe1190802349715,250286402.9262132
a302ef23e1d0d6a273274cd0,329999583.78822845
a742f415d6c57e8493762c57,861939214.00751
4672d1c9c3b04fcc87a0ae9b,867036572.549346
371a0ee537001f7a9d58465a,668676599.3690304
ca5eecb01282d4a84017bd50,670894471.3339232
40eefaf8c26b8b4736308bf7,767980948.6564693
a7ff08f7e09b19c1546453fa,731736513.1624138
07a6da2c9c4833ee4cbe8625,805709962.9518739
b2d32589626abfc81e44cf70,757788711.8502461
aeb68eb7eecc4aecd5529717,767099224.360464
3c0b438c7a4fcbfaff9f678e,819503560.6848971
c37b357d57918c3a651a5760,761200756.8802036
b65c0544e9deed76615a3138,390026134.63794446
3a8b7b9048c82797fb01a8a1,658659158.1537386
7549cbd5c8003204c85ce1a5,862929531.3657722
21b4c1ad11bb1feac4d02308,924034353.4422626
b972611aaf1b68340de16545,796602732.071387
eb3356f3856526dc140be7f4,665247503.5461572
93ba409ab36d3e10eaae18c1,733072811.7153413
5717732a654405ba208c0f5f,927890084.3862289
aebb556fa6c9275a9b5c543c,968175087.0653086
fc72e535900c592d6053b806,861480440.3895016
04d77c8ade9a55fddd28b00c,807819747.9910396
028adaf559a05c8882893767,772858844.0686488
95781f187bd3fffa3d1b19f5,948543344.8975827
cc2c78d41e3fe29de0b4ec4c,1014775368.0979257
f78886545677e19e472fd0c4,540169222.0585366
3dcdbb92628e6a200adf48e8,947742603.8758566
4993d1487d78cd9ae2c23619,918840663.8309861
a8a2c61f2b994411af5d9bde,1015553084.8534853
57fd11f829e31e198326ac98,924659853.6133049
59b9a5730cc8a41bb7a1d16a,893757626.970371
85b8a65f1b00f78e67622bfb,776789643.9848311
971c610e55f133a1d1e6c2b2,713138919.9265679
0f9867abe3ea0b9c5363982c,736846181.4889326
086521dbe18727963538aa7b,825319530.2458386
bda3c74ea6f73407a3c0a17e,742025345.9779723
257c765ac81bcf773473039b,589768340.2527026
80d2415c0460088d69574285,653549158.3757584
1554f8aa4c8fbe17e9e82d0e,863276780.009905
00f6a62599f25ac506113149,898726329.1578879
ae26e4726c16cb2f6a6d3f2e,854237946.7287586
8018df1613094a9e4606c875,740793302.1279479
eae4a1cce7c039c644f01c6a,733786876.1555988
b07cd6c30350efc5de211a8e,960535644.6762284
5a2624a08494481388f6daff,993437503.9381201
b8eb177e22c63e84738e7788,687152272.4718841
ca02c904cf5eb96ad20705ca,819132358.8816351
8e6dfdcc28f830f2696de9cf,647937438.4418806
99fdac6a2ddb1136f7117f0a,664241697.1480209
22e9f1b4b5e887cb5f0dbfd1,831796682.4808227
d89f812c7edfeb3121bf639a,883951851.314336
19957244dabc3f727733527d,525108487.87229043
ad1322132f3b533b4aced580,485539827.5520378
40c2ea5f89f5b77cc09d1455,712333051.0963954
140c4de69883df9f3fb3a538,650502365.0041105
5529091bcc05ba5cb2156b15,767072029.6437248
55c5e58ec636586755df3dee,683171744.0378127
6049fb02c166ec9b4471a7c6,800164431.6162968
758b4df32244a51b2271a891,276055074.1912872
2ed1ae5e6fa77e447af230fb,782388694.7311537
527a1c27e038e45d2d1fcd9f,438880318.48128283
1d0c3ba50087cf01637de6c0,662183234.5654538
d0804da971548399183ecb85,861084358.4644897
46a7d0f520dd1e78c0cbce0f,861084358.4644897
57e5120d0b71ec6a67746a59,724838320.9751656
b5292c1e1683d40be46bc2de,971272611.7332623
01e9c7531cf3c63c04b9189f,727759392.6822762
06e91b526821a6ad1372fc44,219089752.36912954
34bca71dc9c74a2072f11e9f,970100497.5449522
22385ae2b3e7640e8c40411b,773672616.7986534
6e4adafdd872a2837921276f,449029525.82317954
8cd3031963c612efd0049f8d,758730920.5451056
43b2fb09efd1593a94b61b4c,805487541.0166767
74448f56811e9562536eff6d,627082405.1114135
44f0e088fee626993778e7fb,709253815.7428229
6e6f7fa167c0f617f50c86cb,906473572.7939415
83da5fb4c15e3daf727a3cc6,871573662.5483377
b45c8a6224ae2656b4189526,653987129.5393933
0d926a0b5ef567c627a7eb0a,941243713.6104696
c73a1177d787a5ed72b8a9a7,743706968.1422023
75c1083db5c940e626c02f53,264870926.0282722
b925c9218f5132c6c81f3a18,256647782.8345628
9a091c59b3cb4c730372b34b,343719418.2671863
bcc704b2e178dd20497e073e,309721108.64213604
6f65de020f663622146b89aa,318812401.0824316
9f3680d00c86707fba024dac,906602888.0381193
18d5cc463455fdb4d443a6f2,666285740.5981697
f1d76d78f9266d9552bb86f2,261595429.9417028
74dbd25d407e51337f883659,903336408.7245722
88ff73eb829a6ec5bfcc0222,849974280.8543917
ed5559fbfaba86299e87ed89,734620500.0907983
5d97aad3e83e26b551c3399a,878321010.6414623
2258ec00dec6a2b85f439135,878321010.6414623
6c94fd185169e708a08d3535,596539830.9334924
ddaa88a11432ca21d3eca774,286333720.1790814
2749b5cfd2728ebdf124a0a3,748272519.719527
a7546a6c6194506dffd65360,963064049.6726046
6de7bfc5e8149ebc40ec0e4b,831121075.9861878
6f83f14861e13af92a2b8cf9,396296787.5700691
d71d0c8357f09fe2f77bedde,947206592.7315509
90b28f5125a0b8a0e3b10580,1061554794.3075328
940e08f8fc66ac29f6d76687,680275825.029922
41d2864e1f73e29f222c61e0,631013384.475328
f7399e57df358ae7adc9e08f,744393883.5411997
1679719f26e7c650f24eee6d,990126578.4249595
0803ef3270948a30b3fee2f0,324995204.4249633
4a3defc2b7d2cd751c9c970e,702997005.1582407
8bd2490f83568ba653cb74f6,908094134.4244975
b4ffd0a2cdcadfb962578199,796811653.6229897
7e5064603267b61520d8f83b,647733043.5392038
88964e1202647db0519a8a00,438207611.1306456
f3d94d0616744b87ff139533,685321975.9313571
60704a08df293592e4cb5719,525677935.6630421
347d5081f7bd36c8edc1f352,894051548.1971843
41d3afc1118758b5314db48e,646932766.0154293
80a1dc97797c41b61f46ec6a,714696185.0118642
c0ff8812c1e8eeab07c698a1,651096421.2663717
a9a4a765b1daec2f3ed59a80,537670612.8637918
33258f995a375ca192ca4d3c,872970783.3218073
80b6c823bad5b4c0fff46657,987794786.6261185
719055eed27f361071cb9eca,961547921.311739
9a354d8c526efc5bcce59dca,726035591.704194
9850d970fe9fd9bae89f09ad,1157016608.5233467
f2c87b07466aad7328b7e0b0,1082011312.6408281
27ca0c2320c520342717355d,635868329.9805193
e958bd2b19db118c31f893cd,635868329.9805193
46dcddfc78444011abd29870,774737222.2516642
061d3fd39da1b4b1397054c1,702931302.1415896
3d1a8884a9687e53e5fb0bb7,522904280.4733959
1c0236d4bc291372483a9151,812894389.8542491
c1420f278d45b85c56f415fa,713030744.0863643
ce6fc507df0105c68c29214c,556129741.8853745
e4f26a73bad4e41c375dd897,811934164.7881652
719190aff81379902beb6497,831133234.4053575
da627dae6941b59d1eb98e35,608888268.0919266
2189d3297ea703e50ec34d96,736344160.3787891
c7205874bee601a7b01a0cd3,963450808.0246595
a22bc19d0d83b13a53630b7b,734922862.5202959
8acebaa9fd7e917d7e3b391b,698389405.2000551
4e104916ab915cf3c0bef846,866583029.8284752
b0df95e9fc94d9aeebc960df,676878785.3491865
ab419cd48b81038c5a30c721,310794274.3237785
5b9bae6f556700e099fedf08,903234798.413578
989360149d9cc6088391db4d,831010581.347237
bad7560aac04600e1ec1a9ce,587497499.9802419
08d9f04bc4ebdc74e9d80b16,832564650.3941472
f4311c45516bafcfe8864c70,902475642.3636434
c84e1db639ee43ad83f930c3,769200146.0609217
f778fa43c92344cfbd700432,766263618.358449
2019bd32dbd09fa285a388f7,885884777.7528968
4db834146c4e73b515d510ce,752662175.6081269
9f9f2548425519863e2cd6b6,681967382.5098039
6c3bb7e1696df587990161b1,500444150.5464865
82f08aadf1eeaf2058b50592,684430959.4340625
753e74e4dbefeccf3e6b27fb,589020037.5215015
a26149f589edb9a903782a3f,648752909.8492985
bd264728a0464376e22b6bee,608714988.6844431
2d5564a502635dce2d46ef8e,808946619.6647748
05bcc7d7db8d352216a4af59,716618810.6009258
4794d9994512f01a4bbb6c48,522079305.32712257
64a4528640fe492865ebc0dd,821295437.3007412
f655ec98cd42b0bf2d7cfbfe,991846059.4366903
b09de5f1e028d4fafeb8a22b,718169812.2194664
4c79f17573007a39bb2b4b7b,808228866.1437112
824894236c20b081af2c9868,939972323.0417234
107e76f0c913e19217662faf,603228223.2361844
d5e2bbb69ba3876b93af2d3c,916611505.4584317
a2905faba4c1177603e6cd5b,760775429.2641429
d13e3d432783206eecb0e192,994458288.7875526
6fecee4b1e5f50c0b27dbba4,872169519.4956559
57891292fbd530872cbe68b2,870180910.1562121
d0d6a1b5c60ad420ebf2ab8f,942324395.9688642
711736da4f0e8282fc8c9e69,1045097464.1196084
f32a3b542efba398907ec912,728245998.5267587
299a94a02e887c6ab1de59c7,644411455.7158335
ad844bdb1150508a4c6d57b8,897182092.2288784
78c17e6ceb87f7587364c873,638539714.2777133
22e8713e2051c88cdafe2364,803903205.712827
79c5085c14068e492e402a26,805975260.1533593
205e9d987013859f391b27b5,906788654.4187704
36aa7d0cbfe40adf3c86a134,925161493.8758225
d54d787189cc8f014ae58aaa,934081588.5902327
fe2f1459eb0a380dc31e3a4e,1050858678.2260414
ad663952ff2ba1953efdc460,1023677746.276147
b7320c35e90f33fbb1c28813,668767813.8071982
8f90134b8e68948cb18fced1,673993947.7934254
2dfeb06300828182d4109c43,764529919.1549273
3f5a0cbba1433e9b6588dd73,622474109.4340382
f952c40e24c9df4ab2d62017,754178961.4257532
462c7546b358b00e617ce012,894654249.2351955
e0df3391aeb8d3f4b00f418b,767493501.7421739
1e48878318d35476c3e87520,913476811.4591638
e3903705d5a48c6d9f828ab9,724448883.4465992
9e590ad7d22105456bebc767,871919509.6624013
d0fe3d393eee5c0cea5bb6e2,948269109.04132
57b3791f2c5acffb0097f7c4,925963620.0965842
e11f9a5cf9d6ab0ffddd6096,1055877530.722957
9a3920f803b087c29b487cec,741717226.1196364
6cc0fe8ddc318f1bbad360c5,838071170.4662591
3e0c656b64d39ab38201a112,585028519.6200187
cd55abdb54bd56d54b11fad2,838071170.4662591
7cd39eb8de56700519d8f287,735681640.989355
d762007a4ea5de370738e875,720203469.4804453
f4fc67d9b9c6078003f9af35,634961602.0200125
dc0a4632d7378c25be351760,765731888.9918144
530a3bae5a13291c69bb8474,559008560.2163937
32b678be83da2a07b37f3012,255135707.44692743
349768047d470d2fa6ff1930,876199966.8573533
e017c3311e2fdeb50a686547,823667190.7204764
bd0329ddd50f2dc4dafebd26,900972952.074033
f6252e878aef5f8a641c3d6e,303836655.8987122
45ae8ffacfd00fb4a4f53d0f,866894604.7366292
d186e369ed884150e71906da,991714443.564455
7b9e6b7eb3a5db0443193fbd,806072843.9311526
1ddeeae13139b7c9ada353a3,559767934.7933894
a1ae6f9f5d02548c89b23904,741356900.7707728
dc298d37c5235e15b4cd68a3,814125980.732097
f640753edfd8fb1a995f1de1,680105334.7074648
69a1f439de0f06e1143a0006,688237256.6250554
98f253233bfcd16533e2a448,823375762.289642
ece6f8c652d4227370ef0fcf,902819219.6654707
599506739a6544839bd97b81,752117581.0320807
a12f49f4ac3c5bb0dc7d8d20,839948133.2431321
9da00f8ff8e19d26c1342274,1008878113.5703325
cf5213877dfb4df98f0dc10f,660105273.9994503
84c7006b5a63add890a224e8,684344793.7201271
88aed38ca59c09e1a6202672,751167693.3888367
e6bda9370c80a5f7e5cb6b07,1042895528.1009616
3b54ab53b6e3453e333a0939,257367126.32110298
e72ff7414cceec6b162df345,723045617.7367501
f2d4c1faeb7694370bc65ec2,529856131.6151627
e1ffd027cce28c44c0d2f80c,953347924.9572171
5c5039602efa36222e64108a,953267770.8012542
b50f2c871166ee1009416be6,757123883.5368781
5e7e36116dbc08932f5fcbf0,989659441.5922706
325ce336d3df17a078db5166,708162033.0944884
a26e967b288a1eb6d8e71d46,646481058.8467246
139331d23d9e3c40cf083a7d,751069828.0815525
1704b2d5f4a33401fb153608,799795589.3442408
ee70354146295365bf241d9c,813835459.5595742
fbb0a76f05908c118f7a3df6,590351109.866992
2aeb794adc9892354aff7240,805480242.2379502
b0a32581cbb586f9710dc3e2,918750070.2438947
ad7f3aae29fa1e7ec900b563,828275339.2195762
1695225258263bd2f463b21e,768797204.7292594
f72fb486fae49fc1de1fdcfd,858446913.7978082
6b8f7074aed7ae7e6cfbb090,875735026.8489919
619dab52b321ab297a604185,885374124.3251313
b5bb9af24f9de68e91a1df76,946871384.7310032
ac3d21f51637207d3e031c2d,716831885.6213558
2aac28d03c2110d871b5f274,563941851.5657188
9ef498b11563827597c82947,918105464.1093564
4f2ca698ff03df0c6386e48f,826769224.1317282
606df4826416ea0f146ddf99,583775409.0311525
9ff08a6ca1c63480c563442c,1004659958.9789484
ec27554aa1c62314f4d46fc8,604318650.8888112
762374e94f17a8783a66d598,607377062.0863323
83ca3a41ca4b5337107c197e,628706263.6792333
c166a9293fa27e910e1fa9c1,695480307.395755
57f8a1e37c4ffb1b8cbd342a,574178084.6543025
393d99ca47315ae98fe9e7c8,971423747.7896307
9bef4aacc63605f2b2b62292,498793008.5298363
a266efa4e41df357ac4edda4,911277151.948178
adfdb0eda9aa97f0d3005c4d,980701546.8198066
f05aee3e433cb036653b4375,683181674.3811433
2dfd1808bb95170a088deac6,764195834.1602696
dadf0a00434e8ceefb3e26af,1075606186.1807406
4336ff9b2dc1d97ac8f9694a,280932483.9602885
eb14a5813f860bb74740da2b,575847882.2377188
3d580d0df1bf9dd124c282c9,868239145.1298714
49bb5311607e4c7600caa03b,760918755.4094963
78a39ae05ac53535ba0fad2c,939656839.5769292
936e18fcf06ca3c46eda7c8c,633607387.0503614
23f12add67accdc9ed40f59f,127385371.11597589
eb1b9e15dcb88964f79e6a4a,708476269.7843107
e2b7f984616fff25e3dd6a3f,933237041.02026
b8e2b98548a234a245d7935c,657625062.3632948
79382c56606e701e44d55033,1058262030.8721703
983874e637a1a5782f31089f,523182282.816927
3da9de8f610e5c40401a5b78,634328659.6334264
cd69a049dd8a3822e228ebaf,659242015.0154078
604f1b5149f770a8f370fc75,575695844.0399477
0d24fc1c5deb78eb1a0caa51,700491847.7249929
583af1118e60e46c347ec593,985839873.2936974
13b181b46359620191e6e4c1,422022332.7571397
50d8333064f0560cbe549f89,815240145.7683235
d9000c1afed253d05de7819b,374097623.552557
792ac070d1a314f585f09987,894666669.8695929
3e874c25176a3abb336b31ac,885072234.0656018
419ce7158ed62eb6897cf09e,684777418.3584048
b6b87c05c4238be76d94da2b,445375424.65983546
980d809e549333b475477bf9,863030349.0655236
a7df3d344010d5bb7dc70bf0,661056062.1243598
3d474c6a88ceb86e00f68b3a,798379472.5293268
be4bdb73add69f12f7aa6d06,856711994.9705207
fa5234ddf23dd0d9cbd3cac2,908550162.323326
91a08f81b621333ac58c3845,722128223.7483319
702aaf395bc78986a008d70a,860413722.609065
86b0c9c1277e9143ee765b43,294357065.10834223
9c2c22e70cffe6836f554f24,829352389.2975497
31f56b841b122b35615bae2c,260885738.62651932
41227dc9c9948a5f0688e426,728795577.4770336
781989d4b732f961f91bc3e4,971760821.2320045
cfed0221146f4d83d641e1aa,414239628.06141484
8ec491780efb2c27df8dc08b,992896792.0122806
8a5866428508658b4a2a4cb4,731637861.1898154
156dc81d6e14a71716aebcab,672014432.3814183
c24be8293c8f4080562ec0fa,661964918.2123113
7fa11c05ed1c123c1a457b1f,863031621.670876
a63c36f6e7e7ce7c7e7fe457,751908448.9395652
f9bca38d3e08176649504e74,967697259.6764623
3d389130627ca7bade643f47,723352938.9784094
70314b0bd995a4b03c771ae7,558116454.5254974
a3c3c9fc04cf2e2a051a12e6,746328892.384756
4cbe75a162b076c4c454dfe9,696945704.2219106
0c62d4d501a426cc8fde0c36,877121518.6050273
533363375cf2cbc50d86773c,802083060.2151899
21d0f28d5f30a64352e60ac4,589570095.700276
471b5135fced50f7cb4197e2,943775630.2834452
1c7586fd8a1a38bbda9c92cb,695426193.2808408
a0f28aaedd12f3d0eee8c6ea,621057998.1891465
8923182b6dcc9f2d8be1ab53,757019636.3618448
67f694b29bfa494bd9d9cf44,938873349.7975376
b721a5846527d5338322c9d6,910870549.6645503
ed09fe201c9ab02a91779dcd,1033768116.3575877
f49045b312d12268eefedcba,760315851.4323608
22ae194316f34d482bdf404b,661964918.2123113
4f450ba5de4766e5ecb8a4a5,683652301.3023899
235a2209cde8f8b0276c845a,816241985.3029718
f563f0899884de7f9bdab405,976428015.0464389
5b462279f602c5b67ada82ee,848224976.2885381
fa4af69aa064a4306cb110d0,940974524.6812996
a70d32ccaa78ae9417aa7e4f,671091786.1599389
77c9e5e3a6d965ede708cda6,947032588.6621095
5637f3d3278ea049333afff4,673934069.8727207
1b1c220eb91c9448b520b76a,902528050.2142348
f4a6ec71ad7790df9578324f,828766001.788738
217e1715fdd5db76ce93cfe2,759428920.7943021
2cfa1397c901b4e940d9f673,725437389.3866913
44672de0d6d9d0cb3b4ae938,728795577.4770336
1c50477e5b3a67f3d8fec62c,938413700.4443833
0a2a67e8b310471b115c60bf,643443556.0370862
06220a42e68510eccb4d790d,940589550.735532
611a3e1d63c6ce5ff8779243,831103341.6872599
1284d7ed08122731aa7c0461,186480664.5550552
d44eebc871d1fa6981c32ccb,841125911.0339116
43272151f217feab78190393,731637861.1898154
6bff92260afd556a98d3e3a5,802874203.3105327
00586a92b53f4a8f9f6b3022,696037115.4646019
745e7f6a83b55196f231466f,843819142.6973556
9c558e10e5bbf230f16968f6,905525672.4159033
1b425a31cbb73b713f291e19,943340192.345445
076ccba20dac8bfcf184b8a8,774754709.8328632
c8fd8b729f4ac6270aff9c9d,1001942239.4336303
52f026e670e9851b08c70542,857978107.9410516
00304df33a3c9a7e396ddd3a,756961909.5246726
ee27eba49457286b5ab76172,725542712.7519861
97b57932e5e20416bad6919e,1012802709.5979408
e570c5f58a20fda42bfb535b,799477196.7733572
79acb227b5ea365414982957,894970397.3485744
d24258de8d2ca10186660a1c,773415493.8781358
8a8c202c069c20696c2de85a,719668709.5294057
40f301afabee5be092ba20ad,730764322.4932986
afa842858299a6ebee166e31,868245551.9529355
7641dcf512a05ca754930bed,501630867.06839013
8c9b472c55d4b99e44041de5,887056180.6146444
88b98c026b7650192034535f,866194306.5928637
9bdb1bc52a9ddfe92e6a948b,827802151.3555397
4abef5720fd889512ecff70a,731671077.1682005
58b139bc16fa2731e4b76f28,684892440.1297791
9ad9ac8728cfc2387285c24f,475733623.3142317
75fd5603c4de9678627f81d9,1064131532.9396803
9f4a25a5550f016ef2370229,934656426.56527
d4f4d0ed36ac9affd71f302f,793406918.4442834
51bf7bc1c19fcd42e71f2463,290921019.3069407
49ce19caa1325233d0de331e,1023450607.8432004
5aa1667bc8db26bac1c72f5f,892949406.5007277
b43b36ea4f81bbfd4dc4d781,936568330.4535314
2a623b33f3cc1f54620b5233,1024665583.2668014
8745eefb9e2761ff7eef558f,916603747.6508461
0e49eaa5cde9375b1f026820,1011771619.603103
f5acbf43add5776430d8d4a9,689678057.0678825
ca50f7143937a99accef865f,1001232981.4875238
0e1bc8ba1953ec8c28e53b9e,624947113.7902194
980bafcd065c8e3d6cece127,899025104.8384397
c81133d5a58d7e8eebb10c8c,1103127528.3755248
09656004f0a7f544580958fb,1114085898.632583
edd342f84fc90478e344ea1f,491470924.540827
76974826c758eec5c255c5da,817393946.8482151
63b09e45c1b7dca181491030,686483065.8779327
89952b237fda041b09f0efa1,832886258.6824746
219164e1d9b14cabb9bbb8ab,780387949.6307039
ac8aa244c21a9b86de4ed599,1047255239.3678609
92ba222e2dd63a4453a30637,961497329.1343153
bfaf8b7796c8c57bb5997be7,808323700.2302073
dd5a565f854eaef90976c5fc,850659983.5846565
f8ccd21343b112d8f9e7123c,781668273.1297567
a90991f865ac81cdb3de201f,706384563.5378989
fc57fa9bbc16d1b8106c2c70,1045423737.0584304
9ee3218bc61636cf0d7f8107,861024683.4005201
c00592c7c0c3a863a1bab9c3,726954394.8580563
f0aa18bf86a36daeb59946e8,975154852.2370408
e186499af986f1959f729b9b,998494888.8386774
18420ed4661539a2d72ff400,915729862.6477581
957731b9940c9131d92a22fa,1039492415.5667952
9172caeeaf6498737fa0c6dd,789954364.3923044
c798ea36d2e4a8119723eae7,919864150.0346208
eb963f082209fc077aa72bc9,1073258400.8873078
07b7ba964a8e30dc16d66443,865212236.473273
7fe364ae771a7689d2fa5584,889545727.3733655
c59e06a2ed37fd750cf39976,1067766766.5053859
ce03d8ae43a426e074ed35f5,1038885919.1243684
b76c45ccae25a06dd5fc432e,610246697.3870037
f855725acc115bbbf03bacec,946059881.9294934
b0b0db3bbe07839bc2b600fe,1095018746.287758
cfc8dcf337e020b875ef1572,1097388214.2563581
390107256faa08574d7231d2,722769933.5340036
fb10f3b45e865b4626f65ddf,578097711.7232608
75f167e2273fbecb2c81ac0e,986990623.8138497
a7b15424d7c025d885636a72,721433127.8986748
f9c11e980254045d7478f273,938626141.7020148
e0b13f6dc213d05133252d15,994458288.7875526
c12f362b9060344ad044cfb7,739449465.3976421
f872f224d2af413cd104f24d,1026986574.0034579
092045750c36a8945c526a12,824433069.3621377
5ef33cf17d4b45277edf35a1,930936034.0144366
fc64387d7c3c91a6e6e876ab,773993477.2756982
c1168159d4e2fffdd5662757,782566171.1413555
cb604e3a56cc847189462004,828204278.6644256
9e95710c61a4706e21cf70b3,903783344.3005699
ab37f67a3afa274e719ecbd8,742735360.1799256
970cb360eb64128037be7e23,716280915.6779782
e42fc32db529e088f15cec8b,1015456480.1940137
8925028d6e7a6cfce9967779,241793354.30397713
759e76e38d84a4188dff5446,889516518.417377
83a376df2024c4c9fbf2a0ca,587664556.9726182
a8bb80d99280e332084b3950,799226324.5590278
c16ab4a11cf67a39fec6f049,860639688.9981091
9cd1127b1bc10db6b8ce5d4b,1026656605.1260664
ddfa979b1d7cdea1d7dd0a86,593979318.502374
d78f7a1592c0779093150ddc,980047866.2150393
97ce3e0ef38ad12f7fa8c4d0,252196860.39397898
5c789f2834a1a69aede6316c,326723357.0541643
c29ec380fc7295a9a770a74b,305270186.2015527
5987f6171a2bcb37062ccc94,796353262.223395
1e91de6194769980800b4de8,607926651.8981447
0a0f206f04bfb10c137388d3,1061029496.6725273
34dd15023216e187daaf5a07,766169031.6380662
33d2d1db291a13affdc209bf,753550440.1638036
6fa5e5160d7c2bed824bc0d0,662006272.3151795
8c04aa7506b8c80c1bac23f5,637699489.1723552
e5d445e39104d9ee6b244822,692640460.6368064
2ca6b3016a89139ec7590f9a,995478777.4050527
e567e9e5862b13f0085505d4,319885542.0377476
edd1c4fdbef4e6beafbd39b8,626127728.9553883
039a9029c4341b1528ca6b46,211016474.0754753
fa1533051ea4145f7f710ed9,732385077.9957254
9c99a85c5dd878568582dd9f,563598505.382758
9ec426691c80918203394ee1,191800172.7748069
66f58d9d1e1eb7e81cab24a2,1045031740.4760425
0d0f8ce05ebe99dd3bb7b23b,1022988527.0569347
6a65986cecddc5c47fbddb9e,923704511.4798089
a82fc744f537ddc6fbd16883,883648698.6759064
d4c40178c19d6cb2fcc88e48,679626269.4528817
4034cb3cb77e9cb39cc98fc5,750049669.0784703
41ae9d3d280d4eebe510606a,816342653.3391472
4aaf6763c105ddf2a6eddbfe,656400754.9649984
633a7038a23ffaf4b3f7896d,1040625205.216056
2a531aa9576c5f91891cc8a9,808145007.3501651
85d58cf85a179e167428ffa5,927321387.5157872
42f05e5d4862d653efda75c0,827290943.9894179
256a46a6d45d168169f63aab,923264987.776088
4b0fba692104472b36c38c3d,791241605.9589765
253c85b226a15d0ec2fbbff4,866271583.8111973
b0bb2299d5f456f800993a11,748796450.4287766
47fe78f6299f757b231be10e,791959020.8224182
4d09ece928ffac7e7d270bd8,294658121.8946367
fc762d2d172737cabbdfcc75,801706994.6328963
2809252a96f47776d12021af,850650662.8654339
29eb473852b36dcfbda0c702,850650662.8654339
231c050bebe12f568ef92afc,670059263.514963
acaf9e18bbc7295633d92e01,839178680.062798
860435300909449c0443c10e,825976049.5436554
f967ad5e086f485c27f09990,851139994.5777297
678927546243e932b48d6058,980639643.347725
c537ea2620b8c3a3f013c0b9,945787943.0483322
10037227b2a24d9a72ced322,737347777.2792128
1b4b3662ca18e731acc18928,1024313362.4117515
e6717956eeaadb3e95840256,1359037462.592728
ccc4457f68fcc1a416e3acf3,936066717.2887089
94d91969cc4b9aa1e856d801,747243992.9824897
2cc821cd7b5fa82b27308f87,637939173.1742947
f05b3779581ac0015f29571f,643893612.4150028
dfe09a5f848e8e819c361ac9,524721685.4620206
ba87ed2a657b0b042a05460e,1000314996.0799197
f967aa89a4440cc1c44bdc54,659097013.4173887
81fc8d666c8735e1095d0d4a,701544066.2514315
fd8b9540f1e9da778d566d25,182775157.2617025
70baafa9789d2fcf1bc212bb,780617000.832156
4911f8879e5bc9c27ac13bb1,707377311.3800093
ce53f3477814fdea2889cd2c,771640228.0085369
62f022e19ce6608919eab5f9,412698705.2413374
55657bb933aa2ea3083e0b90,345005846.5913887
808dd470aed6064f02aa5103,610728601.0363368
39bc028f3b42d9ea48808ad0,435783931.78371733
c0c01ecbb9189d77098659b8,699781724.0562406
57c68d470f6248d00b6719e4,989835149.9941251
26c66cf2f43bea00e6387326,966669040.3415843
b5f0dfbd34392f6855bb4b52,718003304.3050503
25202264e18928158b89278b,929197585.6154809
e93abbb49b24717d3a0767e8,794763254.9939969
906e1f2e1bc5cd51a55b0266,1062892720.9056432
eef1d35ffd08dd161a36a2d1,953093027.7008533
35e0cac576415a4e61acec80,906642940.203353
53ebe061b85f046ed12ee9c5,957293307.6223769
059d77736dc72013de7767f1,510502658.49517506
17d7986a62e0b066e4e5530e,719912437.2535654
8236c798dbffb3db51d5d744,517346822.4484982
587e67078115103d184970be,759071255.1955619
7569fb4aaa9a52d6a525e3b0,759071255.1955619
db122cadb7a9c33f420fe246,759071255.1955619
e852246b7661d30dd2e1f0ab,759071255.1955619
f04eb16931448e87aec205fd,856008001.6760738
90e858d3740d4aec0fa21c12,877267446.321737
65647ca6e47eb2b9ba20058d,901518554.8076986
d0792d22549d1b3f63baf3ad,358669477.0116313
76c4045b5dad9a8226e9244a,728854127.7673165
fac4f0bee67523194fd4312f,617841856.6320708
ba89ed56d156579ce288dbcc,629020151.1221154
adce397b6d1473b9b6d02865,920912457.0203625
f1a924badef699637ea8fcc2,388054786.7436322
3bdce823d3b96e8f0170d96d,706659034.196916
439004dc23f97a878ebf371a,727296680.167094
192e05cd731950f91fef1d83,788156033.1070259
5110c49047db23ac3aa4ace4,587480304.4050893
f4f7bd9d03eecf35e9f37619,801362652.4425721
141dfd80a005f7b32bf70375,860874823.1606623
08513fe1cddb2cad74874a59,410459978.4171393
6b23aa3ca5edd20134811cea,670059263.514963
0fcab263453a9f196468e552,817355734.091339
127e08fa99afcaa339eff684,315966025.828904
d2c46ef63db73ba3cb7e32a1,679670343.5640056
7c50c93bc9e8846345892c12,832886258.6824746
63698398738ebc7ccebac817,657480878.4917064
417e974a3f0d97e502e49800,953424876.8347423
6483f2fcdfbd26c621a527fb,925679839.2960172
3b739666f401ca6b2135652c,635400148.6821159
1b750e6e2e92e8222482cb46,889658490.4628357
dd34882ac55c57480663f7ec,990126578.4249595
026c6384ceba017c5f2cd66e,780289431.197612
3f4272a3a4b14ce152fc3abb,821511482.2832357
5cccf025fcc0a7d9ea01b170,350920208.2791944
c8d179013c5bb6379693ef03,486267394.0858107
8c258d10ce32150f5fe5b712,841832721.5466999
eeb6fa8f820ec63aa0aaa303,1061554794.3075328
ec8b305ddc2bc211a8a05d0c,778003166.7011881
5a84e6d2ab8db0fc60775d03,737106593.0925677
015d17895f32e2a8b616ca1b,797923956.0643778
6fa35f1af6d51d341a3165ae,730607158.3708184
17821a9cb766b0f3ecf24e83,755828376.13549
23141c17df584746755dc508,748055432.8011705
00076c8f390d5dcccc133309,756718457.5466462
25488b1c8fedde6250b413ba,567012973.7896067
5ba6b4953759b45cb83512c7,722187076.6723347
8ea02baab0c59eac6584f62d,884366501.061922
b5c34f90096fc88b8ca758f2,906934368.6341877
35bc25d0f9de2ed4f714fc8c,972635672.0702435
8b0e1911b8ab8028409dc9fe,945750507.467671
2ba1672e49c023258d262d1d,775612950.6064812
2d778563921376962d126cbb,980449479.9039187
bfe7c873b2fbad871327994a,933123491.7044079
72d0f19409c85dbe32cf6ec4,834296242.9052643
d406baf5cc9b4473ae9b8426,635474608.9450438
070912b7e5fb205918c1f4a3,647344667.832446
659abd72d12756ba0670f466,536661185.5916093
7a464b948b65544159cd0db0,870943556.8332112
e89774d061d50c83b409a071,331455925.15374523
fd6b2efe5da2c35058333bbf,835140050.8248563
4577c1623c8407e95e893e63,814993196.7408552
21adc839dec9e8efb128abf1,812351818.7460464
aa843a050ebe8e4b3a04e9ef,852978324.3461673
0252fcaf7bcde09274d34be5,875762824.2111015
46d77c92811f0c87d2d4907d,947722090.8191499
a8c662f906075eedb098ae5d,705852029.2264637
b8b46931b93b7750e0d1ada3,690496250.4310721
efde559422ec1dcc55abc686,770981348.4550326
339bc881458ca34bdcb771da,726890408.1779459
d7ad6527cae719481f849927,742563891.8905915
df3abaff81c430b4ba85d4a3,741013641.6522299
bfd2f20a7bfb0d865d7f7193,947017098.9464203
fa3ee96e6b6ffdfd00aa335e,734922655.4732238
163228979751798ded8c3fcb,725763378.4258344
3578144f12e13e98e8cb2480,677340365.5279036
7136cad475a0480044707984,750296726.0683722
93f5694b4854068f42ffe55b,798557152.5540726
51608bf64739db05c47a3bc8,681965747.1788101
6a01b6d09d516d67f4a2fb43,869000524.4862636
5f26f33bd89fa7563ac6873f,747167786.3725133
aba54b001154ad881dfeea6c,615454201.7771767
b2eb63e5da917ce649a72142,593089623.5420127
1427aec89ee9564b95e93cd4,457697995.53259355
a0087db5e9e2cdd6073021a7,803207060.2272825
4396f94f7f3c403c43d3ede9,695568391.7406042
aa703cc78a1ce659901e711b,792900349.4898655
0dd1bb83f0f18af30da139f4,825813941.2556453
37efd3e2a5b6567957c62081,640268432.0687952
ea47ad6335e74dea06228b16,728187464.1489925
8a975117ab302b77ac057823,924904388.7776124
ca5949c4bcf0b63e5d1be784,485351760.0689496
e9f3f41366d5d784c2928937,828527269.1035652
7a9c505db21b777203d34bf6,906156338.6925001
238cf9f99c4b01777a97f82d,324233362.30396324
385fcde12021f4bbae6ac2fa,95381052.19627385
d9eaec557a7a6674565db1ac,922981435.7752072
30b0c440c0bc8c6005855ff8,737265622.6844419
09feba43c0b8f3560fe09be8,962409810.8419342
2547bcc87b618d3d7e22dc21,626744308.2735286
1240a616080d6ba5459335a5,967055247.2484862
7cbc8fca4f84908ed4e7192a,861423407.1618626
151a16e94d538a7a6d658ee0,844948192.5808762
a8ecaa9120c6da21229cf145,847886491.2028384
3ca34fa833e6ba10cb4b1944,325199913.4703965
dca2e851b82c512f01611ade,955434983.1178842
3747996611a842c452865a9c,796028000.7200592
3528df61a44a9895248336c9,165230838.3842695
398a67970cee5dc873d71bbc,834842394.8140818
1ba2c2eedb352ef9bb59c638,487470128.9564808
f6f4a467f40bace72ecff598,988236229.395019
b2af9047dbf58867ed0c42af,918322556.684785
012b8d616667a6dcece0dfaf,862663959.1843692
0b117f10e699f10f97a7e7c6,702426823.0525177
8d5192b6208902ddf4804839,920503037.5152613
b86cad78da7bf06b5ac39f99,1209130373.1317053
4cc8c95dee29e43463a8dfd9,684107906.3928038
76846ed8b7ab36821b848f2f,807429955.9900473
5428bf7f37a94ce9fb2dd435,1056704595.3462298
b22c39c3df7d8e32cec2ba43,737653122.1719953
44f5380847c175a42becfcdb,1101965222.0314653
fae53fba5d405b2e6a3abf01,418142357.2421218
3b52bd5eee5ef8e3871dcb3d,958053114.9746387
21eef7da02b0f2a2fd987135,659872448.8435205
1dd6b0ade195edae38a4a20a,843514659.5563396
f359afc7bb50cf6a61ac63d6,534824562.88444763
b0de107a8cfad95f09876eb2,851276265.7662847
2e8c76f4ed59cd3924f7136d,665211429.3039036
06a2efde5244f7d653ddfb8e,779007263.0785002
f72e2f6cfbd32d97bbff3ac5,728388687.240358
9705748d2bb061678a80826c,987233947.3374964
9620068cef0622c404e15960,917244522.466561
cf2e8824527989d3cd29c058,857795010.011382
6e606a7c8bc632ba0ba37184,379068771.75412863
63fa384ea296390350f23d7f,785337954.3713307
4d3f5e7ecf4d361d7eb55f5e,752444852.8564204
e31a209077a3e47712588730,832492725.973848
5f18524e839c2987594a11a9,892231769.0841799
def06f49a0b8230ab613db94,711269355.1711166
faa72370e4c7718964930805,711269355.1711166
983503bb75d84c410d1c5d3e,905223763.7559141
30f381306494ebaa760b990c,801421847.955628
5e72dbafa642e4f416e6f01a,843381941.9001896
3d5ece38670c1c96df4cfff8,801421847.955628
1bd6861d451d128c8bdb72e4,866413569.6902635
072a6f084d31a5a4be4060dc,1070033921.0459235
4d8deb43d663fb079262708f,972877603.9741197
f00b8eac1812a500d7a732ff,719029588.239929
77a62d5e2c89da24f66a2118,628946299.8513446
961886897eda4b0ce54d1d82,964109595.126561
6f6c83ff891e43b7c84728e0,903288261.7971603
ca8c85e8100f64416146368e,730498718.1817051
24297f4a3e14c24c941e7720,948933755.8765695
98d7f0935f021acf313630a5,761712929.4455314
a362533eea6c235049bf3359,817030508.7724736
2ddda0ae748b38a6258f660c,1050888318.6829091
b18107a422b9eb6da9fb692f,738666864.2860093
11cd643195dbe5dd4567b62a,794717809.4217403
c9ee7f0666429c0c15c37499,202626175.46521613
c386d1ac4fa8dcec4cbf9788,956059321.462251
21e0bc9789139640ea33ed09,1048529851.2458637
cacb91ac1b835d62422b8a8e,851527785.4044231
bc41e69def6bc7490800c4a4,320833824.89622086
7a13669d2d7ed2e50b80b4d8,448968736.51456064
08dbbd8d672fd09463c061a5,676585223.2147231
cb93b0d5e9a26628b0462b14,745094276.571436
d6a43f209f810455fa41dfd6,820708493.1250029
ed5dfe95f82f4c087af07045,407516885.9521864
02060d2f56e979a61427f806,163213355.23518348
88ffa9f0bc3f6c9f2e589a75,913673389.0719191
b48093abeaa178d1f7fbd83b,720174330.4069335
b42734770dacb7e580a6d742,862492388.7195207
d3aa845e96d22f31a3656aa1,605237865.5987786
becc3ae7a71d597bcb16d261,767543806.0102175
8dcfc24742ba669335a2d65f,668239456.7227786
45e2411d38589a2d85774c5f,760763614.2339518
9761b0f43949eb5307472ba2,861043297.7432498
e07035cb49625760c7da85d1,398171883.2699425
f88bb9c5a471504c13d3616c,585238893.7468728
4bb5265c6e63449e5fbaa270,737912126.9382784
ac73b8700744cb7835f328cd,796165589.4251353
a632ececd6a023aae8a7b730,486404077.2507845
858288683063dea9d5c57420,371401127.271155
d04f549fdf8f34bab19a171c,596321245.1531804
6ed5fa8f114431d158d35f43,341205202.9704554
f849dfccaa8163d24ed935e2,895845153.9682184
bfde6e7200fc27e6e6f1497e,1014338225.4516736
59c11d3de7153d2605cc2273,389588991.9916924
33ddf4e1ed8c864e9db16887,539732079.4122851
00f5ba660a4fcf6ddb96220a,754106488.4167167
a13004b87c6d7e7bf6b75730,948106202.2513311
eebc02ff14b6d270746ca055,670457328.6876714
65ba6e178f3565a84c6ff973,766662081.7142122
a57f40f00f80abc7450aaf9b,658222015.5074868
df37b916acdce817865197ae,819066418.0386453
b5c074ee2e2538aeca099fc4,851356771.5390891
004c9da9ef1b3b5e309e475a,635231349.7551612
c5b47ac5c4b7476d50bd56ec,805272820.3056221
778ec765417db9ee48d697de,745110188.3878638
b287339babba162e290d0fb0,443501051.7378696
4d35e00e86a9d508d82ea90a,286773705.81833935
0dc2a023fb6c5e0b92d86ae2,646308615.1317434
5787d7c671378e596edfb58c,757351569.2039943
8595b5517cb3f1ff8094d67c,862514822.810398
f4d53276bdb5899c6f059c67,772421701.422397
9562ef63320854bc6f94b5a4,605943957.2347077
c04e72fb6244d9a9b28322b8,830774881.5240905
3d141576443a97b0202c9672,1011949483.9331325
7caa4bad394586a46dfad854,867647214.9174705
8420bb74fadc0c8853cda025,406024068.0795066
b274adb68a37458cc5181fe2,916518075.3912942
8561bc940a91f029147430f1,796353262.223395
258a968e403e747af5693a3a,888090720.7518884
0de34892fee879f449facb19,824022121.7042189
9634cfebe7e6b095f0065ee7,854478678.3556623
1f3544c9f47bc00fcdf59d74,384883787.0288302
e3077f6e47d130106e7165c9,807166325.3156327
f0ce47907c3c30b6b5e990b1,902203718.2537696
1432cf7de2beb14fc7603ae7,1031104832.630872
60f0df18cb4324ce5f4bf650,296808462.69120795
7c1dc421f5a689aea5babe4c,781069984.9124782
020dfae44183c65b708727c7,238278605.91465127
92a9c07259efc617e7d58f9c,676327053.4994323
18531c57f6dca78763d360bf,471869744.343719
dacd62440872b6e94ea56fab,750511335.5009032
b607bd072e8293d6594f3829,643433882.1404463
eb86c1da60250e5559fc3cfe,661783865.0758833
fae649fc7256b9a3ec036583,786897177.5452484
b7fa81aa571906a93e9b6cba,751627811.6291025
0823be832fff81b3f1291859,395318641.0748678
fca3a0fe5db369235960d285,366280210.3025262
496fd5c93b2a578d970ed55f,461545717.75788903
9c63c6c27c74c03f071385e2,919276494.0404956
6ebe90f7140b738b3696f086,612522615.5537429
7110d6374f3fc282e4f4bdb0,735352359.622781
d33994c75d98941acffeeb90,981816558.2377272
b8e8d84450f5e0bc8a721c94,830073506.8258868
cba57e3b393b3e392c7431fb,917776114.41899
fc2ceba651bc629e7f690849,725341762.6488692
857761b5fc5c7d101cb765b6,752191014.3246915
55f67dd7302b68477e803399,915476046.4265709
19f538269846412f3e150a4a,916996291.5806817
75e0fa8e5c83c49d3a0dea48,1091006005.5441573
fcdbfb9e15352cf210cce7cd,804891984.355758
c2b91ce4b1bc8c576a0ce1c8,824611138.3016884
73eaff92528288fdbcd61e2a,898098929.1173947
f6544a1c169aafe6c8142907,783596614.6804492
cba9aead5bad82b31da51e6e,712055966.9640625
b239bdcbfae846bf74791728,855232700.2319993
3b823e81c5378ee3c977e863,814141588.4568326
1b4db5fcd1f92d3aadd5c28f,782009492.0685966
b50a6b85399ea2c6b5c33405,852519767.4503235
1e6176a558f301d81bb050f8,688476259.6042404
8bcc1b035ea93a5192256b37,718589434.2813115
71a3f0980cdfea0ebb869935,449165010.9401053
8cd0345dfac13ab380240b0d,814141588.4568326
e66b2c71519ef8756db69b97,631002963.6811395
c843044c1fb30819300448d9,356138402.5318075
4ae10e7fec364242c88e511b,622029601.8114557
c9e92b994e48df83dcf9976b,821108019.8605494
27f41f09ccf8d182c79cd48a,948206634.2882706
d8a7c0b01bb545c414e12a23,899841551.7693733
f3e2fddf1dbb400788a5517d,949901442.3174802
89a066b7d6a31dd066fa0d32,990508132.8385799
c245bfa6587eeb55227c8a4d,225944664.70094144
500d7c5346ca11ba934e7ca5,857877076.0093464
536fa59adc007df763949045,746635568.9579146
223813dc0188fc229b63e8f3,969780808.8206633
7c972ecb7b90537b1da0deba,686945694.9543483
98d8411005ac05d77cb12516,819957510.7026305
d12c08cf48be75014a149873,972818094.0629951
955544a0bc2eff312e965c2e,992993958.6956183
20488db7a62f765ac8da0a2c,598023515.2736206
3f370094239ab6fc817e9ec0,870472338.5870467
ff54bb34225682d25c551178,972818094.0629951
d0c7294b2184d0b4d0e2fa07,870472338.5870467
104e960974eee31e7e0eac6b,674957341.5072438
0d477acd9c95e9ec63839a53,787964822.2513144
6d255e0026d70dd44229a2f7,951651652.9037137
926cdc0242544bbc850520ff,583712887.0111039
e75a05dc0018f29517948ea1,736313071.2264537
dc40c56571cbee9c2b7770f0,778530323.4479713
2f76a2b53e091df35a125b13,533134159.9988478
a4a49182c79c72854732594a,573367378.9651937
50287f73d47b4cc4c2e1840f,717601018.1928126
5efca36c25884a2822bb7a81,366475433.6716363
4347bf26ecd61ebc7a16b4a3,782679515.6075878
7c979648ab3729b2c0cd2106,651460340.7081275
f40acdcf5cb9925c09c9df7a,740117580.7023581
6ff3eaf8b5a2f16efddde1cc,882343953.6058624
d35596846155e74d1a637d7c,839682979.3761518
a389a1ca097a820fd9af9d15,741065472.3399382
ef450748c440c4958e5db54d,900830995.5751923
02779b92b2f9bafde0c75c11,748885467.1705323
77e5e0b64140fa00b0227a3b,249766862.74716228
eb55b0778607da932c3b311f,900830995.5751923
9fa391febd5d0a8e4c6ecb8f,297948189.6544896
6270356f1cc3dff186d0ff4e,875341784.4779532
ea7d5c601c3f8c86ca8f15e1,999760845.7989446
072efeafd082025bbc5a25e5,897746573.6045963
d8bb6151d30573c7595ee7c0,612668329.7691602
f26c43f2304c8c694c818a9b,620562246.473543
14ea4a7c57d830eba13638b1,725487476.8642864
c1ac42dad98d2f23dcbf140d,822169094.1919547
aa6af44635b5d51da4b02059,782242372.961336
291a4ea1a695347e1901bd4b,963456405.288188
024d2e34a561efaf4811c17a,972020726.9910443
e5a40a555d11d4429b9675c3,663157299.2322652
3a10398b72905bd710ffe9e1,1059547904.4103667
340d1313fc2dc8e5b6918262,990563721.0712116
699bf5460c63a4d0e4542ade,924787477.4545442
e98bb3a89bcec8650e33e730,830926531.5527741
5de86bddd492f76596b17a0d,956516507.6476756
95dae083200a9e43a5aaf210,825803501.6805813
23fe512fcb21a0b84781a318,345459300.58906513
a9dd62f527cb0dbfa51aeb7f,639186023.1451892
8964dbb5b0cbfe509613a63f,882096728.213983
f75009356c700f7da7106cc7,792313309.5846671
6f502f363fb55811478e3b88,531221028.5731234
a48f29071cf207b27ddb03da,909381551.0630862
b46bbf66cc82a4345c5da177,691223228.2247407
a460aea3370926825b0dbc13,908712591.8326464
7a21a8d99a85171334695004,783278744.8296493
279f6f594d3f8ca8e8a5e2d5,1010417873.5403453
bc3c509022e3f6104cba5203,911977987.0985359
654d2a3a0e02065560ba2484,689776598.2355558
02a2ebb6eca5772e3526d78b,696441711.8151283
d4646b7f4dbebf9785963cfc,789468631.3765881
68fabddb27fc928b57efcfea,814877490.6553402
53688de79b052b3185fa9435,856463386.4494561
bb962a9e3861b06ae1daf833,794215378.8400042
d80c5f0b8ba55e7cf105d282,756880055.1306163
ed88c773fa9ae8bb29645fbf,681158089.7651938
0c3af9e0e9c80a68acebd041,980333682.798417
0faec12daf0493a512b2fa0c,1047576868.9544531
1807debb0a0b590b9ba4ebcc,776259946.956135
20a2a0dfc963fb8a355e704b,1032324462.2083583
a2c033f497e62ea10ff8ba3d,925633486.0340163
985e40843a30150e6892e4f9,894157810.048045
2ba0807f8cbdac389424ae04,463421332.77954495
9a565e7220cbc3d5d340e8d7,880262400.7449858
33598222854631e92fb72baa,1033557328.4534099
03fb5bfbc1895115a04e8116,871051602.8355336
5045ba9a65b4bce4fd305f82,714839163.5673974
277f6440854cb0c98728e685,871126883.1843982
12c7037cfa63de49e984a789,842745659.2026132
ed9976e922a774cafb601f5e,569165230.9022781
ccc70d1d8e4411331730bd7d,463856693.5543637
30d38a7bab2eaaef1ff6be0d,670311614.4722542
31a6c440ca9eb29acc0f1086,1043621643.3794982
7a82ce4b2dcd2b43485f5047,771016935.9854326
a74be48ad396ae4aa33ffed6,919475993.1413267
4ea46b833575642ecb2ed1cf,256647782.8345628
b780a0ec18c61b0760df9433,977503495.0830873
b83a5c303a2b079585b9b94f,758815945.0197307
a3c45875c0834b144f834798,708814830.7301334
c3ae3f44bbae215f7f2fad9b,389577470.71481615
5d54a0a596d49d9f85f1b5e8,814030637.1964784
355d1fb69bcb4e8e8ed9ba1a,1064230647.5037537
cd791a46ed616911ae7d4fbd,989543721.5632907
d2d2f335839ed35571b19bb1,852148823.9504813
0823b0dc92805ab05d3f8650,1161392308.0949886
f92f4d135119fa88994929ec,937287707.7766585
401f0de98764e9fdd4055406,326663316.2715714
68a7d01e50462f7506f8c8d7,718043992.6384386
e4434407771070783b97c014,929019048.4187871
7e1153d411af129357ae5c10,737165575.5442463
f409c701e200046f574f4e06,881196871.3594934
30a8b9c197bc42f088d0b873,793653107.778647
d5abd56b5a8ab8c2f61a07f3,992600663.0768303
805a27aeafb3ca91cac56d14,764523688.1454816
1ee04111d277e8758f740139,585389869.2595568
b9de7d7b9a8ef7c64e5f6bdf,574026306.6575608
5a12a15af3c0585d81ba8f5a,648421266.120739
abb63383766a9853c1091c5a,866235143.5401285
1f95c205d5094c674f6e45a5,1042704316.5123088
4911a6285f548dd30c8061e3,249883926.08149698
0b9730cff49bcaeb4d703c06,496615995.48944694
f033750cb9db15e886b156ce,1008787740.4421228
fc7e93bffb7fbbdebebfaa2c,791763756.4111094
4f500afb7f7bb42189820a18,839568000.1324182
3921d7b508fa1591d40802d4,912695382.6983877
caddb9dce27a7e8012478da5,969278429.1304407
4eeafa126ac5f301cf60f9ff,867976767.3990116
59afb00a84b4f2a9ffbf71c6,630055179.021617
7baa3608aad1fbf357d789a6,805048451.0090605
a5b8869e9cd3d0cc32a0b298,839857053.2359124
d084dce4ab9c4008ffa3bbc4,850265709.2852261
e3ff13537ffb7172336ab5c0,786637045.1214057
1bc2ae31ed1970ba52b1ff60,786016203.6531597
eac7136b26bccb3c5d2b6202,863205963.6668723
073fccba71b28afd815be434,705220214.715493
9b1c23d616e9407fff6553d6,833609253.8276834
4122eca7b73c1347a7814a70,784668991.0722753
cece8267e60c2461d6c409a2,979518871.9635402
ba4e89128058d5564987dfc5,833609253.8276834
69843aedb25a928097a22a89,923267505.1865104
a45863121bdec787e119b14c,322513036.1538847
02e8811bff38125bcf8e1a6d,871967806.1133192
d709a76487a49bf257489c0b,588075911.9563689
46c42803286c800351fe633b,790702153.6513777
2ae3ae7f794d558ec119287d,834596389.2344029
76991a35e9c1b69e1616659d,693859677.0248306
3de5d35f742cb4eb68d5f314,701843937.0513121
a53c748935206f61751dec1f,745657235.5130093
ddaf8a1e5e6922cc3dee5caa,351340435.4379038
841fed959f036a03697868e8,633473233.0475305
ebe1b5c9471f3441a388f7ac,623627537.1350597
f0f9bedbcb57383511805d17,769537444.466281
f9402b785deedebd3ddbce6e,898712385.1193106
d1f92e6b18faf07ab70ca1ae,710836293.4068692
6e794276348acc39751eaf47,910051756.2240944
4b04e0296820d04421db5219,428881839.70560783
ea0ca17e989ec57a480aa464,966694437.2956265
cc6fcb8ea6556f676c13a76e,863071120.6203436
2778de5e56ad7ece898249e9,984532554.9191327
9f0bdae4f8609ec93588de3c,809267259.6590196
90dcc3f9428a4e7cc396a15b,670889449.1842637
2d7bf0032580e6b6dd1ce36b,1058878941.1113114
c45d86d17d1d0519b455b7d4,863632628.5332685
4c7e7cfb286d82aa96356fb5,579982463.1058196
edc204c3e18368e0a9eab593,1040737958.6380528
e789e801fb5d4501b5d64e2d,702135394.621683
3997c10ceccd2f8c8e43cda0,1001873862.4543866
580d8eee8dc4b7d43cb193c7,757770734.7675251
c823e3fcfbf0c43bf2d82586,1036949186.7970322
30677852542c78698083d4f3,1359037462.592728
8fc78c514a2f1cdbc5ae6e1b,1009568582.9541495
73c618d704a2e1ac2bc41954,779624422.6979922
4ba85374c1d1f1d3f4632ca1,415955020.6982098
9a471715e4c4865b822a6b77,706937361.9467022
4e9f1e21c855f1166428fbdd,622847520.2984846
f11137d27a5d7fa57f94e97f,1027980101.7730722
5fe5f3c5919c0ebd57ec8e36,843557272.4923095
e40742774df7d2b614f32de6,383873665.45693624
24b28522c72f7fc359f2a718,900308898.8892057
26ff1e1f4a6f6bda702fdabe,762345471.1760334
9e617d1fd8a4f33d7b66098a,1068113201.3716309
3b4e889562e4078f8f369172,671754345.2122197
3a50d40f15b1cf5bfb338092,258914365.05205905
cb2188cb8e534973ea3411a5,866755504.3163433
fa57f96bc6affd285d10c4f9,588075911.9563689
c0ea6c76eb977d83c163fd7a,890221542.0085744
367cd12d7f4aa93124047eb9,707807306.4852555
54952b5f463c64c605576601,396856686.99696225
57eaaaf24cf82d885f0f1dff,760249792.1104409
f2ba4a7a0765c3ce737b5c81,853111249.0064317
5282c3c48495dc31359e70c6,331975618.22075033
552b01d72edb192663998c4b,833991836.1693851
5f3a1ab21669ad9234d4dc63,874846270.3637798
68f431548c330f84c46174f6,861131978.7310282
048051ce9bf8f6a48e9451fd,972018133.1430436
fa4028ad48fb2082d167989d,360135552.6667345
5b1902dd7768f5144ae7704c,932568077.7212045
be0a8f4be774eeaa42fe460d,867510241.5559776
16263617308958055850aef9,947329620.0784733
729f5fab1578f8cae4fca8f9,818394127.6066473
bddb9388922dd56737d8847b,779516523.2726916
9847a4ab995b7b1c30196704,934737778.5682169
d19937a773269962c7f9e8a3,1058407745.0875877
b3c8714dcaf5322475ce2c60,932310967.1988864
875126e5776dabde40e29b09,619673358.9415013
3a36f59d7c0e6c4eb85ca0cd,1055202922.6922876
630f00e15cbd7826475d1509,720389130.5169384
434782c3d1dc2b9ce7bcbbd9,766897602.7151526
a470bd174fc7587dc1449c89,1011000730.4020147
99c6f87ac92cc323c8caa005,589109331.0534477
ac9ae945fe25a46184057606,867439959.8453017
15d910dd93e0aec22ccc2083,1027822318.8494047
6e1a9c8457d3ac6a57598052,884721471.2351884
14e179618d1a44c5c55e23e6,639458512.6079932
2b8b979cf1952fcedc63ca9e,264606003.6429795
7cfc3061c0b2f3bd48375ab9,701534103.5969354
7200e3ba2013876cdbbde972,427367576.16080344
9ddc1924043ee8361201b39d,839797122.2482144
f22d6cc8c9611a7c23fa8969,824172715.5111213
b7c0a0a4f5c5b986a70ff249,494855216.39089257
adf176b63ea23e08d252b5ea,763589924.8222371
77069fb9fac6b61aa6a89ae3,954471757.6490607
7f0f27f6d30c743acb3e867f,957393019.5505835
7e299fd8c2d53ff1cf95aee3,961733140.1606679
f309733881a4f89d9c8a8958,787282860.9402924
0f937643c067371018c8deee,643200939.6783326
8e35609c1265ddf59e1c015c,735753789.0253565
c1ba606f32ce0337cbccc2b1,740886362.2075751
15f02dd18da12f4d7b0ac2ab,817723533.6510161
bcbe8ed608f233d5ed7362c1,1219752298.5126762
14611fccccfa2a6499b2acef,698393474.9078963
b10b428245022d55db248b72,744410915.1095092
13e6c5cde1004803fed93cfc,665355475.6373483
ba31c38eada33f680d44627a,781888731.472455
3786daeec4a4fb40ef07d8e5,865618018.0149077
7736ac030d8b587f44f7898b,919269172.8015676
98f89d21e5dbe53f8704e745,779763725.0758713
981fcb79db3881259eb303bb,652327938.9641862
08bb88dabf0070f72a801a4b,796946336.5864133
32d56542ab5486bdaf4466fc,631442868.3071436
c0f911fe7ee2113ec59cb5f8,640848678.2718434
3adadd50e603746e5e4fc082,721346026.1148365
d117e9672b3ea0435e7a894d,652327938.9641862
020473766363019ee40d6685,913325200.3499453
b04d16faf40ee02eda59a9af,689946492.0765948
bd6f3819a1c0e551598fb9c7,348339889.9164342
5520cf373444931ed8630635,329384220.2755716
40355fef059659469e16e3ec,385256509.2832353
deb844a2812586991b3022f4,720170860.7039505
ac0b895f523b53b4abd013dd,627959334.3677808
ac208e250f5ae3e5e1008351,670512366.6427729
0064cd1c55914cc8370a096f,733273014.2037114
165fab7a9f8dd404cf4e9d9a,553659772.9933759
df3eca0f59974a812b4ea9b4,1012436576.5155319
1b7c062b606d0560e850a2e6,627313646.7269584
87ddb3a17b601cf7c61e8c07,747913217.2080824
837cb6389640f3919bc73e9b,946761805.7226818
77bab76414ecb20888cef7a1,707084695.6029323
a9268ef5b7133cf6ed1a376a,778293390.0404289
cf7cbedea50333cd2dfb0e30,725341762.6488692
b0cfed2d25a5d78c96d39d20,466331263.1794706
ec0c283eeb8db461c20af1d6,841273585.8025548
27c3b7ba2991e7bc0c9fc322,940325802.8759844
0332c7ec0d3e547ec6d61664,1051496970.5948745
e58b92216ee6438a921ee0d4,742913216.463153
f7959842378c94c9f620f561,804723628.9881074
cd0236af88ded6bc15b49eb2,919269172.8015676
d40e0c2222c0debe89735e88,804723628.9881074
2bc9bbe0f0216ed9d865a85a,726975283.3956141
e9bbc31499ca187c6a492175,731088072.9602418
f2409d037bc8b3e63ca69fd7,380489345.6163909
5ad71b7cfd356a75021174ab,668937166.5115434
67dec8c47ad4de9605d56db7,606565872.7060759
c6d679cc07ce4373197748a8,1048335113.4038577
a36ff3637b7d2b1c52999ea8,804595839.7163268
3a384d68b7ddab45e01b6e99,780367091.7575088
42d34ca2252acaf6e777d23b,1076473581.9616683
c4b2a42a8908cc35e649fb16,350949838.08870745
18c38418824075acaad8f960,693992037.6353017
85bb6775065df76bda33f738,782820250.5644702
14cee0bdd9dd5537b96d0786,642614738.1751193
ab332133aca64315672a7192,669466142.4905237
d53b60b0f2c65918153ca2e5,427399883.29334104
ed1f81648083d4d2726710ac,586284396.0856904
b6692a933facd74b4b11569e,206883828.16568834
90e00fc58569167c00fae7d0,908697088.3794601
8a514fffdec277cd46c7cc71,972752801.4476914
7f0b4b5851c77d78805320c5,650616353.349213
fed1a608e3c0f2b79cd02ebb,734511517.5861827
075a5474294e25da55373a09,336801072.8554442
8826b9e008064cea38855d35,706488642.3568767
660eb3b40b2bcd07df8f5c3f,715949125.2481803
d55cdfba22aae78b6fab5491,739193689.0245756
ea6e83dbade169818975e5b3,694570016.4390341
dcac44d3f8024c6ea1632432,359866236.6526539
2772adb268cffadfb2917c2f,486028735.25051403
3192bb7190b9130c4e67be4e,791353588.805637
9d892f73b02f001c2f715607,337263496.7670079
c27d72aa1fc5d37f4cc105eb,952973415.7415371
6c0ac32bc8a66844197c5fb4,951210016.6084042
52338f4f7c8af6c649106a96,535810013.19506913
356815b8ffc300fe03073b7a,596279965.5268276
22c780d56cb97fc34f29e9cb,263459664.48247606
806907598158861a6958388c,589164456.5291288
449cddc4dc3ef1e93b7f7c26,719783522.5040509
b225270821758e45cdead76d,425070616.8741035
e07bc486c6f5541e4788f83b,952766851.9782429
970c0d4928a9292748c0fd00,870792213.428317
f73f720abdfe4b5adfa2bcda,749039283.6008801
48d3b0ef6e5f999bb90fbfc1,830270689.1951348
b3ec2f8af6e9adce047536b8,826094930.1114159
0e1c66f843e06f14d7264864,981791047.9904443
91c4f018fc7939d150593935,800585369.8690093
102434eee07ed18268857a9d,1007098658.9898115
a4c70eae507d630c2f285eb5,962995701.3305954
45abee1de734dc32936d0b1d,716776760.0524613
82bdf442e186baa829e06da1,804904684.1550076
019cd320e02a64ba3ba9a37d,659906260.903584
ba1b3c8ac8afafef56233c84,813252881.9527029
3c3a0f57e030472879f454d8,890462007.3458004
d520e90e7d0c44a6b8852e5b,605882356.6674659
38328747d2e1e0e568c05523,869497190.2341694
659e9ad0f593b644071cd850,859169115.3175764
3e6645f2cd377ba17ae2e46e,303444885.71605235
307eb683db84db535106c445,839059053.4181651
26c8961848e3a77d98049638,643227533.8673491
52373e15e9dc1ad371a0c090,732638803.9918089
e5b2a446c12222efc187e02e,487874669.3854857
156f706d1d30de19f7e369ea,204319272.49661896
aa94d2ad36bc0e91bf561be5,738690584.7370756
8ab41842b8e41b89d8670ecb,478976244.76084757
b19ab02a8e22f3e88a26031b,782096658.7459188
a6b1ca7a4e91c4c0f4366984,765611925.1361318
a277d5e8216fdc3d7c93eb2b,822029940.9179174
f939b7271c4d399a5e647f8f,745153777.2978594
941392f9a135909273422dec,724920940.4074312
e07d8e9e38e309958288a516,1085170790.3293567
258f10f742fcc835d53063cf,916317762.5564399
fb672b4cb1b66f2022f36a40,798120437.7758973
ce9dbb6d009cbdbe654edcfc,714323069.9937524
22e524f1fab17d5b8616d741,891593388.4320852
7f0d874df9235245f47b04c3,915606968.7032254
27a8a052b815998c771a1f55,891593388.4320852
b80593fba07e21f8bdbc352e,1017423796.8744466
d18d990404e7fd07424f5a77,653126924.9201978
033599f7e7ecd8d9c8cfba46,931116601.8072423
51cf2fa527c3db62914169b7,688666792.4266338
2b2fa2ed0055a19859e78446,791558441.6651958
a8e1adbf076dd737c079129c,1092589310.2925286
adf948af7b24f9b6f29610cd,828761819.9866858
23473bcde48f634641769e22,612274754.036115
c90486bba327ede32dec60a6,744916984.2630967
d254d88ea0989a609b71fb72,521754403.834965
2373c595d24a7b862b518ec5,882162579.6953446
ec401de1c0ab2dbc149da048,708391453.4350648
17c0a8fd3a2c8b5b18d61e4b,547752273.9005542
1a1016e7a96da2237b391be5,718356428.8109006
c5b40b510bf7f121c93a2332,628886323.9780706
aca37e216a27b4dd5337df99,273728500.2413555
96f59167d17d1c99f31be997,691562462.1047626
062b36cb4a87cec372f9f91d,730327179.8470469
0466a7e06b152c1860d44334,795936140.4107249
f44726680d0c594a2d430bbb,770548368.9623244
8aac8946e7ae5725971c5557,779675236.909952
e1aa6c46135f4d1aa1b7a1f4,803508777.1821607
fdbe5801070756d1744211cc,800542036.3530301
6ec4c88b8d3a16148e2e7348,911501483.4129143
57c87ce038e4e523b4ec189b,688501433.8006982
9bd500fb24eebd53d8262b62,920628351.3605422
85a86e01443aba593f95dae4,758535966.764695
13e2ec0a12c8a48a753b85ef,780292272.7178729
b93dc01af5f49e6dcfb7a547,351254714.0623097
71a42155184509caba01a1dc,383787721.03086203
25fb1c0c4aace859265de172,716776760.0524613
6f63e4f866bda86d5c993c8d,624025279.816202
72bc42a5c73e7b1f9d54c835,1010990666.2698491
c06f36b42021a1512cb6e3bb,356764824.1184545
f1a7fa5dc1996591ff97a34e,817579911.9010825
6128a8deb1f0bfbbf0d67769,1003842615.493426
b5254c6c29b4f6984d328216,339292725.55242366
6cb19c3e491a60bb2c166669,612522615.5537429
dda4ee9f3811c29e2b261a5c,605882356.6674659
7a564ce9a4ed3d2b8fbb1103,716776760.0524613
63b982fab95cd17211a4a58d,455823756.007573
5272c50f1d8fded01f7fb0e0,816233982.6479536
02b47e60ab77588aff6cb433,832319670.9246055
ddcc7f7a087aa5f4797a8a5d,612522615.5537429
77a887ca508d924ad5203194,717851844.3999363
b57ab7afef2b8aee016ce6a0,998140715.6938486
640a801d503d85835eb65a42,972689690.2900995
767ff947b16b2271f516c28d,881445919.5398535
1dbb46a250f504e9c8673bed,731907222.6939373
fd6e9c9ed7679485dfd0b022,791947118.5120977
7dc4f9de14c2924b229ca0a3,900363031.4365501
3064379f468404110d594c87,888394107.2127551
6005ebd6442c62f8becdd2f5,953263022.713593
b62e960eebdf95c2eaaaf9f3,948064406.7685672
7b0258f1aaee97661c34de64,159318048.36313975
91e2f9f7d4ed776d38a3274f,832068781.3324838
d505277049a254f960e114ef,846253200.7977544
32040dd7b8edfbe331773288,841273585.8025548
70e427235490d7d9c9239676,1057318922.9006217
1a2aa38b8e18fd7ed5be77ff,475458131.1270982
4883f7ce7086ba9c8ddd4315,867816638.781904
4116cde03803e63a3e87e847,1046963810.9370263
d6de5d741702387dc3f4481f,907874260.1450765
2346533f4712f3bbd036d85b,981816558.2377272
f6a12c0f02fcff1be042ed0e,725341762.6488692
eba3cb8156e0115bd7dfb525,1003936695.776231
ff27ae490bf03513b6bb386f,994166860.3567182
e87779bf2f8af86fc4ae9583,694424342.9218353
4a809b3987cff0290c1df8fc,662855212.7879268
8f4241a17d1211687bf232c4,417994182.2673282
bd8c1ff6f9919ec6f1dccda9,808095214.2241784
081e008e772c6a79b809a87b,866808491.0399673
0eff08cf4bc42dd442a70231,890344968.9446174
b4e084d14962cc58d4089955,827606375.9205208
d02c3b5ac6fa0ed6db06e490,906240654.0009944
e8abf103cbe9fecbdd758516,827606375.9205208
05308c4f3d0e0887e4a68a92,570042039.9386367
256a6ba3ff423a899229f154,741994775.509276
097314d920292b46eab5dbc1,918826370.9283857
4ce0fcf14266d144c82f8d4b,628812939.6017978
548791b5faf236b1c03b7523,736049033.3261954
40ef1682158d0c3cd07f484b,1007989518.1786325
7b473504c85e9cb576f951e2,596868881.8775023
730c7382d76a07904f559b28,603958035.0011318
e05598d3c49f409b937ff2a1,658251786.0364275
844dc89fe6588acccf0c7536,771987270.5066726
ad1492590bf61d2cc83b493c,743942521.8201189
88fce3ad9b8a965dc11336cf,903605959.4636724
b76d853ea415967415ace0d7,776250286.3510745
c12c81b3eb12bb329466e88a,1075358458.9964998
4e27458d179a469435d02ff4,893819443.2519433
8d15b4bb1447eba7a680ef47,307394131.3948007
482c7150c7555cb35558398c,1005064471.227106
e5d6be06fd53d317c8e5c7c0,731811026.2612373
f798e7105aa8aa66750a2c85,904502122.4479102
eb24e0a0ebfbe16eba466280,1043615405.2927479
618dede0dbd48df4fe610af1,917594401.5529071
6fd936b82bcfd3cd2451bdfa,874255245.6273543
adbb5c4ba7be2903799a51b2,973036219.0029045
3a99197868ce338c738a3b20,628082234.8716393
d4c45f35f214fc226ec85b36,731405864.0506878
c3140ab2134de662162af508,370138318.4350185
0fe23ccd8e42605f4d9f78a7,359837567.54901224
8816e8101ddc4e704053e23c,834596389.2344029
64ecb100d7882ddec6bafbcb,807299797.3598436
9151a8c65e1f01ce591c595d,637209102.8192669
c8a40314be3014c2a218f5bd,917037269.345419
29bd4cbe11f44759e07487fd,667505268.4565619
72ddab9ba5f24941e4dbed6b,917355004.1762046
1f18df9ee1b19359816ed13c,790275298.9066536
fb82175fad61a81e9b665fd3,977307775.4074913
dee2e190c4e2539124ac3ee1,770910481.6895005
0cc2f3a49dd703e7554ba638,889390141.4302837
ece0394e38b152e6c1571324,589109331.0534477
e14328c988a27176e9fc63af,749820975.6911285
a91664b9f15f9d6f262e7b2e,1038751293.0553257
d54270fd6b09b38a978cd7b9,978300898.512474
40c74dec061500aaa78f78b7,706697371.080302
cbf6faf7b47b43b2a77b3654,334919981.58388287
52fa1eb3cc7cc2f77ff98764,580965463.6709952
bae512bdd3b04405c519bf4a,391141008.47098327
e7fbff0a25cde72a38e7c7bb,956313704.434525
d3f297fadece964afe5f1cc4,967980468.2803397
2679ba671751ff16e76f1807,618011026.0777996
8059e45ca26bfefbb18d8e40,873258253.1422615
9e7ee8e17b1e76965e96ef95,895194253.9600463
9039bc918a76e486041842d0,771093580.5988116
1d7912750a5e345f7edcdcbf,522490075.94975656
4fe0482ad622080f55a0460f,778661070.9104567
953fd7541735fa8d9a342642,902671249.649566
0b3021c156324d1e7974ce3b,711162002.3697304
b0a8e4b4ef6678e6b43865e2,1003857963.5021771
bb47fda808b52f30364a4d6f,695714105.9560215
d846dbe691d0ee3ac5c3bec6,875596577.2594308
21932b5a5fa65d237ddb6293,695714105.9560215
07481a101afc1d5db45245df,880353915.2034396
d99c00c516cf57b6fd9e877b,801544219.8587319
6dbb494acdc64c03742fa730,828889352.8542327
35f69c7a9870ac62735d7639,238627768.52994007
2721f5495ef5dde16fd29cf4,878431664.9556627
0c068dbfdafa3429c71189af,754089533.0937207
f3293c4064d71f9322ca97b2,898789825.894523
5eb268b95d7b6006b064f9af,736922594.8027691
e13a1c06ccbf814945dbc768,927343821.5226781
935a1e8c7e62ca9d3bff398e,1039287278.6179454
f0c7ecd3b2261873d3664748,868238174.4389261
d2f20425e236285124eaebad,622828240.7709639
05926b977b5df59857194ec1,603440963.6547486
f548ef815603ec44f4629a60,1060233114.4226495
6cd147720319f60ed2599361,828093579.7863743
6302477fe8172d08f3b4815f,597610680.8125805
b0af9b1e84a1886489d46b91,815004726.7410367
5f3a2a31f6d1838e0a9531fd,989662078.8701835
96786aff35713dc21f6bfe5f,833177687.113309
68de232e27aa83405b4a19b9,849477652.380881
8d252e9b0912f09703110b81,552902533.5900028
f4e646df504728ee1e6ad0d8,595580955.9518514
e89cf4cc82c5283f3db6f5f6,396710947.942213
1bc2c099466f9a989266be0d,624539085.2966764
bef2008b362c4af1fc3be566,654115499.331814
7988f76ba063d25a4f467730,733592735.2084324
391a98a344e894c6397d62f3,511927412.19282967
5ab0b8b0d6d93c4654b5cc14,871296921.4141616
305d6abea2f3e496e3b6fcf4,833261560.506587
f512fde4fa3f1f7fe885de83,732610798.4549174
c7b6e7a287602275f7854ef0,913338664.3622583
3d11a16b008c26fe43deca03,464878474.93371797
ac7f21d22d013874c362d440,564026364.1007365
c933750eeb53302db0245782,587788928.4110765
766a8ff17723a5c34324576b,659533443.4462422
802fe3175a2059f12d7edb99,900713810.5843887
508bfd077c80b6cdfc5a10e1,905582061.3684902
ddf8733adb641e15837bd728,504863656.78817976
17914fbe0c3634dae8ce9d71,794665442.1435646
09e4397bf9794fe24d87d07c,687321971.7720625
302918a3460b98acb64fafdd,625488571.9003865
a7e57a8be8fc8d8a844cf9f0,338024333.0768866
7b50b071f4d795c9b5ad7531,811947686.6331749
91a7bcd95c0c960e4cc22d91,726829569.1801968
5d4a23137173c0e2288ec418,649648718.4245664
751ba0c00d4fae1078c02fb9,818392496.9500713
e6bc998ad1d87c5be3559ab1,831872085.5988415
53aa9cd32e2a6aa346d3d789,831872085.5988415
06f22f7a8e4e78f45ae81638,904753820.689301
2105c17a4e2f97183e24aa4b,675383693.94528
ec13a869c212c39b6ba21b57,733191684.0077829
0b49dedfb53ec812962e31e7,750810044.8441515
69e6fbd4d3816c4cc37b265a,850702851.9314779
ad46f8bd482500f3bb935737,972018556.7451217
368f7a70a62962bf31ec9583,942794614.2359649
07412230b931192771072334,691275205.5838033
e63d334d9ae8b672dc7b7d5c,942794614.2359649
3e1c2c5b0831edf78f7b7082,691275205.5838033
226277c02e8532922a1c769d,781492688.9455246
7902ada9116a1cf7458933cc,956951480.2179723
b21f6e217d6733230a8eb7b7,991702986.9211546
09ac622c303bce9ad5514442,678571851.2797555
ea63bca8e3a77fe88d88fafc,870521606.0115353
a3c7c54fa12d5b57dd997210,758146981.7206755
cdadb2607807935a0a5597e1,736320604.2832024
8d041784b65d33c76e5245a4,985426789.4405588
e6807209b634455bad257998,452916774.79851
b1e3f1efb232cb0976506cc2,565803978.6225238
dea95d98e8bff87b905f9172,983844734.9357454
44b6382d9195ceb3f12d4939,751237936.4933453
41f33deb9990562def18c917,822954029.6484231
0a61250b2c208d42a3077bde,779624422.6979922
c714b30713eb7877ed3cd92a,846541010.4042768
bf120b883bfaf7641eda65a9,740268305.3460501
90b34ed38e0f18988f11d77c,954127114.3864112
feade1f4b3b06fdc12ec213f,724613191.5717828
00bff9be2d524083e3b3149d,570711003.2376919
f1e38e53ddb8a9d5b641d934,769689496.7544731
49dbaf0bcca86f32f86e641e,1042160529.9656717
18539b6cb6884f753e0ac18f,1010800486.3307306
7586a79a0151387a1c0cd85a,815453117.8190495
d533a334c2ad9d510865fe54,338991482.0547842
95f7bbdcfb59b4cdb41b0394,741591952.1871278
4a2ae08359e1ecd39b43afbc,678712497.55752635
e8cf39cada5b7755f60306d1,193720208.6429985
0489a476b376f7f6efbc193b,427432282.7977991
7b31b5e53015f8116fedb0c6,1074372364.5008714
4c0892a39011cc6a37fc1145,676689890.7775972
92d7d4fa9fd09075bec14a3c,989041855.6198709
5e5ea93675900efebecaa19a,344856782.6323643
084de1226de9a6f4a6075c2d,845705475.2974193
54f16cb9563346e15b019102,846756070.8280604
512a6de80962ab797ed2bf72,883613970.3031636
871befe27fa79fc1e1813b19,984515673.8618779
4e0b1df5e05ac505c701f519,490880461.291565
37227e66adec69299f853e51,744948083.2729498
0a0e3ee960f60d04ffd6bc0a,382950759.2552228
82b15a5da307865c7045dd56,868976158.396876
44d596fa36e3992208292ade,890186446.1171807
3569024b3ae4865240973e6d,451692174.29113317
31d3215c8345d48ce9734c65,479873856.6728922
147e7f5381d3c951fc446376,719695257.0539937
77deea164a3a622df41249f5,647559589.6628997
3cdee5304896e4cb9604ebe3,814929264.1504145
f5418917530b72c9fea14f66,587643214.1956593
ffcbce226963f10da8c53fd7,847442105.3710843
2fffe55a1584619bd7c489f6,659387729.2308252
3920eb3f72b96fcb58ef778a,469326255.90819657
d10bdbfbd411ae625dc80611,592664375.9919993
d61ac80c0d4737c3529f4a2e,941960841.6941857
f8948886cb4cb018eca25d19,589478388.7547148
da5bf7f1c7b2f4ad670e2382,858514463.5237879
f406c9c3c92e9b31310a50ec,1018005420.2712477
171b560236ce760573a990fb,976700233.8530055
4d852bd93332172bfb081aff,976700233.8530055
2e1f7569d134a931098a2ede,830693177.2581968
6d8d2ba62c52445d78f687ed,1032255358.4113685
65ae1a893abdc2eaa63d9271,934331476.7293324
c9c51c39725d7df94822fb20,609414457.343685
56ddb54e50deaf650a25e82c,667532290.2934783
aeb330dede55fb66654901fa,757770734.7675251
4f4e3350c429c6afc0bb0094,779998830.1109883
39377d0d271da03ad85c7bd1,760249792.1104409
bda2fcbba2b412981e708054,702135394.621683
eb89d0b7914010148e6bb597,804259673.2377274
513d0ddf1ce44ca671675fe1,966694437.2956265
14cd5f188cf6d2433240b5cd,707807306.4852555
dbbe0b6f5eb07a5f9ec873a2,826477795.7008936
f9acdd3fa50068bc0180d008,780756798.241259
4a85c36fb854e922936b57fa,615512856.5466063
937876bdc44c3b8fe063a9aa,609414457.343685
001399d3861c5792ccb8b515,1001873862.4543866
f28514aa4d6ffa36104411c7,924834937.0229653
3b185e3e31f7f5e6a1b3193c,833788254.2760816
f4c7cc4a249ae7037aa0b35e,778008556.5810901
b74a02ef5cc838952bb9afd4,709010723.8047317
75f5aff9fa70208ddd843779,601739421.2036009
b7273cac93fb7a0034039600,1005064471.227106
b73bcc0cbfa173c9fa404369,904502122.4479102
3c4c18326318a7207b589dbd,316520999.3424285
29a230f7dde5753e65b661dd,914983261.8543583
c083a5c64c4d6952accd7bdc,932166400.8033825
1cf29f882ee8b458b8f27091,757980618.3638422
94c15574aacdc5c3cf5a406b,353427987.0228155
661f7eaf134a5b142843368c,389857400.92348015
14a5bf235097782f468fbf23,776953183.4685192
d2d46c70dc048c92c8e4f09e,679984396.5990876
f6faf74c3f4e02a6b333b7af,871115076.2761891
6dfa362ff7a0d55693793db3,727933553.1386172
b070e3747bcf22ed67509efc,825214988.9456285
7333f19416625d6f4244fe02,700234776.7166101
3c86651d9bbfbb335f15b544,777672240.5803486
9d8affa93ce4dc7c1a21b3a3,908421163.4018117
eb8cc67810d95d1b102410b7,946455334.7859697
047f94605add5f6f84fc3f90,655560551.0062889
56ba332c82c36f07ba6bd271,980236246.3930593
5814a1dd61362ded4f1d8d8d,1027155404.3069249
141ac7bbe9637f9e5142135c,1026948033.5569011
08db0ce5cd15db2404ff3d28,836270624.9672909
c38677ed0876b7996f596336,225480287.1885613
daa4d7da8d7df8efc1adc9d1,463218798.1362421
f15c6403c6d4e3676a607780,697181176.1759839
4d0cf77f8cfcada2265ac585,430718494.08685064
4caab3951bd6cb6dc71ac8a0,651304403.8689462
7cb64b94877a9361f20027cd,514781089.94327915
3f438d6202cfd4527bd8f983,628351187.8230602
b7763beef728bc2021ebb841,551955218.0596755
4cea8ea969dcc433fcb59d96,861838326.2273761
24fadbd1dec637edb728baa3,873647658.2512147
63cf422266e7c39a6c895b3e,805401015.2667613
dbaa5d47ff63125584bf7ac0,772494564.9619589
da12ac932dd8a2fabade4bdd,636955539.9850345
f35538e95b4a567f9b834034,967410072.4005666
6ee1e976768b68cbc8008950,1000625530.9152085
a910019b3d18da92b4c6862f,666753460.6547513
a09413ca0b723170c26652a3,669979653.3633617
2b451da55be3683c33e4de31,990387581.6456826
561840990333852ace562b82,431282089.02162546
b6695af1ce28eb50d7a2c25d,916595997.8507081
9327563b40f2a0f888c68f28,865636556.1691144
3438e5d77044f21743e56edc,700676614.7018322
63cde4fad1be942dc5ee695d,718790992.8624614
8e712705b7de6e791c8735de,693330461.8226452
85de01c0aa787152c77c6180,405355104.78045136
c9b0673becdedeede0209697,298589506.6059421
15ee6357e02b76367682d6bd,904902727.4028838
5f284a75ec8e9c72abc76695,989096895.700497
37e696957da15625da71146e,831950141.3740703
96a478c359fea0014fde607d,958490257.6208907
1a61721fb7306d55dd77b6ba,958490257.6208907
a7577260fa10bf408f1997d8,867964043.5221893
b3f8ffa761119a5441a44ad4,1017001512.71821
a5c85b445f503a56e0e2a924,946488867.9546192
5aac1a1d5da10b76ba4b690c,1011186200.3216501
1420543e2eb5f38e4d38ba81,947308527.3772547
a530e3ff6d7bc1abe333245d,872917319.0292437
aa9988248c7dedb016d8b6ae,1082636468.1578884
fe8ab5495cae81b5478026a4,156642195.1669184
b463c62e3c21e339e7acb52f,802921746.639617
00a5133e7373eae3f0be8f2e,680685019.6753342
38b424cb0e54f0f7f2745781,727684640.4147999
c43530f324a3ac90f53a8849,731697292.481522
abf93b2418fcdac14293c9a7,814904058.7048614
9b1be976725ddd512cd222a8,931230151.1230941
9b7f17ddae12105d47fad7eb,999098048.9406283
3caab5e89722761d5ab2498a,692458911.653785
a2f40c8227b466249d6cb659,554521411.8437936
e6a5007ffb7c1321d4fc21a8,543423334.8874686
0d50b435188b7830a6949026,495332151.19146055
d4bee60a74c2e2235f507ec0,928749177.088353
b474103c4b637ca25b5d89e8,593542901.8714557
ce6ddb82d2ece3b8d58fcc63,403943507.97260123
28403f16831effcb75471738,409809500.1737941
03f518e2e5861002772345fd,377064905.1796126
011a6d0f12ba108ef15076b4,343699261.8966049
93ac0b004ca60ea56cc2bb9f,866497435.0179085
1b70fbd3e46da8c47c3eed61,485645381.1261721
cb40d6ea6a1eab77a60c1ba3,651786855.670047
87c73db5d50e8ec3a22e6ccc,650026834.9930366
9aea45bade274e4ed91ec301,573415315.2475406
43c22bfa9a14df7b0126c12e,580000324.743886
6d848e54ee68e6d8f23b3b1a,335284016.3306726
e5cd7a2aed48057b0dc8d970,408444876.96649307
bc4b94c892fea57ebae3eeb6,526598920.7075684
e7bb12e99318573a6e6ce1cf,761467472.9527066
4b52ebb0f0a8878def4170c9,950742068.7832534
3e85b447edd3b23b5a0d3b79,732499875.883828
15005fe7eb24aa25b9e3cee7,832068781.3324838
22e00f8057294350ddf4d42a,736930639.275521
ddf2583bd65f02abf7ce3280,709982398.1537845
704e5657734af93d19a0e5fa,741608006.0330517
cc1a11362066152d21d4cc60,367742941.898218
12062de068acd322b610fcf1,1031963929.9805341
e9804af0513b2f68daf182b3,720358960.807024
f13d8f4b2e3114d71e5ed941,892937974.0793077
11bccaef3431fc17953eb81c,1069888206.8305062
ef2b9c11f884cc5f31c26f60,674775882.4647262
25986c851e13c92ede6c6d6b,954491054.6768148
37e28ed39a51956880d211af,898098929.1173947
9530217ea0b5d2395adfcc9d,907225797.0650222
d8607e3261ef1546eb0c30f0,1066820604.2520846
22a025ad47ba22ea9fd1a094,334529278.37552935
1c88ddc21f3e8e4ca633621d,522037355.9051364
e45ba581daff88707ad842a9,944571413.9408572
d7e97cc158c6c54b02fe635c,865797340.9787819
04bb7cdebb8b66e783058248,647942850.3164259
d60cf6dcb7b4b40077536604,981147594.938672
85ceb648cee9f6f3d221254c,715271666.0768143
f58528d3ddce3bc6c71bfce9,918470082.3360511
c269765ece36cd93058efab9,726584721.6693912
919bdfeb16dd0bf67787d53e,612668329.7691602
ed8eacb8746dbcc3c2ef3aa9,843542321.86918
15ec532ec6fb73074b9b12c9,882129603.047033
58a724e8a0e05140b07539b6,725487476.8642864
2b7a5be93795a65d29970b02,704843935.5118155
6dde9af12b6597425160a47a,867692934.7906301
f0ec99c13c61e89310ca9b8a,606978549.812088
65c83da72c07b8e74bf581f5,904896132.7917502
3ecdb7a7d178b48361340ea9,836414096.6648827
af22669e3ed10470623fd8eb,894966327.020442
748c981380925e1247b9e64e,967699175.2098862
78ab6cb1f62a7e781d4c4d0a,427129834.36813396
e80ba06329760362c7685ca5,642704592.4529442
3cecc0cc43ef46670a8e69bd,799556915.9548265
527e4b1b06637b5362c8f17d,923081525.7501944
cf9eb2cd0f20b13cc8816bbc,200950381.26988003
4b3a6baf8196a59bac8c08c0,741096446.2603483
9bb9864a6bcff25b17477717,621156573.2328969
4f7d630c921cff500705ee5a,492609313.06580067
7b7c0544ece4aa383fd5b4ce,740798622.0435997
191094739043620c72aad2a0,836960089.1443613
a20435d582c7646db231e7d2,900977862.1882609
1555743ec7e2f38904852860,551097090.3958306
1c7452cfc46652a60b7a4f05,768651490.5138421
97439d5a82f970e7f50d51b9,709064487.1603024
7667cd57d0bec809417c9b11,707435377.9284062
103f6eaf04b44c4013acf097,925831710.9042689
e6ef433629e193042bd30f4d,759670557.4069749
2ee7f959d069c9ca223115cc,722911787.0684577
b46625b69fba1afc154471e0,907918430.9171813
5cc0700421954934cd8dc445,867060216.9513246
066f1b68f7c053a196662fe0,777375938.1910032
645e1c7b799a489887086a1d,868238174.4389261
f426c41d6d8bc99f359f480c,511795271.2890379
d1be4eae680cb16d0c842606,1060233114.4226495
57a5f4f83a474ae156f207ee,736922594.8027691
53eab0ecc3ff098d55666699,1063311032.5367999
54022fa49ecd9cf290aefc89,951890762.9313542
545db4962e6294cc5ed07727,931230151.1230941
8e17bc9f09099ba3138c232a,1022858154.7341248
3b4b303bbeece313f92cb85e,716723551.9794085
d0119d7bb15452c473ed28ba,868378063.9820701
1a36f98c62f5126c8064314c,834283264.6002197
96a77e8e42d676b0da3fa572,621926250.1974373
d7d6f668e3e40d957163276f,835561560.9758036
5b908b8abd8dd0862440c172,713934494.0172104
81716dd4aedf72a6a14392e4,504897056.8217247
47d252717c4bcae3e1ff19e4,861084358.4644897
4f0b2f7e4d787a108a4d2537,862022012.4302535
90a43053efa1d292af692a87,394136114.782594
c3df4b9fdaa4dcb13723b5f1,715714191.326028
4b905620f76873355d317dc1,712097270.9896181
ea16314310144a10c81da9c7,231441522.7917222
0e5db1a36a521a5d2912b238,578976471.686382
c53c58dd7b26902f67c3becd,835927443.183014
6c17875f20f58b1fb211c18f,1117459580.4285748
200020552855ed39d1af999a,642136833.749285
b44b862cbd855d46954eca5c,929299269.7017796
ce47299ee877638c4729f60a,951157480.0505975
3a28bf9841e6a9d3f1bc293a,716597017.7308437
3a488b9e24d9b8fc7c222e20,194263930.6382624
5469c33200ffa87952b356d0,135508089.5811672
b57174dd86ed451448dc501b,690176161.1773449
ebe09efa32acf6d680341840,930518671.4675084
33f7d5aa494288cc90d60456,903642377.2657506
de9a32ec454c2696cf75eb0d,830686328.1174723
df4400c44a166c851ff46eab,754416299.5610222
5dcc8f6a6854a864dcd27a87,831872085.5988415
bc08ce9f24533cd644ef08b8,619802532.033099
2935cc0e053bf558a8b73054,831872085.5988415
f08001f2590d7b734467c58b,569920535.924595
5a9892659590355b91442979,744037887.2584015
ea34dfefac91681864c2bfe1,838285625.6985494
ee3b5d47d05a80c07751f7a1,933667746.2883373
448ad01af4c5cfba3feeab26,933667746.2883373
bcf43ae0b4b15ae168abca97,832449116.0362228
8ccd326e4f515bf7e817a14a,882620343.1712066
94535dcf38c9c6461a73db02,241234698.81654254
9b3557302e940d4da341cdab,510821759.7227332
edf8c961862a4ff8e1e44f1a,750557385.6711631
6e508fb72f189a4fa91bde58,952195582.2690063
7d0a4771afb00cf9a38ccb81,946725670.5155859
8c32b6b31d1a1d5736c4df61,1061863368.4628584
da782fc0c8a79e3e250f0f67,315284621.08166194
c86e643b7f7b57b4482020ef,324648879.98199606
4632f1e8fc93e268ddeba07b,733986076.5297191
2cd372392fda500e6526695b,728358876.07462
a05ef49ad8b2d6c466ac7412,1112192250.8415284
9f50ed2b7e40847ffd877f4b,881321591.128677
c00083aa30ba7d953361674f,295125256.5400758
50857161c59b991304f5c55c,682709738.1583221
3676f63aa0ab23ca7cd344b7,894136108.1592262
3710ec95af4702c45f165279,830730854.7343733
16db516a238934a730ced1e8,609034769.595922
d450dd622183c7cc43a20d70,674688933.0861387
ba84fbef80c8a82895ec599d,952527021.2681227
ee85a12b8f764bc15164dc7a,721998098.4613736
0038a3b703f4ec779bbcfe6b,1009616957.9723833
aa643acab634ee591a2a43ce,634397934.6403413
d6438814f4ff3853bf6cdb13,990272292.6403769
a37522af63bbed2f4d10900e,947454241.5926721
0b715ccd3b3e01444b855857,418762468.40800023
fbdb9caee4455e99259cf921,768204018.966961
b3c02569b8fb721934f51c52,480410820.628445
c07e2ef0bed4be12e41c783e,753729083.4727471
1b4e4016cb766bfadea42f73,291692395.81334126
ecf4e968c925cf8322f8a0bd,511169620.4789768
6cc0e6bfd30ed93fca2bb217,236764094.26829982
3e7f514983daa92e49a7c87a,568612736.4093195
97a22807207cdfb341d5c50c,280074862.42402947
3f9e95762d2f2056e9716039,595546715.9151101
255c5b92d71a00c3a73b9aa8,337788525.13774514
58d24ab99d74ae4c449c90ba,776092636.4309736
51d1df6e1f28c40dc9074b74,985322085.3775764
16261339c3a99635717fcda8,1062100674.8594655
1475cdbbac4aa486266e439f,814970965.1588908
2a9974fe07b1e4427e386e06,866901099.8713766
cf76689ebaa20c70d9db4d51,966403008.8647921
f9379319f992cbadc43b9189,743185271.9703826
62313cfe4272d263173e1ea9,858125875.9724389
b2c62bb0cf8d210dc4635653,944253105.4072894
5d2fd288d33283826210cb90,907225797.0650222
3454ab4ad567d2d22d990fec,727672562.3387531
58be66aeab226c35330d57d5,705634263.6755614
315ea6fbd6b3261cae7fb900,772040221.6695377
6930d8e260fafaa5c317dc82,745608333.8664463
0fa99fd0e8cebb71a3bb0871,603606765.6811873
fba946e4ceea37176170835b,736481465.9188187
b53d4d8d0bd4a0ae84fbc22e,672317267.144087
8bb1a2ecc997779d1addf12c,491341150.0702807
6dd97377cbc262b07ea2eb99,828235805.3335415
5c50853824c890a5a7f0cd70,848334392.553314
4c3865a97f5877090e7a9649,810209751.3444898
a3cb2a035f98276076f2d848,359681326.42999876
40d04ff9c405cccfc82ed5a5,574274480.5943732
22caf82aae904c79057fcb3b,724482756.6692476
eaf87358d89af17c3e004c21,1017821279.0729338
9ab5ef2c5650c4bd05248990,285757832.55922985
d96e3063ce77ab1235e2ba26,548832786.3828838
665d62a8019b27bf5ce6e6b4,425133840.9874252
56234f11aae98489ae00a8d3,867377704.0881748
76a5158e1a5c1f9fae8ee882,730659637.1308804
d974970034de145d469d09c5,587651476.4467294
7b5db1e4f4f47b4bf7c827ee,650165220.4627192
73ff6ce99ba5dd8cfab0faed,607377062.0863323
e1cecc8f17883ba6e2723826,765656830.1729238
857870b1412b84f0f19ed751,593089623.5420127
d89dff35fa1944191aa9ed98,1023021418.2909958
86b89233e0176e034ae3cb7b,798945298.430436
dd3d529f3745159d9e7746b2,867058024.8646235
af10ec1529a63d0bc10b056d,811459458.3752172
a2645174e4e15c49331f576a,907280403.0105529
311dcf366691c44243b7b89c,767038164.0197675
4cbc74a93e33f7b4812e1a7c,400789754.8587997
6e0140e1d667cecd155c6e23,841369568.3123784
dba6308e2358f30b7ec33f59,849259781.3238446
761ba98d35074faee3594dbc,760981764.7203872
b961220d34be930fada80887,782543651.1823804
c9c3973bb37b5c688a7c0157,818245011.8583698
79a0bffec81b17d606a606f5,907280403.0105529
135f6f92c4ec95847e8840eb,305395536.7551461
05858b1e4445f56f22e1f4bb,899529605.1788805
623b7d96c0fa09e50148aa7b,893520830.9409767
e61e5d3288f02b904d3b1e38,972818094.0629951
0d173e7afc8f8babbef6ae97,941110807.0181386
7635a792e5002ab99ceef583,441869165.3095841
4da93e7126354a474d435a4a,863597763.5948929
a4c71322f79dbbbedab3191a,1087459832.2970278
57ef53ecf8b709ddc05aceec,716831885.6213558
65c3e09ee6f1ef0500ca4316,720495461.8256706
74d0b6e87c2045f95fd493c4,846262674.8226982
4a3d0390e005fa5b4c9403f4,874320919.3082364
a3aac701ae444b6d91b7bb0f,923094630.7346121
4afa3a1b63c076123e7a5279,892806694.3843429
c97adfa6f5ad3e3db6b80edd,934022948.6844479
58cdc29143b85386c76bedbd,911675340.879248
1f81176d8a0c61a7177c6c2b,972705426.1398921
1c2e69465c75fb3af2d57351,994928233.7297945
7a10ffd970cc822108ce7cf0,988894072.0933747
3bfccc757ef82ff2774f2db9,929367312.6140523
3c753ecb3a4f8ce43077a6c1,1006109963.9734305
100e9e2623cb0fc52fb08813,794871891.0679157
90a269d52e47c1705f9b6cf0,1009860011.3849839
34f4df9fce2ec05633d0cbd1,724305337.5920908
1e4fd826fc8693b17f6efc3b,676599367.8288194
efd9d848677015f13688453b,638253670.0123605
07cd866c871333283ecb2d23,928042350.4534875
76a307d6b36b8a51115e91b2,742931258.5115147
080969c751cb94822aeeb755,641184796.5095009
1e37fb708b70b6b5e8fb5cd2,669240380.9179323
4e47d2c8ccf9929ad9c84544,670146138.142271
3c877a0fbe08cda958ff8f46,866380857.7555456
ae59a0d6441697841d86cfcb,567848056.5602484
2fdb80ee4f9a35663e92b3b2,729630882.4294081
3a513410a390c75fc14b0b3b,915968366.3909651
0616401503f2ebc05af7ce4f,785226675.6399131
98b973c8597d5805f87dd074,825721212.7553469
7063abb555d919d5300af3aa,865497788.2160585
88c4b21ecffe12cb6c408a6c,830730854.7343733
75a4421cced1111492d00298,866755504.3163433
0482cd89d767b3b7de976c3a,541307060.4920933
bda9e5d8048acbbe5a9d49ea,651723349.6103774
2152ed6b2b2eaf16ec272cb6,797419915.1136636
9bf2e0c1bc82010e92da2540,809041157.1497542
110af3c21ecdf156898c7c0d,902226874.2066627
2790ead3eba9370f00024472,632391044.7431754
9b06c7cebd33cd26cd6cc089,947891384.2389239
fbb89795386c14f5088fccdc,876637109.5036051
e8a3d9d6134ae8d631791e52,1067534613.0352154
5c535b7d92e34c0fe4b66891,751199626.4828936
d88544e4e85add30aa795ce6,869579512.730625
01b78983d268b52137e5ac1b,627989035.0457641
25414034e50ca33fcdcda4cf,910737198.1135731
2212e0125cb7f75390020951,709885428.545081
a4d5ea1b907e98be72b5c49b,472975313.40969414
2df90c0a3e2b9138fe276a75,848202500.5774641
c520b7e8de3796450ce49a30,515620542.9195606
35114fa32397272437e67a54,694814102.6361729
bb5726ac16b4ade709151159,778590825.7987541
b4dc6733589bb35444b74c55,912156515.9900343
3b0b0bb06d95c5ea1aed2d95,562642397.4238986
fb7bd85c05cd74d945d22de0,554855610.506583
6396667677a878ff61e1b536,578654248.0562215
47b5804ba1a998c3e7544092,892694326.5453184
ad4d91ed26c1fd5702b94064,694005746.1133078
2b802261b8bd839aa0b04b16,875908538.4265189
0bf9fe130da23aea7142bb7a,875227900.0275952
90511f2411d4a37a7224b995,807703230.5516436
1355fdce5b97bb36da15734e,962365437.3820199
775a6affce535c5a19ea5f30,847258155.9999287
e36d70d72c2758d7fef242df,906928202.5816016
2fde05df6a3aa9f57385e6a7,597208704.8527759
5e0100ae728e347eedce5b14,1060233114.4226495
a636ffa140f80412f003734d,826057213.4920185
74746d24b9bd86e23338bcd9,736922594.8027691
99c539fecb3bc233288ff905,919574530.4222515
44760087930212643641eeb4,939055944.7221308
2c5d940b5ef2276f1fac1ca5,868238174.4389261
b26f22f1fd5a991ecd1e07f8,926566307.6379739
1ffafa78622c45ea4127ce82,902305153.993614
32a555016892e7a74d231545,621926250.1974373
8d06037db08d0754bb67da4f,777375938.1910032
80255211d99c72e343b32798,1026234145.8715312
070062cd1c769f3be9255af1,939055944.7221308
0451f65828e628c2220df77f,716723551.9794085
d96f6225db81dbf3d1a0e9bd,735498535.1328299
b1527eec2e6709dc51e03f9e,861423407.1618626
5464fe43eded098294d634ba,807703230.5516436
ea37ad89fbe4159940586718,586609560.0930293
4057a676e7012fd37af9c3b1,583712887.0111039
51273a81121232e7f30cfd1e,567332632.3167056
3cfd9ba5c6993718c0c532ff,840923550.4284505
8567e677b30c410df80004c9,785656151.3971293
7a34bcd9f86f5036b526c3f4,748595085.0503907
3dda25226646e1e91f4c948d,748595085.0503907
a2529027db6b525e365e7be0,642685702.3304319
c6115d5e908e04e67915a581,704770714.8800933
8d0ae601094562744c8dba4f,495066037.4254788
55209683056fe2f9faef7fc8,628371332.1573279
e840095310907e82a159d683,748595085.0503907
278fcdbf16e3064ba42c6785,764138246.6734605
74af10afa02e7724eeeef108,783988743.0708913
b763f71e8a5bdeecf0f3f0e5,476041163.4215567
5472d536d1b6b731537bb67e,939402748.7649238
995ba6d1fd63d5160fb18e71,1248382538.986465
f424ca724e7df1c37ed78aa9,736813164.8117449
c2aa451b62293042b7244fff,883434654.8120937
d4ca9506161d3f4bb3ca57fa,505098834.124409
799862427c1f335eadedf4e8,703322654.70593
1f3b3bd08063993c23586c93,500609252.57188755
817422f4c278ff27a22b05d7,762345646.8135746
db9798a3f9ac287754f3ae01,798186129.8282943
7ead45d1f505649429904307,627130942.3951069
ac7ab254166442188c6c5c25,395806043.5652171
67250a8950aebdbc67f7fbfa,890322826.6149993
641f4319c315cbb74872b8ac,675538186.2298658
710b0541a025b1b6a5a80c41,818961995.7884125
a10f459124248ef30f290cad,626535575.9316082
1aac53220223d0d823e70d0f,554796580.1830366
9d0ae0c4dc11d8c6d94e545e,784330745.1459621
be685d2954b8c7337ec94942,899442601.7022864
e43151473292e4e98f121f63,265370308.72973716
e04fab3d74d14be3b8dd2c8c,799545730.5282407
c77509a6eb6665bb8eb07d95,859542931.4732745
9753470e033b35407a2eca2d,1048985047.2248873
825f57ad0527d4abf41cffc9,993471091.5756221
0d8074979d302868c2534262,847038107.5709128
15a3e60c7a5d55243057d7df,720620239.7408378
6de06f867a28393a9e95c7d4,168109281.39608017
4d418d0079828e244dbaff5a,684958234.0361252
2de93fc191360ae22b0402dd,475341612.31474364
86792949f2e6a347208cbffd,649648718.4245664
6d8a0768adedcc1070d28390,960578129.1378176
459963742bbaadbd9db97723,653553661.109123
235b10cad7233d579a966948,802415267.09186
4443407341bec8b7b0af40b4,876199966.8573533
d7047492f4c53a0cdbde60e5,823667190.7204764
5541cbe23acd6ffd4aa0d939,972018556.7451217
1d0853f825cc0aec6f5544cb,861285743.832885
f016623361c6ccc5163e79d5,900972952.074033
d280fed64d1c23ac9d79ce20,900972952.074033
7e86f11cd63ff6c8a3c12fe2,898801034.101794
9d7f161ee660b1bcb54574b1,1027385176.2031529
a0722c5527c6d3cd5cac9477,938327373.6450446
278a2cd98528eb1341a6b685,472954159.8783729
b755f88ff3907bbe2a417e07,768763253.358532
2bb55b0a92d62454867bb158,666415638.7933309
960c9349b6ef9b747ebe5829,858476069.7759516
2c8352c418097f82a50d9bbf,841686457.8147999
47d7ba800f164f397fcafa9d,717013312.5572685
610061a0e67aea7d222f08cf,960505882.6513654
a33de2559b5f56d1b3cfce08,956842483.3079575
f020fef57e9069e4dea2d71f,886938598.9625889
883f095dd3f7e972d7dd3c2b,637977449.8066336
b0b784bfe2d3c1b3b1320613,816157752.1243224
1ea66dd4a72d93f5967be730,885507822.5394475
90b04117887941ac898a67a8,220742568.8994336
022357a3d48ea87d58ffb46e,686428871.1061708
292224fa68b0303a90063801,856211064.0098249
6cf924390dd3ed4454403887,375581264.36608475
555a293dbc104e00f182fe34,761144228.8535471
e13ef02a57d35f71a4fe6121,636491230.9809377
c82929467d22589ec62c0475,811720867.522972
18a74c9a49ad381aee5e02de,601370594.3278117
da40d46cb91d9e59fe12e6ba,836022304.714271
6320f26d77fcd56675db6b97,955308707.312619
3307731f3bc518012912f1b3,965618814.0808698
ba94572d1e050bb92522f112,364246220.8155802
6e0d6bcb01e99fc4959d3f7f,287604874.2937627
dc3cbbb2fa00043d02958219,801037437.2056595
495aa774f4db66db6df30e93,707402396.7475511
6ba298925ffad32daae55385,612668329.7691602
8df5099d856c7f9de43990ab,703940406.9473283
93c5c5d9d1e99824178be9ff,920609420.6894269
ffbce3ccf241890ec95104e4,640000846.4187117
2c03c38782e365e68b32d6bf,327885310.9244178
7734421098413f27fae86fef,759433540.7522376
2b50969f1faab80655bb9104,641977785.2414869
025a98586386211b1519f9be,332050224.9345793
6013b8c04f7b9fbc74ef1ec4,707378100.8812894
11075db1cf9899c8640e1b90,779568255.7484496
61ba09084039a467410aeadb,879641224.5191593
eb2880c2433c4b2500fd40ef,532599724.1866376
f7f8607535159c82dbfc6c14,231381608.63883084
35c7a7c0ace36f4b95423c4c,339658882.73300004
c71123c31d02408cdaa74daa,882129603.047033
dd8aa138623604829d56ac2c,287604874.2937627
cb94eee5ecfc75d0fd5ba6e5,852785314.9938978
ae6bfb4eb4770f2266e3b961,324542169.8590646
573ea1962372999346590c0f,1076314648.314615
9f7204b4bb3ffb8591e3164d,917956683.3105716
a4410bebf9843297fe32d63c,787203685.6445482
2afd9dd680803e3c12d5242b,783198862.8511305
a7618c242fd918ed894304b5,579651857.2123495
5ebc5cc2c1488f681cd119f2,703940406.9473283
cd53a991573ecb5c53f47986,811078591.8072207
75ecbc0c0e8e76bb8d734f60,744798775.506721
47c2934aaa5934c68dcb9e51,689124643.8227437
386ad1ba1cada9649f3415c0,639520860.9422477
9ca0839c9c294674e86eb691,951453620.2851021
bdbaafd11259af6300321a89,669074508.0535184
2e41ceccc918145dbe7de0be,698764766.3175347
11df35a3fbcef34e47747e38,187597004.07869244
b0bcb64f2f2ba69cc712e0ae,466476977.394888
bce0a4447db2d54d36661011,410509969.84663373
ef7ba10407cd74590ea3fff3,844814339.7196404
a743dc3903eaf3576046ef3d,658928488.795233
b3d072ebd7908688d908d350,976331611.7152275
a48abdedbe3d132276dbe403,972020726.9910443
c6b7e739125907c86a8997d3,788813168.7976367
813d9415d9abca46ad4d92f0,1055125311.7781733
c631f8920a2fd1160f6b15cc,660213849.2499783
16194707d4e85fe332411bd4,725487476.8642864
31e241881acaceb02ef915d2,815050636.7043992
a3f1214ea44063ad10956fca,704312246.2791911
ab086fddcb949e3dc0ed9b5d,841514151.9679496
ec4df02b32d90c019125d108,834196568.4208366
09eb808ca3859318d6328db8,122597847.12340108
f520fd12dd3ed32ba78d357b,756110664.4198128
0a2f7379cd1bed7d2d2d5a01,920365066.1806235
30652905d3eacda34ff61a9e,821785360.2653667
0509650d34981639b9c64a22,974496949.6663252
77cd6b199ee485314bc74626,552708072.3630668
10c836c2e566dfe9edcf3d8e,944089296.8167464
e109ccb29c02c9b35b789c90,948239841.3242222
2d60a221b478264cab9816f7,784557006.4103391
d34c48ffe935cec3358b2247,1069329696.70478
9cbed1ed72b444c22d8c1614,756164371.3942832
735c3aff4c151dbc32f9a76b,868586649.0829052
a4b6ceedaf89cff74a292ab5,827160210.6037965
052957f95b6e7b41bc625009,720744251.5621403
33a61cda27fadacce0d1aa7b,1091227333.7245545
6c3bc8c58ce67b8bb9f5894f,853719183.3426859
1988513503246248b80c7f17,874807730.9736507
57c29184563b31f5f752c5c1,987419085.4319234
bc6a7d4ceee8bbff9ac5eda8,739592074.0690373
f1b7ae24195b4414e6d6a001,987419085.4319234
e7b3ec90b47c9e6009ca8a75,844511049.9346244
39b62c6fca161b80bc6726c4,736782988.8809913
55163359d7cd910861059389,1231449304.8198657
df35908d6ae2847dfc73cf9f,880280148.5449802
ac822dd448e04e9f8dd1721d,981436853.123584
7e86148f53beefced6e0f3e4,515431951.52234095
6eff15cd6372aeaab2e665d8,464549043.1391918
0a1af9bb571b90233856289a,468943412.36598843
b3cc5930a3cb26e35a45e09a,540224091.2959924
0c12f73305bc7d72bdbd9789,941795215.9384458
ac048209de77cae737d60545,638602574.815638
9239fafbffc066dff0811302,204109816.27874392
8e0ba427ea909cb7943929b0,811534224.1218356
b3c99f30b16fa80cdb4f213c,780511436.8776836
d1dc16c82942902c668a5c9b,871015922.656162
5cfc9e48ab90da0f4e98a7ae,800335300.1221552
9abad9f79352ed42d1a9f099,405199838.9191656
dedeafb60b4a39950e7a984d,405199838.9191656
74cca5cd08c4bbf5d0404d74,743988534.3274195
b6aa1cb0187c4a1715517fca,405199838.9191656
e22bad460ec1bc991f14bfbc,960521690.5848814
594d46a91315527995cbd807,665974790.1685194
2c0b4c8269cbe25a4e85e049,864667622.8795646
1014d3a98e886e1a7358e29f,796984818.4831283
73d6bb3d6ae08921a6117f5d,802662679.9545317
de3b619a7c80549db6ab16af,354017568.80589336
da34d6cd832009e428d2b467,664897197.3505027
104722434c2deed04a901aa0,542914670.0656493
cee66eef685e4764b9553a02,607377062.0863323
58b40969f1b73182cb6d30db,607377062.0863323
964e9c3f87176e761484543e,493205911.21943825
19487167081a9b0dd09d7975,925832216.6312051
7d8e345c9b16d0fd69f848ea,865834079.0645926
7d4ba999100c8e694fd820cf,919264838.8274772
c6b157e7a6ca08d04ec4de4f,568344674.4787941
84ec2d5245cfa146dab05065,723231414.2297202
c844a386941b86a3d4c0312a,800708259.8931572
0648aae13097ac649fe714b9,892493409.381966
34f220a8ee1f24bcc5790364,742243217.7180246
d12eda0ba04f846d73cd7acf,458496771.95233047
c12904320223ddd043f39c63,894136108.1592262
8bce0097d22b34a804b502bb,716934174.4328831
ec1171cac1eee089be6f427d,769376660.0580684
5d85d77a06d0f0324d15d162,902226874.2066627
0349908483ce628a0a5fc164,932568077.7212045
d74da3bb780515b1273d741c,876637109.5036051
64cb8fc8412c9247a5c243ce,1067534613.0352154
3a53919313bd750f2b1af906,870258846.6786557
91d265ffaa6b407e9747b15b,833991836.1693851
1db1d1b76e09197dd915a8f1,894436747.7935869
6645a3080e5d10779672d139,1019064194.19674
3ff6e77706eae698f86eec29,844254681.2908708
4670d21fa84e40184f03d5de,712442830.6078011
ee8bad3fdc93f7fb79c9cbd8,934520240.9428123
b624f0438025478c9f66fec2,726614671.7510823
37dba4927e327d3a4a0c1d36,834505477.3505971
8d16b1bdea35630a3b09b192,667172249.9342412
d54a4c353cebf18d452be515,871962974.1592656
c402811ade75f5e3dee73ac3,971543305.3066572
dd926903e87d691a0f15dba3,871303579.9691975
cb01687abe09df6838e1b224,696975590.8592964
6ad3e1a47d1055b55d14e091,808932333.362997
b8d50a94e8166e471fd8282b,801437482.8667067
a77d82703468f2f9e8f2ea0e,794935199.2587255
5d2be469f69f31090769efe3,855100155.4676046
c4e8559ee733a551649a5dcf,1010238732.1060848
5996fc90f923d6e8527097ae,318948289.17397267
32d5772adbcc785ecbc2c55f,911785120.0393476
5f088237d263c37e78264bba,485647324.0628173
799afa0396b9f268f239db51,365824588.8794881
bd23b1463f0936d2ced5fc67,678355489.8957814
8f35a5d800d98481d7a8b6a4,714721288.775799
371b5ecf08973fc6e6849d14,634023656.9179547
fa70a55dd0e2053a1b566de1,280005424.9696077
584364cece0bc4d17f0e7fac,350977204.9149871
cd968f8973a267790a38f2f2,564447907.1438159
c46b122728ef4c9ae8be444f,844258228.0026239
4056182cbd8c12cd87ad9e84,1111107818.0409982
6ac747618b6ca674e86cd275,435226980.0593105
afb02897c700dbac941ba8b1,883103244.3515273
198cd3f4e9be65b83f01ceea,761294169.1765581
c92bdf97d7f0a9a12c024406,426502427.4320643
e00e5934d1941490834c3145,993605268.1320186
5b139fdb19ff722a846d71f0,875617109.9956844
8b554961129384797391d1ae,848979628.9315588
854e27be18fb8f24fd433eb7,693714317.6824733
241d9f8599ce6cadac1d6609,752156588.4570551
b85b37ae83ef95baa03752f9,752961664.9045213
5b3ba9e56e24e08e1f81e220,667408817.6336119
58c6518f9d2d0526d31e7566,498892594.87378836
38a1e2050dcab9b4c70c5e83,322696476.6780147
da94e4a5fdebe3ae7bb1adcc,849324394.2862521
49fb2771ea6c1e8950cc9a57,896379575.4048725
f2b67c40a560af8729bc6072,716176543.9601109
13fc2dd1cd32d9cfa457a5b1,642369752.4907423
b6ebc3b8408793f5058cbb90,914694376.012309
75ce506dcb994b10497e6816,405719484.3362355
6dbfb281abaa9a6956c080d7,335618071.6714912
af67a68803a18663e4b03eb1,547588123.1416689
a9c212f77a048ddc33ecebba,398865604.85063
df89fa06e32e90b0b6c2014e,806461145.649116
f20a7f264a8285a75dacdc1d,937097886.4219552
61a363a73f3c93aa1775c4ff,603451569.6859376
d8c1f7303b205fbaba2890b9,597787677.6016738
70962daad7cd15ee8af564fa,820969403.5733202
087caf4bce7b0a3fe3c47dc6,777096591.420009
5d2200b04fde91f830478aa4,641444174.0887779
821eabfeef3dcc622fbcbfc4,593990516.3200321
3d722d960b860b4bee79ae2f,478384491.5126461
4d3d887d2236c2f897f3bbd4,573027417.5721816
7fcbcd9e274b75a157cf5d5e,693222000.3552028
88ea2d2d7cb6d641df3ad76d,977959938.8354818
c06088db17767866b7f4ba7d,906909617.3000499
e4a9626b1107b9397d0067aa,730073819.5733345
82abb1fb693f34877bf1327e,900140800.1913006
3279efb86571efde18eeebef,709463580.8648837
afca7b219d52b22522abd00c,637179133.2480233
7712f963ee37e91abb7342e7,739288796.8254758
2a2f455525c8e0bd709db91a,616805685.6237502
833ded72a8cc9c0d606a7a74,698313748.4825176
f3bf0be37be6292ba0a8736b,900870331.5889636
c06c8b6425e3a7c2d7481e42,658965074.6520636
27d4f17375f76219b446c092,604017434.9730371
9b7de95ec90da0dc8cff7011,881542117.972073
8fdc9f203c3de5d486de7ba0,290208754.99981344
ebf2d540aff82f1aadf95f9b,652215734.5110126
51c48d17e774d6cd84f4c355,572746351.9484854
5c1d1ee26cbde5b766cb4ca1,1032109644.1959513
2d26b8360f1da9a677670fcd,867046814.0867939
ce1b06502cb0c5d9846cff9a,596574128.5939867
3186cd0a3125adf3b25587aa,784550541.0795463
f839de5370a225ff993f5b2e,751195729.801926
2900dcf3f944a7fcb33aff36,274277273.7538204
3f54091296f773f5a1bb240b,972890504.7874876
499f6f4997474415f0bd596f,935617909.9617801
110539d2ac34e5180e3fd95b,389437750.40961367
dccbc668caff517f649cadbb,739716202.2256811
823c9c7abf2d00140766a2bb,986094712.6199211
94af5eccfe170cbe7d428184,711036641.3660265
dd21457e18f07d7a927c0104,706108351.7386457
5219cb469fff40cd9606bad9,277461535.78158617
5a83bd697db5076016c0671e,534187463.07387906
2a1edfd6cf74573521ed74a1,506246899.79790264
40aad45bb7a980c9c5e1884e,716162922.3223004
a315b497dd8e80464bf0480b,749958745.8783631
7095d576a0b963eb340d8fdf,606708098.7872772
9d6288cfead77d622f5f5b95,637420323.7287581
4caf356c110a50c6c94f3eab,869319818.6377293
23101b0002252f3d4b3e1d5e,773759161.205755
8d1f7b0cfde7e496e7bfe972,956605693.3243254
28e572584fea1555e2a517ed,589674032.177838
6666ab486afcbc162fb560c6,1057778943.2462075
b0978c973ec3291e950185c1,1050974406.249956
d6cfd3ddca2a59f0b6999d77,992402128.5381271
a77f5c03a98636d90f50e11a,952556581.6992583
e6387696767d20cfa4918ca9,812778851.069811
1dc0fe5bcea9d08874871326,229345890.20066065
ccdf0abddccb1a670f31c2f2,821486743.8499708
3ba769d65f02217656e0f5b5,894730347.2205505
628b3b56449724e7d945351b,869980037.794834
b47713520859d58efa95bb06,907426117.22597
e6c6625db90e519f9dcf1b23,641907735.3512578
3e1a1b2a518d3ca2fe3950b4,613251186.6308293
24849579dc9ba7fef1b24396,758242902.213275
6103571d9525ded3c09668c6,679183948.1786994
a678e89692df9b14da9f19b2,528799005.8666752
47bed52dee0d311ae0016b08,512424616.09232354
36c0d26b83e575a500a6c30c,626021647.2145667
34447730b60ad12f4775894d,1002311005.1006386
aec1778ae3b5e60cac280b79,969344873.7948229
d95f38f5d1293c74ac52e823,1002311005.1006386
5dedb7b64b6ad0b514de2bfb,707542127.1716834
60c71a98253b5550d773a529,812778851.069811
099ee1a7c91105ef46b5e7e8,766154377.7487638
b56533bb19eefcb244e69470,1017427431.0870736
62f46b8989bee43db86ff589,653854982.3804864
4d485ae48974213b1594c905,702572537.2679348
c627c6287efaeb6fd9049312,591605982.7284849
976945e68af6a66f6fb0850d,705800416.5880895
93e443a5b3864d52765e6484,705426792.3734846
6ef9ce7a53ba3bd892e21f1b,752642605.641839
6f3041147f930cd6cd4fae05,535263842.2069051
3917b95a3d05a5e58c117f68,655170704.9450083
d61ccfd4239026feb484cc93,461780641.10296506
b443781523fa0b5be4ad7739,864952057.7674725
6f0fcd78c473e4e04fd411c8,860858099.0411282
7f134c92e20aa9c6f084edc1,879668100.409641
75075631f0fd84fb0ff49417,596873837.7541534
eae4243c274735d616c6b9bb,871627307.8450502
25d233d2779009affadf5e91,958690212.3531313
1990717d8c7aa8e732bb1165,1061977244.7287631
71b99de83d83dd970b00f07f,1024922235.5534743
243ab5db6e47f3536d04d312,400173002.093493
61cb98125f43429f7f93c898,875762824.2111015
6ed772640e5a311cbfd17c31,783623778.2810053
d9f0b4c92bdc9476f50638ed,696297743.4497008
796eb5ae3ca5b63c9fbb240a,770981348.4550326
e6f3eee9f5048005f24f0943,693860031.8978904
291ff191bb029742387a72a3,849972023.7055892
829bde7f8716daf76f65ffab,680712967.6761738
110a2f124bad0f9381edce7d,907177428.8725328
76b719681617ff7f28d33df3,968659818.0540394
eaa6d58e226904e9993b3493,905894910.9193057
af3e3a83257eb507b96b2a1f,985694159.0782802
43969367322e86c68b51c2fa,577179484.8534756
50fe589dea73e764b7735938,331737352.63421005
13c9960a03a1c446aa5515cd,620562246.473543
e7834f52ebad3d3cd00d069b,670890913.8362179
fae37ecd6046e53ea121b1c6,672872987.5791072
8a0d2f8860a90322d6c3b61f,558070402.6650022
008c7a02d158f3b17ee8e015,610604858.8087219
3ea6e8da2cb0bf83872dfd8c,925894453.87982
9b184e58842bcb14dd42103b,651902525.1677818
43eeb2567c61bfbb059fcd4e,831191342.3454522
ac7f6087e19c2d3502368fac,719976674.5919863
73494d52196ef9838b1be34a,935858167.5409228
112d996c4c0662bd13af3ea0,1041294168.5151114
8c3a02c9ca043cf0f322ba84,685561403.4288343
a757ba01a02acbdee50462b6,1013471672.8969963
64e3401f22d18b573ff0504a,650820772.1582632
acd7394afcee30e084844c63,632487091.6111498
35255f80583ffbd504250554,718586367.8343444
370a0d0da794efd58cab251d,917592892.3428245
cdb5f8327360c750469cee74,815050636.7043992
dbffe8f46b3d9da2e57c97fc,1020402120.7948505
25b1ada57fd1e5c88d939c71,869549618.3638728
05f79195e285c126125d258c,501285016.5979592
62c017eac96743cfbb61e86b,409922968.8264674
3ca7f183cc0b303e5d455309,915043555.1756141
a3dbd504524f980ac5325150,917458430.5934651
5703df84eef7ca9bec5bde45,724693888.2913026
513aa9c91c245ee4be31507c,1000543933.0375822
d41d07d1aa700278cb81ff30,870601302.034915
207e39d9cc4402edd48864d5,824860170.5448518
7134b03f54b10f282ac34fcd,665123696.2447593
6d860c215908949c4ba1c536,359990457.4289042
f35f884365b1bf6fb303d7b5,635648462.1455772
4f480aae78aa068901ee9468,624566110.7392695
39a12600317b58457f68b5b8,537881863.3851643
5f0c7a6b4f46203648a0bacc,656276726.8917286
d01f6c0b2b338289e9fe3768,326100922.8107362
613ad83abcebf6598f0079ab,864202915.5364046
effc32659ff9bf30faffb3db,864202915.5364046
73fbb3e6b22b957ba6b7557c,621267931.6711125
6c8c5e22025ca4f450a428c3,661031482.1798365
d6e333e793f75c2ab34fb127,486901656.3026293
b82e52830b51e823ac7187fe,384605807.53521496
35ed4187f732a1ea68dce712,859406691.8331513
0c5067ff99e15fcf99792cbf,859406691.8331513
0ad01fb039a198262ec59b72,905915427.3751577
906014f0ee3f3f4f0576d4da,320985747.24704564
13477d8ef90576ca84258984,305419213.5723712
3083a7ab1deb092f7aca6a54,788510792.9526234
a92ae34df90cbf8af7695ed0,895689829.8726196
82d22ca21e31222068e1ecba,715713448.859901
11727589f7c66554e9114407,717931320.8247938
9982169d6f3e9ca61dacfed5,815017798.1473399
2de0ad9bf15232d6056285fe,778773362.6532844
eb6e6060b78676d13d6bda48,852746812.4427445
6f37300b1fefaaf746f53907,823647484.0891768
7698775967b96e3e7bf66e6c,804825561.3411169
863e5cf88a808b8ca96907ff,814136073.8513347
77b5c9a5f534a5b80cc16d09,866540410.1757679
ade0c9cf1f9106e342c69bd1,808237606.3710744
6fb45859693c703fd9c812c8,437062984.1288149
45badd183bb1a4c630174f3a,375901063.20940906
f66bad2cd4b09ac29f540f63,705696007.6446095
fa3017d74586eb4c3b5b7db9,893198219.4059639
f09bb33b65b5ebb8fffc3a21,971071202.9331335
600dc823c42aa64f60fc3ab9,843639581.5622576
c1d9119fa7ae7d44362f18ce,1119597331.9134188
a1305fd943ae63715529209e,908517289.8803724
8d81b4681ad0055c274e7da4,853581529.2696257
cbb10e7618b1385cf922e815,980657704.611612
b09111ea69c4be8ae120ddc3,819895693.5595195
099f07f9ec4ff6d835337f86,995580194.3884532
c70f6bd5ca138bacfdf8b5cf,1061812217.5887963
a6c86ab7381f6c43fdd61a01,587206071.5494077
58c2b87098ad454b1fadb13a,631182053.6263372
6afff7782d129021eebee968,905769923.0272864
ad92f3ea52673dee0a56902a,1066155863.9151697
3e040e87b89a043564f0d0a2,834363898.1948845
49d020d2056717c2108b0927,902904151.2485743
a4ca465294c114b1065bfead,789459506.6477636
ca9520c7b8432b0521b2e8dc,628231722.6400408
4d20f253940a4492b4f6a9f0,803675541.5202128
09b61cf8ff3ff09ac892d073,754600017.9449131
86e81141e429bd81d7f0e73d,971456454.130421
b9826d7a6132b16df1bf58e1,773052896.5933964
a90c60e05e29b77963a11246,656759900.776837
6e9984a3c3daf63fce5cd3d6,955838143.2118424
a9eafeeab4ba51d3644f4052,469817697.658492
f74eed3a7dad1bd8d92854d0,777819241.4923925
5b377636fe30946fff973f3d,752214422.6873859
5bf6c1862c0bc967da2cc484,933906004.3193152
cd5111edd2fe80f56db29531,684429875.5147579
c76c4695ed005277a59451f4,792558100.895584
7dab6cd1002a8521e5825bcc,806746782.6067986
5b57258272dfd1babb29e7fb,812268096.388186
f68b7dfd0579838324895097,864423725.6498227
812646c7de863919cae5edff,906919469.761701
0da10eb6093728074b34fb75,996042120.1100028
c64346c8b0ba32a55292e66a,823812904.9358938
ad6317cbcbb8bc27b0774fca,901118666.2894502
9f43c80d2fa31a09592b030b,1069183982.4893627
5b84f5de073000ad4d4b1a04,1067243184.6043807
d94d18cbc812d560c1e38ffb,987451687.8542497
ab3110b5dc8ce81471f69c16,854856927.5280107
138a1990291ba31024455eb3,822529743.446248
646bb3de5a1cfe4bfb7a7ea7,803164926.2290949
d8fde541f142e6a7f0b28099,776781327.4354024
ef61986cca74fe8585b1b287,883599955.2603674
e1d8eacecd35515eb19f9135,946012183.2933079
8346d64ed6211083fd420ede,552799457.8490058
4340fcb9c80733260565c24b,778249046.9845645
ff5a27ffe7de039e65170f9e,646644843.3391037
ce407c1e25333d7c7eba1b0a,1009616957.9723833
f927027bc766ae6c111fb685,574656200.9237064
3f9a3edf25152433969f98e9,859313420.3098488
987476ca395533347581b2df,885330821.1671149
17d0e3208fdf10c77e95bdf4,474108351.92670333
b485036419de03f5bad01f35,795936140.4107249
d3f7847147c88352bd3b9707,808322022.8762313
aabaec5accad3f545f864a3d,313265117.82935774
400a103762ad652e81c8d3c6,742646840.7728894
acf15357c1a919b6ee78f676,907080082.8496048
8d983b9ca65f19ff3d69985f,1014226876.1447567
b9a80a4d84eb918792324dcd,737087121.5792984
223b3c04803ae7b855f9fd10,967664460.8290693
e5c8f2d536c3f931eff2d70c,772387156.931605
f976ec33e004b2d4d32c2eb2,841339972.954182
cb00e44cea76a92e9c44e793,613216257.2245204
0e6dcbf136294f2a99410052,854564219.3444519
102de0a5ee4f19454b922b96,695170998.1507734
cb1c8ab11838d9f0a1197e25,1040444625.800698
2e2f1072d8db7372b2c2419d,711670054.6534729
8c4cc779f5034e9c10b2e698,339533488.7365799
85734fd69714897264ce2214,1077194362.7888553
5694c1f689779fb5ca95686f,806004862.8772713
f3bb60434cb36fcdfe218478,706248334.5049255
cf8bbd3528d3e7e2b8f50c29,978859079.7137275
7db1c8214f229d865da455cc,412777439.2432583
f3478cf008a7ad268a434ba3,745726259.3085616
5440ee15bccc4eaf827fefa8,787674406.90615
78e85ca7c532a77700bfae6d,826470226.5306635
eb5e382e1372c4e94f467673,677438656.4165778
5a11cc89d3b01eb87535ff1b,911647197.6283315
d0f5cebc2059ca89aae30c76,491406518.3650264
883371e374936fdd74d09fe8,749118709.7273673
9ab4e5f8cf2b807603329cdd,886585876.4871635
c37c7859956931d77cd5c9a8,834600031.8095208
730804efcdd755786bf734ff,649127714.3663393
9d021f3fcbe5f82fa1c1fd94,992004692.1570092
975ea2f56001edae07f28fca,393835000.26133996
8fea95d0a70b1ea918803f58,879641224.5191593
4718488d664194a3c0c5b446,750047054.6669047
1b87ffa033dcbf4e2805dbb8,641977785.2414869
1a77ac51e03c77ad280be447,572746351.9484854
228d165257ef052ad50433c7,327885310.9244178
513a83ac5bfe27c5b813ce4d,334065820.8209761
73bde441e18a9548c034372d,572878909.1630309
26301269301b6f96862af599,826332081.4854764
7b30dbf2f6d835ea0c14b392,667386576.078061
254de3f3fc52b8cb62141baa,759433540.7522376
f566603aacc78da47a283804,965618814.0808698
990c8d65ca11a97a1d34c5e5,831191342.3454522
a9878134c12696d8199a1ff3,852669189.8168079
58185ef7646efa724e904f5b,938863156.5846823
37d5b8f329ed1ec29d4bc035,891256470.9946605
e6f948282e81570fd03e4df2,924786804.2596546
8b801b4cc1d254d0277fba5f,579651857.2123495
33a334a16c4547b9d7842c3d,669074508.0535184
1ad9e105d9da875001111075,1011275252.8472229
08ad96681afa49c74721daad,817254484.637623
beb73d27906bea7a7d880791,1076314648.314615
bda5b2e5a87a4905a30f3b8a,660213849.2499783
5cf70a67ec25288657d6fff4,658928488.795233
baeb4e9d612bffb63ae3564a,1055125311.7781733
1902f509aa05287ba42f546c,853676210.4806632
c0cf9517f20ae81c79ceb0ed,947111755.7425693
2ca8b22013c529b412ad764b,689124643.8227437
b38816ece917027a179663d4,475603845.3425156
c89167e42af0d42c88e8573a,940063496.0410502
09254c66d93cbbf2675b775e,844814339.7196404
89f8ccb0c1e2136adf87a10e,609059834.1079249
cff851746578050bdfd46090,739592074.0690373
d53ddfac67129aebbe054024,827160210.6037965
53b5ffa0cf0dd12e4eeb6a2a,868586649.0829052
62db5fd2a4eb831d281ba8ba,944089296.8167464
59b5fe8d4f5ae272dbaa5ba0,1001728148.2389697
3c1b7a0a306e16e8c22d78c9,853719183.3426859
5219c3cae1c92b52551a8571,820260725.7600206
de6aef9a5e47a614b75ee576,704843935.5118155
d168181ef0dcb853171cdbb4,1087583432.6000352
6c8e27967ec63e6dec4bd6ac,1231449304.8198657
8544bc14286a51e60ffee7b0,880280148.5449802
ed48916725be6970cd2f273a,543355667.73386
9ff3268cd15cf039ab958413,682706783.0449363
16cc5c280124618cd5d00027,630851006.6281363
ac028c1580f6e4da4ccedf0c,759918150.5810472
673f2b913006ee8b33e75b5e,821663429.0243634
191f96722301456877893b22,683135720.6062192
a7d8e636db44cf5d3ceb67cd,744110746.9888085
1310e9cafc0b9fc21c212f73,715061834.3239901
1bbbe4e1eb264f5c69467e50,837888687.9343133
283c1142d027be336a7bfacd,302302904.57449687
4d09c2354c67243c968dbbcb,776233553.8997597
db3edc43e89840a65749cd94,676846730.3024836
0274166db611aabe4e946a83,639228177.1900752
8153b36347669087e363801f,793288399.1442325
e04473aa943812de1d662058,974887519.7279528
7742e8923a4b832e3d94f3c7,844294388.9498972
536b5a8aea016aaa90fe744a,767497414.2655065
d2c02052de9c97c531a4453f,724415478.1362755
48378a6148532f71abcc2f98,867073098.9097258
fb0dbfeedbab00cdc7eb93ee,873493475.223579
699412bfdab1157487c81725,701073244.3130536
a63c26369cfbabfc9c2603b6,946892477.4322215
34e5602cb58501859e32dc9f,635299925.2138678
da83b03a6c9d405f55714b0c,1038709314.6338422
d938d682332fa9e5c4986024,766460460.0689008
e9e39766e2c96bc783d580a9,1010563587.7557627
fce89a9ffaba32f9f7c5895d,1009131440.3078974
2d6aaefe0f50db8acde6fd1b,1032480612.0400121
1710873f951e7f695fca3568,744444467.8188105
0ce068461fb3bf34eee000bc,789458660.0938275
b5606ddf3a4e60e2a0e0d6a8,835395317.270038
2c2e56e3e5210c111c7de708,703779750.8432574
94118bd8c3da3f14f9c7836f,639897140.4891305
d20a5b3eb857e1f4b548066e,592602735.9534626
ad37e23456bd4d90010f7784,669562500.4576136
c5602c608080e2546dea5463,304498241.8008156
e3bd8bd5884a55fc1a151687,798924007.4651804
aa31e5995379bc38dd40b8f3,768674856.5679348
fe8a10fb4031669a9b21c919,719806273.6552693
08eaca41f26eb387b67bf30d,946488867.9546192
23ef4d57d130e4130205f30d,672127571.0360401
d6f1594affb8db7a865e3452,603617939.2104229
abd9cf3c36309d590e58c2a7,589071226.1128725
1c177af5bb41e26ac0135b4a,928191989.5740666
a05da8df13eb4b121d536912,899016402.8238465
5a5a581ad5540fc82cd3c2ed,832451814.0419868
b50ff8bfc0b4c4b165c5ccf7,902315788.7863714
2abbf26e80643dfc1b75edcb,993179663.1447873
ec903c33a379d8d2cc04ab36,902775359.3814952
c062d873af3b7cb98ccbeec9,1068787140.0472767
927de0269795dbe0566a0326,979111885.7237772
ee703dca75c4dfd5d035c9a1,820688582.2832484
b8a42b02c50438c2ad7598a1,304136930.8680989
f7216fd19f41ca5ea66a9169,304136930.8680989
f487761a658a4247563faa38,650444772.7306683
caf878b42daeee3c7de336e9,677282295.2127633
29d0dd2d4b120dd54c34b13c,855605560.3283825
1cfc7d60ce613536d23b093d,887640531.5327284
c6c7409bbf52c86461aa1dd7,848171655.8879879
312ef52e0250429a5ecb3b27,996196767.6568183
48299e52748ecff3b69f7a90,601281906.0007707
a02f6ef1f148659297d46b33,885838362.7028719
67f664c8f9250a22c10b4f67,844440103.1653144
4977af03eebca1aa266289e2,777092147.3639071
39af71aaea23b5c1e987de32,511143895.0738094
d69b019e6d54faa1cb044d39,876345681.0727707
024e94e72ae88464621539eb,766606174.284318
b980c778ecb2709696265c10,1010709301.9711801
8780134f8b40f0fec4d1b661,720097702.0861038
107f29b67164ad6861cb7059,1027530890.41857
c8958d280d0cf2d8a0b481f3,872251768.3392308
1f8f74ce8831d5532f330925,874846270.3637798
7be46b6dd9891ab771fc4be4,923624276.7181414
4f4f7d2b14079ddf8754d6ad,809041157.1497542
5921ce922675f6517f8f0007,938764516.2912961
49f0323d28ef0610248c87c0,847521734.6772653
3ef167ca6c4ac77f6968d17d,623264176.7955478
8d2f9968ec8aece8d1a20137,1068659104.511722
4bad47078442f3416b2c1ff4,451531217.00005466
5e1cc2905f7a701f895123d8,764922601.2790397
a8633d3336d097920bc8a9b3,931899114.4221493
72fe83366bf13a53937b7034,868092460.2235088
ce78e1dbbf0f7aee98e244df,834137550.3848025
11be39d287e5a8bdbecb5994,867655955.771395
40a561bf79fa7a08155e1183,527213002.45260036
3dbafa8cd5225e261ec9b6ef,372613982.7390292
68cd88b657b59f5671f59e04,277470784.12950873
6a2ce95a8be0654f193592e5,466352072.2288927
4e613cde51f9760d3c051562,716577837.7639915
1b69d2c7fa8f802c4af1369b,622595213.4964926
f126c4b36c00d0ca11c21a2d,830076784.5794317
e6a7e6b41e6c6bbdc16e1e14,808372193.850699
5a69ebde2e113923ddbcd18d,881502842.9970448
72f0540aab38ebaaf9a389f6,776415546.4611136
75b5bb7b5ff8ebcc863fbdcc,874177307.0647246
096912698fd9a59d94935478,736776880.5873518
f0ad965090221d2349e90d5c,861277692.9464456
1c224347a1445ae01184e0a2,938910230.5067135
0ee7273686a0a92fbf48a383,1060087400.2072322
e2094d28cacad3e2a711c5ca,609744391.4933063
f50e0ea2c3831235704b8c72,677533689.8078698
1e64759f297a66524eb07b7e,782943727.1287708
7636a187e29abcbd8fad6244,484021845.3533484
9b858a70a031475e422e375f,799421604.9778763
56c2e8e14f9c6c9a9f046a08,695422677.5251871
1bd7b990be19afa5acc78bc0,563941307.7789766
8b36b7364e4a4c80a6e50bed,727802115.597101
d348d38769937c8f350297bb,717204245.1834221
f4350916cbddd5a544c6ae46,380274178.1340795
237bce11f35d32ff029498a3,817450564.6487072
faf92fbca9baf8cce4a00063,682784606.3999382
812c9b5407424f956d308b06,917427437.0849987
9fd4adb5c63fba5a11661b23,670059263.514963
168f81689afa1f055d8bf7c8,763501495.0436794
2a9bbffb1b98c49d79bae509,775165848.3911116
b95ecad591e5c69fdad8763d,621302296.6998525
dc51caa89a74da37ae644ff8,621302296.6998525
d97895a836e6ea22ff3265d8,236907027.26725394
de754bceba2d206a9cb4f116,98348333.8233299
036177aff84b1901e0f18759,489922877.5514984
8a6cb559a488d6ce1b641585,808407802.4091332
74c4f233c7f385be73168e0f,707807306.4852555
27a6f3e8f9649ccce7680f0a,841893764.6092286
711045fc099712aae3fe4d14,572077388.6494302
01e033f5bd502c4ad398ece7,760249792.1104409
a99261116e0158109b3e3bc3,281947528.31298864
2d8d64261ba659302da4a481,667532290.2934783
9adaadeeaf6a403e1c8754bf,896737237.1177166
2ab24b9c5349427998338d21,641956073.5310849
09ce36a03c52d6721bc5276b,705769463.5691417
80b37d5ebdb325edef39258f,827802151.3555397
78a080fc98669c0cd9153904,992548083.2185726
2d14ad8ab9573c406e203ed4,763727889.1839659
145f33a8350a080231306bd1,779998830.1109883
b0aaae3a435fde30c4c02fac,757770734.7675251
b3f5af523b5d6d938693ebfe,702135394.621683
25d62e6b1a1a52cd8080354f,845377185.1375744
5a06a8b33611251b62d77e72,717526674.3396771
e93a9b257ecd815c860d0b82,970260980.865387
610f192d22864016cc2df1c9,961567255.3813548
4e665d479b3bf2e25cd463a2,726063975.1776794
343be18b0f77260f32ec05d2,238938039.47912705
33dbec39ef8c0667e4c3f039,742383180.9704291
b24fb90a2aa5d9d0c7e1541b,872822201.9660988
b56a3a017449fc4ce417009e,747725257.1755079
e0dd5e6879d824a95c3c1773,760676224.0990235
156a20e2bf9e48b9a360f9c4,554379308.0773365
d5583fa23ed97a3b9413e910,843954323.5768958
4e6f695bcd4d3c0d8497c1fd,929270001.3790234
da7a511a5f470d99ab2bc4a6,833968889.3397695
22a6058ffe790c98a8922258,830644830.2220286
0c19c54de06d1c139df99ab0,778504279.2232927
48e687093fb26d29cda9ad6e,557575057.3012178
3ad3c519ced4b63ddbfdb0a1,368163958.9249041
0b221ebf810f632568c1e2c9,377210324.7978234
7930f32456e796e40fbf78ed,1063561684.2046984
f084bfc530f4039f6631537b,989689435.778708
f9793063f561dc76c0b49a9d,679035581.9767002
4d2ec23fff8eb502a9d93353,911234261.1182714
a6f570e11883e74654898d75,700004313.7918644
cdf11b53a23fcf9b6032cc8d,818708841.7827084
6f968f62a6fa4dc255397bf7,1071489714.9699925
d692ba46b098c6658799ea8f,837370421.5439963
774a4b48d34052a978b1180f,908657056.260687
acea4c7aa1185baaf6d3b60f,908652979.986
07ce6f95a7719abc9a204b6d,881156580.5242109
b371665aece480b8c1602773,980720207.601661
5edc37d9746cbef8352f0fa4,747827303.961027
26617e1fb3b4f0e4a70e1b0e,1049143333.4398929
b1a13541b37964b8b85f4669,752559777.9227166
94213637892f5fe643cbe8ca,752559777.9227166
742acc26686d04596ba60a34,561780856.3515079
acb1d16ce30aee0a39f01f09,879891247.4942919
e0d837e6d5d74fe91d39d23c,802931471.609558
29028322a6d692edc5ca713f,657719964.436063
03d54a6e80d48c96a7f6a1fa,783964561.1178739
8616b310e335f539ab1109dc,693422889.2516387
6c21f6a3513869f93b32e9ec,920672454.7951362
10084cfff54a17bcda6f19d3,972868314.7049569
169c742419c0d4335d09fb45,732335423.870007
0f06896d7502890175cbc4a0,790285691.3451668
7d2e3464d5f2f79ac29e6c0c,884093291.3675897
de9053a55630670ee8e59c9d,744670844.6881539
8d54b9bd24cd9da341cc942a,875197841.7373359
95570bee1792641c7c12e4ef,1230951028.601355
6d0c5546a498fafba15f2e17,327199268.62109447
ed43b0ac46067bf886457c01,752875338.7304827
8890eca19a9e1cdc9e0f0541,880616506.2405114
760a5dbccf4eb4ccc2622b77,877439681.9420377
20fe2d7fb3910ef786cff965,747319199.8884913
602abdc140c40112afc1dc98,234139266.17568624
b7f906741cae6861bd5fb922,293176036.62686926
4d45fbe5a5d39188b5eccbfe,1071491631.1735336
08f74ad7f06f2c409903ddf9,811947686.6331749
7be186f4eeff5c0efd58e424,841455690.3705988
3d1a767dc286fe1cb86ed9f6,1031818215.7651169
2ec9f5265334241fc594976f,990272292.6403769
d737b8b7b39e99f7d877b7ed,670847282.9765612
8fc50169e6ec98a3f4229ffd,1002679900.2389158
942133ad6b84f9d08e1d4e7d,766309592.9426813
c965b03014d21473b27072f8,904064979.8016586
f1c8da86597a427e24dcd557,926124730.8577651
8ed5e7770d03c43ed19abf42,760253193.643301
68ea36e3f441cb6da8d36198,937834991.0066192
c97715bec6032974060480d6,966257294.6493747
e6eb47d050702ed49ef5c49f,975384162.5970024
5a82fa348f3b97e74cdd3a61,784633066.4170821
cd05166ab9bf3128c23fb8c7,910942758.2524476
cbe4318f63d73fea6238079b,1017723862.7240473
efcc8d268982e95fe2fdb311,1067097470.3889633
c45d7f326a2f279760d1a4ae,635299925.2138678
7c5ce0e65cb26773edc9ddef,954345340.4613979
357fda0abf79ec95f73e3584,677247513.7262152
a1e8f0c7cfbfecfd1549b0b5,937832077.2863827
3f208f32cc24d8ce1506ed90,814869025.0240946
87ca8a2b3251a38d45730f5c,700633281.5856551
728961e03bfa6e3242f06d8a,700351729.399482
b9f9dd0d368df912e6e0ce70,722211414.7217993
429b049255a7edf227a980a1,356491254.42973316
a6259664a05091ef92129c7c,505532620.087235
674c915c52b27df2c06b8bd3,730068918.3666611
f8be64dc83c5923983fbb770,730101169.2804818
445fa7f5e8e9d7f12e8991d4,1210173851.5518277
0842816a5ef4f24435c8df22,846704234.820944
40558b62d83e4362efe1fe26,585452059.2299262
bc474096496b98177e40f590,771823368.0632062
2b55989b2253416428ece917,771823368.0632062
7158e3a6d456211d4533e246,586564096.0845245
d4fac54e137f5d27ce5f457a,710355308.4619849
faee80ca0efce20e731823bb,772832637.0164669
8ec09555f5a47f96a8683699,961669264.6067133
2d7a48a6b9fff20ded24f86d,469013841.68186957
514b09016ef85b9ddc4fafb2,800896767.6898633
a1c975ab16effc6f97935e16,793102742.589938
e803e3806630c6579f004610,990564363.0371711
26526235b34fa5b7349df00a,437484077.717288
ba762cf12cc038e5c43bc6f5,780362249.7892064
45aa335dae223bccb31ff7cc,681168880.2120905
1dd3d7e197075859c1ff5b23,1003202816.8247759
2db9b3463f85dfa87347d6e3,969115155.7863357
f72cc14d79ce15491a96ddfe,739092858.1924503
4e25bad08182b79f5ba9639b,881646784.2925245
e724a1db86d8d0c6334041b6,811915289.570342
8fa53bd51f5d54be50b3fa29,124525058.22405346
fb7048ba61e9e6b1de829bdf,700032221.2351291
4bf70f19da0bddec9241d310,636872317.6821558
13c7f3592bd432c7cd0a42ab,661989403.111758
cb64b363295d36b9b0fde3cc,310202476.1014412
bdc17ea3f30318b11df30508,873480454.1692917
cb7f62ac4c1afbb4256601f0,149359441.9153361
5d6c275d9d3326e738c875c8,711374686.6603609
9865836c04a9582688f50496,287249881.8994436
55a615b65a28b64d46ec63e4,198711023.06010062
dcc9e2c9c1151bd9f93f44b8,808909513.2988156
1a2c0e46bc18bf3224450064,762702827.4441866
3de8187003cbf6c4813bee45,492845106.2051163
d62663a447beaec69808f85a,401795669.534001
1ae17f134221d5d9ee69ebd9,459809356.87995136
35e55d060b1c4239a85c0ebb,280022377.63936067
45917f1bac415feac7e41124,445938286.6949441
ed44705c17c414af8442b6ae,611942351.9821283
6f01f2c67343ebb8ec717a5b,546943195.0268369
8f2218126da9580268661c70,934181220.8978113
5b36bc6e78872d2ca6d3d1f9,353927368.8548101
c5c7631ddb5b485d0e992f7b,581925501.8298185
43c88f1874dc7f91c899df36,801547303.7319252
dc544c90e6ee38346a6002bd,840336832.2639415
02990998f3621fc5a3d0ee63,683040173.7997212
dbab5ea45ae910567c97fbb0,997866728.9832743
bbf80c409ab3a6784028eb6f,400691276.9455843
40e56beaf4a7f28f8108b132,400691276.9455843
e857db57a89e165eade00770,452937208.2832197
41fc4ca2b3f48508d840bbb1,315488027.015785
08c1db1e620e975c4d476b2c,775899125.6011878
8a1d93bbc83f4728657317d1,621544911.2820374
6be0ddd4180b5eb92908da05,347067066.02901244
ff1498465e4db86f4f652e87,460124492.7472012
6410d336f6e61c4a81403c61,777025455.1244106
169cdb07bd175b4325fd28fb,138632732.81864485
546b56fbf616a6dfd1ad9d88,900997088.9256697
666af58bb684c2d8e7574e86,323719342.25503856
9fe75dbfd537f9ebc6653f18,778006776.2185503
ef961c130fa3b9015b103154,887185754.8847656
035ea0f13f2ca01c902d5388,636753703.4238955
7800f742ee14c4b4142f8b58,670645025.425307
0c621256c4d7ca81045fcde2,848804512.5797584
50db9d168354ea3d75a03a6f,949443823.9780586
7bcd1fe7a140b6eeb4df2aae,682527908.0998673
49a4cebdb22fc2d72bd1aa78,846238758.2442708
69ae1f2868fe714ad8e2f114,473345539.1414047
ca4f4a66d83f2043a7dca261,643537633.4585252
c0ef32a7a294e5891505bf35,643537633.4585252
5ad6f4091b77715b7f74587c,919672677.2157854
331e915e2a66fb70380282d6,261549902.80093935
3a00543fb00cbc044a5b3527,303406629.9882997
81df59c6d8be19568d16ea3e,607688803.9544802
88a4da0d72977b0c56b31061,902514211.5861747
3ff9e75c6de41de517d1c4a4,292758768.3920928
147f80fbae69dd577ff19950,914773718.7669723
78beee9b7fab8600d420fd27,881633136.9798317
c3733b88ebafc0a05f5bdc99,910650279.0663953
568509a7aba60f8fe2d0cd5a,318069427.93724155
f6d3f7e963c9aa1783b3adab,290338162.4452713
ffcf6794a400aba909383b41,744361632.8604692
fa0aa00078cc178de0cc7d96,827428650.2398793
eec51f949083f39691e37e15,796577736.9999657
26f3d5bc3adcd1396747a414,906934368.6341877
cb9e058f82b10cf80990beea,721977802.7986379
22a0f3315f7600e5120db131,603608536.5107131
bf6845aac15fde9b89a7208b,813826181.7403154
6e3cbbbd3f4d0578144cf021,899544735.8885459
98a0289e513d5ba036b24252,634537321.5321891
597d3f78e2f413acabf825c0,926853692.6981304
43a91a731e86b9a0784f717d,781629105.8102338
f34ff57e272cd08056e6a243,791314764.1279587
6f68b289516faa0b7ef36a34,635332820.8159986
8bd8a7e19b6d3b8bcabb84d9,891018159.3280067
74b64bd536ebbcd7c30ef8fd,869316317.4678138
f968e756cbe6504fa0f32458,810420883.7835581
e99d9dcb9880cbfd219b4297,1020839680.0927857
4c9e6812520f4aea4ce435ae,619948887.7910463
78419be95416d2991ade8be1,805399250.9442106
d417ff438d2a418b1f9e50b6,596670888.9184822
3ac77ed776aa4630c7293240,901646825.4873161
95173735a8f6e554f083c065,957187510.7103136
83da39bc1a2eeb75e2825c22,911993277.0269617
4bf89c9e50c5417ed669c481,1017788535.8942175
f90fd39477c8da38e33ba0fb,912918956.5509571
b45bb2d0d137de6984d4e1ec,486913265.6289964
bb812343bd6cd66e9cf9a9ba,315199334.6310312
e299f614cd8ae525fc8fd0e6,923678345.9834359
521e9326a2003c7b56fc4365,687435678.5984316
dd59ac4f6706a1399360bd14,875617109.9956844
d6c6e7f923ce2cffba8ff9df,693714317.6824733
df07a34d0ee2f78f115c45cb,838118287.0574272
db6061f876f890071f7ed957,785676653.391516
b31601cf48b268f3b4107564,741065472.3399382
3a9b2ef74c59e96a6b107357,576087806.8241019
d600310e19c926cda14ac923,823958619.151311
183f2cf1a1c7eb9700b6e72a,1067388898.819798
42556b1bae874a5c09777873,901264380.5048674
57c1ed738536d177d66fc52c,947745670.0235068
26cdd114566b7cc63cd96fb8,933237041.02026
0f679cc583a47b30ea132bbb,633060008.0422308
32ea7e13e8d9391aa9b7ab9e,299335622.94744104
0a482968c7cdf212401d72b7,867147675.4828488
85e4ee2583c51592d68ef5d9,518812847.6130765
f4ce15aaa352d707b68cf773,426029649.562693
7d383abbb6ac49c6599ffb0c,994491091.083543
6c67b1b0991a1d79251855c3,825506564.8109984
9e52ce2cb6f6b7e2a152dd54,847681996.8696407
bdeed3a7395cdb9b175273a6,947183905.863056
423ddbfe2f575e6bcb22e7b8,798942751.8694562
3247399a31df838ec5fe58c5,579022071.3759301
bd57e5cd29d935cb26006835,972309985.1759561
bf00f36c4dbb273d7ba4b7dd,624492694.8250325
48b9efef82faf72bcbdf66b2,1041294168.5151114
d2526a3e39ea01f87c99d073,875515233.662835
651d5cd65f80c4938deb7da4,769056608.5108933
0be7803a34b11d89133beaf4,848124643.2297333
a54b0b282edbd217e9509287,972406480.193669
550c5061428d09afa0c409f3,698156160.5919762
7538c609fdd115c9dac551f4,805704258.7460794
d7e3cdd3ac239a5c318f2e9b,1064178611.3510745
9bb193ea939c5308a738fcef,741401766.0480938
33425419e1a8e854418c5180,313856176.23058486
fedf2e30e390f5cf74b27e97,831056145.3630958
024c5c787d005adbe770b9bf,596455649.9565225
13f681a090b36edf38a4abd0,791306632.4886516
442c6bda79f63bae28674b1e,826062211.8802449
47e0c773f65485ab7c78d49f,936504962.6409752
9e30b310c820d0426f504d90,583596814.4574686
8cdfda9067e0934a8ebe0894,717183612.1129903
0a8aaa78f68d43e3b1bf6c51,865618018.0149077
1101f533fd18cae5d32c1cbe,879051801.1715121
9f6af9ac2404a8d55f24286b,630726019.2302558
75060f295e0aba8e1224f766,555132467.710771
f0e68102ff84f49d90fe38f4,670825224.3620921
3c45bf3e3e31e7804ac91704,539374548.7469043
f908e1de4c4be0d77411a998,683574070.8459564
ca643c04044fabc6fc566d12,1018584377.0175294
8aa76df8fea21a42fb6229ff,513569942.9900729
c214d2383936dafbe0652c51,1041963131.8141667
993898470c6676ce46ede92d,911834117.7112033
18f6240cad6e92f9151099c5,1030197952.0415332
1e63fac2629793fdcb793f1e,709017381.8638742
e0137390f0186c98f4e91263,918261855.6418797
e35f95823a486c52b0f4c2b6,695357234.6755174
ede10672118071a215ae09fc,832594830.25164
fcf46edf6d612ff1f5ed6134,757700206.5443187
df4be33c0931aa86231b7a2e,1022096351.388681
53fdb16ec08e794dba9a10ea,730472894.062464
74c24c5e142e5267456b24a7,972164270.9605389
f1bc08407f40396c094e0499,876891639.4187604
496ce19c015093e97144d375,412476369.03252524
a183a1c009abf7251fd725a1,722048428.6271665
6bdd97526b1a9cf10853df1b,650595113.2909882
f083a8f187e2227696695ee1,814904922.488982
2621e068043a5019aeed6c8c,815873650.5544262
3b43e7acfab46651b099b1ed,907889444.6229948
6565b3281cc2d632febbb6dc,974660120.396356
09e47ad8508e7cfee83c6d68,866748890.521212
88b02e7b20ce6db956afcdd2,1045822728.0070949
bfc41facefe9428865e4c29f,1037743947.5273618
569bb17b961fbdadf7106d56,934566055.1152669
2314e3ffc7242a429e00207c,864673233.6649528
4bc1e2cf5e5ffcbe1020df08,1051698352.3383067
949c4a5382aff4750b4dff83,1087437718.3846178
a63b4a22614d334b4a61ea16,704368679.3442595
734fbae84cebd50aaf71c48d,899150378.9540584
f92935374a7ef86314223c5b,1496701096.72461
6cc8e22f11d382206273af23,882933392.8192811
701768887155444b77c4f446,638441890.5720997
13c86cdff4dd32a9f8b9adcf,1024734246.7993839
8002e2cd1b70ddcae88ebc4b,923615267.4245158
d0d77497c8a7d567f01d3afe,720396223.1187441
95a7b01cd60cd10e7364a600,608060502.070195
d1e38d7cbd32567c874e194b,608060502.070195
e674ba41f9657ac8f30d4f7c,1077788601.4943767
6bb760d54e5b0f54d9612a8a,777375938.1910032
9e3bbcdba89c647e4ce53182,883904616.8722377
72927abf4bcd53d6907aeeda,716723551.9794085
aebaae467e5f01db3afe69ff,458052929.342715
3ad457c8855ab8921a7974c7,868238174.4389261
1f3d3fbcb686ada1a96e01e4,457697995.53259355
0775d831f68b88ca59eb871d,834842394.8140818
5fa3b0993cb43d3c72c30093,1039287278.6179454
bef19d0084cfc9f6fa37ddd0,737900897.1093564
85a856b4d0dfb1fae861f513,621926250.1974373
07fa1ad76017843232107517,939055944.7221308
4049086139009c35dfebb3ab,485351760.0689496
655120f80a39c19221623311,722974166.5051475
71dca93007d6ba45fa40eaad,807703230.5516436
9f41ce015f02d67e193c41f5,635868329.9805193
9017bd24d173b2fcf564b32b,1060233114.4226495
e5ef29d41082025c42f7c921,825813941.2556453
5c60d7880850970facc54bb8,917585705.997303
f51fce25d8376d48fbe73a43,664956232.3269999
9dc7b0a394309d8b76d0bb7c,767741136.0285144
a12ac99bf63b547fd9180a79,563566065.64477706
378d846a7af35e0c3efe53a9,1066664673.7655767
0872198056be7edd5eff220c,1006280908.8190569
efddad1eec775ce61d3b7b64,983850464.153169
70c19d59c6b9e194b6bc09fe,801272426.8559059
b0d3d98076883f346cee8d04,1003381212.6193991
c7694e92a97bb66794e62fbc,429540430.091985
7b4fcc72822460a428c19282,760801558.6240717
a6baf4631223d9b24de8b590,592518661.7765819
a6f616d63d134f14ced205d1,869081683.4149458
50c123baa5783185ddbe29c6,880024885.5600419
24756921525595f1684929ba,766915706.5529146
caf9c761d21329c993a0bdf3,845271087.8172598
193d70ead1ff1043845e7671,625795894.0164242
62ea31859e01c2f4d4e97baa,800559078.1376437
272b5b5c28e46c6f5ad95c22,702193611.3137666
552ab0964056c1d1d1b7398c,872630814.9821835
23799891583435710f66303a,668805608.390775
34896afec0b639648c527483,1042621881.2632003
eaf53eeb911ecbae638409e5,246503302.36812493
b1fdade0fbf0470060fc2708,815822009.5671806
8a20478528e97700dcc84abb,359681326.42999876
702525f05b47353c95b0905e,381393186.6908945
b84c837c5a1fd0f1ebc5f8a6,591193125.8549778
ee2d16316e6f4f2388494c7f,391400207.75180143
ea4af07bef4ed93e81ded95c,1080339165.0124643
1a71d0d3503f9eff28acef6f,950755939.6346377
1fe392004a09aeeaa6e8bce7,545128139.4815061
46d4b0cdc81137aa56f516df,960648795.6331034
4d666967b74ccdf5b04e9787,689885531.332511
fcf79745f8cd716d3ff9d27b,595573932.5657516
aa8a19a2fd3e2cfeb3b7dbd9,543169145.999636
f055602beb49dd6040641c9a,849223718.4437673
7b1377c8d81755bb9b501064,577649209.1128842
17d0418e4a439e9de8006f5f,833752906.8683736
48f1c6e343a4724ed865533b,1012479934.3786327
353207faab3dcf10feaac8ee,741416600.8863766
ff188e88378c8e2abed8119e,844700921.2340004
424b41f5e01ea2e2ccd3ca48,835212296.236312
608cf4f46a188cf84f853c72,507096357.4911873
f9e7582dd99d36bfada56249,974863423.8062063
d52f04fb69bed41ffb10fce8,188013689.53979734
ea84b58f733c8e491db98a52,901118666.2894502
68699eb9653684fdd3fc79b0,933906004.3193152
31f52502e89beb1b2e0dc3d3,861431458.0483022
fd41747287a480d5c4dcb56d,1058116316.6567531
b7afdbc1b57b52e6fb03accf,985588879.5981708
48b270a493af4fa28dab9211,263279838.303522
2a787b39e84958ca6b7001d0,376675716.6689865
e439c77c0d871996bf06bf88,716831885.6213558
91b8b9db5372a2c3a5c30c58,822084929.1529315
038272b33c075765464761e8,707907736.5396674
fe8e45caf7605fb91d6bc5f7,698965965.7141421
d354a2581dcb183c0cd70540,874881481.1202404
9421ce9f204f373a50357fce,629935726.9873788
56bd3b61805077405af098a9,830717450.6288866
0a606d19ae362a58922b172e,632258596.9978161
ededebb1a544fb3246d3e131,511244459.877284
6b6c365359d20be719ce815a,870954551.8446503
b8b22c1afac62b05ad389dc5,390039596.2252721
3e3717eda8ec9a68c9d83027,368478979.55096906
03be8ec62dae56680beb2cf3,709957666.3206353
fe6c8cd2e792d62a4c324da5,747522662.1492288
f9c133f7a12f2b8c1b2beedc,972367048.9173706
4ec47b8100d224499ec608e8,1042444535.8194038
143ca16847cc47d4a4c01ac0,695568391.7406042
22127243f7ba3a68c3fc33bf,652960662.4226681
835eff7679889fcff6795d8a,809330742.4168482
4ed3eb724d4e57a7b35ddf5c,808883609.0606447
4d743a1250f7d91e2782708e,647660146.0465539
9f5cf735a842860e7ac753cf,770204794.7005639
e54a8b735724b2af56c7a36e,723887521.7958268
3b39471f854357b7e5d2853f,889147555.0439999
91bd11b5a8e0c0124be78f46,732198944.262593
6121943254877ee48716c4e1,350568500.7770969
3f4c2c98a5a6cb78d7d26327,366523888.2265025
2b6d63d6b072901effbc8e1e,989980864.2095423
7e4b240c601e37977faffeb0,989980864.2095423
ac29d71a80307cab65f29ff4,648064872.0282065
70c77552b1bb67a2a71c2ee1,906788654.4187704
54a09a85767156b072c808c8,714610449.1898662
244210fb4bcc0a04f2cdff95,1037460311.6432118
9a2b53c1c7151a8b26a71edc,624346365.0999029
918c48a512fd6ff22fdce5d3,750702157.8126702
effe4219e6cb56e5ab70ff6b,780055153.506706
936e6d2192f28a2b40939a4d,901249474.1452383
ad9a1b23979f0edd2ee19f38,716849576.4316051
8a8e4996e24142eb413c0d12,974951548.8271906
31c69cf4d197f97ac594a896,832143100.8148031
143f07eb2a8f0a9e26fc4c56,822513104.7854316
e5fd3cdc6a19653275c7f4a8,940245202.7538137
5c7efb015b8ff7f108c99723,825291946.9328884
394718d9d069a126e13be804,741575289.8650426
56f30ea777f5493139f22384,1076765010.392503
37d5a902f1036cf3d80c275b,661335209.6780913
3f418a8bcc7adfa87e0f67dd,851686541.4267602
051416c05445860d5b4095e6,373993453.27016395
887761f34ce0996bb05ac48a,1076585318.2721424
e02fa06a8de8a603e417d5ad,276359253.8772135
6f5929e67fb8da068b91096c,962555525.0573516
291479f573955e063f2d8bda,1070943643.5612869
e60850405ccec092b8fb5d02,690665915.8398231
464864b367e16547fe319229,727015677.1157444
4c14547b7e02e75204ca9f4a,595693858.9126147
6183257f16bce94113879745,673906438.2900276
46c34a4e5987c20eb1f5ff99,862304581.8757597
3f39b25dedb96409dc9d1947,981582143.7369231
e7a85e64ee07971696f555f2,554667126.059211
33043b254b9085fc82ee1f7f,324043442.67837864
bd2759d469829bb8926dbe09,956605693.3243254
affae17b6cc59bdaa30e29c2,830079064.6645584
e611d41aaf38a58acaa0bf23,756619045.2775981
0de426088a306321990cf60e,411930241.3586964
685982808b30597cc013e2c7,575258792.9141054
4cfd1be6a93641b110fcaf67,344786945.90336
68fb3b3cc3e5b13440eb014b,981282130.5694433
532bf5813d7e70958f71a480,1009867115.1878858
06ee1d8f3ea326a0e3a9791d,723502143.3617725
1862e0c4d8e89fd2302ab376,999006512.2830182
f3dea3d678d959aaf6b2849f,743303514.693486
2478e48a3c6bedd57c13c72c,858960822.5622934
efa36c7738fc14a11cc352eb,705618261.7895697
2f6dfe9443645d6629eeccb9,926609804.2713641
bc7e867cad6f221dc44754b2,710958629.9076298
e4f2fecf58a038d7b18f7160,845475414.3636049
a7620d5599ec354541c8af13,952942830.7086654
484cde8e47fbf62a339c8219,900713855.2316518
5fcd9836a3ea537fe86d457d,739446557.7879847
1b288024824312c8b1681bd9,485576918.71877396
44e4574527acc86977f5bc41,948310166.1316428
8b716bc4d6d833f9bff3e729,589001456.8022819
0ab85344c5fe6ccb0edb6313,948701385.2539569
03ad99f1799f2a20c8cc0a50,806917787.099451
6db318f828d464be421eb572,385868236.7481342
c3e648317c360c76b94bf541,561242900.9196473
19cb65620d2330624252d01c,504448448.64997816
dba9fa9642ebc97ccd765db6,597667835.2728963
1d2467e5f991b935d676e906,607255184.7344748
4091a115125eb4a67f494620,965447048.9431971
d197410ebc0e3b9937464923,504448448.64997816
722699e593085cdd72102baf,416512451.3631549
c059affd0c19f6d4d76f37c2,773528695.8072395
855dcebac302ec5760f67121,780443434.957105
f433278518a80c3301f26cfa,725196048.433452
66a45b0aaf5f696d35f5cebb,723336854.1756135
0152ffa8757aaaf417e9f997,568021619.6793783
55b72f6c7163a9b0b3b0b262,365370825.1405298
c8346a875be8391145a2f9aa,296283487.0472903
11c86230e62bd2c9ba44131f,958557408.7975515
c4b97a459e2c6d13710fa273,670059263.514963
8bcebf3cdc54d4ec99ba0d88,752332687.1440276
ad159116d166e45b70329bd5,785397679.7547668
6f060a8ee8d6d15f46289759,789971710.4177988
ab5f089f9d2ac1bf52222ec5,860396869.3467445
f4fc2da675d6a2583054fc56,405067893.0625417
89eed91bf5148b5645408222,792789718.0565625
0761d0b7c6e319a75b06d420,656906657.8727719
ce84187750fa7aadd141b5fb,718064709.3324989
ad77298955813089bce818a2,819997182.4429394
3abe8f334f0f20f8006ca5d6,952097287.7446578
36445c32822146606f75dfdb,935664545.7507663
f9798cc6285c9fb3ed7cb668,758848265.4854066
59dd396f70b8458772307895,834400788.1679789
83e91710343450cb0812a6e4,960351496.9668827
1e7a931100be734988955242,953853702.0608501
bedc5ab20edc896f814c3f06,713525583.754215
f884247fa6414f384480bf38,703174734.0377378
f34a38cdec7eb598e55fa41e,934280905.1881313
106ad411e13ea21ad68e5f59,924222710.9670528
a87c585acf2a147e381005f5,385301933.3914213
ad755859e7b6afbc021fcf6d,920910268.6714438
8015080cf97316a08453a9fb,948402419.8596345
f56d8f5cfaca0691c6ffbe00,818371521.6429625
8ad016d414e2d2be053d7612,793167882.0578586
8b91a957eca1985938860c28,1102073409.4715393
20bce83e2b75fc535a148dc8,819091722.0980825
5724ecee1b12e888d538c1fe,627528051.9543334
1e90d068f3c86c6f691649ff,890133303.1789168
0fd954262ee740999c31d407,264094768.06188735
a6d7b144058ebc326b9803bb,824528897.4972392
a81abab882910584371c7b66,606220203.3147693
9e41c4b41cbdc2553d80e362,1025624491.0884041
b6fcc49ad3656cbd3f4c2ea6,707936486.7076839
9a296eb9b63ffbdf2a07cd0d,742517870.4142448
3fbc0746bd620a0baabbd859,945272293.828919
3043d0b025fac4ed90b448e6,843623657.3737077
219555efc5b4291791143252,677319993.8107549
a00863c7c53b2c059ce22dfb,425791963.90428525
28b838c94d10823ceed62e0e,857266619.4231417
7e64ab35f5e336d5bd2e1b51,974644845.7996237
52f24ab479fad35c8bb5a8f6,940886389.5784516
0d1ef14606c58310cae371f2,551736536.9177583
a465a567a4f60ac534505bdd,996522541.649473
8694b149f7c0deadf820f0e4,953649041.1446792
16d6b756f5ebcacf221918b8,1022917351.2629637
7d132190218425df1857b8b8,912133488.9688895
7c7a3f51a58dfd1588d7c088,536998503.6571805
64d1c45a2968b0fbf0eeacaa,775952948.7147609
4fdc382b65441412fef509ad,922612403.8962455
04ece9352b3810031f3f9a90,900404808.0229366
8b5b351e07a26c25cf51e176,271134884.83631533
f923bfcb8cdb543c23bafd52,674170877.1062624
a15a12446d2e5993a0a6c423,849792933.9597614
ab3e1642655f7e705cb047a9,674170877.1062624
b62fc917b3e8ddd64bb81018,735718383.6236005
835842cdc8ea0a2206c2b46e,978614533.8741518
02ce5bc5d5d286a4cc0928f6,1058748581.983089
d8e51f7b40bf1887ac007163,993694918.5267138
90f320e94aa429856e37bb35,773479957.3787347
967a7676754d6f9aa3e14473,322147143.13172656
9251f3dafa0e747b6e78f295,814245247.3429885
17b5e8357e17b516d947ebe3,718710207.805751
f943cfd29effc9c048b8e106,698324101.8687361
41719542347401b04dfbaa59,730854641.1076239
bd6ad9a9ab28aaef9b4955c8,585335121.3323222
bbff88040e5b20e874cfad9a,810563723.5819602
3d6a9a4f2336a46eb62e6a47,827755417.9511487
493367258be5d63dc8db97d1,827755417.9511487
67cf2149b4c214da77694088,672120751.5137333
8d2e85825e95f6941445cace,750769742.563856
01afa737bcfa6b1ab530eb09,919706315.4478196
25813f7204a2e796170c4836,731814398.8165419
3cb1773d90dc240c4ffed5c4,969985017.7761496
6c81a0b90366db9f514362b4,979111885.7237772
44c8131b88accb3b46b79ba5,469013841.68186957
ff185be4fdbe3790c72d00cb,395800480.98041576
851f50292e30b0a464c0804d,716715779.8756924
6fc2a4f29e3b896bce631ee0,693330461.8226452
cabc4fd04b60a66bdbe2cf9a,904902727.4028838
61e9c2375626a18bc9920c5d,860980496.4413877
396c8060d9767b4debf2a54c,870936984.7655278
92ba019bd942fa33ab742924,728098575.1869226
ff71037ec8e5a91aad6f0686,287873915.05791837
d162a90b37622c1dc6550690,831784740.4119722
e1490f0730f8fdc36993027c,711075147.3404851
5a066d6bb65d28c2094051f6,1010650471.2700732
9c7bcf000cb37f48d9f15422,893514221.6379564
528a6345df87dd0db33bf822,879175508.3671871
579ee47bc31f5408314bca28,777526526.3649313
eb61a13df1c8d8d0efc4db3a,731619381.8220885
b649d315ff3c97c4e8e9db73,277151060.52840155
d8dd26eb78ff22272358e302,872828613.0482569
6ae2221c504027acfb7368e8,644562575.7140583
3ce908c9b70f349158f7d04a,827606375.9205208
7cf74cbec871e465ec2f6a61,827606375.9205208
02e9b077d6cece81387fda35,933299526.4308225
865ed399cc344e0638e45128,924298796.3907273
d9ed55fb72efda67f5144330,1028125815.9884894
9fdbab0b428f19e7e8dc35b0,776341703.1171963
c061b886b7136a1b00c8ea2d,714873178.3628151
fd0f6c0b5234ec1f6c7d1fd8,1154618031.4925354
9df90c0644948ea5539939eb,901684963.2296885
547661e79bf0c62cb8de63d1,919836681.1447457
68963f5f3657cb64276e3beb,658341372.3911477
cab0a460167bb64c037cf25d,188076295.28864115
31977cd5d4c09eff149e74ea,732217757.6989249
23264fdd1059460e079e5810,986423128.8354146
4769743185eaeb0e4158e0e0,761421663.3016531
780c809c52509bb4855a4efc,751051537.8025904
f64d4e029592761bee698958,686428871.1061708
be364e85b988ef8627ece74e,417048255.61058193
c73c38b652e9418f06f89b67,472293537.5352521
213032fd36fa1a6342570158,655497156.246439
d519a8de5fdd1a84ca1baac3,703940406.9473283
df91a494d5d244f20dab0eb0,509685979.66544896
9be92b361ffd3ea2c69be23b,836022304.714271
cad16b2ea432d926d961109a,595452624.0412549
56b22bd973f94a4bfaaf6b33,811720867.522972
84114798ccd01ae3dc97cb27,343192688.7686037
fe2bf1f402addaf17a213030,955308707.312619
e01c1b69abb6a4c1c69c77d7,1032109644.1959513
24671f63cd061228ec0b5b9b,581873219.8961129
f54c16df774e70d49355cf4c,339658882.73300004
5537b994e85c2688fe555d5c,661769198.4146844
1e5919cbe4373aa261d672d7,290208754.99981344
cc125d0f70d6d0819d6d90ee,761144228.8535471
51f94ebbd6d2533862a1fdbf,676513444.0256888
fe409f9ea8d18c9d9ba4d02e,287604874.2937627
753b47e2a3b9fcdf9d7fd9fa,707378100.8812894
6bdb3153f267395eefbf588c,636491230.9809377
9bde9f216ecb90814670e87f,973562443.2078743
7f5280804c59f56fba3d6201,509660254.26028156
ceaf16e097500022498950ff,364246220.8155802
aef06b27b0a080b5ee539b6b,332050224.9345793
abc668bf93ec7d1951c65cf6,287604874.2937627
56822f406646f93fb39d9e60,231381608.63883084
2690ba8b22a95cb837cb87b6,329638911.6856204
180172e4eee8ba756207b3a8,407775913.66743785
c11cd2e00942ffe56db5ae88,867046814.0867939
75a287d87aaf6ffe7b6db546,748322753.6016804
08f35bfbfe1bd663c40d9e54,779568255.7484496
c2bbdb2e5d0191071e6db37b,844585817.3807317
b129a508d1d98a1b6dd2f61f,801037437.2056595
335626f385c28e8370c207cb,532599724.1866376
898ed7299f0c7b8a99e4877b,856211064.0098249
a98022fc80dd6ff27de693f9,707402396.7475511
a59f1631e721d231eab4d146,966548723.0802094
98c9c866109bedd605ab7dbd,783198862.8511305
cc9743189c3671adbb1be49b,815050636.7043992
e22b8126863c9ca8fb04df9f,811078591.8072207
247715511199c5b680088b56,623933140.0946033
6e51ca1a9c2bba9fa0cbe5db,962746812.0449022
ba8d6800443dcf95bf9c1037,410509969.84663373
5ec6e033b9dcb454c57050c3,703940406.9473283
156ecfd8ca6004281b191db7,965365491.6378245
edc3879a1102740f2f96227a,920365066.1806235
c02ce25a3334860d3bad53e8,122597847.12340108
d041129f83f1f13fd7b35e4b,976331611.7152275
6946fb4c877f35e9215ef4be,655136947.6299424
ff2897a56a0fd08996d19424,639520860.9422477
e1b64df8e809ba220c9722aa,895639360.6476296
c13263f9c8628bdef086106b,756110664.4198128
e2b8d1aba0c583984aab25bd,896295119.0948739
3786baf40b31a20f3bf3aa80,187597004.07869244
bcf12785c25f6e600eee8fc0,698764766.3175347
f85d09bb2ea40bd4b68465da,901264380.5048674
1f40dff9a973064aa4737eea,834196568.4208366
79beab95c6857412ebbbdedd,861577172.2637194
5ed8cd2cf2c6dd5b5241d6ac,933237041.02026
ca8dacc29a57d39640e3e59c,917956683.3105716
723655990d58df33d55009b5,951453620.2851021
79a675215fed2e293b27f43d,788813168.7976367
57999ba0ed9089739a1f4de1,744798775.506721
00cea81b78d6007eb405d5b3,841514151.9679496
c00facb3e4cbb27c47a621db,1010855016.1865973
d1481d9d2bc9d1a3811f2faa,720744251.5621403
26313750bd29b2c59a81b58e,844511049.9346244
2bbbe93b615c46483056bfe6,987419085.4319234
0f8fa0a074b743c92f0fc56f,874807730.9736507
b925f9ef733930be26417458,948239841.3242222
0183b38955437e8d0128a013,784557006.4103391
1c9f65b631d2f2856bc97079,560768335.4806745
c11d82cd360eae99c04009b1,1058262030.8721703
4a80ffd8e908a3291a32fb6d,987419085.4319234
1a0134583a5854d5aa9cdb9f,1091227333.7245545
5f5346deedcb7cf5dcd1e9be,756164371.3942832
f17c8b14e56a76ea84a45fd6,736782988.8809913
b8ff548543842246ad439703,938618802.075879
53462704cfc47d32492b4847,981436853.123584
25f925538316d3cdda8218c4,807252828.9157429
ffe653c61bf13df43fa22190,644175998.4717469
228d98c82021e2325263c7d2,543627536.1458421
f32a7d08d176bf9177dbcab1,746422652.8503108
f2c86c1edac4eec6c01ec11d,904924650.2836517
06e350e3c733e5a0afb613cb,640155482.2835432
e2544529df4efb7e90afcd21,748085761.7772394
a639ec3b943cf90cb28bc1b3,480579746.6457392
a1320186028a726935bc1cc5,664730342.4334948
97337d2f347a50e0ef518516,294833828.1092413
8f619dd7fcf5e1a17af301c4,821726793.8562189
72569ddc5828fc702b2fc773,853532606.4381924
ec674ba8cd16c2264d270901,1028417869.0360117
2b05f001ed1a84425a45d0ac,702810326.7020462
0a7758f69ddd8fb27a839661,756993940.4211323
e3ec7a8fba3e1ea07a135dfc,586602814.0732205
4163b665043ed27d7bf26c00,465958584.8907426
69f7b81b70ea61f304ccd36d,403489177.40433544
ff61104cbeb37f077c565fd1,589624102.9701321
883ee78c03efdb4bdc57796b,651466113.1175145
fafaa5dcf66d22bff322c72e,589324777.4219699
eaf0f2b00b6994a9ba8c5ed0,716681200.9679699
9b1590945c0c7f7b0704d287,593026136.8647656
766d34ea891f3af53f1391ba,858102867.4800138
b8680f925773229571014e61,670350691.9457977
2fcab31c752b699af5e8ce8b,873765894.3591772
96d14697ed6847ee757d113f,964924472.4804187
ded79c11c30167a9d8accf77,776618350.1285608
ac50dfe70b599ae93ddee4fe,830843301.0639256
3fc7a0f9c30978f24d688fb7,673367620.033052
083f05fe52ab15e8d481ad41,850411423.5006435
075be16d8d9ed6831d139b2e,681129099.8627957
ffce0b151f293cad0a6f770f,920893050.1755599
5997da918101ff14bddf20eb,700039977.7689044
e102f1d841d7cdb596d50624,324241661.9252798
a2c3da753f0116aa5842d4ec,989398007.3478733
43228eaa1230dc0f7f1473df,620121748.4852319
4349d6bfd5a518fcb231cb3f,666669940.2573397
c6c978051fdc655d21a370ab,791388140.4752531
f4cdf3ff86fe70fae3e59f4c,802108658.758218
ac154aaafe98dae45bf9782e,853805985.6251944
01f6c99999c154461765f4c4,807540900.1419923
d7d30819fc6ad6e7e41453c1,916513585.8070548
383b3198861942064a63184a,685891412.0659896
3a2f110334251e97abe3583f,668789776.0420382
9b9db425b698a4931173b5a4,727427980.9321703
3b51828a1e891f3a52a4653c,851357761.8780522
c94dc49efe0a350bb522a56a,933599388.3447353
39e4765ae5c8284e1f3f618b,772039807.565633
04b28e63fbba92daf83865ba,780840953.776447
b9643a26731cf2a9a243ef33,955670267.0073951
19e03fc1a7ca4b0761eb9ef3,803041689.0721176
c0224f0cee5a388014db4f55,883541542.207931
c4074029fba935dafd82eba8,759071255.1955619
0a8d749a2336d8f66a4f19ef,784174549.8861834
e84da6ce78339d50a72cd87d,503435299.64496386
e9830411c3092327f4e66a99,559123001.1216223
17d51fdfe8fd16185bf5feb4,729774325.8700119
f07126d58455b20f547c4380,881244881.1772811
8fe7db56d501b9c11461f62b,794000031.3932328
1ae2058fbe26f384be45df4d,794524547.7023945
e74a31e6edd4459d4e215c5a,765960269.0118755
c91945dcab0bf200c3ef321e,908058868.189896
933018604a8d5a9020aac221,746520075.4208112
876ebdaa0bc953890e323843,524308239.77946866
4fd907c202de4f06cade3b3b,1086165871.0759983
e40f616637f6187024b34086,976024736.0453061
f9038f7e24e0a29bd9f3e24d,951682921.4680147
b27fc4e7f6042d70a7651038,695440115.8570981
e68b18b57fbc5fd6cbb477e1,642501174.6384375
326a82671272d893ce699476,1020682549.6779811
d2655e69f5dbd09ddb9268e7,893090239.3237461
440cd2efd45c019c7151902d,680526954.2633238
e5099db945e4f04aa3f0bfeb,1002280654.6909323
3477d85a434f66df58fbc094,1018180599.9925926
56991f74ed430ed942b2d6d6,982009104.1261467
7ac1b85bd87929705b7a86ca,994943194.730129
0e1fbbe248919eb71e53ea75,781180400.1767391
75c16273d3a593752446c27b,741467585.342655
7e74469fe0b030254756296d,883881591.2634141
35fca2d53ed17ea7637c528a,966986514.2143117
963cc728f3bc207a7ad74ec4,750411671.4557457
fa9dec2129f7218b4c4d4b35,698732051.1760018
1d0a6bf40e609fc74a319310,600098483.5263551
b9551c416341fb167049d4ce,678464366.6634758
89131a0af2db172538723b08,1153611148.4225674
3e66557e876a876c259c40a0,699265025.0767566
078144699729ee0c46f36123,953161966.6651522
fd15189b99da46b098a949e6,705515388.8532244
d69209d7a26bd306bde5a37d,824396826.5737969
89690c80b7adcb8a8afe531a,643901106.2665994
0e0d19168609ac1d75253edc,287924009.1862044
6cd0aca2bc40d83473a39885,936490818.594633
6ea0d50e822913d0f444d89e,884978447.9730946
39579c195f288da8d77f5ce9,818122887.45079
bc54f5dc4e9ce267ea592813,839755063.6912072
1d43fd3f7fb4e24a0b7c9ec3,874737389.8307803
2566d8588566312ffa4fde42,800629205.7659227
8d27746cd9d2532fe9cfc408,708638978.6512941
95b822f76b4d3d6ceb0c5077,852978324.3461673
eba86391ca00fb217ed1f774,833467997.3437504
b9a0575867a59dc5dcbb9cce,906951567.7553138
0845e73ae95dbd4aec3f1f43,675668815.27842
419a2f823e87ab67b1311bee,873781051.1420343
552217c633d2562cdcaa81bb,667916815.6678383
4fd7984773d2872e51574ffd,831604043.3245392
a87ed2154a2351cf26f0027d,928377692.7685527
a2522c9d3edb7e7a23a42b74,1009265416.8618708
357e58ef96c53f39e267b80c,906642940.203353
cf0ca58262feb1f8b0dc7b68,861498245.4610312
1cb79aba890b35f9d2a400f6,990415669.6056566
d5c79ef12f43e2bc19e22fdc,752092905.7797258
776e1192349cb7cf1579056a,879082630.4505888
7de63633c7666484bd098e2b,901575773.4327343
ca1b1c17572f776fc1059691,692936736.7756864
53e94de217ec45ad576fd83b,634329795.8221319
ed5c3d2952d2575b1bb757ee,992824730.2898746
bdfa334bc331e3e547f7568f,850411423.5006435
9c6a01e3c7ef87d27185e9f3,768865494.7188144
05d9818d3f9f2a5c358d3911,971942798.1757405
f6c990e406b3756ee39b3b30,679338761.022754
19ace6cdfbd8bed6e99c86d9,432833802.9327757
6a04f8684e083eb6319b5272,620247005.8339463
179bf83034539c8a391e0310,979499980.8203112
a42081eac6834da0560ea4ef,919385625.467022
784fa9e78f7cfeca4133e8ed,880814203.9709138
978edd828fc71300e6723e06,835579352.000537
61d6969334fc63611c810e2b,779498976.5079883
4d592a67596afbca92d26bcb,650536855.6841773
50f8068603edac10c87411ec,363014469.51497567
9965f598c5b95b3cfaac50ad,884669673.0108755
66cf83769d16a4d659edba6d,929537482.7879041
9c2c2b01934d1d519e651786,814929109.4201375
2b4913f28d07628bf2d3ed92,741974033.3821198
9baf7967c49fa209de8dda95,750588401.6401529
7a0f887a9426270ff3c24e36,911719934.434792
c1034173dda31d20c4efbed1,570042039.9386367
c4a3d64de5e401a86395a919,519084985.8865708
c4cef41167a5e8354a61feb4,758691063.8043087
f52226b24ca3d5b04b7cfcde,906240654.0009944
36d5003f0b5ec7f80e89262d,714519980.2292699
641600a4cbb13b35dc7913e8,753310374.3223174
c31c4bd09d8cfba562ed2b41,977222125.5205187
0df96c81adcd6fbc2f7141c3,782124209.6151162
4499adb2aa3aee94d1f1a1b3,991032498.843489
4ec06163d39f96baebe11bd3,676726762.3290557
692cc1c9949d35ae11412fd6,334285761.0471464
f1da5388b772159ec90c3210,1102467237.9595437
e7ae63f81f8fad37bb9c1b32,943369211.5854727
d39797a12d9a4aaf15ac11e6,745057296.0095063
efc5412fb02ba9d8f604e493,789753570.6365532
bee2e008ee41f8a711fb8d29,739904313.4383222
80279a7533c44bbae477ea4b,887260475.6883688
edc43e57b2905405a13f8f3f,379202384.76616526
751795587d1396e0daa25783,833313056.098509
6d90801ea8cbc12f9e2131a3,830919970.9462198
71fe067a5ae994180f530686,830919970.9462198
2e99240e23b0542f1cc75026,625880722.2197821
fd6112c82d5808311b08e29f,784760998.1124988
0ac639a7c5ec115b3df8111b,857928644.405078
af0cfebd54f32b9b92c5fdf3,830919970.9462198
b0015b31facc48a49f1313ef,383918582.68512464
2347f69ec1ce4a3fb6989eb7,258833168.1946916
209bf65e11bd7053d9658824,736876671.3199867
41877a677d1856bf609515fe,947415317.7601948
cf60297d9d9bf1268f35ad95,880996408.8908933
a33800eaaf178e01558ee926,827290943.9894179
69e663ffb4935aecb875854c,889210210.4896296
595415e95e075b70c39d5c5d,678900712.4014273
719679261d84d6b93035143d,941914158.1262941
9f149071cf61295815e3f875,916401773.2250053
3d24d985b95a3e200a734bc2,1022151108.0315409
bbe705b86c6ed4da775b68f0,352876270.99095124
e1d875468eea7b2eecbb49c7,808372193.850699
0802b7e10706252dab8db909,622595213.4964926
2f412384597554f3dab07985,716577837.7639915
da8b5c8a320821ab8ca00a80,834137550.3848025
0f10d20cff5664f9564bc88f,938910230.5067135
ab8699d3c685fa834d7ccb3f,776415546.4611136
85956152686438c48c52e018,882218833.2059658
ed9c4f4e06183b15b877f077,193868178.5426479
12e32a758e15fbeefa255207,786999642.4717996
22cfdfbff44541dba9091753,789714239.2606969
314a1e163d0b77b0f384da29,435481913.9958268
23959a0f6e27c8c2b4a7f436,844984209.9301147
6ab5a87a537d2ce326c867c1,646823182.4070199
d9ebae84cb53d29bbd8a466e,463896829.51309556
9511afb73b656135daaceb43,808308473.1366066
9231ec89e58a3daf459c5b43,882312663.8131903
8d97cda83fc7353a86c9393a,849497854.251333
3b380c563ed2505b7630feaa,974476645.0361413
6e5ca223128fa2de422b4009,680323145.5653526
ee30ab004ac5270daf59758e,672002382.019734
d6fee4f680569a54f4267215,777557901.8029428
db3b84e5b3a9097392a57319,830804273.9003776
cef379fa831f936cad745dbc,701832574.6901689
4db8d32011163bc4fe01d02e,909722455.7459223
f842221d74340270e757fd41,940720889.7157927
f6173e36f95ad05b8e94321b,935212714.7226887
5960f14f2a81075fa66568f8,805138535.1602005
cdeba97450c735185e486eab,870953840.7458681
f9a802cbc802d49a087cf23e,974738863.7497269
6a9ef848f22fecb9569098c2,873225066.6582664
f3986309e4fc4cde2b5feed9,851902672.1711946
6c3435048735371c36dd3892,968936434.4714649
f019dfbfa7fbbddec988fb25,896169222.2057706
4526cb4a2b8238dcc4e496e3,856678037.1539977
95561bd325f60967cb6653dc,1052139487.597435
9f3e09a3461bce2fee7e1c40,797402575.8497559
1034b1af0331daddad70f3a5,342809836.60147995
3ee9cfee7b0acd482672ed47,775832856.2868824
adb51a572f3198367e3760ef,825245749.4077499
5c802e198dc0906016741026,686039897.9615762
671603ba1f755be5d7219a01,634939803.3631209
001d77bfb387bdf0b53e9e83,875782323.6187092
fd9fda1abfcdd1066a177e14,779385315.9407278
e1e78f3432ea2dff6b69c6c0,825530381.8732666
378e6374da00b72bcd7920df,790990012.1663433
54ec4fd8f49c897c644ce83a,828186495.3054531
a67ef3a182aa268bc4d9ea14,709793509.2643533
8100a4b0288d5d9d9dc86d2f,362242595.2507817
699ac8957d9b4eb7fcfbcc40,927381955.778469
7b35a3e9f3e67fa1974f5c25,1048675307.6298149
6e5383a7f9a68147c2788565,765717726.4081606
fca1c40a338288036b1eb25c,983083023.1591251
237da4784755f090c89f07be,754215010.3951657
21a7c5d6ea818dfb25077e13,844882147.381794
0cf7dd52e117832b4698b310,780297787.308676
677c8056695a5a539dcfa3d0,877210759.7311606
e4b85269ca413066323f66e0,707625925.2470653
9019f1dd02ede61479b62406,321329487.4778216
958f3e102c6ecf5f6386a004,419896591.8823389
b05c741bc5013a7a6abd31d6,419896591.8823389
2c58f2cbd00035febac060e1,876467076.8825115
89d36acc5f617a6a97e02f23,798052327.0696373
2fba6801eb9a7bce7ed2c081,893742931.0350792
45ccde79aee811756030903d,839622886.7965353
5bdb5174517b8faa23df9587,920503037.5152613
36a11817b32bc24eda6ec8eb,457697995.53259355
f1319a9332946bd68db250c2,613580500.4822888
39f70d6b68b22668a0631f37,888946936.1652913
3958d0cb732f3d623764be54,731626462.7229584
f67028acda5ecaa4c8781ba6,705569317.0642366
76f50ce5f30cb96d48a69357,368478979.55096906
9e5efd4741a57b9af54e9265,668990292.7984052
8c45ac143f5cc43e9249c17b,920097755.0168247
2a66eb4d2a205bc4474c0afa,872970783.3218073
85cf1ee98e1a85ff4619e27c,769919965.7267339
84c2ab0573d3cbffa0be90f4,809710120.4488096
48976c41de22ddaea3f8c296,605115701.8855807
001c03f6103d35389825b62e,831399818.0334285
ceab390b6906d5cbe65fc402,890287742.9292163
79f989fd66108a2c38a9764e,867364527.3405604
cc385eff95aa00310eb22111,769618048.3794768
ed764bed1d05cb1e9a4e67f8,800597664.6813362
857c5dae475eadef41c25603,938413686.7163639
7148b0d9e2e1e92d41633230,992229216.2764626
7f3e02524981fc7e40eccfdc,308237467.8286083
ccc625df8f51248e3dc93214,365171253.6897063
b38776cf09ec8e90fceeec84,819786670.2662797
48ebc3d79e01061c926066ba,255164142.02103502
9580bf8358095abb15a10c36,268295896.74669155
d26d35e33a0cf88f735a9322,889256376.9531564
b4c2a0a1a63d35a9a08a6e15,723117082.266015
1bf1913f806bd4b461233551,192415227.80916682
34d1394dbb483e55d1cc2da5,244959399.02704224
7bef2da7f3c160e94fe91ead,693528780.3151891
528014ff6b7cdbfc174f4fcb,632351081.616397
bf1dae54bab00fcd3e8c9ce2,757115031.1351742
f270dfd9ef449a02b6d7ae2e,722033486.7385129
31d6f089626c4fd08536fac0,659582511.0689932
259f4f7fd5d851be70d63633,332173407.7909078
6b74ef5c8ab1df614bfba866,898302008.9920398
7ee7fba3a30e0e7c2ed3043c,817662398.9396651
b24bd44eefc3ccf053939dfd,909381551.0630862
0545fc14aece3f37864ced2d,676076301.379437
e07eb36210e90ef0419fa0d0,1042854231.7933351
3991b04509fa61b36a8f7d2a,994053948.4372909
387af5fb4b4a7f5c3fdcce57,847244854.2233889
6852e8bbadc1a9f4fbcd695d,769234347.3755112
8c3373f9c0372b87ef021512,892207577.2937622
6123a0dd128e45216f832e3d,1032703142.3955934
0913364c688d7375d0f7af5d,506718698.03839344
8831ae77efac99a6c58ce05d,1039956241.9170008
b6283a5714e0b977110318ea,594573264.3555406
d2d8f5356f77507f8839280c,972672379.8475783
f36bb15462fb29f80b127458,1002019576.669804
7abf9cd6b26e2e2bb6d91e5c,1009143570.4669292
1a5f6f7e8b7af9d48644f1e0,736861168.838475
8e2a5f8431996ae0db65d0be,878636412.6323056
29535d858fa3a11792697820,757916448.9829425
8e4df02eee6cab9bd1011987,826623509.916311
5a4039f0ca12767138ae585f,843034387.5579841
d84248b3ce8ff6f5fa480a83,822673768.2311467
5838e86b74020a5bead56161,365743367.00919276
02091877f01c926c350b013b,570124084.6509995
df298574e35dda90fb568023,495812387.83217233
d8b83253855448caa81f7780,857947031.993285
1163ab2c0bc8c998e121b922,614207251.3387367
14f9ab54432e5f54a50be4a5,465310564.3910449
f4e0fa1172c1d4b70b6c4d73,675053858.1449358
4345863fe83682f6091d8a77,447276213.293055
6c5bbbfa3a1515e5cdec9ae1,734261698.5074879
742da63af109164c21dd57af,748885349.9430491
fdc28a68bf8a5bc86288b4c7,810564350.8143342
0f4b077de4ba5f5db6fb0065,664070868.9156042
320ff6c0320674fd278f6fc7,732164767.890941
6acf9cef08906fe569c38572,848059726.0069743
853febf898a1dba351d6f917,653813763.4593812
8ae41ff6a828f175a9f628b2,523828002.54786724
56ae6108c1b53c649da2f6ba,621406039.1702622
aa990d4e5f1a0fc4f0bb29aa,866289984.3655834
cb8b826e929f4f8a8e3687bd,779998997.5085673
b85a7389bab2e651f05369da,281360304.23747134
1fe929afafa91bee53df4e86,908986153.5052127
02e89c055b7692dab024defc,523115604.567417
66bc6e56bcac9bfc4a7341d8,871151207.1987443
63cee15dc4a6808616a2c2e6,550024661.0832511
9a889078a0225c013570609f,652497490.2239925
3548fa5ad26ba2ea999380a0,353635940.42397565
d9d8aeafa748f8f1ff2fca22,767644150.8749603
9e2c21d635fc25f7790cafa9,353871854.590476
f99adfe85d32b0a66f4d483a,928603462.8729362
eb64fd330053a41ce5be4a7e,581634073.3989841
ea8d704272b2cd066a7e7867,776954663.3851781
e7c92ef9784a92c8b7fca693,871335879.4142158
a9b83e18ae78d307d1b39b15,696203659.893458
ab8d6823d905f1f0ccf4a75c,928987170.7203972
8447ca83d928dc34c2e7f9fa,582348532.6974041
5bd24b842a67601630036d0c,741356900.7707728
38d5b9319bc16bae99fe73b9,815565401.9765879
e1558509b120809eface5b87,668514597.1784528
4b8d7217da1b1f225f254914,833090462.3966184
09e0c3a1b90d46c361007323,581634073.3989841
d090a9e520ef74848bb060a6,958398783.9222966
07284e4caec09fbbb16adf2f,933889792.4669769
f8bb20be599b79cbe29f36cb,964155306.0904847
07dd30f04c5953f325df9aad,829358999.7096113
622872d345b4b0d9c1b9302f,771056195.9049178
fc9151dd6f8850502c747bab,906507211.46804
0fdd03a2dfb18e323d96f468,1024630807.1226397
ad7cfe29b56c915dd016897c,399881573.6626583
f40a182d82c489f55c64ab7b,799626520.2721456
fb06aae0e711d628b16eb910,894902254.5116811
7dabee85f750266dce02399e,875174421.6857694
ebcab2f8506c64a461591d1c,814346125.646332
340f96c7de105aec5b7a28b9,848774838.0809388
be1c6023731fb633c4f41f96,544663283.3444912
d6b051fbaa13e3d92a798521,1080083164.0918489
bd04c8b6b5e381cd5f881379,396851918.5039406
2ca47f5c36ea5d1cf00dbd2f,402434248.7286966
3f2c18ea5d8e9a25adca4c42,850399754.0911046
5bd59dbebb0d6fa71efa4c66,984285408.7761557
bdac2f1c4b306a7742f60ab9,997324985.8663543
a0e26a9d56cfb3b7228e5d75,762071647.6463615
933740e21e9b61721b2c6053,679338651.9559793
a3b9c1a3b81f17e6b22b6152,1023443289.9979862
445e241d8bfaceb149609d6a,537532279.5691557
937f0b37f566f65a1871615d,782869355.9978359
9a76a405640f670c6355630a,628310461.873547
7a0f351e8562fb7aafe6e714,779026443.1701659
4c5b79f3656501fce2e2178d,443376907.2036597
201053b106a0b89a0a47e2cc,828130563.7154361
724a5f9542f86cc43334d3e6,424935807.56107545
afaadd87a196e04b934e0b1a,559165540.3510813
a46cfad2458ac7ca4134818c,826504632.5682245
f640eb21bdbb9369acc4e863,533268687.4856928
8b3350aaa66b9fa1c682c15d,848421603.766838
1340b0805cb34eb9a982190f,492890159.17855424
055d5ab6b22d4d0ac325fe73,826186367.2700591
faed63c1287896e97987c4c9,925735597.7866116
a094be8af52cf76977fa5083,1012969483.4410535
feb3384733ed8feeedf9ce8b,1012969483.4410535
eec4d59429b1d1bb75b4d686,625149482.4017891
3e9754a961d2cf348c9ff7af,920463706.4740096
8f8a92abd28c8990534e847d,1009345257.8246176
256491790d0a2d5e1ebdc2e2,455319268.3822982
ede7995bc4e7e672fda4fa5a,997511320.4860315
9e8a11484838eed1f4673a32,616803821.9756016
8aad5795547ade3c804c0ef0,669542510.7171097
4ec4683fcf928d9fb33eb7b9,647963255.5725951
ee18825bcf4065d29287b54e,1038855028.8492596
485cd615660dda11586f797c,645728175.3548148
8b450ea6c21fe0b5157529a4,780367091.7575088
0d45e78397d4bc0d363be47e,486887272.0948114
bfa4cb65827c4ebb91478e53,947760857.9663483
deb2c93acfaf6994bb3c0608,575849521.316552
571e1a8c252cd67ee0475974,916996291.5806817
04e337d3c692f3429d47aef4,752040084.4107809
cd2913f013727119158b98c0,1010363343.6844785
ba63594585c484bbd20ed3a1,741589760.9547396
beb7b99cf12926d8714d1c5d,893360646.3012117
0fbc9e52ccf1b7ea8136cbbe,863000857.5755255
f36031f3a3f77a3fcad337aa,333743924.5563547
7738f18d533d0f0379e3a06d,867218813.1251432
20c3cc21b44eb37d0b359c1a,783596614.6804492
78257e76c16db549022fbf2c,701843966.1908486
4baceaad0b0081bdaa37473c,757479306.3366904
6bbf67d88846e94a63014eee,954491054.6768148
edb259013ceb62ad9b23eee3,1001582434.0235524
ecfe155a407ad2c2f74522e8,643043399.8481247
6906a20be4962df7725dda7c,907225797.0650222
5d86b884df3627d93f206952,1237167340.3313887
cac3eb4606346268cea48e32,807107114.7003256
e7439820086f8d1cb13d7c9b,698674865.5049018
b940561f2d48444e139eaf71,199313858.8332139
4433060d0fa95ae1382f2de1,455537928.46989936
27dd503d4fbf4d5f5d850d4d,605701538.64981
42a73bad238f2d3f5e376044,750340461.1277221
2b53b13cd912f353cf9c4757,765299666.9930459
4cb59b46927df31150830d5e,549662012.3178303
2f3d01cbf0ee0b985386418d,131887092.14383423
d12e6de49fcca906c3586994,533740389.85487586
8f541a839df1ae79d563427f,668150739.6650302
ae5ff2b5eb4f9ac44fef666c,348745243.9294285
ca77a424800783bb9c5c0450,774929995.8446643
c0ec1e7ae2c6c3c2f2ae34b8,605039257.097692
2372f7c0499de8aa2e5ffa06,913496316.850024
46de3fbec5bc6c0e256e7751,573625102.2571228
4d8b338266822739bc9c8fc9,656893380.4286755
86d46a3fd9d7bbcac3319829,692488342.9116054
b13fce1462ed87e57ddec917,760140843.8009856
625caf4f4f56f3f6bfd3f786,301165852.48649246
2214e2c62cf8d2d14f11d47c,731137543.9026494
cee8fedd5685633435d77a06,1062339546.3555751
061386497cc2dede3ea70b1e,607377062.0863323
3ce50f34a7974ec17178a79f,818998869.5123346
855ce1721230ba103fc0ae84,244438393.21005896
ff3b85eb538fb9a7dd03f459,317048480.92410123
111bf82100a6fab0c9ded743,513443232.2719323
8877941794810464749ba5d5,716831885.6213558
1122a042822658cb504dc147,513443232.2719323
d7d924ec35768a3e6bd39b20,427483617.0039031
27cf45528b4266162f7c9029,728555143.6610129
916f946082d03023ffad6f2a,952742038.1545147
68181ef118970fdb1d83f030,801034807.327588
2f0bbbbb466fae3fe5c4f614,816671852.2140546
17c8b228fa2591e3a234d55c,738112198.5019593
e5d9afdaf318dbe749bf9950,738112198.5019593
ce2cce355f493a75ab59b242,533134159.9988478
b6825cfa2fde9b42fcf04c59,527162082.52905625
6fb3e33e16eb81331d389ad7,354017568.80589336
e29d9a401a246c00f5eb2413,782679515.6075878
fdf103976a39cc12f5effaa2,782679515.6075878
d1526bc5e5446680841a9cd7,1089012357.2489164
a96cb9d988f5dc99bf5df4ea,1089012357.2489164
760125efabf13246774a9f16,751008239.2243812
229607e2faf76efeeadcdfce,577848505.6172225
f14b11d270282b317d9cbadc,728353603.7138551
8a41638edfc5183469b6c43f,775670080.980554
ba249dc7eae0609f20ccf234,757570258.6277046
0dfc7d77d3dca86a221fe62b,1058553459.3030051
ed7f61ea4c9095bd4aca258a,739582871.0575737
d2ce77db7cade7f2c6189002,594573264.3555406
9d18c354e8939c9f18598f22,797477822.3822501
b95689add02915dab555d9f7,719489070.6276814
1c35d9468cdc55670d48db84,966840151.5110439
caa4aecacff2beded2e76beb,711489823.8904707
017487de3455d9f642a7fadc,1035982514.4268032
8ed9c13717d2bb274a81e460,702281108.8371004
c2eeb1cf0549df1359ef4dcb,616937842.5907047
3a413637f3108ddf7bd53bcc,865271863.5028155
145a241c80430b1e4ddebcfe,902431914.3047537
c954618c48b70cb00efb49fe,888927312.094879
fda6cee77fbfbce6ec0eabdd,750349460.7943966
b92c9c464e23f8b987290769,332727894.2228654
d81b170177769c0121b8935a,745871738.1695566
7a832790d068e1e85182b5a5,294001175.59324807
462ced9cfb28550c160e5664,868092460.2235088
edd9a278b86b1c56e237a0f3,635297300.9438004
fe9b6a82fcc3266ddcb3e36b,931899114.4221493
fa74fbeb90bdaf8eb26f8329,736776880.5873518
a70b6661eda6ef616e19dded,383249619.3860694
cbcf4d76223673724b0f9811,808901217.028965
ba16ae6ca55dc3c0d5480944,808237754.3835624
3c840c206546c20b3e53d4fa,866524160.1800274
c61076b24927a46ef506322c,940918364.9555745
2e797c8302fb7ada13ef2d4c,884365009.361521
3c9e3b97db788dcd10acf0e1,705088484.3809937
28db5acb7b224d44e3d7ce80,712735336.4868244
c7aad87d39537083a5620757,961647483.6548738
099721566fdd0a32546fedbd,902397728.74502635
bc67f29c8679adf31353bec6,841726966.8683147
eb40a304997a6e66c550b704,796000045.181341
3882da646752a82db088c614,593467963.3279608
68c319925551b9484778bb65,759861741.9283072
711b570ff195fb77229deb35,896329785.6237677
e7a2e8e1c22a52f78ffd1b19,835964981.879454
814d93fc94b4de6d3a860bcb,827267996.2582729
817da44fa842fe304b93c199,523438008.4150384
5cb29f5aaad14b6c33813580,559165540.3510813
8a1105028a1a1b83c5080abb,361952997.79186004
82b69c38d041325a4bb2fbce,495088127.3469273
a57d01ed5a9641ad64f7f032,492890159.17855424
90186e67d802be6d12eb3696,693732647.6363981
f781bb1ed340e08b23258ceb,366280210.3025262
db05818b6de8d77c1c3fd053,582542183.1951681
f4ed8924f5d1a3e6374715aa,426698612.8617482
d792d1eec60822752c8d52f1,953543161.4715304
47a3c63f65a9794384c655dc,826186367.2700591
ebacf31727972e81d0a0d904,605882356.6674659
a759e4c03e49c419c8f0cd2d,716776760.0524613
0648a4bd7ca088f4b3834401,994345376.8681257
b25734bf3ca94e775f467e85,899479051.7398669
65a8795e7a5b88acd7a469c4,324907097.85876596
b799aa1dd2de813ccad401e8,779281818.0244867
c01440b8ff0d80e7bbad715c,784685345.2648177
a20cd5193779526b43612ebe,497331742.13230133
0cddda1c211fcdce819d5f8f,860733254.9696857
69bcce6b58fc3702580d3234,781273835.0268692
ac7c0c806b57e4942d9ead3e,849068175.5049357
aa9e131fe4e7982a374bbb84,736424026.192223
290725d6b15062397597b954,501339438.6375554
5f0fa37b7c5cf77e0508abd2,892937974.0793077
c76f482d2a8f8db5eb79ae89,1032269653.7180976
f651cc17b051c962e4124795,746978336.2469069
250d84aac8add089061d3204,947397808.5276041
d3f9cf66c1c05f55325b894a,1001582434.0235524
7198cf5aae5d0d5ba2e43b96,701843966.1908486
766c7906cf0493736436fdea,972744790.5720704
78f670c0d7a26c0323281ffa,731281709.5125064
ec0eb8d68807f52b681f138e,880546375.4413816
446138cfd3749c0b6715b0c3,924258280.7046262
64b4837e4550ce39f2f85342,751998900.3309567
1103c663f6b5ed0309a767b2,462806105.80657583
b9a573a3f2cedd87c7dc6477,895311936.254292
de54862f5b7b8ff345c6b297,725237398.3079662
16b3311b337c0cb9312ddba1,492890159.17855424
a1c2003dfcdce97d21f9cd15,826186367.2700591
262688a95a32f10fa070a887,696452473.7946943
8e374b19fb87640c56243088,899479051.7398669
4032d6a6a13399797a794ab7,953543161.4715304
99f1712af0fe96f67d11037b,831733283.4157935
bcc584e6a08822158e2a1454,639501560.1642025
ad14f4403926de76de2604c6,520296488.42660433
01f855427cbe3eb51b38288f,847536282.6542234
4673ef4fa28aabb0fe61043b,300819263.76096886
f4cf541f02d99ea1851b9f12,630017124.9813856
bfe19954cd4680149c682587,666115230.78058815
fed8f3bf4a2d7a426901706c,787381965.3896453
480aa7fe286f4aa31f56d4b9,867218813.1251432
1e9850a50070dd51861a5e63,670178319.6775059
e26dcf5836f5bb53553cc413,697558923.5203888
c7ac975025713f368bdb0af8,947038191.6476387
73fd5bc0aee47d89a160f5d1,886787835.9235512
5bb9dac6e0e9409e89aa6cee,664362655.7852749
9b15aa6c85804621f5c42566,701843966.1908486
199fe72cad28e4554e359ff1,757479306.3366904
b28ba88f3665a2f26c2f8e47,1001582434.0235524
453ef603a66a34f17ae22227,810129382.3275952
d8f4955ed4fc363d6d9ea897,791265576.1561817
f2eca7e3226f625807f7d6be,953379973.3549169
361ccd7f37ada9c07ffcf71c,696304480.1572397
e7d1ee027da436cbaa122f48,1009277154.5233148
554ec896fe4f9d8f2e8eabe0,691420919.7992207
ba79c72aa8bbb0517c899b59,925921553.2921181
69dd957e78fcdd4d8e874acb,635057122.0095619
df91a3c7f364df5e6831f2de,785452748.5300293
77866048ba7b69532d0a18cc,763004097.9891636
a792bde8819aebc5b2d73a6a,872632480.7534622
6293e4a72b5c84782bcdbf78,835005854.4650931
bcee01a5d6a36f48d99a5e4b,792549397.7536379
c58b56f1202d1cdffdda3021,819242222.2662451
ed3275b560f020baeb9ce3c0,590947135.0496751
2a872557ba401f4c95e0ad2e,1060216867.7094219
6b8c1c7c855656b0e56f0bb6,990418006.8557943
d6297cc548b16bff11eea51a,850848566.1468953
dadce7c7a446a6a177821b73,860059307.4878008
f5d9d8082e7652e97973e0e4,898098929.1173947
2ef9126614eeef828f797e66,811944349.7742401
c70439fc435337f1e8fd2f5e,945973238.1791453
79631cac54b1e71c1022da12,1066235632.6921424
6fca3b70ba2c68d9e0d2540f,704457583.9349655
5b29d453bd368190e0e356c2,954434422.0201154
25995099875f0ee622ebc31d,770835634.2396152
34bd7be0761ab3d43da7a81c,763660667.9276371
b8e15d182ac0c74fba332b8b,663107125.0127951
901e3b835718ccae27c8831b,844294388.9498972
e1c7a101e5d518583f9a2a7b,934574967.6183704
02f6ffcfcdd3dbba94dd7b33,719951987.8706867
2162e09e137eb5f4a1f32b16,901691721.4442958
5eb815f9023e6eb97786233f,1010563587.7557627
d2ab14487e0ecf640a785277,766460460.0689008
437167a9db41b677da7d5a7d,521754403.834965
c3f889c41c1effea85bcc706,652152385.1132951
155da5ad9ad19d57a7632cd0,919134371.4383411
43d1fb0646562c3f1dd6fefa,703042560.4727063
8eb66c4b057dd4b07b5fbca5,954420401.0807425
f9718594fa52500c16e3cd71,848258433.0140268
d9c46d54ba6df0d21ed4ca49,586974210.21271
d3f688e0deaff6648f2925b6,575695844.0399477
093a92c6846c924f88ba8750,833991836.1693851
9b1223cd8c9d7b348d6a5c94,877073613.9557191
8209afd76e36d8b5c4f7a991,610397540.1049889
29fd909e7cef62de53430e1a,592305934.222862
76df3d616d8bc1de789bd83b,737699127.7784983
8aa5d44a72b2a6851d14ef86,754380349.9405717
eb4e1b72abce1d184dd4d5e4,606396199.3439255
2ba24fd47c2ef8520bccf6eb,421201112.8259766
1c9e38cd216595b33e283134,1048605595.5240417
2fc150cf6ea4141106bb8ac4,638405573.5917094
8dd46fd8ff592358e4c3e7e5,807151264.8150816
d5e001b2f1dad3962cfff9aa,941210870.7542492
6e73e42a0d2ef8d6e403112b,429054314.64264894
2537dfc786054c61eb3a80b5,831872085.5988415
19c77db46d23e0c07a06a8b2,656835082.8445497
e6424086fe1cf2a2931f4847,831872085.5988415
66526276a7e8da597683e8c9,457454902.4211696
cedd20027ebbf47baaa0dbff,457454902.4211696
ac7c323295addefb43c62acc,691275205.5838033
a8e74eb5eb523143cb291cea,862869192.5178066
ad393e9070779969b496fa72,732989665.5760303
64d9dff81c79a16579cef2f4,942794614.2359649
ea91281d5eaf6b8f436d47f6,942794614.2359649
06e59cc783be86bd145a56c6,986345172.6639851
7458171e4db497a4cc1365fb,978080245.9564941
12d73fb8f4ca87b19ca46231,691275205.5838033
5e935d4a03c6abc86ac5adfa,1018307215.7794877
2754b4e12a7604efe8e03f5b,746334399.7403384
9ea7a0d65493cb5487ed2084,657523367.2842405
7845cf57552577b059dd13ae,598548237.5789071
6e710984bbf2662a9cc7bc4c,297851982.1339133
47720fb9e2586dced75db114,894136108.1592262
cbd48f3342e63a84173a8dfd,517329206.79954875
cb83c138aefeadb184d2c7e0,765532344.9675146
397d4e490eb2db8a1b18051b,672687130.6398255
4f65732875c007d3c1102140,192377829.9316709
1f8ad363a0539a6f2455c3fc,646288471.2700155
9535ab027f9f2a9a8fdc21fd,695626464.3563554
248993a27da888a6e3ffefe4,508176613.4467538
cd07b4553b6d3863a9e444e8,985172575.8488896
f53fe605b0a2857cf3facf73,830730854.7343733
ae48e30b60ec254bf0dc89ac,924137775.2560617
2a0e902f3c07cc9696000177,689061430.7738608
d57535248bb34f65ae678a39,830730854.7343733
9949cbc958bbc0114404960a,647273887.0173705
841c57617a075690ce412083,768780502.398126
9fc4385ea76cabf741d38789,751775889.557365
0367da7dc5374f1957a1b7f6,793008445.7281184
7703f868650a8252e954e457,696220996.9222783
4cb9319ff5adaa62386b713b,1058878941.1113114
dbb30f9d010677de2aee1b71,834596389.2344029
0b54c51a787fe58bdf677658,980478631.6396165
5234aeb6d817b8ad876e50fe,672981838.7596527
77359d0d34ba4c9d825e46ed,716934174.4328831
b84795015be5077f942f5170,769376660.0580684
75f5290d61164d42b39d9d51,581204256.5970577
b46d50c84edaa7feba938671,1058878941.1113114
be8c05b72ee7867fdcb05455,902226874.2066627
356712646865d98127b92a57,632391044.7431754
ab765acf8b87daf1673b3a97,647273887.0173705
3a2cacbd3b4f9a23514b1433,911439866.8818519
3c6d485d7b01ddd6147746c2,628082234.8716393
054cd21c3b12f165bd520313,809041157.1497542
e114160e3ffe6a703eb42440,844301308.59728
a38b2d75349c56ce04f02a94,877372419.9005632
71fdd2b1214b9371ef149c1c,915824387.0247144
10970057efd092c98037498d,445329318.6701345
7543d0e85e6328ebc8283d75,258914365.05205905
db1cfd89dad114c11ab2d409,932568077.7212045
760f24a443eb01721c6ffea3,965746619.5305996
a1508f30ba87423e7393b4fd,1058407745.0875877
5814dc311aa87b24e26aceb3,796373283.0569767
f26c2bb4d5787541e9c36463,1026986574.0034579
cf07a5af6ee98d735bde14bd,819524733.9278315
8b716c3dca89b7caa7db1aad,871005492.9833269
df89e7dea6c313b0cc262249,212781658.3167827
3e2c1d2cba8755ffad9cff27,666897644.5263398
6771a8c70428fec0f21d51a1,766897602.7151526
d8171d498291341094daaa39,1012508080.5670269
3d43dd23536f843c2c5bd268,1055478259.168239
785dea91d94ab384bbd6ce3e,994636805.2989601
6c316d2bb84fff36bb01f14c,1011000730.4020147
08ba99aa6a8ee752209de6ae,750203746.5789793
d177236e8c725d4405025916,870258846.6786557
9a6b537a7319b3446977919d,973389435.6098751
e2e7b03feffb21bad63eca2d,902208300.5581208
f2fa898e1bcccbdb92dd91e9,789125698.0586158
2c340ee014e39ad0fd1309d8,994942529.0365236
7ee83e5d70855ed21455b6d5,1027822318.8494047
fdd4b5fcf9ebadf96545038c,947329620.0784733
512b4ad817c387bed877b7d1,947891384.2389239
3ba644c7be754c21e3cc48ee,725633191.0797038
cb38dc837baf3e0531c6c115,815617281.9106723
5e931fda1e62fe41ff0f2ba2,752688869.2907168
0ce9a7d4b0682dbbca68e070,810694430.118673
8d114cef336100a8d8c81ce1,876637109.5036051
ebc3a6574ebc530ef715ea7e,851139994.5777297
4c2b14bfeacd87b878cbcc92,844731531.596149
577b17cb350bd2a646725b6d,720389130.5169384
0dbe463995c605bcdffb133b,891402185.2100778
88f3f39ea06fb882c69bbd10,612814043.9845775
e54567ced41a40938b85485b,847827711.0850579
cb6d29f005078d4d4efc2d04,770985511.6085762
1d0919344e52b315441aeafb,691272437.6897798
62c39ad30e9a26d8cf3593b4,944890492.124825
a02bf67aecbac445a12da958,1067534613.0352154
06baade01a74972cc4a419ec,676659158.241106
3943b64f9550a575f15d6d29,1017584369.5798792
b62d64605362afc574ea5b0b,925130814.8531317
0ef45eb4356e2f0331ad2457,589109331.0534477
6700ad4d4d7f70def59a5d59,863630921.0328298
19ad2fa7e170c67870ee58f7,749803461.9031987
919c1e281329379c4d130416,867119595.3449602
8a451ef547efb90a8fcfa6c8,804059798.3411353
5c208e5c37aad07602f7cd7f,794082845.5036749
164fb89266e40a2530400599,575695844.0399477
5fc0f0c4fa019b6f1b2a016d,257140067.83659434
3b16ff50ec7fa717efbd62ab,713531805.3299005
30e6d4e1c53e9e81ff66df43,445329318.6701345
cdae3bf05372c13649a2adc8,258914365.05205905
170a69c11cf4f855ed015bed,1210598774.0634797
e14b31f8a454e47c383cae94,770039311.2707806
14a8134a56af1b328321cad4,818328453.305523
ea8cc21bf7d48979bcae1458,902827369.7550244
c287dbff188e95f833ab21f0,756176181.3199165
2cd0b2d7561919f0223608d5,297851982.1339133
1acc5749203f964fa8b2092a,567095368.4903713
9543c16bd5eea47111e6b266,769376660.0580684
d415dc486936995f8b3704e3,716934174.4328831
ab946dfa5b9d7214a3756978,994636805.2989601
803711fede531ad1621a6823,847827711.0850579
f83f29f28978d7dd76cf5942,844731531.596149
4bf284e6ba81bcaa21a437fd,676659158.241106
d8ed50fbd5ed46d36b3d2dba,965198056.6077049
b40128f5e17574a5d3da9a32,725411274.2551733
506d4cc6613a07c313a12de4,718614955.2687664
558b7d06789a1c8e488c38d2,753646008.4635074
38410183814a757520143737,867510241.5559776
560a750cb6f8683ccac4563b,874846270.3637798
48740edcbe275bed3c82efed,715034230.6088454
50b2bb276e598c9cfdb42b0b,623264176.7955478
302adfed183564312f9e3087,947329620.0784733
063e53d45e5e7945f1f10fc2,789125698.0586158
6e2c39fbeb5392e6aee9b644,940946741.7056805
8d6c523d4100ab0c83a31fed,718686738.8755069
6d6aaf30227f16b2be29e79c,1058407745.0875877
e73e5e75cb18f52dd7239361,766897602.7151526
dd625806063f76dcf53582d5,720389130.5169384
a4b16572b8bb786561baa3c9,1011000730.4020147
9446f801f30e8b2997fbd72a,1019206575.7479562
941569c4352c3a2e32c908c3,938764516.2912961
8b4c54125d9165554e4123a3,989199343.3057472
d50f33fe5acdaf5caf1c6ac5,872690067.570455
46ff039321805b51870c64f2,974741805.5125357
1ac6c220eb690db798a3d4d5,882474628.9557892
faf872c4bca132b52dec368c,694151460.3287251
d92232d77f7a124e7ff13ee9,876054252.6419362
f9a136d7944cb7768b598a88,833529185.7599587
e03610db09ed7315cfcd64c9,648716642.3483465
8c51f1b43f15b70d2a294918,351220310.24171317
21d141a84af5f0e2ade9b0b8,815673690.040092
55c7cbf5e572d2342d0d7071,746747434.2335918
54c0e5e6d368ec51f6e75c1e,925586669.2525423
434ff40bff8fad0962ec07e4,711164689.8501315
0a199d5741b5a6213b39b793,730492985.9866623
9931470b50580f51e1a4fac7,174639470.14029652
89498fdf642e770ea75be7d8,866560437.053812
aba39002de605f9ff34bd542,632085917.6200141
0c1c0ba7d75dc4090b7183f5,855214290.4728457
2ac425aa592565b44b25cdc3,666745895.0437716
c0cdcb5f860e3a974c401861,876240475.3722551
4ec741bc6ab20515070cf1ee,678942245.8023366
3d4c48167a8de8cb0e4956f6,833031972.897892
f5741fdd9f509d3bb02e35bc,838694348.0026829
c1d0c0846ec652774ed5474b,736985007.7974637
ed2c02ddcf0e54789d9d2675,687349201.0808828
0e05eba6eed4e55e89dc5f14,825283803.6574898
b29e5a75740c8439aefc9321,814455994.9496374
218445f989b2da5eff4029f4,1061685816.2979289
0c7da0c2613129bc322b1da5,763269445.8388386
a41210034abe19957b317d1b,909426185.4732392
0cb4217cde38e09571fa73ba,986386141.0507554
9df0663317db1cf4121a222d,877750945.5747757
62be98264dbfd418ba21cfac,580942854.8357095
939ce1536f15c0e6bf203dd4,1055701236.029173
d9028df78f9b14a720dbaa8c,1055701236.029173
b05f4b5fae2f2faaddb377fb,721881377.2280908
65ac61968819927b8fd9b990,726827222.5671765
1e83b53963792d7445e19d27,815425536.6249343
72eb1af691a950fbb7e8d635,832314763.1101632
94fecb92077ffe3a72aedec4,693240687.0877583
f660a48b0eb17e98dd77c0bc,668231986.1290247
27fe3fc3838695ce34c5d287,280077183.68653893
9ff4b1fc1970cd5c102cb755,971708872.32842
b54940561992090411749db3,659685114.3780738
d4990842f549d8139fa94c87,337097590.3553074
f6013cab49ef9188aaf87972,767644150.8749603
cc2e8713dd087d3b842d2f11,235372529.01879862
fb8aa6b6c5d2499d404f3f73,736135625.145687
6a8b9fd89b745a52703715ab,706262027.8756956
4721d06c49413558bda1fb68,693942552.4673129
0100b3a412accebf6a3aa4b1,442806634.9918147
215e8852679b9cb6c4029ce3,798164412.1055435
0afec1b2e7060b99dbe41a10,600635520.7532071
4ff17c9b88aeeff105b8301c,704251804.2491444
6eee8548b87c9349ce90ac2b,727217743.6277366
9b264d26a196a76951308cca,784728716.4557116
945fad7539481410e8bb60e5,648716642.3483465
f727924f0f35ec9fb58d0c31,266765574.8337066
c7876dc81e250503076f43f2,721459260.4492767
e4f3e425e9f6e393999d7a08,748276076.2211182
cee1833e8964355b9aabbce2,882421031.4778676
9a1819c45b01c341647a2410,795910632.6475501
ce95aab452311a0cc27e0c7b,612959758.1999949
e6eff72b7c5b0fc2677af2ad,635297300.9438004
3b368c10d243f6bc9c027061,257638706.88607898
510c03bfb80d92d180803887,426488402.96063167
664934c8e209352d2c79c971,749278161.0321637
689ba3a92dd7c12f1965031c,656854844.3806089
93d4c413d2a1ac59f1b46830,534012672.5097174
08b09c586530266c14e611f9,668280857.5324018
7157dafd306fa99e4c2ad233,585520218.4544246
74e15493f395fdd312d50cc8,216964924.00808865
c34c94e7129f84267a5e4fd7,707248956.0220854
fc0572d7185e132770c3bad7,513297518.0565149
5c1bd88edef0a4146c871fcc,649482845.5601526
a28a31f7d0e3fc6298606078,512133187.66148883
f388112376e68ccb2290074b,783212614.4814357
05d1c33ea8c89ded7391ea92,589573771.1720841
dfd84193c81ca8430fd27ad0,513297518.0565149
8b89813a4ae5f9209f854be1,901315499.0128173
d7b9566ffb28c753bea96f0e,796612532.8132327
8062b4109c12a95dd62bd43e,648134610.3457752
6d305d6f3e3c2a53515d5f6d,1003526926.8348165
ff143fed55f12a0105f9f88d,648134610.3457752
0fd9a2a99c44c9e5565fc17b,937478709.9301994
7f85c59323701ee0e75abb92,812889878.0538962
19baa03dc4143a83920a7d2a,909933786.8234819
bc23ec33573f28442b36f60b,695953497.4260815
9957e5492f63fa295772246b,808374580.3591286
62e376b22a4cf0d84b7f6bff,917032932.355355
0867853879129bfb46dae700,970682800.3929336
92c5129009b7e377fa004a93,696182829.6800193
6b9d38e0b9a3e28e3e695be1,773373137.928075
b6da2728ee41d035da57c822,933914178.0715815
adf5879151c7236f5e055e1f,688330545.3888234
bb31607d0bc3ee4a37fc912d,813633373.5652974
3ef8fee6a5cf42827d8bf562,846490532.4791275
e6016afcc032d20fc9d6f2be,940939500.3094345
f3962b552d34eb8bf38b4763,920114352.0363833
bce7369d51094d3a9d3495e6,944380725.2475809
55bfd350162592f2571e3a0d,1043008627.0369309
3f226452520ee8f04e306bb9,973527891.5050235
b16fda9be5edaf4cbcf07122,773373137.928075
e6f5ae869a5b7a30e8f0fd0d,1016380515.6652821
ab0babf6941ef43c35acb951,841177368.7223892
3bed16373c8ae820187e3d5a,554375697.6283766
bc1335d419a1c0f6e6860470,1009714297.1695669
98575cb25b358dde32ad042a,987888830.5005018
fb50f2f13a30fccc3903577e,773561208.0935532
7a608479334951a3afdc655a,1025136948.4074769
9cb40496518bb99a7a00a2ea,820147628.1306596
a69ded1c20e05bd6b3a90028,673820873.1131918
71d422db0c0c638e448142bc,1041121002.9385725
fad033a3c81708df7b6ee73d,809615235.0976961
99fae85157be04554b236007,577035958.8706684
dcd314dabc7d162cfc29c81d,736801372.0128683
1c65d5172e53b4c7f1c4d6a9,735386067.7653077
cb6d4db44c789fcfe8236b40,697777532.1142356
ee2c509989c7155bb472c5b0,757198885.4588791
73b60c9053ff8193c2dd2823,979178408.7606856
2a487cfffeb12837a5586a41,632599947.0339264
c9d285946ffc4c4b3ee95da8,1093936729.1688316
6a21be8a7a429eacb1de8c1d,774142517.470796
2a7fc28219bee48a2368e730,639614317.6981425
5b169f28ea1dc473ddf11580,253680501.20750678
58b3ab31de2f9fdb0da0dc8d,843857246.3036454
2054c61f0162a18c6fa2291e,306753827.01508045
39940234a26e7264b464450b,907009016.6324353
550157aa4dae5fafc5d795b4,736929115.637783
ca87bd8401c0c7bbc4b3f286,1017879530.942872
a8fdb6fb681aeae4d5c22f9a,872747833.4186207
998c864a446f06d114f42fa2,890602667.3636812
bc57535516748048e38d4a2d,931055784.9589014
ddd55d8001b809f304883ce4,534400167.9673178
b9fecb3e6a507ba17764c303,281731630.9702844
4bd30aa3e2b4aa077ae27490,736855787.3044251
d7ee2851bb69088f851970e9,879736014.1852487
40eb0c78da8b51b53548d914,727076770.272598
1097d9a61690cc58a4b91e62,833303343.3402354
6aebff5b1fb3a438c2c7969f,500402852.51611716
af672710affcd7e44eee9ba3,918816582.7459266
fbe3b74f9e11c829d4dc69d3,773852636.5243876
6b7219005737d8660d134ace,1007235384.5537148
042bd2cfb2d33467149ece1e,742387034.756973
d5999beafbdc8acc8a6ad809,579020760.336134
4ba65b1fb8d8ab0a914b0b8c,570389593.4345632
230864c9c9c5959f9f0d36ee,874909733.1612517
8520fdd4f5fec0ba861ca9ac,551773504.3418705
447dd594fdadb1b12ab32e6c,710849410.2828673
3d405df6e5dd012419f43ba6,656871113.5896353
e120c33346ead011ab7789ce,621360638.5124004
505740f7746e0154932dbdc0,314086554.41001236
e9a427f23e80fa59d9d517c0,608260750.6797783
97388d009acd9e5ad49e7c4f,285757832.55922985
a100f050c34e438070ff487a,593089623.5420127
96d14a1d29b7abc2cad573cd,801764159.6539452
f69e25355ce3887bb1078fef,576509415.6669717
86276ef138e0babab9863276,352682679.3150775
344f3bcc1acdba48c12f8441,960083684.5807416
f3dbdb2b69017cfa026ee18b,873757111.9226496
ba32f2964e8b68ff5555fc34,881200516.6372124
fb7154b2dfd2a48c13ef70cc,620761461.5323637
089dc5de66c6c4132734b9c0,797463432.6666172
5c2ba5028fd94a6b9859de70,606465213.5291348
e8544410d811163a13c6a326,900061908.6015362
74d8df07206df08e8f3dc232,972818094.0629951
6fb4126e3ff41b8052fd0657,415471129.05118966
ba35cce2e715bda1684c937b,702426823.0525177
d7997b9126bef50985bab347,438423296.0509572
da3aafeb2d0105f8e09c051f,729906061.1439251
5daf1136686fc538db40afad,568156955.5071214
88f632cc304cd769e2d4be27,599939584.988596
c5dc941305b5fb59e66479ba,711496271.8599522
ec422df56b811a0aa42d8bbc,711496271.8599522
bc8bd1feaa8fca4c52e130f6,843985112.2785527
60c116411ab3cca49f7f49f1,656039726.4707127
75ae43992df8ef41eaf9d98a,355143038.6070472
87ee5c7c49ced4ec99f44d5f,959461424.663877
918f56ffe325f21522cc60d3,278771804.5125694
dae09210f48e5bbe0d31c728,705723599.4077531
c1ae2af40e1ea9da6380b8ee,832380459.3702652
e7b717278f7c95cbfceba80b,686630211.4580237
387f18b1f01b1aae536752e5,643979748.3782114
c036fb38fbd2d1b59ed5b7f7,683658794.6682503
76c510c0ad11fa67f0e9a4de,626675424.3386885
ff46d9f7dd86b8bff7cc305c,907168678.9800519
23d95cbbc056b4456b94c97d,891211757.342923
fc65a77fbdd07fb490ad870e,1047523652.8036367
8f0a61533b6a01badf43b6ed,902974117.2926694
c26990b034ee83450a4517b1,1151704011.5161195
53ffa19a09c447f3759f86f3,777836387.6811833
86d80d3757377df6f2b8a0b3,744995243.3287889
c757b3960436c23dfaed4f2d,985438012.5908358
fd1431e595693fac0406151d,651386408.9020945
42b6cf2a5225dc62342d3a20,748003857.6165855
6f8a0e8f1bce0243ea50213c,739262335.2082617
02277f636716264116015dde,433138224.2456285
b72459ea34fa22d1fd012dc5,845162810.4589862
cf4ebcab3fe4d12e1a20146a,1090921535.7594078
ae2c10850b4a8ffca934cc72,1033155500.8142495
0e22a41ec27869c8f83f9be9,845700473.7068784
22a43024821ad081e654c5be,754665577.8076311
2054c223fcd48a48f67d02fd,563588519.142074
9af6ac77a9aa0c6da3cdaeb0,300819263.76096886
6601706d2133f96aecfcbfbb,492890159.17855424
ce011b7462e9be36184a2984,496572966.6318557
f759f71e444c16a59187a067,674010686.1663735
84cfb0342a0bf2c6777de39d,632937209.2494315
760fd4c893a56a4586030772,573415315.2475406
fc174b19baedc11f78b647d2,933906004.3193152
aff9e510eba008f3ba5c1847,942452759.0761226
a5a4c0f268548993b61d65c6,880643302.5294713
6cfb8a07fc1100569413b33a,624602103.3936585
94301e20cb91669986c4b34f,398399163.9201011
52c1ab7484e412ccbf5d57a5,786493738.726465
2538cfce1c108ebfb1056c8d,895069396.643861
d57541684e5c00bd9354cc35,810403001.6878383
123106a60208725514f3a343,826186367.2700591
7f2a2959f5ae816761be658c,935395031.5284593
fd5758238e7ec91e415779f7,718148078.5994433
e3197263bf47b3d37f027e11,861431458.0483022
8e5661e79f4fc282abac1f37,966318142.6638224
cdfc387f8246a1bb3110d724,901118666.2894502
c53f3bdfe8159bae98ab005d,954491054.6768148
200ea08f57fa23013d0e661a,1058116316.6567531
603c736378e07570fb985ab0,815233775.8407792
cc019e30685c91634d2fd4f4,701843966.1908486
b0d394d6c9b8967250854c66,947970326.4857621
f7a79e1211fc72e06a3a82b6,938473087.8604617
8a1ea9d91b3d8a66c6341243,755276288.4749589
22903633f8c4d91158f65c58,428115395.97385377
bb67d95fc94532b1fbe80ba6,746418347.744449
a8e696037f8747f562ec98fe,324299534.91815984
72e4fa00e8aab44cf210251f,768089267.8083621
d70948f87875325380885803,1151154970.7520425
a0e53cdd1132bd19b8ba0c54,545775158.5318743
882eb7115cd5b8b09fca0e47,879123646.6268947
529d6599d8a64c63566a11e9,618658173.77932
e26eafffe4ca3c22b7f4a272,897627726.8093549
4e4abc111c07656e5bbdb0ee,669167955.2951112
46e7860100b0c09a6a475b9e,719604123.8209229
7bfbcfd0fb8f5b6d553c2d0d,731548841.1269759
5fedc401fc32ecc4d9ba7e89,789098262.487655
aee8b22ecf19495fc5894a08,731548841.1269759
313e17c442fa3040065b7489,723383494.5963967
26206185deb023a344eb2e99,1038300926.8021687
4a9e2358d64df916e2cfa213,765237608.1076941
2f6515defc3b21d82e0ca4dc,627313646.7269584
a9b18720f68c7002dc71c3af,717383771.9886036
af911ba38d5376a8aa53fcef,863395823.755053
025b094e1ea7248f4aba72f0,384420031.7671989
f81aa0f575dbbacdbdc681f9,678975390.1902349
848067a69d18a171e7fa34f2,625510073.896811
e22ca3f1c8073e246079d57f,695542584.2205814
11444a88bb3b230b4feb5b58,742913216.463153
7a9264f3a12de839a42c1783,641812522.9343351
6d825b439d8622ab90245049,700258862.1066335
d2d317f2990465269ef58c41,707722490.1360096
2860e4435c857cc8a661ec97,1002180817.8558257
39c70622597e64c4821d0731,907543486.3362932
2d6f5bc20de99dd0bd4e34bc,1060216867.7094219
37ac1ae3a7e2a3319eafbb58,324617056.6087271
fe6fb32f623a9e3d5586a8d3,990418006.8557943
501531d637608f7098ba6242,626709019.3648883
69f59487924240bac2e75bd4,850848566.1468953
358e1287e24c3c4fb353315b,866635075.7912325
55e307c88e2a943acd64a9a5,866772071.9933481
19105db21495d546e6792a25,746978336.2469069
375419559910484b17782b47,1047981896.7968872
c9d254244e315974cdf5d921,898098929.1173947
adeb9a6ac3d357bd96c019ea,692681745.4144328
b08e0cfc5bdf5bdf5068ebdd,881070561.3760321
8da2439f391c6db92b9260f5,820592321.325652
d0751cb5e704e28e03514fb7,607623990.7798413
9051c6d14018b4894b560e2f,763890478.6990457
54c3eff286c62f05ebe2ba57,284953583.13627636
975ee5aeee84593bbeb331b1,355831707.7394011
5102f4786cc032e24781c7ab,731943487.4904883
cfcd97bfad6e013aeb57a2a8,793522258.4660751
f304bc9e9edfc24eeeb720d5,779644690.7234056
bd05a6f6ebf924adf92e5577,953637114.8243074
a7b459470ef58ef3bed7437b,702655648.2628167
37e009a57645b845b1673b8b,740598298.6208823
b70082fdca35092802f8745f,366253110.7127463
8a69b9d7461107db6d16d1a9,905671090.0343249
adf055978a7a8e9bbd88e741,705828775.2410642
6c02bbf7f6b087a1f0c8a47a,590488930.7774947
d91017d9c530e058ace2e017,733739867.3089689
89016540f8b3fb727d863bec,977934531.7410767
506b653545eebba4c8821588,982010701.6465296
01fe5add1e7df4b15dd73bc9,473432530.7458595
4911d01ea0a4505d5db5bb2d,482424755.13718057
68bda8b092d5a53a35dfaf07,1107279978.452189
70bec150e1d8ac537cfd90e2,1014362546.6285545
0e21abdf04b36e5f6a1fc337,922840336.8715771
f53efb47de2bca5912ad7517,787821854.6178503
82d6244acae149ed9ed88e8e,512842944.4679094
755a4fb96ff2b2276836f49b,834993917.735844
f15ae83fbc4e4ee3f646b4c9,807305596.4830295
eac458ffc1da75fa1a4ab384,854051017.5430657
6f7bc7fd41ed908494d8e098,874239776.8386196
12d1678bc86ccdcc8ad756be,1012981623.0081924
6e07d31b81f3fc9b9de8e1a8,754162439.4837431
6c618bfe55cac120a4f1e08b,245254651.75983593
22958cc4622a0050d1aead77,776346434.0165218
c7c3da1f12d872a3726736f5,694814102.6361729
ce30c2c7cda56a69005300d4,901617306.0808688
7a26e5936765b409b7b73cf2,905571690.701939
8d5a73b1d27a66b3f72fa662,1062223757.606588
3b8302dabc47048245acc09f,694005746.1133078
909182c92bbc39b00536ce6b,298242858.49127305
963da21c3c571d7bbc36f1b6,777817954.7957659
a73504d5982fef268f5ff589,867111729.2672302
50563038c05963223b459beb,729318074.647547
b9a0058c58cabd619e226178,787712665.6320488
0037d98f6ac46a86e36def45,811916682.0539933
38117bca778373247df86e14,636203354.3831005
4eeb8b5347526d721092a7be,862209243.8638057
0b6cd71df4dde546e665f865,862209243.8638057
bd066d5d19d41c06b904d51c,866031036.2518109
f10e210fc04e3fb073568323,862209243.8638057
9f504cc4e6b170155d38c687,862209243.8638057
3e4c1e6435ea1a9c3150aed0,636203354.3831005
052c93502aa794e0574db9e9,862209243.8638057
343f45e7d178eb780a9a9818,636203354.3831005
c0c4fa199f0ad751930cf78d,868800743.4818628
5d86154fc1769d4dccac1269,868307272.5658293
e1fb88779e55aef2b66f2c10,811916682.0539933
c26af6fdd00a85a17b823d92,862209243.8638057
be3ee4457a26c6b6ad4237d7,747881764.703444
9bdc79dd02cdf39f92e8c869,811916682.0539933
1d4bafec52ec7575161bcbe0,853386426.3111814
0f15a78ce3ff90b6894fe3c7,758154081.6240742
afa5698724bea14940667231,778336329.9208932
4d8e365b35a6b8ebe6d7a15f,764941391.0049813
6ff848f65f2507e58cfaa231,664903309.500372
e13947242fe19bc3925919f8,600557472.3764693
c02caec41084656408c2696e,844125178.7308491
d6fd079beb9f759fa4c6886f,284274191.7457021
d14f7f939468e641c43abfe4,768174334.1818831
8f6076f8ed13e87862d82255,895679335.1844425
8d5e662ba25a71727f1eac77,885466908.7149814
bd2f9648ee9ebc1fdbfa53b3,882712459.908702
da8f986b6ee6f594780f4a91,885466908.7149814
af7131ea57639ce5aa1e102f,885466908.7149814
30e10a03626eeaf8bc2c380e,970205378.7085464
6caf180e36fe18078703db02,894949291.1044741
a40861d6573e4539ee3c23e5,1068620130.714627
d5f905cebe05262cfc44bb11,867947384.2022294
809800b56b7b29399986115f,654498673.8216434
6b2d7f88f15cbf7d998986da,872839380.4666138
a0ede3a514cede68b721d994,740690675.1811416
179d467dacdf674a66c7310c,821486743.8499708
97f9cfef1e35be84ceea2a46,1023003868.9495422
b7e01962fda2102f1402a444,716869266.1948259
6665e5bc4774d04321d1ba9f,561598904.3229072
6c09a3ccddc797f77d63f1bc,972963808.2784125
97986583e1c988373765eab5,868383888.6543432
56807890f8587cd75893aec9,737068309.0181862
0f2fb3cf22613a339c88f7e4,708387560.8586109
a967a4f0b1dd36d7264cb408,848545637.5058737
08ead1ac0b9b30c2a72db17f,1060378828.6380669
1b989360ec91f5da55806bc4,958994551.4438031
b289cd856f9d15493d31ef6f,970781577.045398
88668347361a227b6dbba15e,778148852.3860195
ec3f1679451b9c0037f89386,760494182.9354819
9cd01a5cba1674559752f5c4,958909984.509865
2bd96c7fe678945fcaf9662f,764036625.4529693
9f118569fb8b084f0615fa22,710492383.9261618
033521a46dae036839ad6c90,339937969.39024925
bc1ee1f8ffe1ac88f08e2459,865346848.4727174
c62886167530efe1f84086ba,807082510.9635348
d58f191c74d26bc1fb02cfe2,810868177.9325184
981b55d5c38361caaddaddad,581837129.9085929
ef26c0f1cd9e3203ad16558f,676327026.4441456
74cd885ec200a0c21fa9e03c,780531050.0023766
fcfa51e5eec6829b9f4f2c59,336351507.63877445
c3bbe8c09f5e58281dddd412,635735861.238452
8f36d25584407d9e3c326e71,654891587.7072337
51f4aec91124a9a96f4c5372,625635897.6512324
b7becde9261820feb7cd926e,814412848.5860528
65070c554133f2b4143fe051,764544809.7631884
c2a2ddb94f60de25378aecee,812121565.4729738
5ec3abf721e13b0d55829bba,989980864.2095423
502aff943d74cd4cbb976dcc,766169031.6380662
11e6e5ee92c97e31d34db891,740243073.3306679
b1589aa1f58f6dffa93a3a61,947162813.1618375
783ecf989538582ad008fd95,1027093747.7723185
1770bd5b0a07a6aa785e0caa,799867325.5180184
53715a484e20d6152c76fdab,884784224.3698361
ef73428a38c201019267afb1,722980618.4602171
932a93e3ee2093d7f806fef8,838464259.4482373
00e9afbd1d27062a7bd40a3c,960143345.5864781
a11a82cec7f8a243e2f90539,882474628.9557892
e4a70600296b0bde6c28fb19,694151460.3287251
0a1b1a3d68b04cdcb2d757cb,823521476.5050592
7c06a2f06cb4226f9043578c,636505814.1342027
5e113e1e878da12e312cf875,900827237.8586156
a72f5204153b7c92f52d871a,876054252.6419362
fc17f35d300be9680971f95b,850951103.4637479
13ab6a062601d40843de37b8,932568339.5259213
22abc78ce812c519511f8a4c,763719779.9880837
faee4c33e892029b79b63742,700997937.0253452
c8d39eef5a5422e0da4172cd,933401348.1457874
b13683c625c97c23333269eb,572975714.8391739
00e7c5894c739852052f566a,966510184.3632292
2703313a3e5a6fef2157928c,817680579.9372581
8dd453e986d05c6c1dd104d2,829416805.8715684
22b34331d7ca2ea642d29946,746437281.3512627
23187388f9d6e2bffb88b9ed,833481027.4129136
6b49a668de0edbe7f8110740,944106888.5844688
ef0e5b23069a9fe377b77ccf,966224062.3810173
c37348f8247ade33ac513855,736307727.5756769
1d19edc1e0d907e5ab0899e5,670287747.4295677
c73ee8d419b96c6e7c53f95d,710829697.816398
6251cda3676ecbdb6555c526,993908345.6241909
d12d6ea066b67c3db9b2dfb5,578061679.6460402
8ba4e8e071e458a13efd179a,761241159.6612939
9b8d798a2c455a960ee74503,637946791.9384717
d663ca1a0d29b4cbc5cae9ce,904482532.2608091
dc3b8d97b11cc2af4cfbcc79,901796964.3570625
7d50144c4b2ead9b7b9f594c,877820793.2620647
ff9cb7bc0b972d4515ea3837,302302904.57449687
267e46cb9eaec6c7009348b6,335991398.1438931
1769a8ec5ec94aedc397b4ae,745152530.1379391
dadd9ddd29102f529caa3bbe,756446067.8361188
251903f4b947b337e0134415,826040653.0546418
e1b753c283bb9c6d4e438bec,994199662.6527083
16fb51fd3d35db53eebbe5b8,1042999946.0087525
8f543f9c31af1eb17ef1e353,676222015.5948542
20c3cb2d4fa486b23eb81bc2,862752618.4905757
6fb9e9ac6d44d3a286f317ae,380934808.6931703
15b57b0ad8794d64a2784ce6,698227886.8194442
d9ce31250d4ae25c3b850124,897633045.6929843
f90efcbfcafe544674c02586,697741245.007067
05a98feedbd3f422bf063112,731267487.5257075
ea359d571ad0c986f826d31e,904064979.8016586
b02f1997e6e6f97dc808b8cf,784563328.8379365
307acb7b4044cfa5680e4227,1002679900.2389158
ddce386b0ad3199ca09aac93,769380061.5909286
9e28972500d8ca3fb3b76fd9,946892477.4322215
687b1dd576eb7d06a08c3439,653553661.109123
23b2b5b9f5bf3e1208f5f80d,902724061.0999148
dddaba511b6a18f49b41c1af,701698251.9754312
874e3e3ec6f67c160807628d,779618010.8604542
67ade5109553a9d784886a46,1001436719.808135
6879f05563a9f0748088cc65,757333592.1212733
dce05cf86b42124fc93d41da,972599076.356653
1ea5db844a6d3a926480351b,882328914.740372
4e9acf6e9f80f65178766740,694005746.1133078
a35450284f8dc27e0ed717f0,991941259.2117693
069499abc4e393fe540777b4,314398616.0331599
cd10d6e28fd7ce92518ea31a,832677469.2593039
3edc0e70e7cf6a21be2f0d53,305270186.2015527
2e2ff1e620063f416a387058,844002960.5190626
1ffdc10c53bb83d3be84c327,629966224.2649467
3c95dcc4bc3788b4cd5602d5,680047546.6244522
aa592f388454d575e0006206,779200835.5268154
f7e5bf5b0f6157ed1f604d37,252196860.39397898
513c6ea5a3c2c560c409eaa8,1025274394.0408449
7cf15f80838e8edf4f9cdead,1003405472.8471739
49737c7682eff2513869b3f7,675757422.0925978
4e8cdb49a2bdf68ad8d12625,1061554794.3075328
86af11931b004aad3fd27b88,635066897.9393967
90921c9fce21986dd23bc645,834409070.0489827
d79d71be963d418a4c9dec68,823521476.5050592
c27b2b735106bd5a77a15616,990126578.4249595
b6129a71f8e320aee8abd0c4,990126578.4249595
26922ebaf11e35a7a320d30b,900827237.8586156
23f859b889afe2639ad55a21,836512893.0240966
ddf47d32045769c0596826db,953088544.9240826
1d0c635770f2e51aed4c8664,947308527.3772547
e6144e15d5cafcfe87c07c9a,582220981.9489294
a7c7923f9a4d004eab43413b,1068146433.6399885
42b3b56289972176c20c4990,567738941.7252814
b63f49396431089dd646837f,807885492.7843536
e0b041a39e732783f98bde56,879818927.2968158
409eb9b8f2ba87ca299a7f6d,320172104.95249027
1a46c13974f3634ca6dcb51e,804482590.5274472
4b068c79664179605b145a15,843497150.711035
afeba13fa3f81249549cd2eb,725345594.8979434
3a3ce11d981d0893ec732e22,635066897.9393967
ed68664efdb7377c33f4010d,935180767.3155285
93de58cb0d8fbe74b0cbb556,678030442.4989816
faa204421a94ef95b79eddf6,990126578.4249595
acdb13c4c8e2a48b0bdabd91,902964933.880888
5271cd1cb962066407490051,675500218.8742007
933251193ded6df07c83128a,842821107.4105893
524e00e537f841c13497cd52,595181060.417904
a9d4f256527be98066c493fa,833323401.3287264
2207c1ed62f59d6eacb3c18d,606708098.7872772
97ea5dc81ba49ade4f8f580b,822231366.9057336
72488318dfb2181843f17c03,944040530.7108662
76698030899efea431dbb81f,611061934.1060227
e84888d2f22e14a5016ac789,911419470.9043963
d9398ef84ae71419cb7cc82c,716162922.3223004
6d32649478d9d86d840969f6,652049693.2895548
81600c1e6b6e3ae770e40b28,839253846.698337
68075b0ac8e779bf5e66dd3d,767102582.0374246
6d7ac64b8b9f27f61fb155ec,315451376.37879914
d3bf3146ec856cc26c607d70,862273201.5196311
d12298e0d398e9d21d2e2eed,969356861.0818514
97b69097fee8d8496a6b8c04,576898859.9793254
fa6e53a7107c0e33e3d505d1,582863638.2954893
7279c610bda9354e1c840b0e,911419470.9043963
6f3070318ab65b867b2702f0,731775484.9569367
e08aabb998103a941d24d0a9,605069560.844608
415e1faab81016a460db7a0b,692001529.8600166
8b871cc48b99bd4190877bd3,811916682.0539933
7240bbe28e950ed75637b504,590730152.8732755
831629494c6d15d5ff6a00a1,811916682.0539933
1cccddc33bd892b44d7e4b7a,791489362.4045167
f9cc6760b1112ce5197bf399,671067214.663513
0901e845b6c56d4761377a09,797007511.2927558
2a33fa5b25963f3dc928f668,795993988.223299
83e9507b9ca2987a21d1b195,323489791.55735373
9381bdf491d48236e84590fa,643582952.9915066
c041a933261204155415c2d4,863051255.411245
a1cd867286d6e82181e5d1bb,885466908.7149814
240d2474c81482baaf79b6fd,885466908.7149814
ddc1c85af165e47502447242,700046529.9702055
58f02c785ee9a506e899b967,839168790.3692758
8b353ba6823f4f800635f0cb,720196027.2289226
68cda50b602acb4efeb275a7,1034062963.0836316
96cb3c08c80815907de81e73,697017062.6629226
f54dbd8f0aa752f79c581e5c,868619705.086399
52a438d024af0d5c38627ad0,783475097.5711384
1b5db6af0a1c0f7787064020,1059547904.4103667
84a7286c91f1ca3ecacdaaa2,902895837.5057181
bc6d6249873222ac7f22b73d,990563721.0712116
12501015fb631d7c10ff08fb,974815321.3279359
85b633e09a41cf22a10f28c8,983377400.0160277
7acb92246dbaaec1cc7b423f,758319674.3290241
bfba8fe959dd2e44a4202943,826937412.6214656
5325f16558ed6d2689bcbb46,633967014.5007256
d4653d505cede3d24e258d4b,826937412.6214656
5146ecaa8b7ed507c4f30785,875908538.4265189
f5b9cbae30356fb3a1d005c6,1073715699.1027219
205ffcec56fd884ab24c5600,778999025.4634068
ae7ce478fb66882a2c952012,853700210.5105121
efc9ae02fd6c3f18db866cac,754978624.3754061
2221052e00c236f31e6d5a06,669613608.7358903
54673ffd4971d04493a1b1c7,818124188.0499163
b0bbdcf0916b246ca95c4721,911762569.3600901
1ef15e2b882a0da85858269e,557657951.0681782
9881fb167319b34cc23da955,1054886101.551667
9d2a195e645a9e8556683b4b,892503156.9086674
14acd96163e6b3e17177f35b,812948880.1946248
b2c5af8615b8899deb16c896,723003866.3101519
4c40683e401dae89f6537ab0,761628397.45534
dd007a202a0a3d56ebc4868c,916727371.4275006
6d9c89a406cf2e755d4172c5,385895811.66707844
7387e7e385063c180f05a7cb,723003866.3101519
9dfd5df5a2efca3fbf2c07c8,366530994.4499252
2a9e75d221912230f98485cd,664692450.3714106
86ce27f9ca03821d13030f18,888675251.8776364
3dbf89c6e97182647bb44e69,676453653.613402
eaa4893a313d85fcf38dbb6b,727240589.5887519
c57e1c323ddeaa7475e5189e,1001284585.966434
84856812b63dfd9630fa49e7,1053914622.4119626
945202a450bea48fa7f2a95c,437600456.5754394
fd689e54d5c418dc9f2425e7,829257134.6343732
eb90d9e9eb53b44b07ef9613,766692724.5927832
79005399fa92d05558fd6f6f,813438145.6528193
5cde51bd6de3759821216d5c,749540887.5090948
230cb38e035b85a4353220e9,748572833.817727
a22ed42197987a8534abf76f,637044486.1971667
43a2ceffa8ed90bc1a43255f,368380128.77939683
8f2fbced5d357bcd6b1c7de9,886291089.0013665
6e895a15d402ea7fcee98156,917935442.6211088
b6a2406025f0e1fa09690c2a,368380128.77939683
f46d46ccc7fc415433e471e4,808338576.1513368
71710d25975271eb32c0c8f4,433248888.2560376
01b7bb1556b5c32df8f618cc,867589823.3465017
56e5afaecb2cac6293cde16d,600671577.03134
70209b9024acb3e5baa769ff,993471091.5756221
efb0b413b3f661b23d674b3d,1068146433.6399885
251db9c4b7398902b38b4a4e,915376194.6484677
e3e7ffecb903d2daccbf8a53,780511436.8776836
a92ed9a378272ff174ce2688,540459641.0913862
40a53a3f3d49f7905966295f,1276239755.3329287
bcf2c303fc03897585831351,906957651.1839534
4b0ac2ce45d7ee385ca369a2,479053454.8117013
85c7e8ac008493b34e8e0176,621245232.2211137
0ff24418ecb6888dd8ec734f,937106419.9295328
3164e0ecd246b8ed6cb6d054,974600445.6591842
5f52e316136696cdb56e65a5,626249009.7530912
5ba4bb943139d7930cb91650,814375931.1020634
ba12ab0869d66e03df12b6d2,965234447.2445143
1a111211207627bb4c840442,947436934.0808927
9d2ec1ed9eac77d534ed514c,875562011.1855567
9030f17b47b3940c2e2c4093,875562011.1855567
3b224cf6107d815a2e78996c,937491869.2934251
ab0e770ac42dcc82b472c55f,771506848.945825
75fd66abeaf040fa76eae2e7,675784872.9486024
c31d98f67673691ece007a65,835476316.9386437
60d5f19c16554cc2d8e5940f,993762520.0064565
53fd196fd0c0558ed1219329,501509335.7372157
27b06d060ecf702fc88c7956,1042562803.3625009
dc014623ed69c32abce2d0f4,758452957.7332847
f1a8f09837660445961375c1,872851136.8140894
b98a462d9782988cb54ced54,906642940.203353
6ae4843a827b36bf189a32ff,750597349.7291121
84e4f6c6b5dec0da7f7ca0fa,392822582.4134544
b8f2b9c2e63f0091b6038ea6,986466266.2844808
e54c7ea1f012656f7fafa49c,583717576.6084983
f25f5df33f25576f805a95b5,958375275.6585413
ce9474244dc2d40f357146c0,600635520.7532071
54bc553b5b8abad0ceed4d53,798164412.1055435
e75d4ce522cf587cd66adae4,721459260.4492767
b1f0b12c28c9bd2d16b3545a,534012672.5097174
412e7b9e1de3df8c3dbcf198,784728716.4557116
f52ce56f20251f018d7864e0,668280857.5324018
6641ef09c0bf5f3180952b30,350187230.20642817
ada53307260fa34f3a6411f9,668371517.7854521
51f0f76e2a8cf50ef3650901,748276076.2211182
da482df3d0fc97f9f8582e22,632489438.9727956
55d47b5f3d0d2dd7c2bf4034,625952444.4706151
1a6714ac2350ad371d8280ae,817296100.2162381
0006c9478f4e7edc53d84916,398254912.74569905
dfa7461510c6dbe5e119d106,749278161.0321637
5df95b44c73b249be0fc69e3,913469156.5294052
76bd7a0b87bfb6d2723766ec,172062796.06602395
8570a1d8156dbcc267d3b495,808374580.3591286
94116b7517a06255bf4320c2,816171377.0164894
8ba2d7afde20563e38892304,648134610.3457752
f86ab537a2f5d8c2b223574c,513297518.0565149
9d0d2774fbcb6fcc66b865b8,649482845.5601526
9086e6e757243bdda003878d,970680018.7008353
5a3625846567d06dbe4cea0a,1003526926.8348165
f51a78ac4b03665561552b0a,696182829.6800193
561a262410ca91d69a58645f,953601748.4635555
08d90f931e7e0a6f43c9d0e0,855688919.0419958
f47c64c8ee69e744e654d4b9,1043008627.0369309
fcc4c878af8bdbda6e1fc86d,973527891.5050235
8d9b143cd8eb71b05d32cd2f,773373137.928075
ce6a3868227d78852fad9f62,944380725.2475809
d82f743ff414299f8c222db9,846490532.4791275
9b2c7e6cfb2d6c66e1ee8a6b,813633373.5652974
6e9009ad01cf466e8f8136e5,773373137.928075
a4bf0c02f139c695845c9507,1016380515.6652821
16cf0d7977ed97d6ae8d2cc5,987888830.5005018
d96855b0ec427f041e7a36c3,1025136948.4074769
63613a9290bcd9e1bcf2786c,1145269080.7159216
32036c1eb131e6cc4f3bad3e,504808051.0628396
ad47e82c9efcfa36ddac0a95,609231874.9980863
d5af3041d95f5e89969c9868,474000664.4580379
f2387712fa17435f56d7b102,671018495.0736716
c1c8024bb6c3635ff655843b,679268835.7745323
11e4350271e9cbb37bcb75af,715697760.0393429
d012efd4a77c5aa5e8d6e508,1023101910.0451245
6240b85a47c079cd0efb077b,650727508.4278905
85e332a999931ecd0e04475d,303886125.757933
4ec02a406caf200b700f5c62,690503250.9224762
f3270f2ccbcccf3046346809,979050675.1865711
bfc5aa443994e3f3f78c6105,1041963131.8141667
aa09cc29ab2f2cfc79e5bc7e,697374775.9950676
6eec5b03718975e5137d5e92,771374954.0430338
6974d82e41437d61c627b16e,880568592.6268156
ae3f7f428b49e6948ebe6fff,797858275.0330753
a9a710b78e776c16eec24be6,867603029.3363962
249cf6f96144f769030d1b4d,891546896.7479951
645f3c4490ce43ed68c7df10,972164270.9605389
3413f37549869d2172b76d6e,832594830.25164
956600c9a4ed31e588f8c593,919269172.8015676
00ba709f184e70be13e5bf9b,440763863.13330656
275c8bfdd3fec33752493861,549314598.1276456
3206523e850b5b5fbce567a3,893615123.5432948
9c9ffb3401ab6ab90fcb555e,1047981896.7968872
4962650cfa3decf487ccbd0c,1038300926.8021687
a541b35c62878dc2c425235d,1237167340.3313887
2112e589911b979db6e05a6c,1126988402.7717566
c9cfeb97323bd6a0564e1903,772987870.0637213
30e1bd4619483b0e896b5229,826477795.7008936
48aa146a36aba8a0270a8a1d,1001873862.4543866
678a80840673787b3aa64228,779753303.8635654
392abbc83cfacfe87c401e27,714039926.679471
51744814dd3a7e60c0791041,708241387.8748862
c6faa5d2ac8e74c26fdaad4a,726416534.2420766
1f2c22839c470363ff41551f,702135394.621683
5438c2127072b47e3af428d8,757770734.7675251
32e182242a654ac03a8f3ea8,486689686.66706026
0a45eb817938241ca988c2e3,1010654772.1153132
e74d815ad652f7046ba33295,794000031.3932328
2887a0d34994d284759db20e,766263618.358449
621c3051ef29e8da01e6bb2a,843786913.0361423
54de2275006e273686ae5fac,1062718013.1469185
b0a0cc38f73c9d90bff6ad92,889175039.4684777
f4df4ad4366bd794594c111f,474274199.5071419
763206de4c26e3825b69f4c6,856542957.7173452
d5ddcb0a54416bdadb4bf57b,879569283.4316084
bf17eca5afccd9cd6299b9a4,983638771.900773
02888257efaae858fdc7938e,703236595.1673167
1f8ecf6c089ce6168b3be52f,987599077.0690721
fd7a48744bf966e417f34a51,1025489120.4489698
655d6eafd78be856479767e2,954783575.4257184
27472c6c6a801eb749b9719d,728085749.5346608
18fd9bee381e7a8c29a44c4b,746153274.098058
da5d47596a755078a2261328,947327255.2657197
737c83218f0e486ef4feba40,298271752.3709526
2390c275fccc98eb4fa33af0,678759868.192754
35616923c84423b44d1d1438,843261311.2863656
22fcf0650753e2b5a2fa3786,924546725.2891644
9d8e7178912841c2a1232ad2,709578949.0663486
36c2cae6de0add92f32d29f4,677234578.4412899
699b68daa574a0f169436ccc,795657040.5951548
c3bd0b8277a37832f56be54b,548716786.0050904
6b3411cb8c50c1498572e681,533627503.6407855
fad4ecc419fb64b3f77971ad,844745194.3720014
4034cd9a70d18fe0c883a0fa,789095495.7309468
8f9417de118ef8486538955f,968054546.8254695
33f4f9988387bfc237d114fa,804255731.4845238
40c9f947e826f89c6ff3f898,199851669.73667455
351701c5d1b821253e2c8c42,437932836.0753408
f6b405af32c398147475dc9b,848009869.754046
45750daec6238508791d0d4c,790641988.8682876
eb85bf9ab77f59615960fbe0,911384269.733951
0ab6e52af85ebf23432d7698,603999906.8344289
9b13a371ed4724d2e2966447,806904367.7061746
081bbc273db70f1d2cc84ed2,779051282.8342288
e113c48e4e1b53adaca275f2,703601049.2012223
4bb0666c55d174e0280482a0,739305169.9865506
ca516516b33dc09d712b3154,806904367.7061746
631e6aee6ec1f720f3c78775,848845543.5742717
c7746198cb5871bd687c2538,636143717.5579126
58a5dacf2f664512c2b00ea2,647113604.3812819
6d8998442d831addafbc878f,922117235.5719012
7d4ffe0038b3ebc149d8f4cd,791767046.8630736
55ae7bc854658aa5fa49d368,745186984.3586656
042ff73057dce4d92d383cf7,336503529.81793535
807c04729620ec60ef18598d,268666703.611731
5dead94ad2dd86dd41448994,760918755.4094963
bb90c874275456d5fe0de83d,708476269.7843107
6ea5fbf037ba7e5c74d7ca39,921868442.698217
86dd7931177df94a649a4d62,692022389.1921035
58ac250fa52a1ac7ce39f70f,473045127.9281146
2861f1a224b4c879b845779f,353299461.4072483
8d06af8e439c45e0e125de91,942356956.5920857
bb2dedf6198be0f3ce2c4ffb,760041100.4169998
57d8cac189a13c180f08cd2d,589186960.3238801
db575f8a4e10a29fe81b335e,875515233.662835
e8c79fd41b001fb1da0d4fe1,623933140.0946033
b81679b32ea288e9665dee49,938618802.075879
841482deb90d19ecb1ec8a06,828509439.3353046
214df9371aa59f68e5740212,309281427.79540044
bc52abbda9027e10b879ed50,965737728.6996405
ce8ce41a36b610be164a25de,942713508.0451801
a67412a01feb64ca6e772858,445654719.784644
d87896f889ddfe1ba210d74d,611024969.7488266
556a39ca66e10ba3545f2234,680737875.6984922
50cb893af4ad0e21a69f05d5,831872085.5988415
3b5a5d6536a9fd24f02e8ba0,304065085.90064013
121cc20fd81d6322f56d5c53,905002126.7352697
b9c893f3c3ac4dce40d0ea19,895875258.7876416
47bf8d322af3c13e8868ed0a,831872085.5988415
a4325969a50a14c948446f9e,889063070.5118103
4583a6b01449530079415768,933667746.2883373
920e2bd03c9d34e36fc38ad5,933667746.2883373
0a59b506798fb96edd7681c7,968953378.0088665
e8d2cdda77c1d885e21c7bbc,922986051.0869943
8abe99f2b71b13dfe7d71616,972599076.356653
c07e98122103d1546d995f9b,904732315.1917393
29fdab43da21ed0d22c9c71d,364748935.238971
f2ba7982bed03cac394ef87a,629434884.6144985
eac89e705cfd337a99417320,739355263.1571498
40713332e88c6d3a393c8b2a,512214246.7874134
a9aad230d22f7dede73acc8c,844366711.9372553
3b7fd4008e14e394dd09a0e9,947017098.9464203
098327587a877bd50df27551,812351818.7460464
0379b6a001e4018c34e944da,570042039.9386367
45f24dd99d362f49c0adb875,596597004.6110882
dce1dd028695bfc5a47aa6a1,601442432.5003654
cfeb702df06baadf29f12eda,528365491.5167027
9ff5828e084070628ef2ad96,696297743.4497008
6920e6d7fff656d66844949a,693860031.8978904
31ed69311bfbbe000f4483d4,946726811.3230252
d300473e3d2ced1177c9fbd3,783910102.708932
2cb64650b876ccbc7337a0e4,357771323.99328667
3ab2ed6d140698cfa41f2e3f,679430581.3723665
9f8697b55cb665ebb054f9fd,712873910.4550393
7e844f8a24422ec3b833b4a8,685223601.7236744
55a615a3b3919798d54e885f,766901165.6042018
fd26da8e62b5d1155962f0c5,612959758.1999949
ee9171c496fa78b1461acf88,890972116.9657471
d5182c47a954c964445f25d1,605121496.6830263
e064b4dd7b4e64a3e0016f0b,970682800.3929336
36753a5e31b0edb1eecb8bcc,882421031.4778676
c2ee475efec76c46efbf1b08,343307935.1502343
3baeb28cb33d048bcd6e42cf,300557001.2898276
6a6d990b9b1bea0f844d3065,794154809.6161191
e93dbc804920c0bf7bcf8cb3,789497454.274583
b9ea1b9fc0e46ba0724cbc0c,667470420.2479868
95e98113e39820523e95adf4,558611479.3822626
942ed340950f02adf9749a36,446073410.0767903
8538a41c0e0fdcb3829364e8,728112450.5290145
804289a128775f7d1652cb43,225417359.6777197
3dec1da01706b06f5d6a9266,472257720.81498253
fe004acdfad6ac6b00911ef0,815565401.9765879
6c679d5b6a1c1b74bf483478,678532038.3937443
ba54b5ebc5d4f554bc56dec3,338719652.7432524
5b9469c3ff6b197bfe3513cd,789899284.8519706
2ca6ce8266afc6721d179335,977367839.735936
94160aa4e5c54bb479b1d0db,372903452.7815885
eea6a2137473c3ba6708b576,541691744.3102936
9969f6f4bfb29e3a97c2fccc,750575871.6777924
68006626a3321fb0de032307,521835828.0111994
2149d04442f73cfc78f93bab,876158188.4089955
01cac7d033166094ab9f87b0,894990114.2521908
15515ecdd35e9f175842a738,835934315.8325133
86f1d6fc54152004e69027a0,910149626.0928682
0bcf7987c4b0ba485c44caf9,676165582.529786
107fffd601a2bb7a3e4a69e8,859316034.539162
5a44636153b1d4a74d58513a,492808851.1389374
5ae08e5999ca2ba0a1e2d8a7,279372579.0233878
369e9e64898ea16b7ffefb7c,775721451.5021458
192b505186d0bcadb46b7032,778514764.0447977
6dde6686bfdff12620f198d3,804904684.1550076
503a04e079773a04f2abe075,939302342.3542355
42b5ebbca90572b9cea79177,881983888.8316157
0b6f2534f862a7ef551a116c,932644222.4026817
05e06a93e9f01dd3984a85ab,640311350.7215692
c6706db3eb4f0bbb0510578a,842490704.5010163
2babb357d1d828c49bb89be0,825000518.5020539
3951171501fc51e2d830cc82,1013231702.1546389
fb72b8e0457c0199e158e599,1008180173.9055066
df865201353bc7b915b56ac6,494378651.4241793
8d1b3071f5396359c0b6cc62,701950581.5426134
c451b61851c8ae1e6222109e,744563368.03398
e1c33552eeab60683f2f89d5,587188547.5936679
1d8d51cfdf78f1361710708c,809591690.574478
bdc8e1a1e06d387f9c7b026b,809591690.574478
2b36d797d32013a126e15709,875562011.1855567
13b3a55d79b79ea89a73d21a,882153510.8036138
e57ad52764215c3d54740ac5,875562011.1855567
19e11b2d60326895b5e6ba01,875562011.1855567
f6e1752b9f4a0a3c8573910a,881660039.88758
062efee92601be294d7346a1,879383803.5735617
e2c3acee51cdd03b1f211278,875562011.1855567
9390ae5c166e1a976e53e16b,655247341.6630582
db3aeb3a96304f3c255e8a22,611939758.692074
d353be29e7ed2c35b920f7c3,870218799.4855043
893c1b081e383de73b9f2e16,1006226256.103796
8302e2afc48d6eda16784da6,910239894.2571764
f1e9676bc91a76740f4e9b0e,823448371.4194726
ce86066ad78dea43089d25c1,1036807279.8073126
c89ac55660cee4608bff27d5,575241986.5819165
b183776d007d85bef0f6671a,916108053.6371973
e8872302ba40e4ea413689da,568712670.8094654
0afc6cbb60f34f1cf00fdfb0,941710838.6281905
a811af7cf12afb1dd9b8eb86,872688910.9854828
7947f71467036449efb99972,989886742.4282635
2ead9549bab6f1386b7a2c77,596712222.848811
b54e8d557263624947f979cf,971799774.0102197
fabd2201750747891eb6af77,720968962.7596079
7c3f7b513bb20c918a51dec6,980228099.9342741
0dcc222d83e1bf05f2c2c090,707889851.9978203
3ee3ee47bfa21462a1fd455d,425704688.2728575
1dc3b6ea53413ece15bea33b,811785253.0014508
f44362b932a8b70ad4b99a29,859125534.6458296
5372f93d988c3c917629f9f3,751004837.8917999
5c25ccfc7ae77f1d85981a79,711436661.2927309
4df222356df121a41adadda7,663413556.5369744
bf38bb7a2a7ea663cc8f3d57,751004837.8917999
ad0025f5b240d00936c82f9b,560487823.0010095
2afa66b726ed0b1492b9e01b,859432439.9322276
a528312b77b7f84741c2bf29,804753820.7343304
1cbeccacfa11843a256b2e2e,661711366.303922
d11eadc78d95c96f50b41a10,892340711.9627441
c918e02b3e6d80125a2db1cc,746801589.2321353
b2af005e93b0242e0f62f298,554798482.5309055
ed9703ed896c6118a3458e78,648184643.2685351
8ed11c1d4e7aa1ccf0ea0508,149764010.06856582
9717b066e135a82feb422181,780511436.8776836
294985765f4d12e51a68a451,993471091.5756221
edbeef6a08dd17a941634d49,1019496597.6064712
26cc292628ce4aa87cd287d6,752174789.9982309
47f7065118bcd4c3878e50fc,720203469.4804453
e369c63f83c44329ddad488d,771765836.9818845
383c0948aac71636973507f4,862703550.6286082
6bd1a412c01387af8810ce57,968669262.9884847
4b92ca1cee4739104e620871,947913756.3686486
0123237414f757b9c3809f88,441105744.4961637
6e36550a6ff6fdb2711a88c1,823127285.274998
1b5de74aea685b506a952f4e,277151060.52840155
d85fafb4d5ec056e6db9a79b,563255164.3190181
cd097f6cd92275ec8ace1f20,381852500.2181473
ced1f52def08143f0b2b6849,977718755.3098129
89a03e25c43a555b47c53864,734932519.1239946
f8d64df401009704c152bcb6,757478018.42162
2a5aedaaad2d908122f28f22,1062892720.9056432
edd0b57b90629fb00d036e34,916313192.1511338
f8731413b0d976c03b7e05ca,964832577.318631
01abe3cfc94be46c1153c82d,857323421.227162
aa7f5d0d2fd5474cc67cc70e,807107197.9256411
4912c91afa6e4aff6ffdc6a8,695456069.5205894
9d805330fb0df9ae73003ceb,989835149.9941251
7daa9115f755a6c70411b9cc,850265709.2852261
f5896513d1cb044108d23785,1016913753.9579614
3ff2a2fd905d81f0422c54b2,555159614.9986842
02ed31afcba033953c79d95d,901575773.4327343
c2164829374d5e880c1a1f31,946767970.7818375
3f6eba5c365508ac192f2b82,298014955.38757986
3289958459cd87f24089cd14,541831219.4015251
ecc3362a649cf08afef96fc0,488873571.3943991
264e00a64cecb861d2c05b1d,829982073.9476265
d5b5bbf927f763a43190fabd,887826671.3934875
2691d7125e9046e597437f2b,557499714.6829154
7cf183ed411cf82df26640e9,585410050.9440901
f81107599bc083fec4a13ca3,658324430.9282554
3c2a535f1df831771b859a86,667461073.4307839
9e871ee8a61b183aa9051b72,908574903.0302196
e066ee04cd3a597dac8ced59,339783654.3547087
2f4ed160fe2a21722e6299f8,446667245.2682449
e0ae53aa3cc9e9ba7ce65f74,311623454.5706702
78d727d0e61a7c8b1cf6fb1a,996462888.6291634
b42f936db049a74c7d24b0ef,1022032199.6516109
62e9330888566f1f826e1ee7,721085266.1294309
3fcc5ff04edf753621d6cbb6,619490020.3974735
d4ae25b207949fbf0df3b404,894334508.437125
14bc234ffb3ff7f974afc8e7,874550322.8067164
64fbc9cac3f15c0f1a16f4d7,625510073.896811
5fa1c8237da8fc7683bc10e0,946055054.7543849
7bf4beee26ba81ad0b884f9f,511143895.0738094
72a47f70aa99d42320e54787,293550160.3234268
07641db461323a5cfcda4f98,505487424.7186469
3af2a1ec9efa6884a8254d28,938092496.0225693
3adca5eeda4939a5ea11444b,1012196112.5874766
37d39cb7d3849a784497ed0d,1017439358.3473312
b9baaab70cb83475ac3bbab4,938717442.3692651
74e178e2398895d2288e6fcb,844440103.1653144
ec15e2a131d9724b012d68ea,624602103.3936585
ee042a4b4a0bf9a1dcdf1eab,711938318.4701718
35381d7a5b25317d7588ce77,569410615.16317
18ac3368b1f6d8f7171b07b3,876184196.9618902
3dbb09358256bae5199e1318,722770640.1503059
4662aa1c44351dfe271e3a9d,868028806.9017466
034a30994bb2e0e446e35957,867218813.1251432
4cdbcefc434b48ba3d51a498,972198642.3070735
3d3317303679a6a5a381d0ea,924951282.0441391
68f4e3d4355bb71db0f35a65,486887272.0948114
b3c77f4a398b61d9c204f8a1,958430713.5071028
3865974fbc1b412f24c47eaf,930250067.9965364
84ab3ece52fe00ee50f057aa,828686441.9678934
dcdb8d97ae65daf55570c88c,769525775.8063457
7ea01fd99b389d08ca50c0a6,766606174.284318
51df325f026f4cc5ed2e9a65,1010709301.9711801
1f11cd977996d909ffacadef,972744790.5720704
5ae03c0e33dc7d3e0e0d54a5,564068008.0399629
da88bf5bc2a7310ff382be4c,720097702.0861038
035de58d60807ee2c272ce82,938473087.8604617
0cf82b1128ebb8d1087b640d,825360850.5955812
bd8b005383020611b8922147,425358255.61059195
f5c79a564600bcad99c74f03,697976043.7475966
b11672f22fafd555f940a8dc,805686955.7896
2bc88a5c4bea2bd00fd8f13c,665415703.907677
b2b99019a929584b4904b98d,953967103.2551289
678d0e011f710cefa49f6465,385223113.6973003
f7de22825945329521642f49,643527140.6619455
79b5a037bea858706838a62d,906340053.3333801
9f339d547d83b4ef956a3690,739043540.1152663
127e197a2f70e7ddb5dc92aa,764247574.0002692
65b8c48546af394a924decbc,765227148.9043934
cdc0c282ee62c51e3a20459a,1062223757.606588
ec824ecd0319e05d1ca6a9c7,734880272.6820136
95f27bf0d25bbcd0d1eb9cdb,707891577.4881855
ac0ee54bdc08632efc0d771d,909235836.8476689
904ad71e7d108930d69a7332,852086332.9551388
7f4e6f790de012946197e0df,882328914.740372
473cb30713e88ecf782651fd,402038640.3772028
59a309a6af425b2028a2ad69,749500677.5016612
8a1b0f59f86e33a7aa7c2c23,880505630.2431298
1e884932e57cfcab75ebbacd,910086469.2464396
8e273f1dde4801825fb19742,731624299.2257162
1f9c0f9c3c6460a323171d72,854743115.1342512
5dba98aa20e371c3947c19b9,968801038.4206237
51516e102f8d43a07037ed29,676880474.8072636
6eabd14e55ff090e8a93c727,652379897.7296449
e224f9ffc7bd70369a5e8b68,922403194.2253253
35cb50346289f0590dd24d83,944982037.7385588
2aecb598de8c74d9d5108d8c,943068010.4577955
69c7e97037c747b93c33251b,873416796.7176762
b9b95c89c988f68429822e81,623164114.6878451
fa2c5c19c86087f207c379ab,673291546.6955922
9bcd34e7a974c977f65925f3,973304925.0474119
3611c89dc71078cd0aefd2cd,907677979.9314905
9ab273eca8cd5dd4b6339ca4,458231064.1382833
4347966ceb1770f758cb6e37,977497389.0948247
2a68f627f4dc8060484cdb18,802687331.076788
55ff644abd72eaff17d533f0,996709512.102247
db563e5a1cd9eb1be832bf5f,937182752.6229248
a0e9310061ff0084d63dd242,854078114.8315704
7ff62b2f8a28d60f6c4237c6,728310901.8345428
c42c59e8a08e8657ab4201f1,599338156.7474787
de28370454624724128a0688,719534506.18139
514aefd8a44ca048a8088c51,665587746.9314132
3d3a318662cbe218db0878e7,1063561684.2046984
2714bcd5c0c503c3bee0e0b2,989689435.778708
5461aeb15c7f826f0ce157e8,224298183.49702913
db352cbc2aa3066ea9b34184,722673203.2458106
22b066e6dbd0f2562a0554f1,1015115942.2072333
daf8d6d3f4ba21513341eb3e,924222710.9670528
523605d1fbb75b0c5acec5f7,843712789.8803219
c59c2a19b93ca666b7c389d4,832200240.8653336
61e57e5539c40e5ffeb77997,843712789.8803219
c1fc25faadb151c73ff254ec,721400966.7942969
63e73f1b8b385d89de1329c2,502468528.4873478
80ded3bf4f2973a5ceb1ffb7,566433792.3997457
e1f5f0e96e5865370423c142,755187052.0638525
3bc1d407f7e7c8e67f7dd27c,770835634.2396152
d87c489d3572187e3280965b,873597710.3934036
110d49e1d79a3534e146b300,733277934.2671051
7baf3723bac87b0b393ba52c,764696276.5554335
8e9e35321545774dc1f85776,669618412.95734
e0d6155cb3cdac98f81d44e8,454911640.0631695
bcf775187c0f5ae1cc0e8ca6,730107657.1981109
a792122a1b292f482caf25d1,456037932.5402963
09fe153b0027697e58bd08b5,397518488.8034215
a7283f1587ffd80f4723475f,342905251.0173051
67a10f161cf7215302b6ca1b,380523804.1297135
f403b20cb52d4ad3f9469ee7,762622491.1136096
643e13f00dfe7787a19b1254,697781384.2632288
0eb7c68fb7ea1e58f3e76345,828275339.2195762
cabf47337c2cd619f12fe69f,200831908.34759212
55c5eeb4861e8cd71731274d,701222010.465527
363c96b85cf07dacbb10b92e,755364843.0719111
49b59d19432dbeb8921e57b8,881846857.4400843
818ee3b0c3862d4aae6e7776,407053175.8170426
b15c662c56b19d3843737dd4,649184590.5394089
03243195c467c67e67a7823e,591422003.2658762
5db50c50b523f3d454e94dc9,794907239.3870316
0798af235e9926b1e7e4642d,715520726.3870583
83852e78afcc4127481adccc,640457064.9369864
7fe25ebd70b89f4602bee6a2,836947699.100439
175590951b6f8c6b8b4af9ff,468831753.3773873
d4dd48521efc020762ea141e,652213490.7557687
a681d6e9ccc7bc60eeaf7e3c,834405252.16783
e137b5003b8c8f18892ee9d3,487032986.31022877
90dfa0d7be06e7a1dc15770e,475587909.0988146
7fb856eba0ae98a40eac3efd,832740544.4670572
9f52855eab4ca5161f1fb492,704312246.2791911
494580f4974c33d7ce0cdb28,919886574.2499838
d972dc3dfccf2a48a6384e54,871447442.0212249
7cc8772ebde8902f55e14b44,748832947.8504926
deda3ad684384ed67711ae71,449284085.62238747
b288c52e4d0fab9f579122a0,903420049.0771816
0bc16b384acd3f8263e386de,942863657.5129759
b40d1d2b7c1db9cc57c65fce,774307285.4664601
c2580329ee6d7a03925725aa,836111051.0545831
7e73516d57a251061b3916e0,1055332544.9528216
7749f3bcfa8339444b0a8b7e,675020771.9465303
557e40fdc93c1824b0bed769,675020771.9465303
edbb5db63dbd0452c51047a0,645839371.816418
383af3a5794a0ec3efe78b2f,665206205.7815578
90ae7af091c23957b88de5e9,843612217.4687331
b1d9704dd39c6cef28ae3d17,772735349.778832
44916ca9b874075f55949f87,720495337.8299211
0515734883eea12cdacb7aab,434520334.18002516
faf9f8aa50d936c1465e880c,897124696.9706488
f37c9693e058492ec3715de9,707672647.6757894
562c7846b05072561d96698d,755559230.678833
4a629aaf60a113402834c042,883042423.9825261
ccc4e48073c3da10a2e2d08a,856419933.855174
8532c64eaed74b64b4d4707c,777380812.1495141
528a96aa31409c32bc9f1f63,737977987.9494747
36fd9fc1f1d9b2e10c1c6463,645133471.4362767
91561030d87ff5bc0a497f1d,789200771.3231966
eb09010915ee68091d6675d4,714349593.2041806
56c41a58ed5b9864b68fc910,528353788.85926324
bf6005f6f71da582a6fab8c7,633653216.6745156
86ee80cbe81724e6919bdb73,241300774.71368584
0caa7856aca178f826fe90c4,757080913.7238039
9e41f25cf2e77f3fbe903368,821726793.8562189
019f4a25794ef01294845b51,815101465.0196184
d6fc6059bba177ab56d85ec6,939975835.5527214
436089e2bf605d00849691e8,790431405.5605842
02a9c37b3d92a6da473c6fbc,291799854.45725346
bde81ef5ff9edabfc7e30d10,848891186.2149535
379fcab709c66fa146d3491f,805702463.0838346
28ac1562ebb5050f1492f576,727928198.0205611
e68f5a98070efada9b5538ee,615549011.6765214
80aef024b0ecebb01913504d,493837939.88882256
f45161bb79292e974dc88b5c,291692395.81334126
6de3c3d53d6aee18ccdee958,531456493.00123113
5f2f7596a284915ebdb81a35,176548290.5717888
291fc50c4ffe7935b01e5d9c,533268687.4856928
42ac33321bb1920fe2a78036,801276133.7402108
c8e00b4dcfa2d05d6a7fde26,912281554.8833086
5c0e328a04f881674ae1046e,880643302.5294713
c28cb417dd28fe4d4d41d114,619182212.2002243
8e160f094a0425aca23f04ac,896934587.6515708
a8944be7383b5689b5039c87,974863423.8062063
cb7ed5960f325114bd3489c3,964291231.2599041
275d73c7dc0fda7cbecfea89,917141295.6332043
85c24df2d836cc8addd9b7b0,889866702.695773
0fa87864632b7bbbd161f879,724297245.9055035
c7f422224808e043753683f8,957846412.3930935
c51d1eff1b6d29b4164df520,907225797.0650222
b50e8c13de383e64711193f5,677916708.7653661
1308dad458274c698b2fec72,677916708.7653661
6a1024c5da689de67bdfa274,726932940.2387105
6e426f60d25aa8a4c6f8c9e9,916696845.4479947
b80f3a46440daae51308d459,849030934.0696155
f59ed9b8ef1726f1a55a4dc3,788392608.7215557
368eddd8b6d39bcc7124a41e,812351818.7460464
391cfff759030283411dfe1a,769716118.7653491
4f140229175de685a0999773,629037720.1288961
cd365053914fcde97b7ee9a8,1015781899.3475239
16a05fee8dfbe78d26664c3a,636404824.5375072
c462f0736fdefd319cee232e,1051486362.8784518
b419d977b283e33c0b3da86b,916525651.915867
6eb27e2a66d08a8a60567272,1119463450.076268
7486ef139d41d91423317e0e,932362165.2980363
e663064dd77e3c63ab9222af,1017583533.0618119
9a6849637f1b8332ab289e27,947017098.9464203
498de85ba30cb01e9c686081,673943899.7424074
3507f260c3c6e195fc444533,633547350.6452544
e538d52c9b2dc994491be3db,260510451.0374153
f016ba59a64f287099fc4af4,729027839.3736752
380ae516dd46442f97acfe14,881308234.8945642
c97e4d7e08db3171290e939c,744970890.8402227
f7847aaf1491103fd931aa5b,996901592.2537208
08f6bf438980d55b35ce7537,996901592.2537208
a6a06973b5a4c990d5873b7c,789983493.8800744
6e26918c69487a735a639c1c,950016636.8987243
cfbc690c55e5c2bd8dd9d89d,810297938.9910582
56fe5c13f11813b82dfb04f8,825146232.7174711
296f0158b5cc1541cfc8419e,1046205677.0051941
6ed2970ed02a3e50ac984aa1,773217433.1412545
4c9f3af11fa91e729384580c,707790772.4922667
2ce779caef0637db97954912,795924739.2432119
d743892816160218a63dcd35,855562836.8662335
758efd6f99db309c67cefb12,318373077.44910806
a4146ec09d782b08e8198e11,628157752.9009842
f415c2bc1bc0fdca091285cf,933795428.2947505
39ef4fb2a43fa3bba15a0b16,919845877.1635667
874ee4f1b9c6dfd3d2358834,865022409.6405932
e9d514f90ebff0de1936d09c,840610759.7552954
9f15c77d67021f349714806c,587406878.2820295
a600ed86cff36e636d204f39,772150745.4616282
58f55e9bf743e2e3ad43c274,663886666.5067465
af1aeb2ba89d29973f73511c,677390111.0372102
bee721e93b8d8e7cb37dc992,800642430.626409
bd52dc8dc5398e5ca2952473,309182270.64918053
b71095bf5e80bcefafb12d52,795639909.5238838
a7f48fbdf807da68594e9ae0,678523704.2846353
50de04936770f874e1eb86c2,604142955.7986923
2ea47ef8f02712c32613fbd1,683332043.7061573
27eaac0ebf8a5ee99d143218,1050971972.9713417
ee594b6bb0751dab39055b3e,596885360.5045067
eba0410242fa1e8dea90b194,911385984.8482302
a619d30d6f2e2aa3b9613c04,285757832.55922985
df58a4244134d3493f3c9f30,777375938.1910032
32dd96f4f07f67806146ec46,666908025.9809265
a77ef77ffa731e8980d36b27,652716083.6684253
a2a1665a693852185673f6c1,1022858154.7341248
8267eeb41ed1e68144301a3f,705046636.9397883
887ba6b287a8b3ccdd5691b5,807703230.5516436
1fc94e9dec93d52e0062e07e,801409286.2985494
ffd3d51ecc85abff64258e1c,847258155.9999287
3eb79541c2ce9413d2c54736,727684640.4147999
fcefb2186b13c8bc39b17915,873508343.7656693
d4a43654382201db5d318dca,825953017.3913074
15fbd295328ad698d3c76aec,1047154402.6370337
7f5e87fbb4952caa0cb658e2,716723551.9794085
9d348aa70957592dbc56ef32,867801669.9868122
2ac1105447a71f68a50105d1,962409810.8419342
d8ba9eb448ce35ed404e68e3,846634635.5376401
21d42e80f6f818eed990bfc7,875748702.1953276
81c890b0d7cf787a091d4081,721329277.9023341
518858c561af5c13c8aef9f9,1061831530.5133462
01cda25ee8545b9fe19717ed,990563297.4691335
2c34c1e1655e87ada03f411a,861084358.4644897
48f9e9a87e7fc0a678460e05,773041916.0498194
76ae7be5da1785c37736fdb8,939055944.7221308
3918fa99179953461fe07f2a,724114206.1425962
305080502cba05a1c165560b,738153133.7076399
5c3aaf3f75d6d3ae9b55cee6,863788222.6892878
2ab263b5d1ba72fa562d64e6,554521411.8437936
6d13129db564ad15e69fd534,873508343.7656693
7de7a2a651273df62aa6a21c,1022858154.7341248
59f9cc9b23cdea5bd4cc3ae9,995133124.3346536
d4436ad417941fde0aed2818,873508343.7656693
80ab8d9f157c25b40f102854,867801669.9868122
06ca01d3ff86406e896b6fa6,970874342.007602
88f36882dae9a0487383b769,863788222.6892878
da474e23f34cb63de4ef28a4,867801669.9868122
04f968f1873a655fde8702f6,688511180.5967047
1dc1a51628b8eb1bba214498,306261565.20641524
e7cb4cf600b9d931eb295c71,522446641.2683617
9052c644813d546987a72305,659099443.5706961
1e32a8825a7ea79c28e27a8d,615378277.1482682
82f34c2a6644c4cb0649c44b,842033995.5616409
95815bf7c79e4bff3f41b233,901462468.4865881
f64f642775ed2c9f45aff215,821544623.6410913
4cac81eebdeb45eb0e8aa5fe,855675956.2357045
c6da2874d2dfbb2ebab542bf,912352870.4221114
e7c08555cb8f5c7d0f32fdda,603544350.1185479
10b7c99bee9a4a21e1f32d50,788215301.8201761
f21625fb82740d6f4cf1c325,195633158.46421146
1c3236613cf95c84c5791bdb,911674090.291035
b11c3a4642f7eee2e443eb32,961117335.9350548
cd08976dc2d69110375f8541,754635795.0837666
a44c7ace8ab50de7ed8e5a66,565714682.521143
fa8f13da6d8be3bc1f05fcee,738011692.699405
77bd7837b02bd8f2c290c9f8,340593983.76418835
11a79681fb0a3f6eedf11d1f,831872085.5988415
70c3b086af66b0c9db4b0b96,831872085.5988415
64ea18085495f759116f62c9,746848113.9756813
ebf4bda17341de806444ba83,670847282.9765612
54228579fd8812c3ea160341,475708638.3164247
dae0265a0f2f79d3dc010ac8,933667746.2883373
7340afa659775cc18d83aa4a,902763682.8286436
5ba05f67a77cebe5cda31e74,920136636.7707008
33dfb510aae260ccefa4d349,881122928.4130619
82af190e32398942775056d5,933667746.2883373
a9b9263f6aafe8531f3dadca,633375121.9031868
9a38e7293e9ad7d8462eeaf7,1009131440.3078974
5852773a80f7f1b929c7dabc,1055592655.5801828
52fbef3effd854b0ad0f62b1,579022071.3759301
0016e35cfd881ee2e37b49b3,817011616.6382029
380759598c614cbe10ae4bfc,731214306.1822768
fb63e870ceb7ff355299f3da,759275226.801956
285b8cb5e9c887794ed2fd1b,919955789.7114897
f003a46a1c8e04da0052d72f,587667826.005334
a731b326a61043070c3c853b,671136615.0052848
d2644b46136fd95c0fc2353d,977911655.8599672
8248697f70c21fa361840755,941796265.7334626
075b5c16441d9d67cf638386,410537970.1963795
6bb2ac0cf2369cd8fd85bc12,796740481.5652473
2c0b3d69fca6677ba9e95327,861768484.5830085
c73ffac843c155f24985e6f6,762809955.2503333
78b57a58368ab056c11bb0dc,890607721.5612177
90b25b6b913c1bf0396c149a,411031930.95406324
fa29c89363ac9cb59667a43d,890607721.5612177
eba756e88209c420d288c4be,805050398.3704249
e7081fb59ffa298320321633,974289749.2990556
db1c3ece26da7b342eb7c8a5,890607721.5612177
f9ef8fcf24d28ce11e71d758,768296865.7380803
2f854c9df6212c39091bcf28,671363328.9697345
ccc66d77e5f68779b1c016db,843702857.7173237
47d288f8f9227013424d6976,437068241.3838087
3e891afdcb568befebd66fe4,726325434.9554935
2d1f036c96e92d9c557605cb,763108141.9581183
dd9d63c612aaddbd86676c34,648331495.9340508
13cf784fb3553f75acf25a4b,763108141.9581183
57dd353ac00d0e99abdb3733,933649714.0793333
ed0051ae106fd0df60a14586,803206079.1906246
0997324f14c5823413463546,956518734.2580799
e2cdca1756b1635dd1ac2b2c,697214715.0485369
7700df9486a1684157527739,762221798.4416865
e790b21630ab963a65c53df0,584270319.708411
2bbbd9878a1e7c55bdacb330,498109282.34191054
decb25b7fdc0eb259831cc71,755261103.6676607
fdbc74fb5882051327b3caf8,655167109.5034696
39dee9b1661292cdda6c4823,906619985.3930562
354e2de1e3a81a63e7fae4bf,856389556.5359814
f80b9e8c51cd71c5be281652,344091034.69398236
a96b19e82d9811d5de1ed0e6,192664140.38625005
5e5ca2753a908aa1b7fe80a2,909228188.0142764
495b6e61d1b887f8b4c1bcbf,484021845.3533484
ad8ac9edabcf2d4b06ba9fc1,727034625.3659868
359f6a66a407e30b40979d2c,810414836.445401
ad351bb6437583ec871b1739,802052893.2583339
262b1c8ce7db2b4aca2400a1,813187144.6876653
6808b10f5876ca36f569a4b8,997734423.075844
54c74b36962edcc922573792,355548790.02135295
e7fc4e6b1fdb38ffe68fb680,784685707.5487098
1c9325df5599379a73e18053,745525379.3570884
8c9bf9031bd378c1105e3f3e,1010417873.5403453
be70989d473cd731f6d8e580,698769199.9640865
46136f5f078dd31170c58e64,814789088.2213854
7055f85f7749c4646577a51a,657163974.7909933
861aa922b483f9bf7884dac5,621476652.0934463
45f18e0bb676d2495a227dfb,701181268.136686
9cca7c1e9ff65766c8dd2e29,677879270.9065684
b2b7020e66872c8d83468cec,675417710.6862488
7634d7acd4197594271c84d5,875257718.6355183
11ffdf367d817b582d590db7,652635227.2653345
103687e73b0528ec29725f1e,561808054.2611134
8b5369b126b75c497b1a7b73,723179956.541243
b33c9b03cc12a253e4936cc3,662453683.7805382
ab177c5d60492f2ff087708a,558785417.8245527
05bbd028f30492fc0a9f35d0,723179956.541243
2b9fd26383758104d567d474,723179956.541243
4addcabbe23020d3d0d46ac6,723179956.541243
d93ba0c32244c455e0f7baf4,732306824.4888706
92b772a38d5e38bb51a3f621,599945124.0546514
135ca1dc80ae4d9993ec46f5,732306824.4888706
ed5192bd8038c77ed2e46f0c,741614425.6509925
3a878d44356885ea61bd882b,732306824.4888706
c29c69bc6758d5976024e455,572746351.9484854
dc486a3d7e9e2e608ab2a7b0,732306824.4888706
1a34acf8e509659534a56b63,1049643266.1613021
5716ed7d678cc2575397174d,275940656.9557794
444c68a7a6cd0b794768d5af,644823800.7620463
8a724286cf661794084aa87a,967114615.2720331
ff9c4796bc3ef18ae7bb724e,832740544.4670572
35984f749eeb84eaf938bb08,1041407962.3774625
0998999f12dfdd50c597c6c1,808848999.5192908
58bc65fd2e0e4430fb353d83,752700437.8937497
fe483817d899e0044abc3787,693694666.1671504
183a8459fa248605b8b5bc1c,335592729.5269544
a1f0d61cef676fbf798b5473,834846212.6952345
d7d3cd587d291f389ba2e8d1,750058032.3635619
ff8e7294270343a00978dbc2,844580027.4756259
0996cb112fc3919564e87c37,778469789.1984365
f183e3651c485e0001e64880,1046205677.0051941
e28474959994ea9c0c2eeac6,965995000.9872081
682c0a5f5f3130a61b5214d8,909906042.0086775
245663c600727f7c214063c9,699319332.7277378
dea79d1b25bb9c78d331e3e6,856338583.351457
ba212b5f12959e34b4887315,493549284.2661826
dd4eb14b56cb00130955d021,996076854.6253237
4c94103d4366bcaaee4b550f,805851204.804801
7bd9cefba3f5dab498ef926c,1031328238.4710078
1d7a2572b466070f08c6e564,713825793.7349613
a38e7af984a471331b2d758c,951880721.5046915
b6775aefafa4dcc161eaf6d5,968332680.6486214
8654295684292e74d0245238,517389203.96207637
f0ae62ce6eebc4d07415c48d,1036517762.1704768
969219d7b193ac92e7a008ec,766889017.7359501
651d6af0968fc05584cb3d25,625031771.4845872
4f992c2a0526c0074bbcd875,699495729.3168038
9536c686b6ec514d92493f9b,658657537.5103514
5384587ecbf956275d86e60a,314184112.5342958
bab5690da7c42909464cb9a2,769269433.5174764
bc91072d808fe7b43e972f42,366591116.9362105
37cf2c5c1c6fb6e601d2f76e,238362373.8943869
4cdaece5d1dd4e089a99f47b,546299195.2316406
b37af80bba5adc197cb51649,574061239.6965001
552152b60bdc1ca16d2dbb71,503342286.5703352
32354bff9df0267a5e139156,923190365.8526307
fe4a6d7d7ed28b85c5816fa2,1189140970.1381116
afbc7773755043a40a7f9d6f,648445274.0455568
daf2efda70c6f3cd9257d0dc,568038029.637204
66fa7c9e82a2876216b14b1e,874799731.3607677
e34517b1563d829104e230b4,407053175.8170426
222a35842b0bc09f48e1d0cf,771569255.7798687
c5a64fe5ed5901734d98a22b,685135942.1159178
05db9fc492801eac98f69c7e,538563510.238633
6e4ce81e713a571601d861a2,944571413.9408572
79fe5105ed7a7861d3c0187c,311261454.0951592
70ea911907d320da1f7f9c41,729548538.5539409
e60024d6e0b5aa52e27a3b5a,640441672.1742065
bb63f086543cde77832bd4ed,640441672.1742065
b3c2187fa96006fecc6b8ba0,612711673.1203619
9499edd83df77bd6a90560c8,612711673.1203619
a947158782fe2832cea53040,904214631.0451245
2e1608b8c646a102e27df16b,926911278.6747781
77fbf1f0c35c1025ea4803e3,730194354.0461586
f9e6a759b069e04b0cbf0182,827820831.1528112
1e158f436f2a4caedd1563a2,794907239.3870316
67af004f80b08fae38f472eb,421903481.7795048
386ee01c3f7bd8bdb91181ad,957441873.0150498
36ffb5566bc35fbce9e42679,459704885.4297597
b58533a6850620b0960db713,595452624.0412549
41353584f956b9e316c6c67d,722797187.0473874
b1d1bc7ea83d5c584988b95c,642275321.9659611
6b1c0866e6f12f7fa8de94b2,839661026.9483587
fa4fd8380dd2620c672facc5,957138244.7319577
44394e66504a4d77587ee105,798034890.617225
d841d6a82425710e36460f64,674861973.4635923
33501f96ba3b02da073d586d,326240252.2011294
831693b6fb81df1359e45db7,788232376.3066221
7192b9d32e4ad55f6af9e241,646432400.1617618
4f99b97100d003ba3a2ecd46,699622726.0895551
83d969bfc020aea27d2b829b,652480090.3162571
39be6f994f2cd3d68b51126c,711660701.2308289
712f16cf2506710d7f2a2e8d,909742985.7779834
7ba618fdb1fe8694eaecb64f,760041100.4169998
d8735967c942d1a7b0cff7c6,741065472.3399382
b4ef40e00d089a35d750888a,834405252.16783
7d73a548c2a29ef2d9655e1d,652213490.7557687
63131b8d125073c7dfec72f2,707180222.3943125
a65655a4f42564ac48bdffa4,844511049.9346244
033d3f8ff56907db4c453700,487032986.31022877
05e8878bcb68d03e3b656eb3,847449348.5565869
2ff0775d2c131d19804f2a2e,324762770.8241445
9957ccd807718945178bb847,829276051.6242206
7bcfd82ced5d6f1ae390d388,589186960.3238801
adcc03f332b427be46f118a5,771333809.3229257
b5dd038cf35169bfd0e62eb7,862226816.5381174
35b789e1d63f8f25980d21a1,875311559.5490758
c9a215f284e095850c809425,753508615.593945
d26efb0e1213e19c378edfbd,892935718.3950758
9990217fa4eae1d1c4ed051a,966618104.6022344
2e9390c4423db604e1c7c4ec,736569740.4076402
6faf9b6c30b176e36f2f1d32,290775305.09152335
5b83d91f4d6364d3e4be1428,718210731.5462605
0d9616f0ac8b0c2e9e0a97a3,833883720.4647334
9c9fd309cfb505b628f84fab,921183642.1049619
98b77fc0888335702d082f8b,722511852.9372354
051d68945b95562009d4029c,722511852.9372354
eb8021804e63016fd934c9b2,781032027.7124252
ed6c8c45bc8c1d160cf0d0eb,753651423.8695422
9fc8c3523883947769b2fe6c,956029147.4453036
3e9cdf767389ee551b5349a3,640457064.9369864
512effa47a1c7a5420bdcd6e,314355404.4692588
0768e70fbda0e09b88c1548a,351850694.97591627
acfa7a1cb136e4474b7efe32,673922933.6568905
a343e6ec6eadb287711d3834,791859190.6825324
a698d80ede6cf6243fd9ed99,857032335.6674429
fa5c81237a94f2f78f05977d,791439003.770855
999c8da7dbed7412dcbafb70,917356704.5492285
c33613eff66948d1bb8ea3bc,888433839.5654103
a642351076b7706a733dc52f,915212195.4987025
c69e08214cb1fbc09ced0971,721433443.3757955
48a20e676a060954308c9ecf,633673113.2047489
304ce5835e685778b1c2b6a1,894272456.9198823
c859144477dcaacbc1654a8c,657319041.5524472
98865eb2f40b8a30893cd351,715901072.156674
68dd15c8e9b71171348ea24b,1078059722.2103221
3c660885ddd7e98ba5ea26a1,874479550.8979377
c670315562766401f92913d0,311039160.646386
777a8d05edda0a335d89e90d,715559383.0843823
81f5c32a2c2d3b32329a645b,622191001.5765054
40525fc425906c9485f1ddfc,381112005.2483007
8b6efcdb553f6e936bd90f3e,922773074.9296851
94dc108f1d146641b221cb81,761580061.4457833
1034ee7a5160fecdb5e8c27c,721236557.8997493
48b34600046c903f0ae4e6d1,977702498.807471
edca31377b4f7299f8b45187,831896988.1817231
b1586cdf68f36926c3bf72a2,484604296.5129261
70b15c2a38c404e62ad05171,556812822.7948804
ce18358366157fa869bf3833,658468102.1417836
6883fb90099426e6f3922909,602999160.0194907
1b7151cf29b565b2f1caa559,637398782.144221
f2ec3a3598c99bb8c38cd680,393694801.90145326
38026eb43ff9876cd5767ac3,552019867.7165922
9f68ff98e302ab06df4fc672,561747026.8346388
2d2ee255ed2144b9fa1fcc39,751561203.1392702
029224b78e8f358aa9c38e94,245158553.09973675
88da5851280dbe750968c565,525189172.71409315
1c67456195075a051513b28c,460511877.0590874
9741ff1b895a038c32205784,867706786.340257
75fdbee42ec89d428143066c,213708416.0732523
9f27627b9e439fce085cb01c,870568350.3370754
a4a4a57cf20ad739291aafcb,680389108.4449749
84a074517742e09a7eb6f320,843474230.2796997
28fd0437736c1b17c7ea1f33,464149903.8566312
beadf1de0732143f0699895d,767061294.0132911
b027f75411dce9c742c5d0f1,1033053033.2854445
182077fd9c5142d503309490,789838156.2604018
b1df92683a593edc3f2b45ad,374496297.7724449
38cbcd7f88c1520fa083af9a,719240466.2942978
8ab5eda5b66a6c2becffad29,731882227.377831
e68ceeb098f60054c19fda0e,885759513.1775037
e6ac4d158437142c15bbd4d9,1034285899.5304961
a448d8246781ae78dae61619,715567734.6444838
4e878e99ad2fc34400381c3d,871855454.2614844
beaa09cb49a98e8025fd7e8a,587060357.3339903
3df855d8893dbc62eabd95c6,795489395.0652571
cbfc3ca911ca23517da8c2d0,970925488.7177161
a020e479dc5db78794a5fa77,946038116.7795744
6247fb0e5261d4225f6c9f1e,863673764.3237339
93822a34ec8dcf104e7f49c4,671040185.5493405
17d311554f40ae8b40234c31,658804872.369156
762e044ce9371d7b8c7acb6f,771745507.0625188
2fad468e1c248f40ee3586ad,880990971.822072
fc25df25f4151a16cf0c90f8,915512833.4409032
39c1613acc0ba4fe622c1f31,770245379.0226184
2c15a0733cdb932ba8f2225f,806022902.6221117
1db68ed64501f35c51d74c5c,920753840.6041989
1d968cecf268a7f14def1af7,921308576.7358377
77c886207faa6965238b152c,521780129.2401326
86242b25bcb2dd775d25191a,753782779.4545308
a8b457cf82926e25cd862af1,1060885831.0084776
fec1212eae4e6369d5555d8c,827409376.9800073
8f59ec48e38092ab01c23e33,982485521.5367824
490b89e972abd7e64b5ba6c2,799372817.2153355
f8f217756d32f31faa784c2f,990272292.6403769
1c2ec62e8ebba12c6146a04c,929828911.2187388
2afa1699af46ad8124f76e4e,703891977.645327
8c1695c9a31de0f956e4ccdc,334568045.61169606
d88bba495701ae7a44eecc64,1007321109.031439
00571815d5a7f208eb3e7737,897953214.9019773
d626a635ee75c23aee2fb327,855034543.5650859
7e3937cfe43dc906983fd321,1052273356.7804675
ddd8906ea4a22b782c7888bd,906670652.4608454
258abe0fc321f6b24d37ad86,383918582.68512464
f637a4885488bbd499199148,954102595.7853701
97f5e6ee143998e0b3fc97c0,816342653.3391472
be4b96920e3aa5c57baa13b3,379202384.76616526
6e7f3a0cb6246f13656fc95c,935763624.1771975
0cdcd8cd52bd1967dab88a5f,870072892.9219217
83da19e7fbbca11083090574,798961463.1957779
f0cb484eb3f6e04b5b1806ab,764829026.5052271
fbf8b0f1159e89428778c847,388853214.473127
7c316b981173919b6cae5516,694013896.2028617
d6496a3215daad9089fcd5c6,579982463.1058196
e104567c1cc70000692f502c,967265906.071582
c4476befe0002dcd0c315993,715785902.1445435
3008e821640b33a8d70beec9,877614861.7094517
9eaaf577807d86ab64fb14ae,817215199.091033
9db120a76af04028d2f0ce68,359837567.54901224
81e1f8b1c0e3b15f2ebfd84a,504398232.0232017
9943a2530009f62cab6b466f,807760339.5256045
a8052c48a500926214eb2e1e,243151663.20257086
3335313b9060ff29782906b6,754594990.3855666
cb93bf58a01eb262cb003061,732319370.0240828
0e04f84529d92f2832ef986f,572589090.1577988
807d7f5155bd299afbb6491f,795926537.7115089
76558d67def95bc708039f05,851139994.5777297
bb19983466b1a1184ee7ea1c,741211186.5553554
34067d9b2b4e45be1e5cfa32,480661220.22376233
1c4fab7d9cf798617fa90a19,784749848.8826133
b4d610e0ecfe007c133a5ea4,595001706.9015609
ffbedc0873b99654d10188a3,205955077.84785756
ac413fd87de33153899a1d04,829436330.132692
83349bba5fbddbfa2db5078a,785225503.6809295
0a759932f763df64a463ac18,754150907.1983114
fd9ebf37acdbb0e4bffd2fb3,458987241.1434959
f725f6ebcc3fdeed22bee385,602380542.4635665
ceee9fd6e692196b960443d8,458987241.1434959
bc10eea54e4a1767881a2391,788045011.0486299
4ed5718470ffa3e5b5f40bae,496605794.2559045
debd031585e9527fe00f116d,961231675.3208977
23b5f2af5d39edd25db6a522,830674132.3215189
f51000446ab65417942e535d,822714949.0801404
e6ed64435c659f236cf213a8,248478558.47028866
b160d30961ddd3dac16184b8,689170674.6150566
0cad79296edb4b18582dd77c,839675721.220948
7bbf8e16cc32dec423afa6b3,464732760.7183006
acf98212eb702c79f16bb058,838592239.0113523
1747dd033c2c2769974a06af,717213902.6987133
d54e80ee72354c70cb84323a,717213902.6987133
de901d3433ade456e9edcd79,717213902.6987133
3fea10126c0c651f02de7167,717213902.6987133
f823f6d95b4340e8e4dd0d57,717213902.6987133
ff6fa86afbf9da2aa8eb7991,717213902.6987133
a966f298e8d4d3d580a72d99,717213902.6987133
5b0918cab84af6fa6c464037,736776880.5873518
bb1ece5366ebb2ef9d52708d,620410063.2448472
fa926bec03068764c8545d41,783617219.943669
3bb987adb4ff573ef09b8c12,557237547.799093
d7fb188814d4c118ccd83989,289729161.6096364
ba511b37b4bda08d191c68da,701561027.6104671
3c2f62f464aa5c48c470bff2,825658226.8974966
3256c6c6f30aea9cc79b7283,1003551187.0625912
9844c3773f7a50c71f218e99,669790101.3334268
23229e392dbd8fd9d80637da,671049152.5549738
e0f47a028df2dbe9129cde7d,1022915238.7426913
a12f0f00148e564ef78838c5,549023169.6968113
d3ace27450b980262ba9bf76,863225638.5250472
0668a4a4521c783a2d817413,724400204.4531901
768f69f0241fe339b6f52fa2,974538263.327402
e78ef4d2b165a8e8781c258d,707639805.4471349
631ecfa47fe167bfaaa967e5,745396723.2412008
954e3065b1e8b31a68f6d4be,808870617.3096441
e81c5c1b820636f691e5c5cc,598214531.2116913
b4c779732e827ab2fec8e8eb,952264756.4015951
b58208759ce1402501f68906,895789624.9247186
59805e5f4080246ac1d92b34,836563803.1808351
a3fd38336516b98117e328b7,995272637.3760939
c0bf06891690188e17ceeb8a,912481288.30197
efc8ccaeb09a5e1bb0bfe011,1021926874.8959776
8e604d41e0cfe9c93ad536d8,962322081.706259
f770b66579bf2b55a714c43a,706424641.5614138
4e01f07ee4b1241360de460e,981092474.8660406
dba1be42bef913f35a95735b,839767152.0779898
d839ca90c5df85e5cab54ea1,690665915.8398231
ffaca67ff9f0d7cbd5bbd295,941052522.5111479
6f17875bd3ecf00566dd5c1b,895077453.6907818
10d01825744060a7b777ee4e,645064434.128123
185b333862e7420f25622efa,920854206.6855907
7f7141f5e1a7964ac6dc688e,925218123.7941056
adae78b82caeb073d84f02ee,955745442.802612
4c0f9275581b5572635613a1,670298134.9010484
9d6810aa1035e91b72de6a26,806246554.2657511
069798704327652a899a189d,632785663.622961
2f34de2546f13e8a9dee1edf,681541961.0155869
8147da5e5f53a163443e8506,757052989.6989629
6834b61ee23cf04daf4fb83e,1061977244.7287631
59cbc0e7dc6e6922feffab8f,925043664.451036
7cfe5c3f5cb1bf095eb2c503,1051496970.5948745
d916219daa90cd2d99edc609,752040084.4107809
e78ad3483c5aa5a7a4310720,307456564.95161635
d048fdc255a5a7f474d48c0a,903564800.8047733
b76a3fe6a49dcae6e6bf5815,694049308.0826148
75fa60dfb737ad50073848f2,749041704.9620256
83c1d0e2b8826844416abd9b,995537470.0058401
8c02948b66db263420c20d3d,854667220.0176144
33ab442cf58cfaa33eefb6dd,267258291.59571818
d379dc03d78685ad14c647c0,790896455.7153833
5e36efb290bb265d81706bd4,938736242.4710257
db534a5f57e92d29b9e150cf,956014924.8344518
5354a816a7da90e205448832,561203321.6106377
f0862f57dd6be5e7659c65ba,724132385.6737331
7d58eba13f418d890ef563da,570042039.9386367
c2fc3f04c3870e14b89d5fbb,140123011.94157
15537000b6806ee84d4615bf,906240654.0009944
e82508e88e3f62fc8e67dc16,754674644.0787485
86ee57ce617b2be312a9efd6,704115364.4347292
6bcc29a0afc735bcf3621595,700222972.9806762
d79e2addf7c11180be222103,973716896.1395538
adeadac88e573824f08efa21,1135712613.6682165
922c37e46fe9e75e73fc1f35,714552002.0437018
5d09f2d1cc5fec761ac4372d,827606375.9205208
8c5aa3c826f325a9a6c6f524,827606375.9205208
fd0c010fa0c4b84dc75ede86,1042562803.3625009
c23150d0aaaf932579561998,993762520.0064565
163405cd6248bc3e832dc93a,865207161.6878096
eed12d0c3e65e9989fc4f4bd,440022503.49004114
e6fd53315e92a55c6b67405f,756848483.8854388
7a3ec914a15b47726567af96,568612736.4093195
7f02f056d5eb4aff92b44659,709840031.7420098
2d5d9119602c228b333402a4,241076216.23315138
43fefda5a3b0781578d9f2d3,615390470.7943466
513211d9f07fd6645711ae31,304777924.3928875
c3e1e0d2618556de7df13403,761320565.1368157
b4a4d705930d9afe896dff17,689218282.450979
e44b023e39910ed29f4dde2d,759265162.9459721
4e78d095988a92642a1bd18c,646016995.2806548
92507b623f039b4ef5be8870,680542295.5284827
e216fba4bffe753a527ecd4c,724340933.856627
24a4199c17f9c56f0b3ed12f,664643785.7301257
6bbf09c3bbc3e3a000cd2afb,747926121.7513354
b3d45812baa819caa1400255,845857693.238548
2688e4cd1fd441d1da455504,831538676.9517405
5dc1fd6ec7ec8c8af71e3b6b,691059853.4689729
f7b7e298ca8fb75e11e92999,500724485.7853074
05b71daf88eff5ae8cf5789d,944426277.7845156
e8a7ddb4e5d43d156692326c,969242674.9157085
632820af2a0477aea5ccfa1e,646341559.7650207
43a3fbb8218e73b956ca50fe,701799009.0876852
398c195aa41ace34a16b0d7b,875288388.3866224
ef3887783a12f591198d6c27,824800557.9877201
e6653cc1c94306d4e56ba216,666295659.6172898
166c21ff83e97c6e74169d92,1110916425.052084
d0fccd2708fc7def00c72317,1022199147.7248795
d66bd7e4bc7b51d23af57de2,1062392103.2903001
8b47b76193159a21c3580a3f,1024110159.9921383
448d159391c38e4ffcc405b4,746946260.4645568
9ce7fb3190866e6a02e01e26,487470554.68186784
c25f892c01420855f61c3dd9,612814043.9845775
2d5ccb12ebb6fc7d4ba462b0,882275317.2624502
9eb4041ed9e159ec0d890de6,479841994.70082355
c342f6492f90ccf623e8e8cf,905011251.8808323
c3a78d9bb10165d9be188394,673216647.8637009
1978d8fc2031af21e98a4e9e,725633191.0797038
d6d581e852a025b61cffd6cc,971351763.6919888
ea28f68a1d1d81d29b88531d,844108967.0754534
a3cc0422a37512ae124013d8,1040625205.216056
073a3ae443f3333f0f526f7e,822321369.3487519
57238dca767ebf3a842c5f10,1017584369.5798792
113887ac25fbff9d30fe8d35,840798197.1899778
fed1a50c562ffd7f30451adf,872988759.5014541
b1e9075645f4b374c7301346,833991836.1693851
6517c1efabdea4c1f93078b7,425497471.7895652
b966fa606a3b50d3ac7249f6,925112289.935155
e0ad3e9588636f454e9e484d,712306259.9510473
d7ad46cde8eca723de6510d7,932568077.7212045
447f51e37fda773ab748814b,845293035.4353933
a6b992c9bf4eb32ab3d1df4e,894136108.1592262
3a9c7ec02f3e7e419669fee2,297851982.1339133
c908280d0461c3585af94d53,932568077.7212045
b3616a055e722e3720cca48c,1001127308.5558617
45a8f6d942533794501d775d,713531805.3299005
b6da1db3aa02debd11e26edc,830730854.7343733
6d12669907d7d80d0b458a93,796373283.0569767
5122b2e9638d3438434fc56b,1067534613.0352154
6367a127b452cfa27043f74f,876637109.5036051
fb3d29813052141c015669c2,754538007.4198785
5fb76f2095eb1a5cacc2524d,620169448.6015099
95632ec6578a204881694dc2,522692517.80366975
846b75324c0f3cbb027387c3,956313620.0190372
940dd8311f2b49d4ec212fde,797546533.6166238
bd0261ab68cf56950ccdced9,830770831.9065499
f79f0c23b5cb96b5d022582c,792550745.400696
795cd68f9a5ef45902712524,801917230.043701
d908973d90db91f772890c9e,330794589.7392776
d670be6c848b1e92abbf415d,293176036.62686926
87b940bd3dae37b9fdac5d4f,444014991.1560769
8a7ddcd0c452e7993bc5087b,753782779.4545308
8925e22f8511be30d50545cd,512714661.19484603
1342c307971094041c9c240b,799372817.2153355
385488342bff3d3587250c84,530968397.0901012
f8e25b7d7e93c45df1b3a4c5,907080082.8496048
fa4f331f05b1488990a69ec8,1009131440.3078974
a71d187784b309d65cea0b14,962500720.7007498
0f44b84024412099f27439a7,762521381.3139393
0ea1a5d32324d270cde1993a,828456586.1960709
b13cdf9314a34852e8db4221,672601281.234458
75e0815e2ba7269a10d9786f,294696211.76943314
f42b6680baf774d27fdf1e48,467025840.36587477
5cde1a59393643d7ed4e909b,870678388.4442769
8736dfe0f1c6e2181b0ee31e,866493517.7111791
5859ec20de4a5036292ee947,902294593.8363991
1eee0ff52c53f04307cc3216,814467779.8427302
b455979bc938acd34a580eac,854352814.653637
6921133528bd6fa3675ce8de,777279985.5040036
3d266736d0307404a5804073,622909437.1940184
f4f6e48b618064ced466c302,638391241.2156487
dcf606270a4612aafc5f9f29,776504722.3686224
5e455623c380290e0a8e4e48,511143895.0738094
ac3c9d9357fbe72959817602,844440103.1653144
f48fb9d9c42b0ebee72cfcaa,582542183.1951681
dc99f2871bc05ea7e8a97d72,849901892.2130537
b5cfd5eba0b6297cefd6d3d5,823812904.9358938
0dd30227247f145bae82f96c,901118666.2894502
9f347bf53e4ca4d264a45241,633728971.3412861
81406ce289219cdab015549d,933906004.3193152
a085fab6d9b9d8c24472cfb0,1067243184.6043807
1fce0e993a57a3e3873b8d7c,972744790.5720704
af67d51867f382dcd9cf34b0,957097194.4333897
432f082ac51bb0d39ce45b0c,720097702.0861038
b6281efabdbff697d70925e6,936554925.041653
9215d29512b14aab6178da01,947599955.8080895
6218a5d7267f02c576e5bf16,882039319.8518906
d66cca2c8e08c89af26e7622,876184196.9618902
ad3b4ae81c322a9f91381bea,588312136.8108207
3a40bebb521445fcd32cf033,834636336.1919717
c1ca38f941200a9d666aaedc,891110756.7792432
a1da74ec074df16a1e8690b9,719472694.4237262
502154647e351af240615b98,832822452.3245322
b57cd3eb0290984f061e1053,605882356.6674659
4db632fdebc000c9e64a589b,910411949.0770386
e380184391898aaa2d3dc540,981942335.646424
dca45f1c1a79ea5ebe639920,728335321.9154837
961de1cc8601447b03682e1d,1032132153.3777211
60a4f09c268e61fbbe423ff1,614195313.9338896
c3191b6b40191009ae9f4b7f,701950581.5426134
478ac408d2a5c603aa23cbd5,903064419.5585382
ecdb747ee4a3ebf958252309,894334508.437125
6c36e346957e336a33a7708d,938641311.2576491
09b18e3f3cabb7d5469a8d51,800964824.5228951
f1a5856ba56e7b12cbb9459b,618480138.173662
c378ef33f40f8be9263e517b,159318048.36313975
b45911f1875da543199e97b6,753690235.9816077
678c70903bcb6c90e3578d6f,972198642.3070735
be22ce55ba31cbf7cd285e5b,636416432.1885715
2dc58e6aab9399e9677265a6,962569835.1565478
dae55582e86b1f514a4ec3bc,1082053611.2962196
c119f62348e418d9ada13362,748726629.9577194
33510511ff07dc7354cca7e8,723746514.8372202
16b79a8af9d6376c73c2478e,991589771.2374673
714f90489426e80933ef31b3,816233982.6479536
6c8e1cda487c9841c8d297d4,851936910.5886544
6d9c4bf994147d8892d27f27,971524557.4317236
1b300634b71b898299c54671,729485828.7546521
181caecd269e115cb5cfd75e,880632673.6333115
059516a91f938d2e8fbcca0b,633782553.3070123
c42ce8f9f62f7a315e028e3b,701641818.9103632
bc23e25cc246ced4731ce5f5,707640364.5323032
de44f54fd6b1b62f30956f5c,687820992.4760433
2ef897a38b95d7b769856e78,864369548.2689865
2280b5f7c47c3b36924b84a9,872507872.1837484
16ef7eaf29eab571e229e537,1066235632.6921424
48b1f800656bcae6a9e70802,692514950.9627357
b4aa025f8813a3f0b132b7e0,646410837.664142
3c6092e8458ee81aed0db0a3,867816638.781904
d919dc64995903c9120eb61a,740506516.6849937
ef53741b01120666a08db213,937826457.4990416
c3dc5ad23dc8cfce0671adde,901784846.0175205
a270fe47ba30ef0056ec6c4c,189447946.1821108
f550bc7ab5992a6fb48eb60a,994166860.3567182
28f980b3c741866e0db5b761,900363031.4365501
c2ebd39857dbbacb99e6cc96,730472894.062464
bb9fa21902daecf876c0467f,737419189.4037946
fea142787b18327108ee8929,975490993.0888048
a1647603f732f97a99f5ec6e,996296849.2765304
775f25d8144580541bf2746b,921508185.1243845
527a8fb085995119f846a5d1,721141699.4678404
8b69bb9fd7f0f19a248f5cf3,832319670.9246055
3b14b48188fdbb0917414039,780649938.3166131
02259637b8ef1311c69d3d90,813338997.8562707
50eeed30ba674cb079689afb,728404671.0137469
5fc3634e1fcc96b9215a6cd9,1112165115.1728034
23cc24e23a1d74159ff78464,782250933.3949289
44551251fe345b31ed71aa5b,705088484.3809937
82ad984f02ccda30bd60da8c,734378152.2687792
5734cd4805f5c055d36ec645,776092636.4309736
fc7ecefb27bbb5c3e25e899f,810473622.1040102
5ecbd5b92092264f4e9101bd,803420986.8133005
83a8d9df3a535fd273b27c15,620711491.9327418
d76fadda8063e44483aa024e,667254001.8689864
a15bf12a6b8749ac8f9de19c,673150211.6990432
a3f32d81f4cd99dc85a16bcb,682479226.9271563
4029115038a899d98dc93d3a,958207510.2182343
2326bb628b4a571921eb7345,1044232910.9033257
471d6fb8037049e1e4d120a7,710666351.8020267
b73945103f07da807f7a30dc,549314598.1276456
d6f4479f9226e52c93d70eca,825704940.3140619
420b03095062d9571144a276,945121221.1110079
ac0185c8f724ddd40bc0d235,817579911.9010825
228280554ba149e60f81d639,971962123.6800535
8a44e15417d8e520a99454b2,906760819.4442763
8978ec4c5b2f02fbc1f57820,947397808.5276041
2ab88dcecdb565b6412f5bfa,946742911.910501
1dd6f560c804c4548561cae6,1059478232.7131149
90e94b7e392f84e01a5f1551,1046963810.9370263
84aa7d1c2590f37f0fd6dca1,268832661.5706167
0821fde7debf7cc445434024,624025279.816202
b9973b07c84b99dd1018050d,636440514.674586
169013bdcc2ef214e0163ccb,808312636.2901502
3c8eaefb3f5dd8d4c9f5386c,707722490.1360096
42d91ed3f3615247f57ebecc,885956958.1218202
a7f1397df30d6521c216e331,1082093840.404101
f6c6ee12e338b1f9730b6e2c,699912985.8489661
8f4687b666256e136148c3d0,1072966972.4564734
925f83e20a153a1e094bc606,911472383.1353443
cd270a11dd8257648d1f0444,852654582.2141489
ab11db71265771ed4d9de64b,377064905.1796126
ec199e33b7557dd669fe1aa4,466596442.1821462
b47fe4670c6b065a9e1db429,805578938.1495348
918947d51e52e0caf692f22f,564045692.1625508
070543b03770991d65cc337f,882527259.0283393
f45dfcffe189327cb0d303f2,1014036389.0083132
d2e7484c81358d4c79f040b7,789662935.96147
73ff3a6b0cf4f7ffb244507b,974863423.8062063
b0cdf05097df437354564bc8,884251366.5878348
33ea5de5e8f5c639a213414d,1033501022.7835943
c94056bc09a4bea0e853cc41,732593018.2940702
6d5a91ae44cad7849dc4e969,765797349.0414659
b52e0738dec9d2f119c75a9c,903865976.8123455
0e35349077490a01f25e2ddb,915990466.9616417
9a5fdeb5f389590eb46e7aac,860762613.7777499
337c81be4cb14d494ca69db4,723125335.3439499
ff28f1a1ea72e21acb157f08,836429122.8776577
e83ef75473fefbf8d7e52302,696871567.9330882
6d3e508ff42615eb78862723,501339438.6375554
3b7ddf527979726fb8aa1683,720804488.8470306
7b08cade91e2be20656ee856,922964699.2392334
59cb7abb39785d5263a156c3,943048763.9146104
bc48ec7245297b4cb85dca1c,860733254.9696857
0f366a36001c0766521b9dce,412318844.6016355
6ea022e53741adac484c1798,1007330328.3554703
aebd6304298f84e7d440c379,1076602206.0221786
c5b333e454ed6e93ad32d96d,958465012.2909036
bcd31d201096351079cf7ce4,732975787.7879258
46cf5b18fd7bac0d3332d70a,752885159.5341414
1dcff645d389e7b687a498f2,879449236.1334602
cadbfbea1d03e6538af648e5,937109549.7466514
9dc0c6ef8389978be58daa59,779540586.6345918
fdc00f6ebd155e84a387878c,636440514.674586
99c1b39476ee8e2ebfff6ffc,888394107.2127551
8930f231a5b9d8db14e9c656,687072312.4641114
2dee15f1b082bb986f8d9513,826229386.3650082
346c734ce163296a07526a35,881445919.5398535
6079fb3769f843e99b47988a,674563926.1361731
f5802200af1d28eb48466c1d,600235753.9527684
1f8068ab65469ba56a1f0c4a,600235753.9527684
1ee45a731b6f0242b6d2936d,674563926.1361731
56b7a6da82134b135fb7de2d,998140715.6938486
340c4d762f830197fdaf0977,726858258.4280764
1bdc0d441e63089737ac4c27,440488267.7633555
b3d82ceeac64b64142286375,697108881.7606564
947421747f33db213e6b1326,714421531.2983723
bfdbb7aef98d4855d459ac94,737036650.2181004
80e88d50c151d5534a57f61c,917776114.41899
d0f6e19e92c03b40a5aae3fa,930411341.1169943
6e2a3e49dd6434ed01eb5e71,927129507.8251286
89e2d612654b3c792311faf7,751202902.5647464
29425249fed4a74ada083dc5,221938465.07702214
fe0182e1795e2b87eef4bf41,636182598.0925076
dc9cd30b760a1280e0318512,751247693.037776
d22313a06e43b8ab8f6672fa,408305166.3156128
f91cc2e5edcbb704c293084a,907948177.199072
dae776f643e809387148900f,927317432.071608
e55634fce84f78466095e730,648291170.3358529
a507a938532411f06c57ed8f,932788138.9244
30f3b383f2d5e4709c9304b1,727990357.0606825
aaa43db51d1ddea564d1bd2e,721450626.0277123
b3e76a0a1fcacd0218c17908,763125056.644
e548ef7a5650696c0e968cf3,685755039.1975743
939afc1f6250d528b0be8e3a,871294028.8247195
405baee61afa4b08dc25e586,1002768719.9337177
0c4781c598c06d538c5fcdf7,898766460.7928199
fc321e2d9b4e954e80805be2,858999049.2326024
dce18d258c352b7edc60c304,907924408.9089137
7b0a2bd964c04d01387d78de,1046472709.3310148
43fd6b5cb01d05c9b1db0e65,696611818.3908974
cf0152b0a5e886e8291ef4a8,907130472.4255296
d05030b0eb8931161855450b,701579215.8824831
281ea3a3fab48c028721ee1d,775036207.6519575
4fcba82455866a6931590dec,748189249.5629058
ecc5e3781d5e004ceef8cf76,941464081.416928
409cb370961c60bacbdf7416,490334695.1985922
54445913b2dc2d6ba35abc66,950590949.3645556
51a8c190ffb673d4fc27f4e1,932044399.7605598
80e7c6b194b3229e3e2b9aae,901864248.7764903
bbfc9b05caa647bd95b3c88f,715808543.0415226
128cb9247755abf5f2801431,368135666.7114097
ac180e846fda5cd7f1123f6d,883433053.8344945
1e7173670334937dc61243a1,983246056.0764694
c2555955d5175b31e5f783ac,875673967.9162638
d87bbd60fdb8b84a9fe23ba7,543943089.630616
825012911321d636425cd0bb,1107394656.0199573
54561e6ed5570577ea97eeeb,1009633771.0357668
3a2a2df4f07902b04b809125,809049027.4657266
ea7e3ba584cc5ee45ff8ba7b,1013476873.9769635
25093735f186b70beb018317,974719704.071553
7fe1adc0a5873cbba4b021d1,878773184.6580179
461749398bbd48d69b444d7b,778301450.6161225
eb8f668912b70fd554c8c723,902799136.6615665
e2f00293305c464b361b6178,360058429.0581626
02a0a38b45e1b196165b0098,897870541.5622067
0e6dc789744b678028e74d56,749193391.7197872
58954e79191c62ceb1ead100,867250200.392713
23aa0804aabdc61650b8562a,1007795120.2084081
ef64565957b5278185b2429e,696219734.5780132
253725ec3d7939088faf71b7,791595648.2962079
a9683df184aa8b4ad5d0cc5a,891490112.1265348
3c38153bc36b364b92548965,932795267.8718139
286cdf6dfcd95ee9edf73a93,201283107.36640346
df93a6e36d9f19e252fa9de3,922980863.1056346
586fde402c82c1eb5a74d634,659249664.468211
5fd3b0299c0d52e48195fbdc,566811485.366733
06d33fff99a62c330ef2d585,613924468.9956843
df98fd10dd8ae59956994521,524729153.1173766
361715cb422c5fcd9125d5e6,430734174.2178618
af68665ae8711d009e8810ff,806157801.182616
63f3295df28c02953241e2a0,611780631.9341314
62d338c26b44153bb075b234,1066005908.5773726
41a269c661f20e443a7a25f6,975021717.6016338
c5a8695b7aeba06e46266959,692983374.3188733
17e5796a30da5eaf310d02b4,673268522.0602808
69acab4a6f82ae943850b9ae,653429322.1253282
5fc3ffb33090bf75a81aad8b,716158579.8236535
02d89daa77bb313328fe0c4e,713017565.1195824
6ad1fb94accb91bbc30449c4,893820697.6381068
a1cd215fa99b8776818d0b0b,372461892.57620096
0553a3aa7d961ada6dfcd52d,654465881.7652769
c6ecbe7b57db2db74b0d788f,959140555.2892169
a4b23fbdbc7bbd45c5ebf80e,862050338.5795105
3bb15c6313ee70bf4d88f4e0,834622310.0972381
e05c52c9c8fcb792ace06b61,357366982.57380635
5fc77edb0e5bec0ed8e72a60,509218903.35314333
85e15a0a63ffe482c68ec474,941096076.4229163
859025f2f41efa521a74a00c,482162338.37128454
1672a21e6b2d8d0525df1759,647098897.2538521
7d4097722aad95158c51d24a,509542942.2141678
174fa597347f2b1d3e9016e3,716525442.0061401
3f081fb77ad08f8370569bf9,704783279.8816078
74cea4c9dc0e00dbbcff8b1d,957102505.9429731
4f5de1bc90694fedd216ef40,969665410.8221518
8fa4be9ac1ef719dda1f96bf,92610045.34380181
3db3b80a902c10004cd3a3d5,984828831.9767388
bf02fad806fde4e3575e75c7,846031112.967725
edd2afd07fa1305fc3126078,863170216.6875098
bd5d2030639ef16370cca032,648993542.9286331
87e74ed42a2c8c97f7bdd239,879714458.8215934
d1c6037d0750bcfe47d425a5,264784191.0801313
763c9a528d0f99f34e5b0031,366809434.4729129
8b674605311d296990ec72e7,658024148.0426364
d7cc3d199e538258fcc83f75,585542631.4876155
ec6ffe86e9ece6fc03556ea5,759036501.4941151
9762ecd72557ad6728274e1d,873329155.6825374
49a2d111903c77053d44573f,661815835.9578711
d06ab7503c6deaf9cd405f66,1011258788.4416512
23e7dd821ec2601ee2c6e353,956158830.1742141
81519727c7ad9f60d2c5f224,926723364.035323
a4a5b6a844c14b4eca92dc49,956158830.1742141
7e647c5e0a7d95ce87cfc8fd,828924256.1354947
7a1bca1ed03e7cd0e277fb95,566811485.366733
03eb8da7205428e61bfb2845,785058818.1532614
82780776619be0eade3d72ef,566811485.366733
4c03afca943c3f2484b8db6f,566811485.366733
85d731901b48348f57932240,739915729.0741299
739de8928aab4ec77a1ecb0b,897170958.7375039
7f45d3809b08bb32a45139f8,777082005.8087566
cd14f8aa1613d754221c4735,613924468.9956843
537a9a2dd0ace0d0131722a1,885356334.182549
2d4a781f969a4fa2a4f04a7a,1007139852.6222466
e3676f99542f27c9037fca29,699024631.2693019
bb33aa4f1a7732fc8ef19039,722428909.4209095
9f11661702873852a3d65ed6,625714958.5752065
d7f22a4e6daa572583e02640,726401539.904526
f6ce37c42fad91fce47758aa,667645138.9158193
f57cab248d2d832725d78135,849074499.875236
9d73758bf7569cab4837e49c,757110353.5114635
322bad590ae06fb48f80c533,479231829.5362464
5a7b67d4c79ecd83b7ab66e9,862845667.066953
8dfd846e6df9a040ae1188b7,330141673.5873395
44a587fc89d6b6489157ff49,921350395.3418363
f9ce5b7edb104d4e8407a344,820346131.7643489
73786d11f1fa714aaa9f1f90,694633845.1698496
cc72295ef156cb2d60d6b10f,961522661.166976
c9851396352bfeb05fbd7580,1070111915.4898617
b3561144c745ae3d329dfe1e,650221101.2153594
7ccaf332cf87e07b38b340d9,859850501.5215342
d63fe229354bef8b02b4a934,805184990.5045835
2e0a8235637e98dfea862909,715660459.8345892
0a1b14f320e330b405b27a6b,950186651.6401592
db41266d7b500a6daead96cc,941902347.7132413
364b8b8759e3c408c4005021,790842706.3230914
73bcd7efb7a25587bb1c31ff,792852607.9301276
17060f24d81fe2661c7628c9,826327711.9825739
98318f22c00ab335d8aa23c0,793421577.271246
c926feb307c493aea729001d,663468641.0051472
58d92e8a26589e37b7123716,643814725.1248866
54d11dce9374378326f7ac62,658350185.3549473
8e79eebcff019c3362a76a26,835287619.8357114
02cb957c3db9ded3691a9004,830215202.1030595
561689dc0f267cc5011ede3a,1002210549.4065866
1533da89d388196f19e2c5a3,968247975.113174
069ddc5d1f3c855e6498ac50,471322925.25526965
d3aee2a35856634eb710efa9,996503574.4219126
4bad966abb5e8c4121ec69fc,833046648.8204553
f059e39d22124eb9e7e8e20c,691953887.0927955
3360f48c1ec30dd1c3175101,978222464.7846539
2218c6bddc994984cdc6e567,667024787.0646044
c2a9b4b389ae6f20140e21eb,821718573.5735396
d135cfa351ed6abe4ec2033b,805835494.6280565
668e5bdda1f4011578534f54,865545622.6873198
d2aa3386ae240d7387424e07,730038308.1529459
e4f2ec7e2f4389c1efa52c0f,769816358.0427932
d4f90a6b73b1e179d3f8eb70,695956509.8656592
5738bc8873b341bf92ece0db,701702379.3016455
2906d21b1d96a1ec43bab50b,907321490.9095749
4e1bfbbd8689a95fc97fabdd,463794640.5154116
78410b0193dc989de2d24da3,1081108358.3607473
fd7f194d9929a6f28ea57cf4,303190407.1341074
5e7ac1ffc0886c27471d1a54,829326206.9263021
879d9e3b4ef9063de41ddaed,901177508.3785808
4bf620c6c6d4c916bea70e81,812128912.0101887
573bf87f57db6e037aeb94b1,803935020.0338409
3ff7b739ce65f0b3066806ba,870695329.8508548
a456f85bbae3f189ff424e8f,265689233.30832222
6683685692e955a8ff172c89,713975662.8952638
82e1ae440b386c7da3a580be,760834385.9003547
efd178c4aaf3fc9d05b8dbdb,404918342.2493021
55ea155410b001104518e992,404918342.2493021
32a10e550bf7095627d17da3,480155448.4741189
823124264778e5ed64d8664d,692075853.6190363
fb01d990afd25ef96ed048da,959234938.9101217
df22426db407f4c660681c7f,1026997787.1421598
44fab96fa2ea501e0b94548d,976745099.8902518
871204bd1b3505acfa632954,779875030.7832313
3d63320260d150d134fe8648,708412561.460941
b8b9b90d5721a9ed5e72b328,512145152.1970396
926d12cfe05643554837664c,351218457.1791719
cfba6db03f0e38d1aa0802a7,625411098.4942421
97b12012ece8a740944aa547,884900676.9796956
8de317591cefdbc375a41483,782122116.2883794
46d34fc9a8edcc199a537b30,961672292.8898472
262e3b4091dfa6b71af020ea,882331263.6433474
396761edaa353e0828949bbb,874943286.0534968
8c18d3417886c150136a03ba,490036839.11442655
f053d3918234bad409410755,921241592.1679757
8f5444b81998e52ad76b3ddc,894596026.37181
0daf89cf494e0f40a94d3e5c,904991641.9825927
dd8c289ec872be3fe3352313,794682614.1801723
f02f6c5b97b8e3cc5d5a74dd,767431231.9987051
5f39cf56c4e1bd43f61ecde4,749963784.8076563
5e187b07578d582ff3d8e189,747138540.1699734
bd018b302f732baecd085ff0,663222270.5888331
674cccf4c7772d6091166aae,944994581.7844034
38e84c560b0455548ce186e4,185123820.83983195
d14173913bf5ed21e3ab50fb,773676763.7643906
cb8844cf2070d8697bcccf27,941064286.0815867
6b44648a905e7f4c0de6c855,591519771.7065831
148aedc984c7f6831c7f9601,468463505.52621645
ff9d1cf7bd90c5e47a0bba3f,401868140.40581447
9353136b0c791bec58f93ad2,779497168.0880216
de2137c70bacfd5087bc5c68,745567302.1972477
12bf6b9badebc2902cc11c62,630514280.4757053
c0706c78d5d98202dc24e46b,1136517754.4464657
4394a27b21889bf78927ddf8,581402546.0838311
0ebbe9d3831727f90d677ed0,961670596.5319648
caec584b5b6998684bbc6a70,697386428.8738309
0c302f1c924f8efe0b6bb58e,773185070.7480614
e056ada7a37336bbe878f38b,864720240.8264306
905cea21c0ce1cae97fe86ab,739279029.7047135
e286b12e5aa7929334322842,878240750.1858324
6cd4e68300a8bafb9d22700d,769026209.3495446
39124b1ec419566a371af8d4,636845283.4266577
6110b5bf07cf38c437c7ca8a,1050158432.9494174
6f8a22e4dd21f44bc6d383af,897202247.9904791
71eebcb108c4828b8bd5b84a,707366541.3497802
5d61946d53efdd9bd0af140b,788792835.3198571
c0620585c12f3d9f1298696f,730094247.0495636
d27283e3c941f8fc256c3f4f,630986692.4177146
2acc857ede19953734600dcd,752621937.8091154
32474481a0f8af34a4edfec9,309335458.4962353
6720db016112cd2a4a5e0358,563153093.8990668
959d0cba47f650933b9a5168,917396871.5627558
32d2c5f1707b00c93407a19a,866091852.7381111
0ffdec8eb5272d9fe4775251,656057359.7746949
c77d7a08d5b9abd4d3082fb5,866091852.7381111
a3021c7c465dfdd38cda9f9c,740462405.3860645
aa24974831a0c608635bbcea,652645205.6195837
eeca3f5c399785a1cf15b1c6,665055148.6313846
0b51fb3a65a86d7799f27264,576862387.87708
1af16b7f14dc04f05edf71ea,283669069.70589554
e0d7e4dffa0f3dbc40c7da53,860916932.3677354
cfeb42023e2737491b3e4283,739312500.655765
dd4e23681e00fa1cb9a679a1,656057359.7746949
153c89081fd85dcc66a02421,597211536.2234447
f25b2ce0d988bf5490fd780a,336793172.6910892
8700c9b62ff5a5c3394b0bd8,776113267.702643
a53b105919c7b46c0cc1b003,749518777.516381
1c835128915211131bc561ab,625293197.7803087
a0c6e0c6fe41e32b3bcb2b26,1019587112.3610225
4eff2f2297ce85a0a3964d2c,740073029.5302163
57062f248424c47282d3da30,775838334.0139924
99e860bbf3033ee4654d393b,740073029.5302163
db8912c5c5e5e49431b2c85c,643014275.4593004
3151daf55106dd159f27a8b6,763408771.1082169
3e8a4318d93b1fed4c48f48d,948374438.2329525
4c8ca73cb51a58933de61f0b,907544975.3201811
925754da6fea9c9cdc06e18e,659155247.7022886
05119815bd72ced29391ba87,858463109.714426
aae7cca10bd7f041c8e02d23,787943494.8642325
4890edc33a555cbbac71795c,760364830.3152335
902fbbf9f5037be8759775a7,989746361.0481718
d013a0e910b1fe2e3913af7a,591093537.4868534
9c38b9798313a3091d13b340,551381872.1043088
f04d3ee8b175c8f2f30f4f39,943643133.9247911
f0f883c45e8470e74280e8ca,575854325.862667
af820361d5f20198bacf839c,767266747.791275
01636da0aa2bc223af023a13,849945814.3012409
cdef6e87c007bcd9b4efa9fa,1090581130.1719968
1d45332e2f04df18cdac590c,788794655.5448282
db3dae76fed5fdbed29862fe,914887032.4044317
f36a379e0149d4800e793001,707991877.8752632
30d2ac3ecb8150e4d4339d1a,931123546.3466929
7f78955c480d050f2c8ae3c9,721366702.4128168
cb1dcee1f4ede0877be1ad15,904813115.9645734
a32d2c51f2bd5f23bb519d12,928487894.8040081
bcac2a4cacf13a91805557c1,327774428.88471955
a21afcc258e50a538dfd43ed,856952653.3224338
7202b83b651382e2630359c3,537849429.7173109
77d6855eb6a30d268e49eb1a,857791681.614631
204ddf6ba4822d55ba80f713,514543837.51512504
e0587d29cb717f725e991ef3,726243673.4358093
c606665f3a3f70ef61fa5cf0,962351561.2478044
44412a9e16b2824c4a520a72,794009344.1719632
313abf19d78b719cce4b3188,869165844.1908962
99ad7b36c3c916393e951507,896542498.9781876
c34c2aabac06323fa180b24b,636860947.9843264
37f39916813a58b844e17833,1027245017.1296461
6ab7f97fb9880e48fab16a1a,280934151.1482784
0e6c74a0056ee94b10bfa86a,709600262.9033841
7fdbc3fed9c9607e6d01e958,754329344.663613
01018b9796a105be650ec802,987286565.3544368
16ede6f8833a93677d05a131,568710450.9641496
0a53b0b7c365879a6d2cce39,862176703.7678975
a293de027279019418c070b5,229405902.61434123
973ab56a202e039f5ef37353,626005091.80499
3e18c851788fa8724ca8b7cb,709104936.4561399
0a4b0a004c894654663bdcdb,974346033.40505445
55d4b530b881abfce2d03e56,795049934.5306728
405bc08707001684d19f6edd,656440496.0589253
dffa1057472b06bfc0fa7a66,805314581.8353657
d061615fcc6355d79665f9a6,438094012.3475954
6cd96d73fc58b1502bc6ead8,673571708.8613385
db78a3ce9c6f6a7f4ecc6853,841817247.2878034
1498ce1c1bbe2e89b84a4a45,786518795.8754387
3035d7ea4b71d204b588dccf,726364765.2943984
2b8e9560dd58d880dbe77c61,906381164.3859698
e8948741a987cbb3759b7a44,944415335.7701278
20718780218eac9668776956,779101600.1120067
c0a9e3f5c57cfbb4aa9b2357,892569405.655165
5e9e9339fe1c3a06470cf7c6,675366582.2330967
f852e0f3fb8563ea6918164f,1077185890.1269844
e38b4072ff8b856487864f31,911736384.9863005
8cfa1121fc87d9483ec63611,753687149.9106777
1a805101f78cbb783e6f919d,631176559.4559672
98502628de3c4fd3905000a7,699550941.2433023
ff7ebaf86962fd0ab6ff41f3,840262046.5299076
69442123283ab024a911506e,878519267.2287998
ce6e91b53465250effacca98,1026777324.6351763
5d42f42059617a5ca7ff3a32,802912018.7618793
01edceb6c5afc2af1e129e86,722809156.1977036
fdad0c86eb89fe93633c8571,832424443.1277337
831725656d9df81b63c0ae38,800596650.1287929
d1f8eacef9bb4d300d086837,992534431.0008984
3b6d88f864f6c1759f957c73,683995963.2086287
5a38f908d8d75c5810280e12,348004932.25682503
c7c835349181bd3f0d964eca,831724283.608622
edd4d560363f7575aee42d39,765389898.8808101
8f3924eb214f5194d21499b2,996454451.0695477
466c542d7825d36d18a86486,871325527.4868854
0b71d334a6db66cf6f1a8eb1,847792165.1427904
7a91cfb02df63e4396b15aeb,877176250.6672963
6140125d2a94efe499a6941d,642526001.817177
080df3efe1fe81f97e74c4c9,674913051.3252478
e148c2b109eecef0175b3c5d,687572276.1456426
40aaf6665b489033ba0e55b5,858139757.900239
05498e49d0b875ae6aaddd83,942725412.1159471
397d0f6319465fd7fea6f710,949670928.3162423
7e6d8c4742b38854d819696b,885238123.9703579
9a8d13d56d677379ebf9a347,991722520.9906145
06bbc353bf62fda3b3786fd0,849740239.7548885
09fd7896d5445f422892b196,798247063.4787887
57c63e412f3fceedd3a7e698,864725215.8903764
32cb6246cd94f962f780a1fa,349705686.6953695
b0f9bfd521802b0d2586300b,934194901.1308424
2a99204f0a53c4a4d0a2393f,864143537.4563906
7651626df0e2e3119b801466,707776139.237943
59e48259a076518d929f5db8,821691343.4730878
e7b721ed96269bb195906bae,289847267.27871
61c3c304eb8a06b5a483efd9,692262587.4028456
3c26b2954be250bfe239db68,254638882.91585323
0df87025a6351b435958ce95,990771449.1908634
df82719238ea0e102c282c09,685027676.519437
57c74f7b9bc5e33cc823439f,895863324.328641
4195a9d13c0a526d7cc959f8,416224591.4770524
0d00fdc440d7612434a6b91f,522959470.3071633
0c91369119a06c40623afbb4,447659030.90574926
5a6b30b4d33e068d421bc2a1,815248015.6406609
f4beded3c5ed9fd6cd5177c0,806769821.9081787
95e561c7292d64305a2cf4f9,975182126.5046768
67138978493b84ff42daad45,365808068.21472025
7da10de45c866c7d066d2586,964546601.6728355
3c3cc027fb179e91a46f11f4,318048981.88657206
df3ada98307fc85428022d00,367057674.70842344
e029c89d59f2caf4af4bd908,955795738.7939403
105d05ab3d5334b976e448e5,959858085.843426
253fe7aef58ea97fefef922a,1008425939.3131078
43e11f10650837933261fa7e,664458314.55887
b111b17ae1fc17e3491b7a5b,295297733.7962302
63e1ff737ea11ec607ecee08,905170899.1766938
ae703276c49b6a6a9c39770f,844683369.5841182
799bc0f95ef9a23fc16bb1d4,878748787.0771993
bb9fe73a8742dec9b2e79135,1065778373.0899278
a9b3d963a14c2c7435f30fbf,834680552.2926505
7a48bc2c3f4aad08dc7fd5a8,517783056.2233889
7621f476bc8040270958de6e,800249422.201225
c49644baf8dc51d3f76d7e7c,789711996.0180628
8c107da7487ed0cd409f4daa,800673775.2884392
1bc8874a13914055c2759a35,781790709.7607067
fcfd6f08490be39064aae41c,766365441.6322635
23178c72b063ecbaaa04b37a,416431070.9339861
10bf1c2d1124f6d8f8b9497b,852742153.4167222
c29b30cc5db2ffc273e4cb14,789220985.7003886
f7d11c2601959921f536f804,803664162.072738
acbb07a2c7a0e39c0102b3a1,963921950.6054105
844e127aa7802cdf75db074c,231541088.43873984
e2d88f49873bbcc5476f4ff5,518869004.8982191
42aa1e6f6b8220a63fe165b2,970538452.3377855
ab1c43d6fc4f08e315e322d7,914799405.8934801
9299c976b1afe4d2c0bf351e,817440091.2828723
cd62ad28163c8df131a8f2fb,1099933894.1124597
e5e06913ec3c851340d7c91a,679833137.8930036
d9b46a34e48e04b5a3e026cc,657081076.2751572
782a6028457ec55d4fd5189e,892528719.1838558
11a905e4e01e7d15d35cbb82,777750969.107812
3b3e423e248b23090a2897ee,804450414.9472032
5915093d458d4b6589e86f59,524700884.34254706
3d162a854aa05447e2cae0c0,721376764.7589427
662a3e343a7e207ecc09d6b7,842691532.5803072
289db1292d4ee40a1ed6e518,997328736.3620514
d43d2bda7b6e4d5177c0d032,975813423.2105638
b57ebf09cc691bcf009ef115,964105121.1183375
21f5bac85d5eec57acf501ef,790729878.1823972
2fa288389b3031d595973793,976519592.6341836
c900d19cade1443983274ac4,918832802.3961519
67bd5b20df7f2a9cf4e04358,827529610.750305
e111bda6d24089dac82907ad,410917316.26058567
7910ac9782a1a315f68799c4,900584790.9666215
ee786b818284cb382c755e9d,729193622.2056826
f9b0a27bd3619ae88ffe5455,528735479.90291506
ad1c32cf75ffbcfc842e3959,433952462.527847
5648633b1f92de1ddaa7e7ab,477353850.60622
1ba481abe0d3890c42884d97,827529610.750305
ce60e2ce2a420052e67564d2,797706493.6613833
87e1b1170c163689d60bcd09,699431573.4891655
bb4c7900162be66534d17541,657944575.4236177
68340674853f0ea101e32b46,235963647.2138683
d10f89691119d4a4a2c1e650,816789403.5897192
d414907e75a1c105ad2b74d1,825310030.239289
c9b6d3bce20b7f528fff8123,862453668.3745545
be1695a7b8d3dc68c9887abc,774074882.9288772
debd60afab03fd1552719270,1009430808.7742279
de060e07dfb0a5494c5550a3,227729378.35254037
3d6815fb68ce959cb95e225e,645061882.9452701
d93f6d8fe212ee3c0f7cca95,815314459.5003309
1ac702e7c265717b34419fe7,854234687.6484635
a157596804522e03efabce48,926966169.0040509
069c529aaef7d7e0774c4a66,820024114.1670977
0669fb98aed75d79f8decb7f,903871624.9801246
7057326ac489bcc17d580883,854901411.4146783
e3d6fe5d97bf4fe851aee9d3,793582111.3897156
f80b20e0649dcf1c16003255,833946272.3059466
364256d0881131148655e006,770523257.7696093
0f9c26956bfe983c8c7fc227,951922831.2007444
9756b47e9dd47f99dbb23115,922752393.128074
27d413eab7b562b984c5a682,840007233.6421793
ad17072ff24e0fc0e61963b4,664998879.5675458
473a59415b6214218a15e363,901049935.1958443
ef72df5586ad0cbe59e36e07,947725426.3414351
9129b78a741bf5e24df5379d,652091395.5272176
964734d3430de94d22c927cc,482661734.81308204
530b25326f39c347a35a8caa,542765063.4464387
482f57e65a3f4c6792775a05,706969325.4145857
738e86beb569a7bf51fbe199,718293889.845506
c5788cd5507c577b7b585ffa,519993978.7188531
be164f9025f346390b986668,974244230.2114143
ea2efa1a857332559120b823,1010197792.5253403
f3dd24a17ea51b7a2b0f037e,698940669.4099401
7aa8d04246d3e84e5ac470bc,837640825.4063503
6361330195fa7cdc6d5c603b,661495281.3689536
6820ee22d6fafc9c030cb286,1008025245.1492168
472601b5b5719855ae3528af,779033584.4932991
3ce2c7f1ee7569e1b916cddc,939696906.649137
afb03f7cea99023ecea7610a,252616311.9310874
404364fe956884368e2f8300,866140918.2754278
c658639b590415bc6ea44119,821165637.6229784
42f1a529f5ff3a6371dccea5,786818013.1304725
e2e4641b20d81a90033a536a,750669766.2508565
253b34c2c5ce15cbd8b5826d,805476418.9354181
86ff8f274b698e7757ced1af,745017127.1709212
c4aef1d92cf264c548ef1f2f,505416969.56749743
e8603da6012c2116a70176b7,935322118.3466344
52b52aced4853a3e3d7fa058,726657983.8394642
7d9a9c3b4442efdb53c24448,854655694.1607997
a7bacd6f783756c9e7cdc068,712319072.7967919
68a00651ead62911f850cacd,714749393.984245
1e7e26077db3bca2821a9b45,705346602.5256407
8aa21f48a83be25f924f85c7,968994327.0126122
48107a1dd2a3b027637f250a,932795267.8718139
6bbb24fd1b9df3df4e939fc3,801441025.9691602
aa45f8fda8801c3b4923f4b6,1007795120.2084081
ce164af02f76ab3a68b0f980,849101865.3937297
c32249c7c0819b1a29fd611b,640380031.0047499
f8d4ec209ad5fa5ba4a68e56,765950877.9650677
cc03087e0f18d59c521b6ce2,891490112.1265348
fa631a714774fc22ca15ec10,794624712.4719695
c310efec13e312442f7e1a01,812530691.755477
534466a857d28dcc598e3a49,797728626.18835
4a81bdc14b5bcc4c84f5ce4b,764533787.0323935
79ac12d8436c07b620190b9c,974278174.5192139
f69962045e9aea6b8200888c,621696673.2879574
9752758072e096fce6f7f4cf,790277679.2652136
56fc1855dc6375dee0506133,1010638055.9943769
2fc19f73fb877ed8b88a5250,280871166.29714537
63a25d279fc5a9e8fc1dfae3,458537834.9297258
71978c139faf2a251db6ff5e,433351324.8690304
f4dc67569fd340be3dc592d5,741726862.6588907
0b829c23806ff01a0c84e9a9,867663665.3760301
a23ff4d1b2e24f537a75242e,880141498.5814502
3a103803cf9cf0451582d89f,565109945.7377381
eff8b3fe996b6d7db10b0263,867827917.5927855
9d53330b44c300e396cdb402,869891275.7251481
301b5da33d32c0632b16e8a8,923387875.1878836
357e653c4bea02df1b08c62a,708220000.6894174
9af17837ac2bbe7c8ba16e0f,750384069.5115755
246576e24f66d495fe0d509b,877760539.0877469
cb70f4993947b640317a07b9,719622152.0949558
949292b23ece12b655122038,828232743.4846699
4bdff22689954e5b1e575d30,835430088.0182085
7c69d43fe2488db51e6c8da3,716710791.5512044
6f543782174a964402b64de4,855503020.094928
a59e7f0e0596ea6633781335,756263030.9331822
767ae7de1818d645a33749e2,873935380.5093733
e667133c29f90c8fbf30ede7,646976924.2577606
3fcacd1cf9770a2724a5fb01,784610047.0408132
601193433c99337fe806b158,652984627.9427603
42c282041583e6e2090b50f2,789034642.6343012
3bc80c56871193dd782696d3,420188182.7823384
bee9de3e2817bdd591c02897,770549899.2044863
0f761aab549e7f6bc025ab0f,975036412.2892594
3b9971f91bbe4b8dcc704ba0,788868214.5342647
8f428b58a5189effe993ca4b,177436196.19030488
0af466463f2cf50d61315da4,762340934.5160185
1a486877c62f2aced41a2ca0,1118607677.7121572
c9fdc3f80534b32f1a75f530,832085271.522932
97419310c7e696dc8ca61f7e,808108045.761282
49d9cb2bcc98d69222b03165,762978885.8522401
99fa9611d644cf325e20e603,991710381.4234759
976d317efade1dd77ef3687c,637489127.0413738
b9bd63208716e4e0f2dedceb,642763956.8551743
834263730047f308d71d4d8c,769160283.6116945
d6bf8bfc752bf4580e99794f,1001405955.8014853
58bc2b0acdb0702732894fa9,547133962.891217
c3b8b774037044a2524913a6,618135032.2452309
eb339d562b72b3bf51073cc1,731824861.887046
c8244d916b0110b1acbd38ac,715924195.1213009
65bb6acd9be0f8d95fbc722f,717608059.443369
5644b84ee2edcf7267b2189c,955931378.4342585
22eb737351bd0958d3e60efe,740462976.5686944
0e2a5d040f6361adb9927388,699916809.4325521
be9f5ade682aa1fced79b068,809660429.9980608
8445e5cf42307960535a3b11,1008961184.908652
1b002164d34a71bd06e0445b,677586940.4946097
c80f897787541816ad63bc17,933216057.4517577
673c72783eb4f9a02c511b83,864150178.5066193
3b29177e99201cf4eaae612a,743218000.6487371
91c5967cc1acb3f108d6e0f1,807604822.7738688
334b5b9fc68a18387ae59ebf,732942507.7610123
c9d096d4353b8eb843e793d1,693413780.2171469
92cade7b5347d1c00a48a1fc,942121922.0318968
1d4bbb5b756033b4be28643a,870636535.9921277
e1eb183eb261b6de96e20a56,946193958.238482
7ea8da3b1481993b14bed9d4,623818086.2870096
78bb43910ad6ed105610d9dd,861272690.7285333
32c1f617f2b1f537ef703712,994578785.8939165
a7e6d3c76bb5507e00ccb501,919088790.6597401
6c75d7867807d942c975079f,910303965.3536186
e9182661e36239f091259232,410706811.1728938
c926ee21c2bd9da7da193514,319894026.4624276
27bcae7ffb9f79b8f59fe1c3,654169878.9223694
6cda1a7622d5577c0056ba40,888058370.044807
67c945ee31cf1fa0a874e4a6,753039020.6794286
5a8638c17d14ec4f6d447b8c,719369639.552125
82bef17c2a4db1f6dc6eaf01,683068913.0361682
09dcdf0b8b37c1d537b9fcf8,649777663.9229991
2cc9f2411f98d0fd41511211,733606824.0167592
aa1eaa63043c5c29ab6a1323,790317465.1219685
35b03ab66c19ba2049ddb9a4,875116964.7460103
90470cdcdd2b813b39f28ab3,809548269.2077187
ba187eee3858263fa664812a,263272319.27286124
c06a1d212fed896b6ee4e1c5,731206464.5984266
8a8c8f5aa68c4e530d62776d,232686063.93897796
662a221bbbd961c285069c49,657874784.9927814
ee796b35e39c7beb6aee2b49,1007825730.3888384
53de17a986d62a44d7897200,546577899.453728
68925fb9f8f0c84fa0ffa9fb,929465796.7977953
6a6d4f8251ff961609019ddf,756632139.2797308
3477646f548971044f8f0494,271763647.4287671
c82434222f4129168fa82e5b,844253202.1065695
4c00508300f40d74c79f2596,674222839.8313487
27bebaf73dff207d7f6829e2,817045424.7273145
d0ba7b90f6ba3392a165b46a,1075637212.9496684
61974f593c799e5d5090c067,276518470.6009312
c08b016afc6a07105d7703a2,642599255.1385067
011c2017b63235bf0ed3f241,648107156.627244
7f73a8e83d41ea252ad61197,844406874.4087307
0c25a552c34e114a1780739a,361770456.07816744
21e96ca8dbe2f12b55723335,811649139.3272991
30f6404e8034dbd513aa8a30,298365890.13659525
f2fce80439462bb9231d7fba,708909483.0937896
40d5384e2e8f8fef2032928a,753717811.7613102
95f17e64d2222c904a7d42cc,959504424.6716768
59374f70d5e7da97e3b8b35f,635404524.0996984
ba30cf03fbfb0e36e5d415bf,918354941.1176592
c2424b4861f2ef50f8876c0c,766477445.9425182
e7def7d0999433ad6d3ea412,1090872558.6028314
7f1a4e79fa92196101baa7eb,912509923.8798918
37e0fe114a3c7406daa57443,869366526.7058238
897c0578bdc8d59843bcbe38,465083983.6958159
7e554b821e6955ab259a25f3,746687374.5550041
23b0d67dc2a0ae6e5ebc9eee,724159683.7954524
d43f045d046fbc8f5ecf465e,938689891.259056
498d632cf0868a8e641cecb2,452603271.6756144
6b9bba3c6afa1f999a9429bd,561516046.5693165
12db154d9d29cafa574ad387,646161333.8710294
61779f1bec05260cf10a0d2b,938689891.259056
986defbe9082519824ebc882,960041137.5987439
f72992cff50931d2e19b3ccd,723712568.8498946
0e2d6e5882fd3b4eeb9ef286,706260983.3656232
9702737c9e4ecb12d0f9ea5c,864987812.179809
c36cf907ee28017eb1b40674,459389374.071415
a7ad9c8b5bae531abf68f8d0,723712568.8498946
6f3dd53b0935c9593a301bdc,402258033.84220386
11f8f836e5626605ee4b41c6,944154324.3601624
16fe92ffdb7e1aeefcde80f4,762769314.4524953
c1eace64bd2c9f6bea289c4b,789375692.1815263
fc2ac43013ba8ab17da28041,915842880.1096939
5e6b54654c98c2517c2e31d7,959250515.9867938
f0e8b39d2e4644dade9d8954,839606757.8771077
22796587bee45b8f64ee6e44,761756166.8281627
dc8c76f5b3977f90839918b0,779137742.9120008
27663c0e271e26dfdbf4d289,675590676.1554837
2fc96ec5fb2c8dec0a5b09ab,959250515.9867938
49d42ab711abd95fb5947c0d,923970732.0495526
b8984fe54819f5fcc43860fd,316527528.82837224
8d3f4ec0c37443eb3f953584,945640228.6961223
001dbdd202e9908ee42713a8,839142812.6151587
fc5f41aad1b4bdcbd8298037,864658039.0561181
34926bd7f9880e277e75a447,922456506.2578309
00eb120ba4410ed8efa24a8e,772054262.3032339
eb0c6a8231b38b2a1e1f789a,912641539.3695624
0f059b39ca45bbbcb996fa45,609972978.1990696
06a5364639452a9d663a2dbc,764672011.1685091
cd19dcd4aff76caaa1cffe54,366582989.785697
7272c3521b7083038ff0a690,639010826.5364869
a480b654e1b8b7134091e613,1033782014.5044094
ba24834c9fb0e87c4ea7d1a0,888814722.3202344
ac46e3eb688cb1cb17da2545,711773118.8354163
3053732169b2260529f90133,873522463.0324525
ab0c047373b5d1810fe42bd9,719347884.3405585
698383c101fb784f8e1b1ee6,745510847.2920425
1b09c89b546d0058cb09c1a9,1024139712.2445081
64edef308b6a9805f0846cbc,923206493.7951435
995a5799d9a1a7e4dfe4fe34,941195444.1336646
d4f1fcd4c20dec55e977720a,864923206.8664134
21264b5a73fd27b85a4e2654,609716827.4054561
d464858ed94a1a74948f479a,733065454.2906322
dc420bf2dd1759b7f281cfa6,953135534.6240754
0a268e25a5f3a0bfd8898a40,204808666.5099105
a3460f00d48816ef66e3acc3,865268732.7238209
9559637fc2bdf96defd2438d,717401644.3829346
421db6a58670e53f563eb9ad,645330018.2355224
7b6322fd5810990820167a23,729126436.5251753
17fbebdfe6bc0618ecdd247c,912930286.9915473
00f2621035b1969d53f03fca,921035332.2154202
e97c998a6a0709605432ccb1,636281725.9473584
39e306be57a992bcc75e089a,480171427.7904065
55d0225b44a81e82eea3efcf,922924590.149155
c7c5ee499c712082931032a4,929193677.6398615
f15f48d4cf4f85a3cd68dfa3,962861553.256104
01db5867a69f8ea7849d69e8,970774812.3184005
7c29fc3861c9f074e3a89449,806665222.9759573
5ae2fec22f535ec2490174c5,389650238.60286105
a6731fb85da65ce14468341e,639600469.3903288
4e327acca2e033c3fb305c5d,782463816.5351108
37b8e8a194e4f2fed7ddcd96,617219683.0122916
a8dc954142c54e570bccdca5,686293741.3283204
b427d767b071c3e5ac2a078c,553606463.189694
a9407f510e67bdb27ad59b46,868767007.3430917
ba7120c89c8de0e57e30646d,568620635.1443251
4f5bc448658287ffb3d49b75,686144832.1575642
758d9f47824eb74d1b486024,906809427.453349
84fb7e582456d7409f27cd2a,922740982.1320122
0a6ade3bea1768aab76680ed,635887095.8209149
f6e74a4b1e026352e5759b2e,772602213.8863926
639b98d0798b5670e7bb2569,648010025.0067703
32ecec7d5c47d02969368779,854841648.3346912
cac82fdc4d960947bbc590c8,877523592.6145542
c2b880a6bc90cdef9dac52ca,914199692.1504883
dd8eff6162c32ecbc6972509,816885930.514278
6e2f79cf68ac0ba2b1a6b0c4,995339946.5131589
a904fab9fa4f41a11f673fd9,880018657.261881
bf11c5dfcb321e020601e9ba,970663973.2185347
488cdcddd0938ad0205ab8f0,914487832.6990254
b92929668e884453d3a0d633,543848215.9357672
09eeb116cb0944a28742d282,929211782.8778217
c16e9d9444f85bdfade710a0,674020307.2183576
c15cecbbe717e72f09a84271,644453788.5275632
0bbd23df46a4ea4e4734b680,820567559.3472003
de28e62bd01870dfceb5d78b,407573284.78405696
92c4faf0ba1fbac44db6d1c8,395367443.4920997
91892eac5e9565b12b2a99f7,427833370.8816293
ba72421716765ef6aad9b4cd,1135211155.6707494
a99df3a2cd4f2346c6e903dc,401519798.5855641
59a3b1a44c35ed4936cf7843,885129488.0065899
cd74b689350ef612ddf1b96a,686657484.6637673
5664cfe452394ff9376bcc8b,719513174.1441475
d4c6dda51fa949743a46e835,841923253.8441942
b7f47484bbd8113c62cc8c1f,377225188.4986924
d4dfddb6564c9f46b26e7aab,350692046.7635476
aab240140aa4b6602234d88e,302918395.09305215
29671ce02e285f69afeb3fc2,929837287.6295795
5cd742ea274b4a8832114080,713180625.5108638
c876ed979c9127674000b740,831059076.6229049
45269f56121b796d0392e2da,809691970.8003623
e981d4fb3a33f372ac26901d,867995196.9249529
2f13a428281ffc425f2c2e38,906909308.5584165
407e4196114b64578beac143,698208142.0279882
342027b17940a0cc5cdbf8d9,922398245.7146746
dad2bbb0fe138e426000a33e,745732442.7068576
e77da26aa7ecdab5505fab60,950274191.2077174
8fddeb4ca696706f6cbe573b,781995105.3618659
fe368a7d2e09fe88b1b972e4,694229528.780739
6fcea2c6b9e39576e10581ea,826016648.04086
91d35b9421c4982b54dd520a,860245052.1307237
eecc82010ce9803ebea6dc75,760846449.8706076
b957548768ef014088a61b5a,717086115.9574213
5790e4cf8102dba35e184ca1,821289863.6457169
cbab68c32d78424452249d9d,1042360124.8415734
4e0b293ec3d5eda7d9fcf8b6,965952796.4761758
1f8742e662666147955c9872,754910175.4081929
aad38b9f22ccf36b0fba4e7c,716312007.7346315
44e9224b9735235fc7271672,573984660.9714788
b61e9e4f3a2e894932b58ed6,379404099.4883219
2b36d2ed79caaccd687f2ab0,401580583.77839154
7bdd64032a4f011bd4fe7df6,809599390.889523
0890a0d20f33b9af2bfe488b,697278366.1625679
ea7c9e327eab66ca286f6726,920818769.6387872
98510008e150296ca9d27d0f,757142144.8145639
41abd8a2cbca609cf868f227,982665536.4649382
83196bef0e5dc6c981bc57a9,950207966.1413248
20289e986c1959f0c83a6a4b,711654855.4760036
fb39ca089d05381b3a7ba847,973917166.0110426
d2da963bf6c2f6fe724be23c,888948753.5968996
670f7dfbe2eba87e55176257,684781529.0099773
469b33a6f153ec334b6123d7,291924604.1588949
c38ce4f3763795c61efee6f3,508253355.0530807
8553a05c2b30be81c64a6295,849716958.9399357
d8b3a1d0cffc913ebd05b931,821225273.7751546
f0fb8232343d235741a20586,915827197.2171249
887d749eeaaae288b2818b86,631045291.0397403
126f4d890004b8035a7de091,926829563.5359335
7d157359b413e107f5f9cfd6,852709941.4104413
65010e340fa495d060e32f7d,539969675.0356755
8164023f628f550f322aad61,743502860.0457929
8c2423c14aefa13d255fa77b,907916598.17063725
e9772a54bc6638c723dcebdc,727594210.9450911
171149ef76fe0a2074c5bf69,890913741.3083755
96448fa0eb077563a2d168ca,475224963.6766811
3bf1bea2a835d7fd11e47ce8,886721895.6532531
2f4b0b1b81c792f43f4ccd5c,886721895.6532531
086540702ba0876c0c05c5d5,980890043.6184978
57d17db2cc5ce1aa889f1f50,944289576.3659503
3b6cedd9966332f0722208cf,470996512.81931716
351a3e1b62cd51d46913a8eb,928317203.8510374
33b702ced6de5f7ab8b29e7a,599908043.3225683
e0e6852c6d6393d6d3719131,1045247842.1494364
bf5e687721e030639ec81416,806157801.182616
314479aa7b73ef6ef44e1c89,841296820.0459273
822896f609e7761b58e7f6e7,777082005.8087566
5b6f21752f3744ec6e529d74,885356334.182549
5d91dd63b6aef851e0c78389,897170958.7375039
0a369278a1ef6f5e9d79e2e3,808432226.9613557
7523e95fc2afaf31bcf30979,721522478.9743599
cb9de5719b978a78c71db699,1007139852.6222466
af8c90983a23ee15c72b8e22,951467594.1793667
e35d8f589e6b1909f5e4132b,884037251.5430654
ecaa5e38ff6cddc14942eb7a,886407653.3341508
d2eeec3fb1ee4d686758534e,1013744427.4076965
e97d03ef9638c8e1d270ed2a,945036951.2342091
cbd78f55af1db4d89b53b496,855639981.0240818
1b2fa2ee5927660313569617,829155771.9432456
f7f00e13da4910d724aba4f6,678597628.1338519
9a6b77dc2c414f0baa11effc,780606989.6990522
bd4d0b8799fa5999c5d2ee3c,915986861.2602714
bd6b68abb113370c35786557,1255995635.2028265
4da8ef54252a92d9cc62c174,1012389241.2608137
38d6c2a9beac610279bc110f,328708625.6693473
32e6518755191bef743b28f6,570778585.8507686
4fd8d01a5c3abb90ad70cbe6,689237403.0219961
5d9f8f380a6434096a0cd906,308410798.37207156
724c854b1a991f060701d005,390037078.2749954
1bd78ecec17b584e827dd0f9,613677093.6952654
7e6f68184d84e09cc9ebc09f,777984817.942333
c0174ef555bfdd648acf4346,653967771.4114721
6463505a740324c7aa869d79,672221507.3067275
f239b7fe0de40d208c01c45d,920058603.7921523
bd98add659faedc1820f96a0,543434026.7454939
ad662354d28a9b2d65f537f7,982418142.54099
8e8852450fd5556f748c98cf,1018084976.7171023
8fd5b95f5808b4676043de35,715588392.749422
73a23c9d154fec88d396d2a8,969823838.1935942
374ca1a16b8eba42b35374ac,722043959.4063587
ff058f978e97c389e7a31f6b,679995061.1473483
9d7f2c004fd359136a662c9c,758075224.9284104
2cc0129b386acf9cdfa4eeb3,697850880.8266953
c139bf6b72a93a73155e1f5b,410389975.8955837
0c017cf9740cb67d530267d0,734011741.3558143
44ff213b9cfb3604b7e4b66f,736558326.9043576
a09c957598e6cde56cdba03c,770727718.9291245
c846d5698bb295697186555d,897139219.9103214
a84cafc064a35cc0ad698009,1016879658.5424907
ecda0d714f52da919223a520,705094476.4322044
b9398d6bec5cc44fa39b8bdc,854991410.0715563
79d230806fbfe96368b83dbf,1097635177.4970005
a28b1d82d3f7dbf8746d5742,914780705.7657892
a6555836840c7dd496ba9094,718271330.5325106
83ce7c2d2823f888f2e06ea8,918368451.162952
631f4c509de8dd64f1c400db,894213753.7747477
2afd31619c21dc537e4797ca,1026577393.8220738
0be57099d9c3ad8a16984861,777704047.0025728
ff29f12bbd7ac4b860909966,1156143792.6293597
d955edf16ddb9d3f59501a9f,854666418.8374281
96298da2f44ca873f345867b,664802781.6314417
e6396355c1249c6290906b78,860115779.4491707
39f9f736d802b166ed688224,986544596.520776
38a0fcb41f0dbe8b0ef7af8f,741754438.7941902
79b955adf84fb2c52381921a,782650324.8943533
e335b8464a61ea0781f7928d,925501147.9212599
71a929d79a6cccbce6ac5d79,974933249.9716836
41454361857cf70c44e1f5ac,685951969.3050644
a16ca6293e2ee2969f3334c5,1009992746.2105902
4083248d3d2f2bbf9589b971,722249372.7974764
de630da5e1c9e27bfd94efcb,875016968.6473665
f2a4f5010f3da37e27505ece,764581159.414622
53647abd1d1b10c9226eac73,750173000.8055311
e51873d6421addab3b539dd4,681939726.5809919
be8fbefb8e06fe169237d4bd,985133571.3461527
257c889187ad5de900a430c9,649469668.0608068
3198c4acc62c1a2276bf15de,717231303.54719
b22350d505b87dffaae3a5e2,784194693.1054192
49ad389014995f0187edf726,701518540.5739436
025d96090a8e5bd6f786e9b6,786568029.3426142
4a7156189e1f06b0fe87a7fc,888813119.3247452
e91425bd357561183b935d27,887523751.0910567
c9d996f458794961d9957c1d,887431137.6937795
084de965e32a2a65bd3aff5f,887431137.6937795
880bd21afee7038459b5847e,787529240.743521
2dba091723891d8907905a74,900863377.15527
a39f9fd2f143b8ce1f7e1277,883891877.6310915
37050aba3553f3869d59f809,633152059.256775
35a39cf33d16f8f5ff75fd6c,883350959.1370432
7c463a59e7d2f2b4bbd07e12,882302810.5915776
035d955df5a765531d1d0d07,940332813.7151984
be706475abdfd64aabfe45fb,886708001.3278718
bf41b26c090dbf0a19252e43,704254612.7618762
21aa860fd839233ed8b82653,829161364.105804
b870c8bd8f95426a7e1f9c88,888297518.9586496
c5a5676bdb1698f8c38cdcd5,821727501.1044705
3487768de3a13b7ee3df0254,798809051.1998863
dda7a886135a1fd8106d04b8,739299310.1293935
ee102e9d0791ee82ee4da2e8,617599742.1409959
1d4891dc27e0050efcc6c403,674973826.1227397
dc1fa8fcd0ffb8872d434dbf,368322232.1165599
2a5f727304ad67d1cd269361,1015545073.5469066
2b10af4fcbef695b327b7d0b,753693451.5727924
516881e914708f6ea6062ad1,1010301827.787052
5a428139d5ce6bbd9505945c,962881745.4875925
38dbf1b9c5963e9c3d008340,995236260.3998612
02c6e8c7f36a2c68851600c6,625051495.7664713
d2684e676cae87d75dea5ea0,652432099.6093543
027947dd01dc991ffefc5082,919607663.2916002
0af13e27cfe9b8f237a9949c,568481447.2990315
32421841f7eeda76160d7959,714146206.1592596
96ad0e75433cc18f20ed83f5,788976395.7219906
b387b5eebf501a620f352504,891236237.5074381
8ed95f9bf057114664ea441c,721281001.933622
114318a8e5822ece53ad897c,394653453.48345673
3bdd7be0b5e18d266189d991,639765648.7540787
0d2c4bbd8a4dbeb6337b5c14,450172359.21089834
a98637742a212e332cb5d1f0,429202892.7729219
acbec9114912932b9cbaf0a3,570508333.7385027
fd81506b0a00fab1ff680b64,705346602.5256407
49e531941384af389b0aff59,659243121.6896062
8f221efe392ba42b519e5f57,891490112.1265348
1f33395df1e4f6a185c507cb,791595648.2962079
fa823373d2e7fc9443ebb6ff,988631968.6369772
0a6966f19bc2c303886ca82c,932795267.8718139
15d9a0353ad54798ef95e0d3,911562779.8304462
0d95d756b838d3a319277424,558671861.5745612
d644b23e4bce0e6e50ab9356,1072802777.5810047
6dbc77ad8c5c1e39f72cd2f6,811092554.0595698
2fb5206d246ee7ab22fb8143,1007795120.2084081
f1582fc47e7b8c0eb0cc9949,781298356.274664
8d7dd9de4e919fec5916862e,828857487.3240564
0b67da6d74bb3998c80893f4,668665449.8670601
736d25efc9e570379d32c089,819691156.7577821
4615a8a7af9d7cefc7fe4c4a,985087657.9852468
8b753628bd37b9759dad06ea,695313520.751554
5c7c83526b72ced12a08e573,882076354.7920176
9baa578a930a94f761119fdb,537760193.9511434
8fe1a07cbe9b8f3498cf74b0,611794206.0823665
67a7cfe6e95aa5200c064717,578738562.8263555
b7e3b0c90c0d3bfe5befec54,631665669.6060623
e6a547b2c0d126c9b6800515,766259396.6879703
b08f88ef973c9d1c3a86695d,1001659201.9000361
5933c18b8cb17cc6e4ae91cf,996600165.284965
64a24372d58a2cf535c3aac0,747460678.4858195
e6f9288cdadc5851d29fabff,962768597.3021532
71ba2f992908a5f91f832406,693803655.9940231
3af4b54bb5ee5fcff80f1e53,680900359.7995579
40d3f1f00de86e74e0304bd1,680666685.2091181
3b758c26283c2f11251bfb89,891824627.0500897
70cb6337c8c3f5225fa80026,1035631021.6375496
0dd510aaba8036e8fd9d667a,787520218.6027213
ef6ac2a5102d7be910a3e4c8,773060713.3172609
24c32572ca6161a603a7d0d0,874528809.0314888
c7be09a810b9e54d2dfba4b2,852814679.8828444
01a5a230e8a808d844e64397,910175249.6771299
5ade8e9c79288d511ce1fd79,657114956.5986993
7cf50019422bc9569a985736,734492517.460387
d4716e228067a7bb0f30aa30,752639638.0038776
cb79e02041eddcfa9225346a,711071998.6143346
b059afb753452ba358fb432e,994815581.9233108
fd9f78fb2d2f4d01e462bcea,721492338.4746362
6337f924f515625e7fa638a4,823633455.484358
3adcc2c662c8c7c9db5f0982,817122716.1713254
6b7aff233052b9bcb6b9448a,939215789.8846471
cc51811e23409f4d77995768,766084642.0487783
e3cd7b6dc0495d5109086407,671979207.2480824
e63f468e1d9f86530d47ba4c,748517323.9709821
8bad8a7faae115ac9007b13a,758257543.53358
d563312854016e9115d034aa,658533144.4671223
57c7684f8cd8d78909711b53,319488554.01171875
76b8190137ba3daa55db33a6,793465245.8916613
2bcc6a15181273b2fad05e3b,732773510.8226825
b998aeafe2cc93bbd96dd9fd,320607652.62740606
eb77734d12df7528af57c674,282989099.5149974
e8df85384a1f51c31015ba08,1053226768.5197173
b0a03d567e287bf4cbd7bec3,735644184.0607215
dc8bc7cb687a3a42b7e7d5fb,1052843788.5462329
147de03212e554abbf3fc3b7,958553686.316257
c09b8c236316b87a92a620b2,431121543.7371661
f5006b435fc92111d55c0603,259893276.76256013
ed70b749e030cc8715c0eba5,762449647.1755459
2a9bbd878f3f45745d76f059,666443137.0951973
503f33d11f75b6b5102ba4ad,673624039.3402544
41479709513815cf5fc1eac9,780609106.3023129
0181972aeb6bf451012a47c6,687209333.300196
0b35c4a3f20cc0eb751acbac,557685886.2217646
e5de98822287c2caf8b209da,800632901.0238734
f3d82ce1c6fac06e4997f7ba,767311355.3891597
8e17d7d78e7acffdcb04d982,576862634.959946
f1e7a0c7804083963b5b6de6,623149122.9879543
918dbe66979d16b147bd3322,989779272.6606163
35dedbaace193598c9c438a7,700737067.4548937
e67fa931031bed13c711ad00,718678921.0415033
eb2bbf82cb615e3227305b55,592677121.0579385
e8d83f7dcb876d5d05ae3e98,815773313.8967158
2be93bf5132bb788bf045c28,956396880.3225136
ac2b1b560e8bc4fa1deb6f87,929062845.5345187
674ea6932fa9e6b7581479dc,254039938.85700333
4893b21db2d6aa4417e1cd1d,842753913.5596461
2dbef742d0c59d21ad7392e3,656414485.5531995
fc16776abc877decb82a5954,807361123.1790854
6f84d405f419590075610c5e,779036694.3926945
52cec2691ff635031fce9507,357092996.3282789
830b1a2d33f7754b9acfdd82,797846872.7166631
fa908c8dd43fcbe9f721c0d5,943076389.5272567
90c3b93badfe7231410e95bf,995707139.526324
60a495b86d6eff1e345ecb06,398746205.5100701
0468cf58f40372acb9d5fefa,703208068.3815274
c523380518164e1e317cf1b8,571671713.1433322
142cf530f13cbccc3cc9d0a6,817353979.8193278
e0432ecc0c1fb2b00b5435af,502814371.32450324
3af3a702988bfa0599727982,851818595.3842065
99fad8a7877c57c0af05b318,524555170.12712973
b57250de388b7172a39dae8f,1010877340.7435445
42fa0158217c9cb820f2a06b,665957600.870476
8fd452d3f5f1dbb3b65f5274,1048743825.0502677
27881ecd655786b093349ab0,1002182817.316855
38029a1aa22c0a5beb065edb,965668669.8214014
6750be41e08a725705256b0c,888237542.1596521
90bf218565cd67ed83240033,952192315.2392305
c6a089a9bb326c22e3f3aaa7,767747067.5677851
ede08c77d6090e0900654eff,844707714.0928262
2f7784465c1c69c8f786a0a9,1011179781.107663
5943151d9a76010179f6c297,1014538223.0251793
82a3742862a06803242b703d,814435387.2986053
b815204eed4398e600b366ad,1071145637.1706729
11c4dba68fb47eb9c49df169,445516353.9259479
4ae7dd50c6b743bd47340f20,899804140.7489822
d81a040e22d541a74122f3c3,276160136.4768854
34c84d0a410920c303ba69f8,762720674.025431
6b0828221f9cdf5cf39e7c15,241513540.28882357
c50d5b4e75f165eeeb2eba97,515109997.36985284
572488a9a75f64434dca5dc5,495471554.00579613
0e67ae9abf1e2b2f66a91a28,657654339.2239841
cb00154afcad81df60ee58f6,923049488.865113
75801c34fb510d824a7d8366,707386077.857207
98f2d7810641693c44096ada,983845305.9358782
1fb4c88bbf995f77f2f29b7e,703670988.0693806
0abc98f7ea1e477c6fe3425c,839520872.2621
b3401023d3097815687d1160,700921653.9878337
f1ef14babbc4123c5157eb9e,842545818.3648899
ecf47573fe1ff641f6914d0a,875823830.7078462
0ddd21dcfe89f72e2246ed79,708865274.2736081
402f18888d480f5af146daab,702275754.5568675
61b3bd442f6fc8838e2f45af,853108949.8987477
c4eccc400db2dc9627c9879f,910108394.2650877
ab38b4fae64ab90a55b5a403,860047487.179428
7f4cdc01f9086bcee46d1d6c,895133567.2198939
1be9d865ac8d01f0378bc148,788717197.4879174
f2f43244cda8e2f5219f3db8,404933887.03842497
89ca905d858c7731313c82e1,675007819.2938145
5bbd0476c27c53e2bcaf9462,761173309.9664937
7e177acdec9c0fe684d8fe44,823638186.5495529
b764bb8ae8ba0d736bf54f5a,392953144.37138623
75f6d6beb64d846d965fa9ef,839023901.0154386
b5293710d0cd75f95de001f6,318651992.28870744
8b8ec04a78d3826b2c8a5754,771299954.3564055
e35579e8b9b24dcccf93abba,976806927.2724285
db5e320f51680100f1ec06f9,544034741.4430504
59be3c447844f31267366cbe,441946807.43921816
0f3b424c398a8e8b53162c37,892632184.6374149
57f4a3f6fe2e41ad97116002,776890527.0729728
1c6038b67a40f0749a72e6cd,642470504.0304755
e5da0e3919341762d5beed25,804415355.1601223
40efc0dc313284d3b57492f9,554977611.0509964
601da8fc375ba0b3df3b38bc,1095971793.9596617
61a12496ac1e6f39c5ac5d3b,913449568.5605911
8635edb61b1dda6f4742cac7,887159429.9700341
ce12b48120daa5704a4c81e2,401526706.7183895
acf4d60dad7953065b59ced3,926116328.2621928
56e3e7d822e13838ab9f85b0,706282080.8620694
7ea2c18341f69f21b523906c,695454414.6269791
dd2396a42097b2e8bce52a72,987795150.9782832
41f99600339a7afc8e386e6e,944596508.0926859
b2d160f54ce5f98f46818e4d,1001155112.6758056
00dd36caffef00fcde85b235,1076561573.6800346
471bd64a0576aa67f494eb98,831427998.3279084
79e307acac5f42f2696b0436,738057360.0994087
e65a4eec62e2a5bbfaad5565,840633400.5893031
4845ca0d30483b36bfa55061,876922382.0760263
6784e116d96e03911e2a07f7,735387559.4285988
4184fd9a546823ff1fea0b74,981976024.5181473
616a5485bc7721ecfcc21c70,306892204.86962485
6ff3186df9d15b65dae5bd17,306892204.86962485
886706f32695891af743f986,865159134.1554843
daeb02020f23715e663b4a38,897839922.0365591
93fa1c8ebb75b77dea76ab99,886025297.4816042
ab25a6737b3ee0c4e9cf4ae6,408615685.04620916
c5641447732d3d1269965ffb,672821407.1147231
86b290218a62d0c51b099a08,919697405.6173098
d7b82133acf54bd3eac338c1,876023347.1298957
10fbecd8de540f1fe4c57b7d,302368522.9117009
137baf1609138c6ca2715c7c,271263843.20067203
f5534949a53bef05de31b07e,797642844.4512701
466d4240af2cfd09a31cf3ff,900508545.0795256
7478693f3e7e8963e95be8bb,576867141.2741957
6e537e91af0de67558bc1ee2,630001999.9687915
f5b0b51ed49be034c290efd2,887670486.9254427
a4885ce6808ffdb878c41f97,641404109.3998809
a14506a4800c27223fc34728,802405833.0186666
e8e97b7919856f9cbb9ad02f,1091819923.0601542
e16685dae2bd3b0a4803ec9a,791410487.1019903
044b8431b186eb022cf6fc24,459304603.2126915
60de8c37c9eb96efc432451e,939279035.5833459
59b88e154c07bb7c0ddb4e8f,889747960.3531746
71590ac868415f3a185dc15c,974015194.6570361
6388b4cfd09e2b1219268cb2,813441960.9349312
f865cd15368fefd8c9d6aabf,739759973.7994887
ffd916080b1019827491de0b,1006994138.4068294
6b8ce573bc2ee68ace26a67f,897839922.0365591
7ce704ef5752dd496a61d857,886025297.4816042
6b1a1afa055c15908a855e9e,741897820.3319601
2a9338f62c99dbad25aec5d3,918605800.637003
c2282da3ece2dca6e8a3bca5,929097377.6193721
5e6324cfe41c3676c7d0a5da,910817015.7704221
f1a4afc2e543ce4260f1d781,730503632.7065703
5d17daf3e98cf433267d978f,758664254.1108696
d5f41dd3258aa346367d7725,782904810.8124701
da35c757f211ecaab20aeb3d,410582084.2321007
8d9cd237c737f6e62092a08e,982679021.2124071
9dd98816533e4ca8516a5474,878032879.2659969
27d14f352b2983177e836e3c,984261075.7172205
3dd4fa53bc59e5852f9fee98,886665286.4654905
3ca74495aa9adbd533ccfb96,998136240.3077805
dc93d8ca60d60a118f61390b,632196068.9551902
dd7b4c374bbbcc60bb090fe8,908279595.7244604
f925a05397ca6163230f7ad1,732617110.6460427
66a59937c54eff29ab14b474,920331523.8574765
077db8e0877b924d1b57ab1e,302934799.53879637
aebc3c6079c1a80f8b2f1c7d,898395743.4391189
ae41a566826a10d5a6768d36,1025274277.6487087
489fca3e6dc044412d00cca1,672124096.4264814
fc2f58cc289d29fffe8a5fe0,842014274.2569835
59519bb6d5d299ee0b767224,753984298.6356287
19921a97a52bed6c6b8f4135,696466104.17548
ae08b7f31e69fd930ef4c832,793820391.9600384
1b67fbd144a4a3ef40bd9824,890025859.829205
9e142165bbde850d4379a49d,928031505.3133932
d3e971e2e224a20530ee295c,783540127.3826188
a672cd6c8c284e14913222d8,713180625.5108638
93086ab3e32aa9599708382a,841281677.4500728
63773145b1a896df26504b0d,674208570.6815803
17707d66753c1eb0aca28926,669575795.3686376
6a2d4d9a257fdfb2ead837a1,707068336.077787
f9158cf51f5e9f644349a774,563103055.8405722
c09c39339b5bbd48f349a430,901992123.7868304
d470d84f5d8299c52fa24499,651374491.4304638
9d028997ff036c154c3fda0b,901338788.9965816
40ce7321869b706210eda9da,714858852.932284
3fc826461ec4648e4f7877da,901033424.1770416
0e7dbec40eab1b3e5c6bc665,1003271087.7354777
81b3256980dd7d7f49030c78,965133487.2457298
fed2e1459e9ccc06943a05d1,1011169278.923434
c535169307e21e5df7ec88e6,883443543.719133
d78d84e4e42f145e02e423c9,837495830.7185173
3e523ee3a6c2d89436539792,837495830.7185173
5f2df52db15d2e0ebd327a36,614777400.9040698
1c1ff56435675288e78c4735,934369868.0913233
ec4226205a38a45d97f35828,1035510846.7217678
3214488a8fa9cf8b3dae877a,761476152.0454047
4a4fe76c58f5735ce6b018aa,1027173498.6424646
ff3696c808d4835d6c7cc9e3,743032405.3687134
1aee9081ac4a04490eb3f0e9,1013367754.0359689
8dd954e7312e6e6a07d6d4db,726897818.4924127
daa52a91f1fee77f75550246,325661484.75008094
a4ad34eb244e48afe23a780d,765600388.9416049
0b4b741487c001323f508d5d,837495830.7185173
cb383b7a746ed55b21a8b245,856421635.4668752
4b092d4d5885cc224f6775e9,247034379.18961212
ba12305002d24055c159ed34,274676495.66335756
bd74d43d99a240ef4190ecfd,800734746.3892361
4957e0b129c5caf47b026c58,772884497.7975813
eb270972f0f69f1671a0a740,813593265.09581
d51d3ef396efd4760c979de4,869763513.2865453
ac65d147ee69785195ef7da1,732629581.683772
53ab42a93b6deb152951f82f,968251130.8706566
5826567e12ee3192785e36f3,882290942.7278415
ab64918f2b2b4646e87297c2,975334669.9023559
88b0d688281db2ef0a782921,945289621.0626315
dcceb6a2073faf9f89f3431d,875081519.5891855
73bf75d5762e3dd30fca7b3a,678754716.2768638
a45ba5d63cd1971de19c25db,794429692.767842
8467eedcf9a48fee0d72d95f,944582484.6303166
6184f12f3a903658f3319290,744924138.7992656
92ab018394a5398b832d0b97,787341904.1040443
e8e215437d023387c4a55515,400257495.86094236
7b8a6949d55b5bb27c3c6839,531228927.30812955
33f1a7739cb556a78af083de,947614819.0882555
39c6bd862f908b7e8088f0dd,970422645.9622124
ae556ff5f318b73d3b29142d,586256884.8070239
e2fed68e0b614e65c05200b7,817777526.3790444
c62a4288a4a0336b1436132e,745000692.1125544
f23b32fa4894b6d59f73c151,871354442.181111
4ac4fbcacef08524ccbf3623,326282692.3607468
5b5bb8156b98eb51a58e73bd,753593806.0778033
53fbed4f9680917f0615ae7e,356540539.3734412
730b528617c2841eea5addaf,965591570.0406231
13d08f7e14471fcf517c204a,442130018.86235696
da273cee807e254fc9aabb9d,909363457.75098
b8f7bd85b61951ce83d7f57b,1031935096.5762849
4954ce465ba712543bdf34fb,706799190.836794
b7483c951d2c19de665f07b6,256554186.61015397
913cdfdd62e35472522d0a6a,751468141.9223276
be28b90a71e2922437f25110,751468141.9223276
b71857f1cc385219f114035c,706799190.836794
a72041a40ca87928c695b2f8,751468141.9223276
65a626faaed9d9e3b172415d,751468141.9223276
229bcf400e309619268dda31,751468141.9223276
367bc4fef78a9800f8616d02,751468141.9223276
dc0ac888f1e87924e3994b4e,751468141.9223276
6996e88c10a94d9ee7d05357,593054124.8089737
cb8fbae1b4141461127c97da,928421222.7288213
d2de34876a7a6914c2dc479e,1018813506.8127589
c666974c4303d43b87714c62,613083163.0877471
e8491a7994738d098a7aede1,1046783755.5826137
9a6440e5318b2de28b180a2a,868282935.6532205
9ebe11eba1a88fcb24fcd141,703843587.7239107
78b0f0bd0494fba0293eb0c3,653656137.0841002
047b0ded64dcae203a3015eb,693235999.3811437
7b95396ef4d0e97de8fb4986,725410225.8361291
08f1c136d5a456c0215ebea4,705422510.5650638
0880b703bf2064f59f2bf20f,1077421467.410159
cfc069bd55e152e40b3a1391,686057693.3479106
0a00771ee714a2f3f96c31a3,805227960.4872792
06acca3d0ef4685dc055ffa5,297690609.8634663
f802b026db4bf9d68cf00b16,290450398.78779846
4aebacb9ecd0a117307c7841,931519080.6087297
81ccb7e0255eee6274f5d930,788893918.136137
cd17bb739ac79f80d6f651a8,772480995.3944113
917829a0aba571cbe794838d,635510601.228133
5b83b73ec31031582aabc527,338999265.18046194
5e18ac352e3f3119f5f9197a,865178175.9151632
b7eb15346797508f47ae094f,743787824.4043517
5ac98c971b9293bc6a8a6aae,895821997.7804656
e196b7cdeab1468d5d4e07c5,934240597.1555268
0ea201bfd515584bbf72f902,977197246.3745426
d2e6ab3b3106f36f2c3fc119,645079775.7923598
59db28ba77489750903261d5,347955170.71310216
b348c76e55613f53c8bbc94b,862845667.066953
a1e38854d6725e9c48c128b1,543704485.9789613
b86c526fed01211fdbb62815,871218778.6286962
1d2b83d973547da8c168f743,670808686.784335
0fe3dbfdf25d4b013b842b51,939180833.5490612
71a20a4daea6d31de942b2ce,1013174802.9261026
35352b370a31d01748616b01,687086141.8342782
27942219389ecffbce2e1d9e,978593535.0560257
62fbacd4e172983a2a998daf,818601650.9467039
00c1165df93a4cfe679f54e2,1031898872.4684591
207f669778ed0db0e619ed40,877333556.1451305
5ca0586ab7d20dce5e9ca8a0,767992699.5335165
cc27435df779f16e6a62b0c2,1092771015.4454935
7a94d3d31471ae313659aeae,933903472.7000078
efebd19fc5a2ab30f2ccedcf,991047535.2689084
8037e40c0c8b20ab6e0d4b78,699040002.0102961
5ae3359bfe2a704de00e8801,904950233.9937698
a5587c93c012375dee920f71,756399493.0984293
ee7f7d547af56773a4b0afaa,817510493.5369391
9ed988dd6739eb7ad7aa5a06,845531653.67454
26c08d7331ae19e1934a22da,675646211.3542103
767024c66d3a88bb18407b6d,803890033.8891687
6afa85ee6594d1c8296f04b2,614308800.5795165
551ca6ad1ecfc7ac21f8ef0d,929968251.6123618
1f79204a8f62c29b0a1b29d5,622605351.2421411
3dc0fa238745fbc31ba88853,194543096.16232696
4bc3f597867c6844e9b47fc9,858436294.1359617
53973c17ea7e89fbee5e6cf4,348943576.59468853
05397b2087e5cf381809f169,862524772.4353684
584990ea9718bb5598495061,554568532.2905023
2e7c6a89d2cf2d835839f5f1,781856137.932407
5c02d79c59fb636ca4cbe86e,745583685.4668983
114436e00c03b44096823522,937927005.3020681
60caee98c3cc8526d16d7f44,633852412.6521883
8207612808b5947f2802d2a6,824891338.3469249
31a73382ae20331521bf2e6f,656294781.843508
c58947cd4f238cfdc0007bf7,994961296.1387281
a7ee02ad2a4fa122799a2dfa,911814342.1418667
c77a63e92b9f727034913d8f,801934892.3141477
56c6bf831d3c6737e3844969,914754062.4637537
73ec6f4da3c277958cd2c228,805168867.6199486
7dcd1916c0485e0b80f9eeb4,803440243.2221084
cafa94c4a56c23ec73ee9071,948917315.4797078
d5ccfaaaa739b2bb2b3d46f7,264635789.41091523
e6d2e862f58445084b2980bb,732866657.5363886
62f96ed5c1e5f28117949a23,445466768.2090471
20d8980a4fa8e094b7a5f00c,445466768.2090471
0172678cb0737e21a317eda4,737199788.2855898
6254ee88812e303bdedb8767,1017074858.1461484
a812ed43db71868625b351bb,814104287.925206
2bd1c70db60a44d4400847ca,921544653.7822233
b057dd8a9c2082d1a78cba88,318622953.5233032
2fb149a70fa14ac05582ae69,918718380.909894
47e282cb12ae01243d713178,690646278.9973723
ae47cf27964393fd56a52d7e,950900009.7077538
21642991a20d6b0d17dea2bb,724217249.274777
43b10ad2660d7552ab6c3b10,799337196.604573
64e5093d6bae57e8b4298123,922131632.1558532
9d8d3e6fb432174770c74e71,632696183.289934
9f2498c12d7b41c213bec0ff,552495381.8677962
6461c0a03ad3ecf2f8112759,755628510.8548565
09b15382686c42fd89b24285,821696654.8388661
da846b08fe2205d2e2a3dc71,357619977.97331095
2a89ac6511416d0920f1b9a2,957976791.2354771
3e9083411c44213130b2ece8,932886963.1166058
0f0df5694eb388d843e1f17c,603883533.6342213
ee6a288e644183bb191a6526,412400957.0741134
8f570610ef199a3ecc49a0a5,648338542.0842603
3115e2391cc3a078b5e6066f,949198667.540031
c7e45098251c687efe670815,609054187.1832702
8a3b7f5a8da339fe19e8f138,895617741.5340365
2f801cf48edb712627196b2c,698160644.8810756
a147a8c29757c5d0c592d347,697466692.5756869
86b0aa633bb16582bab5640f,689358322.9333129
c9620e3e2dce92bf95c57c6d,696045449.6108859
b746e4a5c9d04cf4dbf887da,941328443.9179337
915842a8a03914c08a6607c3,355843433.8344656
e9e6e054c1d09a22b7efa20a,765951356.0755397
4b6fb9b705d80ff350bd620e,458402859.3811666
9a51784f33b0cdfce8312163,714737374.2694716
176c9a90fcbceb91569fa3e2,929269431.4058722
c97e70a767a3661c4869bf86,845221306.4009585
a6bdb6221b88a24c9f8381b0,942233021.9567511
0a1e6a95a0f9598150c121ce,838379342.4104868
37d12acc69d0e3e92420e62d,867064358.0558013
d433ad6c3cdbd707e6839082,821283135.857927
36bec92975612d091a3c78b1,972535091.3319844
3eb97ecf8069775b9104af85,845103004.2826866
9aeed339b2d916cc89f38bc3,641208292.4861693
f404deec9ec16a8460397815,856887576.9574279
8a0114372706f30bf6867a2e,1017986062.4268801
681e772045fbee930fcc9ff3,914875499.8568509
0816f29a68aa35abd5978e7c,736126866.5005788
670fe8f7b8ebe006885b2777,734757871.0239621
d36dd340e5875df6cba999ad,888649648.0129268
8ae869c5033c248f881ac313,977535244.895369
294b04da3eaabadd55da9c20,808079749.0688195
17b360d57782208f5afdfe4b,869736245.8716245
88ed5ebb575d026f8d440c60,297724282.0293837
e611a37562f88ebe07bb28d3,705987415.9044688
e685650979374c571dea2ec1,684833432.408166
10d47d2c73f0ccbc97979bcd,808285081.7353286
fe96a7d758a874b1f0c42145,632334632.9051175
a7634531887e969c9c5469d8,556238916.8352803
42f38b1b2dc077c88a746c1e,633183449.353133
25e832098d9e6e7c2f9afe2c,948275102.420426
b7dc47c641b46ca99fb83a0e,919189253.5788531
0391d158ab104c5cdba31872,939324447.910691
a3c4d0ba7b85b9a6370e131a,926723364.035323
27721beb237824844adbc289,755295624.5549479
6e807e25b64bf0de81f51c12,1032750301.3910693
d2637d64e4022075c8f539e1,757896602.9695036
faedbe92e3296977872a4aeb,966229373.8906007
5bbc190cdc5ff3296801ac0a,1011292022.7328714
9b0abbbbfe0bc85686304ad6,817949266.5158688
f8263893418eb0752dae48f3,358673606.5344295
1e73d6064abab2cccdb6610c,353889743.41836584
c0155096575af5fc8db843cf,199439389.43854028
9c7f7b0ebe440f60d3bd478e,358673606.5344295
25187d9f4cfe89a525ef2493,398981243.7220906
85815a09bde2a30e296f65bf,361022144.9646054
fd45b984efcdb0b434033fd9,797717904.3300564
5dac2d2027b6c81c1b7ee3a4,353889743.41836584
7df538c0c831520e6d36e39f,671420294.697994
14b81320fc31c7a513242171,361362690.609682
8026e480ba395cfe1e09cec6,358673606.5344295
80bbc51dd90d131d091521a0,800281455.0906439
ae6ac510d3e46a50ef24896e,358673606.5344295
06b90d41ad3ce1d0d389fea9,810747971.2122756
8d911c1a195567dae3cad99e,567020137.0226018
2876aa9ef0b44e43084393fa,408772078.04605883
76556774906f9e12b319c232,405475866.65485203
9662cce3c4b92d1c99849899,845531653.67454
de3d078e5d524d8a7b65841c,766428352.8230454
547c8638128424b89d602f50,983355289.1205978
c8a3dc3654c53cf66953de0e,729536817.9507569
21c8b93e50ac884e63514f10,864933064.0609623
49a0715897795017ee0de843,783714246.3452002
5d646ababb10f51c141e0d8a,665328904.5242518
da598f8a82b1ad1b02961cd1,988669436.2707871
84d8f7109615519f2ab0a48c,806918131.8818655
0d027b81f8391d73fe0046aa,1079119126.894105
079bc331430e94ee76f8097e,875195652.6207185
61055e6eb1910507640ce6b4,922913390.4412693
3f6effb8881ea683838437be,806458578.8443063
92c8d6ee8496b91821d7ba3e,764670487.4393369
78a08f21f7d7c51ff4d5b8ac,937173126.1087584
f7ee7282cb9edc77740f392b,925758608.557658
694b0a500f1619c4ac4c85fb,703951453.1072617
13d43933e04c3c7a9e5071cd,734947045.8820788
5abb555cb9d65db8e6c28201,796792092.2128725
ee8103b958673c589b9cb27b,821481477.4892174
5b3a467a3b0feb8ed81be1b7,879583280.5932713
e570a5157e02d440a78ca008,797424102.3353026
70298b5e8fbd66aee975ff14,787567857.4052941
2b552d7b1a1488dfd618b120,119937882.60089442
f4ea9c80fe71a1bd0b692475,729036709.8429483
e6a9d5c9a82ba73e76817a81,761374398.9100595
9b58b5c993540ec3ab1e4a0c,851270978.0338571
00858277a3cf4f31b8e3f738,712471414.2343034
d937ac866f671e4a0c090879,916603545.3298917
7d02b3479cb2d89d55bd4fe7,967072477.5494454
bf79649b531e876c5f03883b,762012836.0394698
66a2ec5aac8969b2be538c1c,967072477.5494454
7637c251618135e082a9e2b8,777818064.598148
e8c9070ca596f88bc2e0868a,703632344.2080001
64adcb2941e9553ee394caee,605509404.3572541
0bc8475715e42b752649b4e6,858410136.9124995
956ad3b1dcbe8f236efe2d2b,602799780.0995263
dc81900a751b64dedcb4ac39,891795202.7596105
02e52d3895522d9be85c4544,690499501.8186117
49d6752dd196e7dd583baf44,541597212.5020905
8364aa431b2e267e41efabc2,1002537714.2768737
1b59d33f9000d2e1aad46239,370911636.2696649
74a791baebeffcb7e7b917d0,735411379.0762602
0a3911a1a9284f2ff81689e6,800753581.5428584
6276bb8ceb13d174b8e405f0,566964422.8453496
d573d2caf8c67aa32bbe592b,343478739.68182796
57cafce17dc4de3bf8a9ba90,1011075198.6406289
1dc9e5c684c831b204d21585,967195970.3702966
48df432642971a97d3d4bd45,611489203.5032972
4902ccbe8456d3f0a29e5059,469034494.17996556
3a810dc80d3a63f8cf106717,1048021342.8768797
c9859204696f3440cdb541c3,882371956.7859194
349fa9cfa15d8f8bdcbe863a,923648560.8392019
d0bdb51c8020a37fe8344650,1031606737.9831697
7b037e6e5d110999e51b79c9,827983474.2476091
f677c51266f5ada9e23f20eb,353957456.48731136
1b85d69a0f8ce1d6ac4d4475,810391443.9359256
4570a3ca0571c70657b4a1c6,1045737174.1234218
de32ca7785b71dbcc76a50a1,916235847.0060303
4e3cce6b581e74879c2dbc4f,619459531.8073794
09c4d4b5d1c0118d877d5734,946721121.0064671
b9809baae395914981a9296f,1035901844.6754086
fa56058283c975be76d7c990,1042303669.3174299
7b32938ebf0b1b167a3d2d20,996255201.7386307
bb38c1c17612ce593e5ae7bd,285227168.2384154
bf0485c2e267d06b9b1d90c6,907467755.1112835
0357d0ee6e0646113ea543cf,902368655.8704044
ddf5182c482fca7d881fcba4,575170493.3428235
47e6a61fd652a3dd37556ddf,964913443.6347618
a9054883a22542257c7e778f,279127418.10394096
d7c70d831e88d552da09ff29,883812069.8115531
d4d138bbc80a0b29ed28a4d6,747353337.4766937
dc9119767bf4f21fcccdcc69,814434663.5778894
e8caed8cd754b0e3d43e6954,1008619770.0221865
033307467830cb865a785e3e,734011742.448228
5498b3e3ca091bb81be87166,758028434.5981647
bcaded180edb36336c2f5b96,1118670125.3602378
ee4377ff95580b93e80ae08c,884377935.7656426
c25e1e289cac1bbbee489122,951292231.4492115
7e41d90a838048eda035fb27,854600008.8373966
f418efb887a15127cf2563b1,388206376.1233761
93b27fa67eae8cdfcb846772,751792150.4404653
6a42271a0b03bf9a856d1acf,852965579.503394
2af9e271765438a47fa7e7a9,480025713.57498944
11429e0923f804d7dc5d27b6,820973240.5781962
c218434cb0b05ebcef935e5b,998510464.3190784
a98e4f4db7afb8a6c9f69400,760264677.7816361
3c35c8993bb937164ae4a880,922537530.4960883
c23a1372c81ba03e6dabb0df,781643472.8851147
cb332695a296899d1c798426,737886866.3954785
2ace3da2fc4e0c022f7a8755,801945151.6897697
14f1bf9aa68aee1ac094097c,791300989.2228129
649a2784beb9b821d36179af,732054895.3611435
6bbb8f89bae38eff88c89c46,395684183.87126136
1905b860a8d463c3048b4e46,749025240.8850969
3ec50faceb434f716d73613c,1011280828.6154615
99543a17b33ab955d03adfef,844096372.3877302
edbafba81b92efa9b1400987,936079852.3244352
9b3846c7abf642e0a6220e7a,826967311.1860301
691c35e98d0d5780aa82aa06,681801142.5067042
395fbdeb9f0c0586a2b20edc,769268837.6348668
4803a3aedb6c20eb194469c1,636895715.1497747
bf95acc88b60a3d531fbd42e,306764315.10094386
b936e36ecacd7cbc3498cee4,893382087.9606423
293c8a0a4a358fe7554a4ae1,802157416.1019669
5a72e2a62121158efe59069d,661455321.954928
605276b332b5e5984b83ea8d,386175811.85796845
d3de7e975a9215d04567e467,417100034.23304135
44b623f7fca1a306560172ac,735336432.2865824
9a6a8802cbf3549870c55031,335080052.62638956
f43c684b789900c58c8b5fd4,417100034.23304135
dd7ec9d7dfad5364dd303f49,738611758.4830682
506f2b1ff3e4e7e43a5596f2,904494305.2237428
090d371309090bf83b6fe0f1,766164238.4946091
886be9a1881866ab1f300533,346051892.6655502
ef34f331871e8ca6573981e1,364305628.5608054
53bbf1d3345eabc2a8b7f5ff,708535732.5061941
5bb87c8d49ba8ae67a659b52,795864152.2198738
21dd47ac3c4e1d6bd0ed2485,907778694.6934963
f59686ef2740247394547078,1024246905.6727856
8fac177c5a8b4faa21b33138,255842750.81242767
b2bc172a3ab25b8caef50189,924725408.8210995
a10055de743532d7b7bd29a0,750142785.3794005
c344e3be381326a1b6cb5989,797405859.9379442
3fa4ef366575bc72ca5a0582,851170940.1552792
e9205b722e624eba0fd36145,692740320.9114448
e75699a7693c678786ced75c,428727355.12969464
23208132621583ce4a46de77,1090865897.0074534
558d9e4b57fbe6c7e0a09a95,1031824233.0217371
1a6ecf722b2eed8cdc19ba20,1080957830.0561852
11734add51785f1ddb999c5e,719070375.338662
82c9ce0d018c1d620b7a6689,778836984.0611509
80d95b058cb11ec829b5ec96,773896912.900565
cd89201cfe3fa19a4eb14bf1,907778694.6934963
d0a5f33f0689445e22db6626,473708456.100803
c7c99ae9259b34bf9b8ba799,446404517.6028728
73806685dec82cf637f19384,338206873.83384573
83007c444fa52b34482ed55e,853997703.163428
e08561df5747246d74136dc4,469690653.92838085
5b0219cdbb8ed527aec91659,901281638.5484089
119805b72aeb50f05d3a5bd9,777646301.8341672
fd20cc372715855081e24eae,789617499.4959704
e4a021b625f4ffbed391c6e7,795052051.7859887
902d4fc2c44ae5ca2703426e,913154613.3757194
71aacbd62d72d3eb29a744dc,814509940.7811832
7290697f96d8e2101089984a,783063947.7662463
314153750510e92ddcecf33c,970843834.6830602
9d576cf721ad30ab1a4fd554,265072932.05716702
50160783a9a0503df5a38dee,803304273.8382243
0f4abd70b68453d3500eebb5,260028633.79684785
42cde300d741cb134a529031,750748429.633643
1e9cb258a0b7e08244d7fcb1,830289970.6862612
febc9a1b054671445d756cec,825607179.5232396
39351adf139f820864dfe8f4,781926889.4299563
b4fac45659e67d4e91fe65ff,277643777.29041314
fbe555f6bd0edc1bc950d9ea,943323523.1385007
67308f6bb80d2a203e306104,495599161.6225149
799cb909791d43a1eb305eaf,973648076.3647856
4354c1b6b27a87c451ddaf36,424831355.0539017
0b937a3ea4864896b744108e,312991497.2992897
b96d8b77fb5ba71ebce2fb26,206436118.49273476
f4b1645da3f4286e39f2fe4a,1006923172.1660422
a2d1de4211aff373009809ec,789995564.3776315
50b619ba3e0b2a4c6512bc97,892528719.1838558
3d57abd322b0077efa1091df,1013335081.9955505
652793275729ff3b69e86072,664804607.4802954
1e2270f9f49aaf3be01dab49,1036649934.391845
99970db787f55a4d1963942e,683779886.983438
801d821fd6ab7ee01b62a800,958860145.2803843
2abd46909a251b8ebbd37133,599805932.9368845
20a783884d6bcf1aa5697772,737963300.5975976
2fc38ab2689eb24f63e32efc,929518823.9162561
1f592cc4ed728909040f953d,971009251.9819294
d1dca15e36fcc5ec14dfd870,971009251.9819294
54f7aab6b91b48272a81fb47,931004314.8664536
b6d84e7d569d8d0f0d0c9066,1011003997.1183652
54d10cb2a44179fd4d726f1b,979996552.192066
341c307eedfce3f735f4a63f,665008257.7898775
1e057cf20757627d1b006141,632275990.9355819
798bf22408ef6814759da1f5,1010959131.237687
9ef3691cdc2bcece41b47e78,868049227.6562757
fd5793113661540ee34b8cb8,971962126.2294897
9c4ce4e9f12764544cc8bded,804937791.4193871
542b5322e59a3273e10dcda9,943296852.5031734
af578bfec5d84cc2f4ffb8bd,919268848.1388918
a310528e34207b5dd813df8f,1006777457.9506248
ecf5c9bd618e3976ceb5697f,862412840.9277062
d342a1ae299065045a957767,1036987657.1412325
f5dcdfdcc8f414cb7a38309f,759654218.8242806
4090c1b86074c8e769cc72fd,775717770.8784839
7ef2d4777310765d0c8121af,876296801.0525501
39222ab30001b3cf45b7de65,900792246.7644006
91a73bedc30e0c2acd95d6eb,1124378457.061248
d1e6d6900eebd9ace65d6c36,778796693.3647757
592c9c45c07388359f663219,833794590.4483719
738111512f5e5052927468d9,919890269.163523
0db51d4771623f5fc1026d74,448698067.6983255
82c9556e19072558cbe3a7ff,304153227.5236046
c1e51ab95336a51885b4c672,915984423.4284726
0eda675541a035b1f620ccc8,1025642617.1027911
cf379b41b70374ac4cf82dc4,1013001768.8851199
d90c961aa01e51d63e50a2de,878215973.7369432
990379c9f9f210206c6f1916,931525357.3973194
f8189811dc639d760937df95,736918621.6138514
3d1deb639d94b292552a123c,663546252.2461404
43041a793a13a4171f22e492,623793870.037449
052d00805b2602cac76fed4d,854813058.2339635
c76207e622cf8a208910707a,823760989.9319787
ebe33bde2abbecd6d1fb0cfc,613877724.2181803
2e23ee2beaf5293f57a5c504,672724929.8680526
abbd422c412c2d57f5df62ba,578964252.4592322
648217f4d8b5e0e65dea066c,880432616.4002538
52e7657a539be5f36f48bed8,932776694.3523173
3a276f0df8c12422e14107c5,922576436.5082186
dc537b5973d2b94acf6f23df,939893237.3242856
0a41279a5ea9b92bf8cb79c0,1010821645.7953997
80ed77aff62d4c57ede6ba94,812275682.7389011
1fbc660f780245bd72015f07,960740018.7458564
df1f513009808ebd46ec0847,715007979.8345125
58708fd9e83147daf1a80c48,657626232.3215692
52b699f9900d81ae85ddc7d6,657081076.2751572
98c5b154ec80083bf6f51835,1006994138.4068294
588400f7829874f9de919e39,777750969.107812
46a2a88ef09b2aab932ea02a,848098210.435562
31474c62a8f39e250fb2882b,1002720106.3377512
b40873d316de1c295f2a97ec,753664411.9548857
bf4b8b23cd87377169684e98,898546965.7345498
a34b3b037805f2ec489a95fc,803433379.006353
963985c57392ed0423d74caf,680650142.9852003
a93a37e4cc75c069e14ffa00,755524874.6088821
071f284d07719a3517c55567,797873759.9996058
5d030db414b00948ec10d18f,559951331.9770509
6e57de8c4ec2e42832cd4b09,995851207.3619615
d9ee40ccf461ce3e9ebb815c,718425902.9208943
ee13d186a24af238d06e0c2b,781238745.8138075
f27397321c007765244e56e3,854649436.408941
959397711c3f452486ae591c,990504367.4959714
a41222195e5c7d7987dc3c7e,668986392.3605502
ad14cc63c36789bfc1bac0ef,257827425.02703124
79ea72e7b03cfd4fdb5219b3,384300967.02278054
cf68e05962a41395844e9c80,599167811.8915335
4a20d03d09fb9d0ee5565ec9,567767181.2722095
734c9446d0674b8d6545bfef,1023900200.6343695
d9706de7190ae64c83e65769,760916090.4970176
b778282fc4b9c43055629e44,945143906.8472141
a4d4d6480b56d6198c0120d4,788506418.1740723
7557a9bc12cf0f2901c00264,881950588.0189432
41376f69b086937257387f1d,816932247.5793525
2910f3631d1db77e4b61f8b5,784825095.2211797
3a8a506c99ede47ae2257e87,851965398.1596748
25d89911e830697217d460f5,833711662.2644194
365a227184022e99f1d2a816,751175432.86612
c6e34cb4e79a729a5df4183a,851965398.1596748
c5c3f06bbf812593d1b95a40,933171598.3970194
acd6ad0081960c0f17b144dc,880457083.3244556
344a104d2210954497a5a388,727500044.2429289
c0109086d0f49aac6c3f3f18,528995879.0742705
c42c99f5da3248e7bcc73fa7,811509364.4091948
8e1e9ae57400052cbbaed9dc,869166625.2991065
8cdd55d191f206b0841e56eb,790576573.4659389
c1e0b47866cf4a0120e4b3d6,735712055.7437991
45a033d121ca5afef24161ba,858420712.4114219
bc834280fb45fb308d957640,412484000.8668047
9ddc14c8e7fe7ffb078e0019,920076578.8924502
7d66238672def6f73c25247a,817621603.9522382
2c12cbaa1f14553c1d41b958,527862228.91941327
196969a98960a68088266261,657081076.2751572
a5a3cab55661982b7d30bc78,680723831.7566792
6464d5cc161ac659dd963897,471783103.2191714
e9f44786cf982100af0984e4,951060431.8556063
6302e608d8f37e63f4e5cc27,391815280.6195256
ab614a5008d68aebe34aa201,775391052.1209414
06bfbccfb3ec0b1f65f4b351,1053162923.676446
f7f46ac9158f0a1edd01709e,827563536.6600151
6e233ae6294318baaeebb59b,985703117.2692425
bf6e713a689f574b532edd4c,980126850.4225236
a7e97bdf2d4f2f62f9889c3b,704556290.3457308
784822ba0060eac9358cce22,575369889.9378127
13c51ea93d19df6c273a1502,882216764.0775956
176e00102fb65cba56279287,868552963.5812039
52e5904902e4d75ad87afde7,866331545.9874191
728ce22c8db9bd0abe3f20a8,1191284601.3831685
e8bf121ec117e383c843bc51,942727100.9276254
878ff8ef3c862929bbb19ebc,861834273.3427567
ed80ba018de35d5d76d50db4,1057292519.481856
9267fcc93ae3b6df8c12d9fb,449433590.68015784
babe27dc477f5e1b7e438422,721245083.3415217
a4173461aa676e09227559fc,559920578.9329684
f0b2a0602bb5a83f0827ac75,645904247.8575828
2da346c00d6fc39268f12b82,691163549.3486252
9ec5fbf8767dd0d2744a79b4,645253188.7679795
c85e9bd6e20ee2a883d0a7d9,382953035.6555008
191cb509fd44e580ee32486f,876997154.0973986
053d37bf1d988505b5e91809,627165871.3185316
4d3a66e028dc8f3e9ad9e9cf,655126262.2903006
c75b265c0eb946ce77e32ce7,908369380.2332966
d233eb8af3ef7e325f6c8f9f,316603715.7067299
7f7f5313341b3ca499968716,664378845.5070764
4fa51848638f4437a3e31682,749150864.3968674
9090236db3ef719edf72a330,975774225.6042225
4dacc190eae91b059dacbb00,973406977.0060092
ccd2f6ec8e9841f1068b7c76,599927271.4027905
a354cdbaff42acd1a0b5d82d,847618246.9498907
da8d3092ed0e085a83a7d67a,678778445.2681881
1181e18553eafcf5edf6fa05,999047309.0427024
5b146f1914acf2ae78360fec,880345644.4887601
a0fa0aca2f6c2ae65a98ccbc,787713571.6207114
038bb35043651579f443c481,857969541.1066002
430c46358b85ad4a741c7187,390934784.4053054
4becfb041b0439429f2cffb4,741046132.8579034
feb87029d5a2e8125e165bef,613845897.8440276
61ffbbc24b30698ab8f735c0,808912494.6491914
0e3067f71dfb9dc2e03bba59,868305788.3131642
b8ec643c66478da376153333,855436998.408509
c8bccdccc9186136a332e995,734934195.2377657
0f4765c8929a87746217e957,887348154.8289737
68c145df0ef91fb4d14d001b,428982094.3655006
e5b92a0c67c506ca6e92315a,732493825.1861014
a482103965890c922a66eedf,905971758.0884746
1d917f9f5a3cd44cc4dc8d2e,715340627.5903329
4cc968db25c2cf03991c0041,801433775.0645471
91ba0c5b21b52734d1e244f0,647575784.0853289
d6a8f4abcb02142c6dd15b30,829184895.4759794
0587e7e1f03af8ea6c46290e,974782018.5999134
61e1e0c49f3aafee6ec9179d,673882104.0576483
797da4e993a993ef80277108,740317262.3532773
b8acc8e72f2c498fede3fefb,677441226.2791926
ef2ae24039bf2cff1caa4340,805191752.9301738
cfb8d15c6b0c0e6ee4b92109,775460731.6992646
05aecff6fd8d866c6c157a9a,899703532.4148868
b2e37eb7cde5cf4290649ad3,298359159.5699156
b7ecbd35179a7658f3c11b41,881104456.3819504
699095150a7f3f32c40454fe,1011399186.2108587
989a4fc1590097414d7c3fa3,619922447.4758141
b6853999c45e21646a0d1b20,280611058.9174687
6ddb6863958ded0d72fcc6a9,330302363.27139884
f6fc3807b54d8c69459c4f64,524118027.48087794
6528ca87df8bb477f4b6b8c7,787169768.4237885
7bba885503ea7716ffea503c,624667165.2068796
846e6f1ba1c94966314345d8,741676562.0791932
04e6a79dd3e4d8d17c8b5387,1023392039.3705406
4d60db10157fd0b5eab9a23f,861478966.8852311
0d7d434afcc5e93050e0b86d,1007000262.0614151
bb9ffa04d913d06846d082a7,911207071.840628
80abc4c356813c1e4ead1e1e,703427579.745495
df8979b26c9971dd7c3500d8,871363339.9393324
6ea18874ea84b5b4840f9b85,816834864.9587208
aa75ed5781e6e8584143daa4,766509526.1551211
c8c8d083c9b9600059a8b8d1,894110250.1383574
5c8f3b7ccb4340263c255d00,808934729.7177442
79b943894c4dd68bfd8cde7f,721823879.7045003
64f36d32a3a64853227fa69b,868140911.1403702
d7080c3742cd9d72e9d0ae48,666573272.1900014
8333d32b98625a2742cfabd6,1106421071.0960467
bddcc7fb72bb973f84b864dd,991562525.4968445
5a80dd0f68dc2cf9fb1b0c03,641040940.0097556
5d82060575bdb7be33e63ecb,889578003.8305035
de416f239b27327e0f78b862,788641420.6135519
816f93a2e035e4fcf61ee4c9,878567992.6151447
aca1776ef24acabe172d573f,931340445.8242073
af32aa018cdfd081a81bbc80,573010257.2121568
7d133cde943d189c9abbb6e4,811246570.1913292
80035ad5b3b4a948469800bb,763776272.1022855
95bdebef7fdc2ac0e9541c51,849286145.0019677
d038e5695b32bdc6fff1f72d,792451373.2651194
2979f2d91d649a8c14f5453c,835504529.8691543
a0be286778d94153d3b22ccb,872330700.0937315
57e8ea351ecd1ff0825b1324,911214361.7514622
c84f96cf4570158c3832c3f3,688043059.9623121
93ab279de0b7b414ce758153,746014329.2257715
2018131ad3f6e5aa8f4be704,732370116.0832213
eb055771816b45213df3ff3b,675102033.9801142
8e3700ec731701361d7bb7c9,599430907.9738872
422e994aaca85628ff759004,874279456.3370544
569e2cad5c18a5f393f80a8d,700291323.0083959
7b4ca3a8d09968e48c185260,723324560.290442
12785f791e04b3a49547fbc6,869955705.0297933
02ea72128a99862e9537718e,1018131776.6422975
fd77ee8ca0551b5b614b40e1,1072802777.5810047
ffbf6a54fb00029ba24dd3ad,498487833.42131144
a295b12b773127f15e83e174,905675021.8562824
90f0cf22cf9c8fcc290e495d,619959993.0074009
220d466e3737f1f2a8ed06ae,315655671.8962477
235c56f4afd6d87f1b3e199b,911939797.9215605
eb0f3b14782c9a484408c606,689922645.00065
4188712d431ba996cd59fbe5,767390563.7531925
3dfd7e954d6f7f40af60bc9d,580840500.6847473
00e80be4feb1e8593b7713fe,755827640.916555
eabdd1bad2bc4351ba4a2635,750108012.4034749
850342685ececa472945f7ed,851014059.3272412
ecc4d05489c5ffc8164d5469,190092173.7217436
2406d47133763272a965ef51,411014270.3203523
b9430e8c145c2a0d7efab2a4,649085686.0970205
4f8dfb8de411b8a05c55dbbb,611617216.9229774
574b6bef16abb21fd67db401,747651379.9995896
e7ef0d61e27de15f10b0d643,750690869.2651439
647ec3f486cedf045cdd3b68,609745606.0562698
69d83d8492db7ade6c37c3de,601379267.6534518
6c07175274fba6a0dc467cbe,664809682.1926851
a5a71962df1b8bc45bf5547e,893413001.638171
ff61abc1e7843e20b1bf8656,786462505.9092968
540c4d7a79864885d73cca95,533396819.8629686
17d0f69ae2c4f1aaa1aca9c7,380567071.28325146
80de6a9303eedbfd1c69601f,882021594.1399102
7cf573f273b14a6cfafa3ec8,698494723.1238286
eb9ab213defc2de5d878653f,746114223.1067884
69f7ab8608b5328f106b42e5,757765630.7689012
9daaca90887e5144c35daeff,322916786.89495623
2bd08c0964ef4a95295db843,848666303.3758161
34f0542a538cee9f3624d897,770384860.1210397
847a7fbd4425fd2fbc4b3edf,1026029162.8037968
22428154baf95870f1d83fdc,464398572.641607
18e89f083fdbce3da0a82a4a,555755644.8385111
63674e7ddf6f2b4d7c6d5c1b,447601540.9157017
0e97f66cf4208c1a57d1fb17,260305309.59291118
a90f7cd68b662c87d9fc2d5e,710560545.752087
2086639384041f3a9b519140,727937186.8891807
d38353aaffa4af168518c6c5,752230036.024256
d994f3919c3c8fe0ebd538ad,1189571183.3537006
ea9d6dc517c77ff8bffd596b,1010638055.9943769
ff83788b9f8db0297f6c0148,762229472.1346743
9d9564415e52518c2817f66f,934584267.4661772
9362189c5d784741c9b0f8e7,871186500.5985076
ffb510bd3f847f4ede255fbb,218846108.96079326
7d3e4ead63a869bae978027e,714997041.6093255
5dc404d1c214abd2d45b2a0a,1039023674.6352402
64335f6d4c1a7514377be77d,764164171.0118564
b81801f02a73feb1db7f5e83,1160761355.8555133
b5d6fe84ee7c6a703891112d,933224790.76076
af0502ae1fe341c2ce1b5325,643243498.6504706
ec43b2789c9cc266a8e0d1f6,580503052.0968603
7ff8b0b5ab4fd12f3be399ce,873243871.9230204
d5c8073e3ceefbfbb547eee3,912687480.3588147
66379c5752189c150954b4f0,337612628.28506905
6a3f9046cfdbf4eefca3ca69,460656461.7063276
b549a72c938d767ed504bd83,883301245.2453232
f48e503ebd3908838c1f2ae6,556061517.9979914
e58ba64bfa5280630bfcfa97,678601073.3349977
07edd16680605925192efcf1,776287609.3634425
70b821bc1c7dd846a8be343c,402370603.06150144
d84d7edc4a4896c4a8722328,788650683.8946713
6d592a69209ef3356e656c44,866344558.6084635
ca9b2ef10b512905af6be620,756922792.1462892
bbf16146922556095f53b5ea,711467773.5674227
86e80098f5a3e7dbd635838d,778640267.3734204
dad46c20f9f7d834e522fdd1,1080199555.6036763
e2dcb036931bf4b2aa030036,955260310.910946
aa7a25411bc0f9f93dcc40df,897911961.4004285
e192181121fe58a8bf94aecf,618494967.8666865
5aa715bbe2b178ad0c9e4b08,756694822.1620721
43b5b5a9a1615eba48ab8b66,853985371.6953781
dc91e3fe1b190fd8cf2584c9,752991418.0655024
1014341bbcd2fd5775631f78,838133934.5949143
7f2e9d302a6ed1770db9f7cf,656731924.48976
73f4074e5e09e52e0e03598f,1008377874.5245035
0460eacc73398bb95f0518e2,939355767.037931
5a44be6fad8878eb2c394ca9,860428399.5337342
936cdcce007bce08a72112b7,615226868.3590677
8334a4cc7db8ed5c0071fe95,626726610.0886234
e3e9d1d073b129c697c1e9e9,770377658.596105
dd9a60c3d502ca3cc98d9b73,693758904.2941219
949184accb5878f82fd5c10f,854793112.6442239
bbc675f7edfa0425c78c15ea,602848905.8032343
7436750d73f2e56b4f29e98f,947635119.7115111
cf81103f31f74edfe0453de8,837997889.724077
620e467297aed5c47e22735a,823704221.5387042
41037a3f8625082544979179,621053515.9947814
6a2db40e5f210a31b2f7119e,625389655.1665913
0083ef74db679d22463a1afe,852421293.0195476
b19be1ad7f60717a943ff0f7,346406441.22704846
0906b6a88fb1eb0d7bfb6bb5,450962732.30310845
f82adf71d17c261b41a5231a,759651731.8472316
bdda694c42c52ba4803d482f,835743967.2681724
80f633154b6f94b8fa24f213,545181779.8043133
f69aa18a64d8b8494fd9fe3f,462462474.0326642
3146f3ec9b237fa0944cec7b,724886212.5738323
5db3d671b5aa03dc33f258dc,374726433.76065534
d5239537894ce7f2a9cb5a49,742506929.1355901
bc28e66374356a4fcf9b62d7,841216607.9913304
3697e556be961a16a621f3e5,566772407.7019857
bb6f66493fbafa76d70b0a34,948633764.4665166
e78a4111d943044a9a32ed80,861106572.775101
044e2daf937c0d8373f2e914,917764975.5079684
77668d4325802de9d63609a9,726851571.3381194
a85ba83751915d8d5d1a0e09,793577766.217331
429460d5f5c5381e945cf449,794683526.07785
a53dc5c58f7384729ba37a21,808884405.3442672
a4dba76865fbd14aa19c0286,837382964.8556122
7573c18a79e5e3ee0610d7cc,651739922.7358435
f13f72c1cb469db92b25c2fb,728864642.3531861
45dd7eee4488e88d71d46783,668143903.9097196
dd4fd04b9fd80818bd543f9d,896937663.1201334
500a3c5953f89b431184fead,892236187.151723
d2e737461b916ba78030c76f,923498639.139744
e1e69b5a90431b8a44265487,856775009.8507481
49cc8164d94a2afe8b750af4,784175675.5270562
e9b054016b281140d2566d88,1154901617.687163
32161228e9c502d2c21beaa3,660423361.9125587
9017accdd4fe3229fc45280b,273551188.9738754
17fed4a312a9b773f64861d3,407657306.4235563
8632f5681d04d9c934675409,908806537.2112188
8356123e4d10a479a12e98bb,1017808417.2371138
70463649ffbda5fdf3c10ec8,261142188.62064904
1414ec3cdd3f6ab772fc7584,895873535.6791323
937708417ef2642b7d05abad,875132587.7446507
afbe90d764c1821cdb26e38a,627800398.2208809
14331a3db021936067b15890,819580767.8197095
793efc460dd25b67c644e92f,612962692.8832506
0a9e4dd0eec86037a36fe769,732109806.9316825
e5168779de76d99010e37c7c,944020323.2780173
016dd08801ad1a1e7f6e695b,960712845.3407593
ce509ce153f452ff8a997538,965069677.7614001
66d8ce8e6aad18a4963275fc,829764428.1428111
8398e3b96d1311c7264f6603,901046160.3112473
e9081115ab418ef1031326c3,698139469.4535456
5c8240a1ebf6138f81dac715,944399670.1246418
18cb1adb2078fef29a613a96,481045389.8447703
4167fdc804227ed43224a32c,784537225.5832047
b5d0ae257748ea92c47d8fc2,306946477.0173591
1d17f0ff708e6f0b93a990ec,600063696.4726801
764f506bb2aa1ac4de918a71,942679453.4530895
7a861f1e3af4dbbf55b2c301,801513795.3331207
1562a23a312478d7a05a33dd,688576507.4439135
0a040fd24e23a77f0c58495c,722627261.5172149
7f0f5931fe148f6187ebf512,884557019.6617754
9fcdcb2be94744d00e734a3a,788839298.2175446
f181f74e96a93820a23bc0a0,668045645.2223293
5193b43c32a2bfb3aac6b2af,1118607677.7121572
6cc7718e834ba47a429d6874,783880986.7186611
b8d06f4ce0d6e71ba0fddc26,638255742.64485
30a30e4ab286fd822c68ab5a,724554826.9441174
f99bdff027d28ceca0caacd1,771642920.4875479
f46f5e911c6c595efb5b7ab5,720925896.9066032
a7f0c831d82505044f370b1a,787392677.5790765
17069e9f4ba45c93738b109a,731723408.1629149
dd5c910c2a3d63b8fa92096f,765594847.9921367
a33329c9ed11ee8b87aad6b4,784235206.6297258
925b457b5df270a68b84753b,487755365.0603236
d206aafc71e8aec2afc3f8ee,765859122.5635046
f8232717e74332384075dde8,266792726.14691186
f60d9f0751a14efe41be383b,202223760.91388574
13adc7946bd4e6e3e4416e52,252260884.81980222
230cdc90e6c825d391d5025d,795082241.7121086
e98cb170e4383546988c6829,765594847.9921367
5bc46671989de2534553ae49,920575972.2877897
3b98c8e46cf8477a1968244f,1021965166.2351508
f9f5fa4ad495197a5c9b492c,469985496.6767087
0bd42f8ee9d36dae4cf35886,403003439.39909184
567ca46ac91cc53e3b479547,717642539.3224784
f0ebddf2bd5aac661e4945ce,937738756.1856288
eee841bc785b1824b6419a73,767215202.5079331
004776514ad269b380581066,637501070.9658643
bd3edc7854cffd6b6debfb98,816393463.8538074
0b42bbe66e438fa81a2ff77a,813089273.3520379
a33bfa6cf99e26bd9c49f8d8,850891575.976647
8b45db8a4f2c0f772c8d44cf,388457673.8623843
262b5b0bb408d7cf53073832,767522735.3577524
5844c83fecdf7e09b188c2f0,701610173.549851
9cc3c05f0e81b8f6454b80ea,284166451.1321465
07c46b493733d74c4f384b79,879797431.4863415
932ce2fe93b8e1ec0e7bbc8f,293425651.6376577
559fabe06aaee537322d0af8,444634259.2886461
f4da2c8dd901cca9cdd51025,701079244.1582693
84eb4861db0816bc8722f379,851175187.0135009
d0dc69570223bce949a4c17e,797664206.6171196
abc2ff9d0e7848169fca170f,501808441.5478481
3e3880088f0df7c447e27840,609922438.2082518
3580dcbd0a6d7d6d3546dad6,935087538.9464055
f123231ff18912a3dfd7cae7,480725330.06706446
78a7eac41dd672cd1863e3b4,1118006307.922095
97def72de478566ad58020a3,940575644.6600726
e3e2e3080cc309d34014e8fd,629103651.4249667
71be583d473084bc0608d066,930657203.7818632
ac6a4c672dfbe20f5bafbd89,849535329.2478371
f4fc081a112f5ee1b3a09e70,745687554.8196328
d8add8f5e0aa562a63c894d7,934113722.9699119
88ab887e18e38d0b8315286e,927594567.4758275
07c8af84608e6c9206ad6961,850662091.1417291
2b352d996677e67156391e25,320529017.83865774
ced624c6debaa01c732e9f60,1036651246.9394969
ef92f63b46f27ccd2151a21c,843480783.290655
f4022026c279a9b77a894ee2,851801887.3150512
e2e2218086e6ef5377c01b68,1051602108.8585933
4af83eb7718f5823ae69fe47,867401069.0865976
ee98e745afca6de4550fe570,851094839.141805
bd1fda425d792fb0de7b4499,643552511.3787056
86b2d3ad1dacb372734f810e,609922438.2082518
98abd5139cc3ea136faf7c8c,1026039543.4388878
4582ec985de48290c5f1f5e1,833709442.8054352
312a6b2a57dc6947f95213a5,218401026.8346383
86a47522586da2884181f128,784439240.2378998
b41edc115f6b439caf392941,270491174.51457113
fac682b61b813044a3e3ad01,1049073588.2206572
63f4e57fb2cc22659e80d6fc,302199830.6972265
4310c7a552b20afd46f930d9,972655266.9983972
4f18341de355d2cf57a03983,257338027.9658556
a418dbb6d04e505c133c6c1c,993394918.3251014
afce1d7c5576dc49c80bdabf,705162134.7461019
5ec12159380f4d1a85e8b0ef,368530425.3045911
78d10967c36cbf346bd58f63,795331518.93017
f995364cc33c431b3c93db45,853531784.205686
99b31d0b5d5ab75a2653b1a1,370166994.1139454
42d42ad031a2c62be9b5cdca,849456640.0559763
73d09646de4e0ab46feaceba,446643364.0412379
bef4759bfc25c7d44a8112af,701610173.549851
c038742e427830aef3ac1c17,302670803.4032233
e96a7f5424558193663ef6f4,930748738.6319739
1af243eb63d893b1251f44dd,843480783.290655
a083fd17c5e7c9d33540b922,706125504.1821557
549024cda1c093c9f8bc2ea3,820239048.7128494
164cf5fb9a759f2e4be67b6e,920575972.2877897
65ff6cef76efb4c83ac0611e,694844474.1319413
784b1db005d39c2f57666efb,927001229.1232996
a2f06081983f748fcd74652d,844509477.8930871
66e4f010db2febff23b4a4f5,751468141.9223276
9702cf3039b86f97c003e20c,709899300.2712597
48de5d43e88caea594ccd27c,761579908.8741602
6732c28a236aa1ccc0cb2c86,833325118.3215168
8a1d1f70adbdeb233ed3ec3a,789218144.7412255
c775d4f60fea55d5511da4d4,827035466.3614109
1f4109e1a4b47a9b11c2c019,824225767.4159487
31ef69bed8e54b5e1fb245aa,756644721.3312958
882907ccf178b23a02ce262e,354071490.10914123
2868ac4225657a13f6149e6e,740009169.5951716
cf6f0a3cc030024f4e9ad06d,709701861.5644536
0a1cdd0d5c3c8b973ab1a98c,1131740873.1592214
0d099b1e1a314dfd9aee5293,317896608.61144173
898d1eb301c92ab6603e0b81,464690001.07244164
9fdf7d85fc65849cda3afda7,710960912.7860008
f5ee97750fd4e04eafa9d1d7,776863177.9956546
ef9cf29f71434be184a4ebd9,264508487.871509
e4559824c3390efd6282960a,351612194.87013865
f8dc73052c66ab334cb7be14,694819801.3175521
2e992370de3eed4ec1271589,738809310.2527441
e2bbe9221780d01a265e2ef4,844784163.7547065
b65a2a140ad5fc6e3e26b6e3,409940801.40135735
3dea0748459a295fcbd2f0b6,426983606.90558964
7a1cb1f751cd36bdb6412ba2,834884387.4589202
1381c0399ebbf19db3a11820,409940801.40135735
479b2c9c12602551bbd0212a,683238591.1702092
d463fae95232d30e0f78f93f,409940801.40135735
d0df2748d371d98d76408d66,461850055.5811923
9551dc6098b721dd495e5c57,1167720995.4837372
fa736ec3f2f066cba4328908,756167585.8905427
37fc4ce5dfff7faba6bebf8c,671938812.5802289
f336d60e41c8bfee91d58728,152166353.07167447
65e1a61d984712e76829c821,967060080.5222827
65eaf65f8dccb8e49a93b753,923132457.2843587
36eb8139a5ca1b8459eb52c1,779659306.4928102
c357cc3d2f4b45ca3e1250d2,1026731616.5312848
4b75f2b374e8674e8b55eceb,1066314266.9104369
9c20784acde0823e9479be2f,852928672.8193686
0f2aa0d9fdcfe894caa8fddc,840500624.2172681
23374ef76774d4f95f022473,1082547340.8971088
4224e69acf9fb071d4cab498,775782227.159242
a41d05f2ae3e022c16088bd0,1016437838.4587305
9b30c679d7da9169580773a1,798462858.2652467
2795cdb2f4d568a782dcfc3f,1006866633.2971246
5399af7ea98c97b5906efe1d,797049088.262654
5e93ed2a9b36625c4450b5bd,1041452993.1466361
d04d42ff91707e3957b4a29c,902788527.8526114
f32ea78bc5ea15d700d3c118,703189379.7674506
8ce2d6e505ad1da079f34a8d,747371941.5353585
014799b9ef7d5244fb6640ff,1027949946.2635764
f50a72cfa82f3742189b7fc0,916777205.3043772
8876b38f90f5571639b7d879,842967323.6014135
239a2dd25f604c730136c720,1026924199.1152664
db297b6ab332cbbba338e7a0,891978162.1692355
5aaed76349fc95f6c12ced7b,833278228.4682502
10c94f25ce3f7532bf4f3152,873341084.1965469
d0ac1f63c75987c92038bd30,1074085492.3618312
db5ea791b33be91840a6d045,773703762.3114257
8627562772d9d63bac507fcd,452172249.4175156
b1ecdceb6ac00b6b047c241b,1003485719.660067
f499c1513abf0b05aa1f460e,1071383520.238445
0d8b0ca08838d1dac052d51c,556047073.2693453
c54a573c9aef013dfa2abeff,720307607.0791885
f02865ea64b156bf4cf4cfa4,1007780978.5904981
087b564ba475edbea431d4e4,546935405.6541274
2d3236cf646f19a25932676a,720307607.0791885
68b547621c25c7418cfdf5dc,944663341.5578626
097a1a08a389439cc2c760f8,342152145.7631258
e9c905ff64c7e2f8c21b0a9c,224993657.13893732
464039bbcabc650d659f6683,948229255.9277251
93c24fa31fa780d28ecbc318,785289148.6398712
a73206cd21136b209f25c7cc,752694448.8248485
852a11f12646f0a1121824c2,434833513.4058182
61953f4c9bac7cac5ddda5d9,787247366.9525253
5a5377f2d087b7bb183783bb,802508736.1001642
0a85c354c48921e0ca202d15,1011075198.6406289
12f9d50fad58e4e40a187d98,723147841.6386536
45ac018012e7dd91d41a5876,900021625.1907415
28f905e91295a47d106a3214,1011606421.5696858
395e3718423aeac3d40494a7,747304261.1458849
1fd7e9b1e717578f751c21c7,781512157.8908739
e8bdc4a088a6b99a538a6f0a,508481694.24722415
45b894a8b028be29ed137f1e,1016504988.8407505
f5c866d489889ab2f124799c,957199338.8477807
3d0de71d822da8a999bb6222,982180626.079358
ecd0b4bfd66fe04c278dd4ae,904281270.6947144
9a61bfe6ba2b8364a92e5a97,820326267.0800073
e8b8d0c4cb87efc13344bcd2,1070253034.7649856
1f39ea319382fb0e41ead713,964250835.3337548
d61700c4ecc128290bc42d3f,436887594.30892557
d87cbdc4896e0e0160999520,773862410.8105731
d1281c9f037ea5c4fa683b84,869420276.2356474
310e768d2e8836432f8b3e97,911866366.2113736
c5498cdddd7856e99d21f52b,652640435.8679734
d3169d4a467cb7eac41849ff,694533442.7976941
2eeb4b0d7afa57b63778b69f,979533559.9844362
7b3621124731bcd2e543562c,675553300.836888
5703b4ab6e77d88f751bc6e7,917513780.8931903
2c567face144ca714454abf2,848057259.1738281
7169b5a3b9a796162de685cf,863001919.7929726
fd19e1b2e61f5efde879f6dd,907362272.6257278
55f0e95dc857256aec65ec1a,822451701.4455771
ab03c034e2a420f395ca094a,818968408.4489901
ee3c0c7fe3fe73ad0449870c,696836348.308771
e59afca092e0ddaf60c9419c,863635944.7682844
99e48a46a1a599471d3260e0,311273172.20496595
419398139a3aa2ca2be3f941,677833162.3979847
54c33befb89cc873771c3be6,900233593.7973019
cb29bd3ae3d5da88c99d3db5,735121493.5420306
24258361a4ba8f772a83ba7c,655848658.2984805
539c12d2fe8cbf950b75a0fd,285910920.4515134
7b81996f3abd287b50adf8da,930130832.8355833
0d9e73c14529fa3f1ec8a56f,726219103.3119006
dd178fd542fc716e32b4136a,790664527.6766868
9aad22f3d25e46538e1558fb,855078610.9569191
93df4118ec3536b312822d90,894763385.5430799
7c6319c04025c4ed6aa3f051,726219103.3119006
98e04fd660ca1276d1510a72,733814328.1612225
4a8eaccbde5a4a6747818d29,842479860.8123827
9f6ae3eaafbdfd8d5c0e64c8,1032785620.0930766
5929c81cfde8ae068a8b822c,930163849.1574773
b94ea2b8b847a47140d04008,995071236.067099
ac1b644a8d2ec042ca91f89c,965275898.1995218
8df9256029f526ca313202b7,887765961.6048249
e029511780468f4cfbd10d3e,626080061.7932973
0878fd8b66aeb22f6af2d7af,732480266.4690583
76258b7b7e8778cd60d3435a,879763442.8515635
d64a2ad3297e2fad8ce66197,784910375.7144665
8af6bb75c85a2789156b3696,356128144.6002244
40db880aba8951909e6e4ef6,964760310.5724957
c9e20cadac540faa59d9aa3f,692437542.2749053
7d5459e48101349c75d43aec,779290863.7880533
fb0664d59b6333ae1861f343,796123176.1707022
bc6b57600fa9edfe13fb3118,850760297.4137243
d309cdb5688ff7bdbb682d17,718203417.2856792
d17ba799e68d7775f2104b3a,835642699.8555946
2baa6afba131b74487c94d74,724249754.2263075
0b7c8732558fc04f4fc51ec1,922597912.530469
0d8cda2859d9903f6202af54,657172630.1659923
0f2913c5aa681a2bd45a5484,635730001.4264367
de6010c57fe78d975be38c2b,890838635.1969018
54b474bc7cb126bfe8e6c144,828301987.3193113
b1dea7d384760535b770311a,809159816.45483
9e90e02c8ed3ad137e4c3abc,398141723.7739629
b59711a5971a3b482db4d9f7,1018131776.6422975
2c37a1280b18e095b43e19f5,737395366.0652454
fcd7c10d81aff25d9233214d,936092443.4945239
c3b8bbc492a7d7bdd63da22f,1010962716.6935691
42aaf6521fdf1dc9bc50f88e,631331649.6709715
3c268e9119b8027f78f91954,838215929.8010855
c8d5a0e9614dcf96a500206f,925755390.3359991
6c778557da9b5d99f90b1238,865214962.0386593
4514844d15690b7331fdb6cb,803284701.2238648
d8e981acf77bb46a9dbd3109,719125273.5584273
b940ba03ea60d4cdc5d2d429,362991088.8018007
4fab4e66ead1948498d2a4dd,868035874.4316943
a5620899d410af623a3ff4a9,789560774.5579913
f45e3be8500d7bd91cc8855a,657740383.5120903
4b82eef445edeae7a55fd019,723579949.2887791
29881785ae39aec014c4982c,860589562.6407433
0d9f91cbcc9339146bf75bba,754854685.763531
b839e76df5d73e7d53691707,888535081.623446
7ac96f16bdc50ee7619f3548,1044732158.5198249
a102a0a268840439c2c8f4c6,933646082.0139472
e1132006785632e4ec5deb02,808544255.0801973
a041ed3fc0b60fc4ce3cf847,973453199.9511181
84b758716f47bb0f4e4a2bed,888241967.9119476
84394774ab45e0c8b733bed2,540359669.4836848
2c1c91f2bb4d9dae38a44360,747516412.1940386
8ba9304ea7b8d2b071bb0699,264334636.04177636
9a76cc7c650230c670e703e7,737393416.4113138
9b0833992397c6e50b54715f,739011570.0232563
6f192e6a537c1509521e1e8a,753162024.2916515
d1668e2d35a939ed126a3f8e,771846231.4185884
a17807447696896bb61ef8ab,977716757.634227
d043d368d2584ae95ad3672c,683269619.203715
7f2e3f2eb5abf86b56897250,772031126.000752
fdb1cffa6b7346fde667d72c,671180403.5528792
58a3a9f44bc7846ae26413e5,656035130.1896423
af230af0c73a5f2b72787c1b,909832384.8679408
3cd5562115870363ed5d7558,978439347.9034284
cb9d8fe7c18dba6827836403,799365225.2126782
742fd57dd463c1b5cb79f63e,774551396.8631563
0d30768d188b6bb53d599ea1,799298107.3893466
c455b8a15dbfff94c2909f37,795282677.6486835
8541eec88f0dd8229b4fb041,762496289.6011356
54aad3aa4a166d2d50df48cb,950904494.66696
eb9a59d4e85a3f124e866f47,713994479.1007129
d65946f9c27e417e6bc60057,387817929.8491099
dfbb0ed74ed85bd186f40ccc,301583780.8281298
84b05da6a859ff5384f37ee7,447509306.98544127
e2da7c1bb33be76b86b9a07a,332518632.9841956
456243bb3fab3e74df21b5a0,358041940.00759953
a947c2ea296f1da3d10b0a06,311296518.9475635
3929df6d73b3ba01bc018476,250272725.24154577
ce44699aeddaeb77f23c9b9c,1102740189.4630117
3cd3537b5f9475657060cae8,1000122479.3953117
4520ceed2e5fe3458850a805,905520555.9533414
00dea98fbfbfeae74c513bb6,958652080.721349
16da41b1128c039ff8f83919,818299135.7860761
111d509185303ed970d710c7,836523999.7673084
83ad1ce7ef6d70842ec986f2,623865963.0609087
74f8ffe35e8d3bc9be725d7a,735031319.4391559
f5e7ab7c2edf566fa22501b9,906171942.9870069
2e1f3fb2323fa16150f8bc88,593684654.416812
f8bf37a8f81a310e299385a5,680373678.7358371
7b71229680a50bc26677a427,871041637.6304691
1f7daef9ba898c4d8ac1c81b,774567026.6814728
415b68c7a5cfb073676c443b,776815670.372567
856559e93205dd1561d8ada3,773454110.3885721
6d534e4baa1740d7839664eb,665800459.500909
9ea78159ad117bd9c0b04291,359702081.4548252
38faca2d6e338d328428f986,709200307.1572663
fcc6c3c10bb52776accaf06f,650415112.0488772
9120f0e5a6f505a2553bfd58,479035618.63849664
583a8d8c5d7fa63125f62155,721039075.6820239
3d04304c8644c81114c36f98,1099269759.7665389
21fcb5c7e497f0580b820379,993807518.8013133
6542b39cc8d2d13dc828772d,967861223.4567246
091f6342ad934f4e7f84045d,977189311.6362432
fe8305e287f6a8e7899c9459,973519257.7109485
d4492ffc4aaa4ca9c4dd2357,913605129.253694
319b9accf9980ef2ef81099b,933060435.8619397
fa84c07cc90e2a2058b57c9e,939296287.8472279
c4749eb8f59cca469236df01,699472142.5677387
b8a5928cf1f7e704e9933bed,941838341.9197401
c2ffdd10fe424afa1b09f31d,911722007.4096876
f221dd5d745def063eeb7258,914151235.5205475
319ba1ec06c9b6ca6990f4c1,969462471.051192
29e7796eabea247af4e8a0f7,527695053.6569972
ddbca69ad74877086c4110e6,987246605.0493995
c858f0f3f5594e7bb0f3b6a4,1014983260.5009993
88ae3f4a8ef76675c66e925f,922716242.8422223
27e0810a702796d97878c34c,1049246513.8532382
7450139ad1b39b2a380472fa,1039376361.827444
35ae7661d8191507cf9e7cdf,472121102.80710405
93b8ea95ca1c1ff3881d91d2,546571670.7878609
8e4709859d50a75dd08b03e5,445386566.04881185
7026113e0cd7b2d17f8a3459,426309668.22994334
9af956dd8d83bc715592b97a,329282177.73304033
df10ecb67d79e645f77a90a6,516071343.6708362
14feeb619f409386e6eaeda5,331061165.1414162
1a6b9a6d92ec5e905ac97cce,516992091.8263802
057585ba19d6144408d4e2da,704671887.2357726
72699647b590d11ed9b2f2e8,349853914.6969135
cbc99d6202cd3a31e1c14a16,473781229.5681721
ce1d63bc4411a615b816a76c,965586375.8082948
04f0fd25e2456759753bd2bc,895027380.3974308
8c0154eb5be437746213aec8,879714458.8215934
e23017438478050a655f6d67,756145584.951645
8f0b6d6dd914911c7e90d302,959308952.0735728
4b38595746dcb78fbb459781,917178897.7598524
95aebb36dc0b4ea86db49492,913799116.713537
f900f7a9c5e2ea51689e8992,840444376.7768909
3fa0d9e247f28968a5bf8476,567669685.3000716
1240f50cf2d8ef1d8713e671,630514280.4757053
14a55e5887af840860b41ddf,532313151.35999715
3ffefb3f453c54585fa6ef22,865943533.1157458
c3b357d17afd631df02dc39a,893006548.301417
a15aced0fffc97e219f99545,702700255.8463614
cf707785919dbb92cfc7b5f6,893047488.6241463
70ebbf6a402f0f707b893979,583735674.2895619
aefb3cb6ad2de9ffa90b9534,633899404.7794408
b2809471a0164e3d41b8fa60,975119107.167442
6d11001f164d81734a82ec1d,394049015.7929043
ad71acd782a4fce4d9af04be,804699521.4777925
ca86f53a857c23b15eef428a,835407197.4092157
580452a616b4f5170eb628d0,978561013.3098598
7dc609a3c7a3ab1f9a3146e6,829808680.0949893
e8fc9a1fd4b39f946b914398,455662521.5582748
0d3bc6532812ea618d154bdc,977702915.9241749
1ee436f045a0662037f9d2cf,621098949.7134769
8697b1d337145af0ef8e4619,1007429678.1499776
9a08127164a0bb61cefb3680,414245504.16531175
e08e1f260e5c3231c49e5a96,665096554.6143453
b96502e30fecdfae7796f1d6,753039020.6794286
a0b178016cd26a1d2072e7fc,643037234.9393948
5e3d7da3cfe55ad1fe609579,919020506.3974491
30f77637dd52e728efaddd6d,946713930.2528623
2202c5c9a16b771d1e242c18,967088919.3655508
3dc8277f29d0a2406fa25ce1,623134181.4875429
a0f86ac00934b57d85b44dde,702905339.7623411
9168a08b1fac4c5448626ff0,679748834.6299533
cec8daf847f52cb2845a9f58,773641587.0413477
ab7559b75b340275587e50b7,947573968.8702761
a392f7f9ace844d712ab2b4a,844942987.2627667
dd21c6799a32ce6ef27f5281,883289158.1449561
275ec6bd936600c7eceac599,1025314336.3799437
978195f1745ab7e3d69e1f50,865032461.6997458
0e3f82238c54e85ca4229977,299429705.0321129
bc168cfefe964762cdf8755b,747314964.2704021
d22d5776b6305308c9e774d7,694092111.3097049
94d3fe901550dd4ba77ffbaf,848225710.2693841
63717ed97f95e32b2ca321f3,517207124.04114604
a7df0496d6ce217fadfad10d,672057710.1056262
51a696388218fc2e412f8806,654014227.0502563
a918c218ff761315988c6335,964923963.5459827
d3609eabe59175fcb4441ac2,934094882.9401094
8af2e264b801b3e155e52be8,1001661298.9485259
76e4ebad138d50c690f0aec1,331694543.39289105
9a9553eb431458a3e30fc672,978242200.9673018
117f37774a78d65f9e68f906,782323033.9768049
0c8b133effcdbcd49d52add5,718429415.0936906
5e8b2528c1c0a5c12a476919,791993343.9636592
38d6842c2807d54f386bdb5c,831427998.3279084
55f747145222c070fdd50175,821524273.3312712
ca7d715827b39c417e5b75ad,730077475.6105486
b219848e66fb065d4d2441bc,855699117.5222435
a04d3f4eb8810a346fd29ab5,926723364.035323
0b06da0ceff947975cf8951e,660037614.3014646
3f35c44229ba13940d8a705d,929794101.2095712
8bdebb8914fbcaad625b1764,762140820.7275194
f4635193372f669612744011,807413254.4727792
611a369172eb6e3e2e4bdbfb,1033940171.8576705
6689af92cae5d7c9c3e2f215,709575708.48706
e382002b0685aabb01891743,648407590.5934132
edbb6dd10f8c9e7596368225,735645390.8946826
89b0592a715c9e135967f947,686576607.6760237
a67c6f6400a176e0a07d6772,894541949.0155149
5c6e6dae74e39d33621c7119,1031227328.3540331
0e1c100d8e57de8296363d6f,285722460.19680554
e2e639b53456889ab5350ba0,927861909.2079495
93acd9176ff299221e0d2152,828002599.0496773
cb482d76b3b4904c595f2dc1,433909646.2028688
a0e15809e0a284fde27b16ee,841894520.3679355
9a958690c3947f5a8f05cc80,857593618.3347242
889bd77c8271961a6e4925ea,759742373.158609
dc082fe46a714afd43b9dc19,830258402.0583239
99f8eedcdc31cc0ff6fda7a6,286610062.2325554
dfa744f733abef97d82dbb32,943881849.3827597
d50b80d68eb3b928e4bb4317,694052660.430635
a58acad50184e66794d8d704,1016658274.4771354
52871480f7bdf5ac3d785630,798248977.8850358
8b083d7ac086f52fd2942a82,812197841.0846744
301ce25214ddb4b5144373ef,1055759488.4947532
6d76a22793aa9b571da64572,870331149.017085
d7c48db0385bdbf7ecb7088f,912222458.1316938
874e2c6f3e9f90db80d243d0,308804244.8448645
249667af8d0835c9830e2b37,619945138.687182
75d3c9e0da9a24f4849f2078,473172152.97488946
9e45b127ea0303f973bac9d1,418963672.38773865
daa0be53e7a1d7ff76f32955,688546851.6714231
bf7463534babd284da6ca671,519993978.7188531
0283890ab76b10547b27e634,453324743.8170171
5fd213a5236154ae5206c372,963307483.5255485
317e95fad7d399673719537e,607885647.9335313
fb14ddcaa459b49a3b30eb3a,661799592.5746272
4cb5e4aa83c476a5b71d77ce,692130274.5742676
f54d358d26af89636906f686,814755705.2669582
f002603a6990ec405d82cc47,900233593.7973019
e3b7dc4e8990f3cd436bf738,834793698.4308136
97c799300453ab511bd06361,709755007.5253481
3c1ee7e502c6bfb20873b47c,948283806.3202314
cf7741583fc5315ba70b70f1,642130464.1518004
36a0a1f0432c954604825b6e,917785101.4235388
9836bf9b64f27104c7863b79,901104409.8948057
68a3f9ac977f56cd39a6a1b9,797834395.75657475
b676ed2d0af6807cc2b28ac8,838320676.9816643
430112bf4fa9324f0149a879,577688896.5604676
fa00e05d83ee890a38c3a686,618879526.9653685
7d503f126b5863fa0626d4bb,947666652.622472
ec03a01c961659f2cfd9c973,983184609.1046244
6a112af84d5a81f3d16dfc32,1056386449.7968254
4c5d3dd8802acb9ee22ab912,841657587.8609484
d029158b36963961fdcc3974,782893717.6990739
c2071e85fbffa3d2c2168319,439944954.83047926
60a04215bee81d26f20cf0c3,603197779.0475274
6d4a961e099de1939adc6496,788354396.4038328
2383b8bc2cd3d307caba34ba,445044799.4520325
d9357452fcd193b6c5284bc8,764780411.055301
863f8f2aeda01a9fea1cb3e0,737955876.4251676
d1a6132098a4bd640321c7d3,657144105.9835979
6edd2530070918074c8e7d07,612398261.6173648
1cfe7df5431f3dc6a9289551,811299877.2714126
c617d1f15d294f0b0aea8ed8,841945893.7511109
bbdd78a7ed332e679c8e526b,573428309.423691
45969f25857aa7263927b400,839749246.4906584
cdacddfdb6ce41a3eb752496,380931393.86476237
3f87d08afecc4aba03587848,788359420.2086407
f21d2c0802e3858d493c1984,601472081.9271944
660f3f9ed9a72d8875a9efcd,717805724.1647943
04e29dbe2175919265c82463,724251415.072336
e4082fa99f92fc7a89092fff,878501433.6389173
05402dd344c77623fa053ffa,713624500.0629963
c5f7f0323f554a7419f78359,772484827.9995118
501193fb57014ffbd7bf218f,720492952.8231057
0922cc27581d9058e55a2239,584634287.4490439
4dcaaac494053749f30875fa,842571358.2863241
506763d35b04358fb0e967ff,987167001.4046329
8c40078231bf7af2f3a06457,298730826.9953756
53e14e867f8b02c6043ae02a,152245539.79531142
2364014bfd851a68a824d1da,671779862.2526896
f788ac4a8b2a6dc11c458c90,474388959.27009237
093c849ad2bea8292c4d15f9,841596765.626279
71a8b68f38fccf71a229df76,932596443.7047355
ebacfa0a8e569ab603cccd11,316415189.1711294
c963faee3ac527dfab08f61c,823460816.2720801
ce3deac5963eeb96826c14f1,598292855.0372628
5607cef08511dbbf3288a5bd,871526614.5962378
8a9e6d0839f9fabad2fc3214,621314276.9355664
ff03a8cc833d067d439b9903,856722738.5600439
d3e119e8fa4d96abaa8c43c2,752972040.8827091
25b893f6073bd66258a9cf03,1053340293.4274567
0d70ceba3aea278cb4a2082a,734226811.9578984
07f9017eb4b8c169eb9de536,966449004.0434903
7cad62cfb4fc3ad9acb09f1f,671737861.1011474
41d174db6f695472063ceef3,970575680.8206645
4ecf579a5d5e70d3b4314ef7,766423403.6729523
41df29e27c0bbb52aa8ffe49,564571824.8521327
cd77cb445eb0f72df89b9fb7,826887678.0093102
65766c8572b629744f00b45c,844326266.422436
946eb4523f76bb23d0348309,668175667.9024189
453202a234f5b370ae9e586f,955405870.9312521
4e1b5798dcbed1842f260b17,706238729.6983418
f1cb3c0b97ae1c6819fb86e0,1065798841.0227969
24a89527a6744456750baf54,744880017.0637211
a281d59b685eda4978e0c84c,893843294.7997377
6cc9d912370da36c38ac2cbc,862482096.7271575
10563c278e7ce8eb2066d398,822581076.5339575
a1b0b8d18cd78b7cd555dd55,692104552.1207618
3cf9282136fad24af0f7ebb1,692617805.6776688
077659c14c3cebbe192f8247,735344487.0512904
c372834e8e7a4279f861aa4c,797611670.853466
29daf0d5008fa9e3f0f30132,621205027.9377588
08e1ad8d1f0be0287a395ef6,791214899.9983804
19c07fc2b01a0edec4784e64,803092624.368258
c2b5216a8050ea0fe4008f59,957512371.0348752
29cc054742b256e6fbc6da1c,810484311.8597747
755a3e09dba04bb6ba6c9851,789830701.1844921
c98157c582392cb895071f28,728614219.6211011
84f47e531a916b7f7dc1f1b3,738514364.5966425
231688922448e4d64622120e,728666711.4863877
9c7c68df14c238ce0b497dd2,330416621.45797914
d5e29042106130114cf3694c,728937628.0604279
08d4fa42a34c74c94db5080b,982559147.1206833
e89fbcbd4d3414e30c30fc29,792098332.2711512
22af7bb676cb4c9ffe014506,267445606.07355735
b20d6ca58e91ae70b6e0a1a5,878574929.0908619
5c372bd1e01f3243256e27ca,237694869.68722904
1242d7e61857ba8ad285b6f4,740752746.5367526
196ac46f656726bcb8087ba9,821010369.2207463
ae513b65e06b69e1ff2ad8ec,712537209.9013534
bb26b45df6a70b6414958912,712537209.9013534
9425283b41165156aacfd43b,627580271.8121836
689b510fa99bda54284cfe7e,543165577.7162961
c57d333e383039db0fcd2620,814975953.4148057
86e98ed0bd2565b661b81ef4,773225380.6096865
0e694269bbff1e45395190d6,761895419.1992862
6511180e3128e083bbbb6940,714901682.8200822
59b271bf9e2d29ed35352f5e,712537209.9013534
a4c324b1353d2f7ea3ae9727,712537209.9013534
193ff8d291a9f163a4f3301b,753132773.4145243
8ee4a7cef562d388b8444c29,712537209.9013534
53bdf5c3cd800459acca551c,452036919.5427387
35ef99962cd5984ca87bd326,788128713.093827
dc33d5ffcd2aa2b7d56d2ad3,750510159.9814186
05c47739fa4c4f00285a2c48,738672628.8718008
a51d415712d8d6c8add7009b,767164314.0365818
71493c81121558b8ba18c1c8,712537209.9013534
853a14b680761098d4bf6136,674382451.0636611
c9d5c08973c493f3acdef892,721089039.5274351
7dcbeb0aef2e2cac0d73315a,330356616.7947806
ae5a4da0000f79f12142e2a7,1037321115.4848518
1f6050fd5261a2d21d5a178e,318229612.02987736
e3f39c6e4a41fbdc4bc30e0f,967703167.7770916
9d157878dbb41c14b52a956f,880490874.2416098
e1fdbdecc84b991f582a2e00,748061731.3368227
3a26efe201689493724ba464,751701094.081318
6670cde3fbc11c263c6c3163,842108675.7186381
780ae52ac9eae675f6fdb312,108174602.02795918
24f22d76b86498d5c3563288,877004001.1829678
fda25a0b6b9f62f92e3ea6b8,945855809.5456852
678ba0c80536dd27e385b31f,505398594.6138232
ba0d0663943a118228fd12bf,443571595.20484895
81ba4b47e9222c15c4102992,624667165.2068796
d9ec26c1c3e1811e38f070b2,534882148.09025514
aa850af0c6203104e6ed02fa,664413586.998749
c697ec00214cad882d5e9812,360741483.9550742
4b193d78ea6e3740bf37b36a,324234012.1645634
08c61259a756e617d976e8b8,748329771.282437
c1c1dc8df6996a94ef3c7d33,348300356.923365
3fdfa23ac43d1df0503ccf1e,1013847358.631607
bd4526ea5b404df442892788,493471658.03003895
1062419f9cf94418ba88b6b8,763408788.852557
1102f91444b8e1abb636f1bc,906672592.8168045
b96b4bf38bdbd61d4dd0bde5,831719426.7587429
45ee2db87e9ca0a1a9faf050,726656193.7252332
556cb23459a9007127b3ad46,892860834.0859997
a613b18945052b4576595c4c,1025907090.5315356
fce385656705a8f4389cbb6a,820186346.7331605
bdac560af3e155db33d13d57,798307224.7973461
fedc2418db2353b7c97a260d,1018959221.0281763
4565bcc95c54bf0c8d376eb0,846895002.8968134
5fc559104e0ba1112ce00f5d,884966795.9240626
74fdeb4c56b29662f13aa8ca,702541127.5347186
fbaf74ce4c2c6e88950d3fdb,944706764.2009625
5de0f045039122af0052c544,930479387.1984084
e18337bbdfb106a3f1739960,708262336.3052735
e1b9ae3e0ce3da16f18e1079,874498662.7275163
a57435d71ccc5f032baee302,724343880.7598101
fc5e8e45dd0a338ab5835428,760014253.6401052
918bec54bd7587daafff66e9,719531010.5055925
86137b9624049333f7e0315a,578718228.6095197
0fca6767d8f442da1f8bc6d2,491080507.5677021
3ea5478270517f299b20bd06,672444678.9972109
dfff73eccd591bb26453eec5,677006077.0903432
e2dad5c148ecc797018439b3,694329942.118783
b5a62d480bc544f891fd8521,661523483.5571191
cb09a84a1d7b929607d01ee5,819131121.5737284
af067a8546e1177eefe24916,715179344.7887055
d6f9abcb58befa3d05373a72,1015233857.4545851
ec2f16aabd36fd9ee2203276,1019383930.2868472
dcafab7adc7b763bb934496b,1162629583.7503295
ede43dcb1715b959ba34a37d,708781016.7383826
40dd67aeb6e9979211c9345d,720144027.9257166
31f630c44db4be5360a57640,988086579.4091177
ee8651631861c1b94283a953,786526584.6996379
b7d245742eef110adc91b5fa,421494552.29071337
ffc49242bb0edf3e22076501,729920775.8449011
5c5963c17bafef1a1bfd5e03,874463624.4455955
6c589b7e6a3cfad34e98bd87,342291257.7344069
71ab3644da08b8cb0a0b34b3,837016300.0377194
aa668782ae5d0c16e57193fe,658645669.2004166
46673c69814a0b3f25818dee,1009505673.6332635
b2a417a8d2440f9124fd2ee8,814275232.7054514
3e0ccd899ad73579898fe73c,1083693472.8111115
e6f2c7d7317fd433e26878e4,1010176254.838349
2d91b3a8c62b890fd246183c,949540791.1774971
fa653848d69ce620a41a73ac,929560247.8979259
3b6c94e3e3684eac73b3e7f6,1005854573.3745759
a6a07d35b3834bc6f81beb6d,897142392.86673
a39617b7adfeb6ae7d5ee5f0,710901907.8670784
95e5e774dac6f0159e8afc0d,854310843.1805038
995362e3fea8e54538ac135c,1023386172.307555
42525c57e13abbfafe9bb395,929193677.6398615
1ae6fd60628e7d186a5e0174,916893053.7873383
082293a465231208059c5d53,907766185.8397106
732615f6d1526ec9bd519eda,610702494.6536851
99e9c4f8fd7fb7929da10a20,391960690.3367029
1a75e436fc23e7f48e639b9c,600225834.8432776
54cdeb67ca9ea56205e4e533,935861698.1700027
c412ab869616d6576cbb8309,295737805.8174525
b17840ce59c9d9619b46534d,985184406.0746993
a14f071d8e5c338d9ebed23c,735625640.485898
84d8504f0e860b0760c3592d,964495189.842558
a3d03a25f84f4d50d2a308b0,655597435.4616292
bcdcce01d86d648c4502d42f,792698540.8119084
33379968a83c8a90c23e77dc,629063912.6257113
ecc36a3a4610829ee3f88993,714020850.7148815
f4eca80958b7a22922b0efa1,714020850.7148815
3b4ce006ef95420847da20b9,714020850.7148815
4fb644a95cc04f7bc6cda786,714020850.7148815
f8fad48343ee5134dbae918f,714020850.7148815
6e8e08e09da8dc598b8a8b2b,714020850.7148815
56ff1f7e81fda0c8491c354d,714020850.7148815
444f102b4d54503044154ff5,714020850.7148815
e0eae2174807cc7ada38c726,579172537.3739953
afde90f91b01b0282bb94335,446528440.2655603
1d35c364daa0f021ef263c60,574911950.2372187
8c47395a28f8177923d7b75b,833774794.344526
98c98982020ba42198aeb45d,621983240.2346219
ff424474d2d10a2c2a1c1892,381600357.1638176
971a322e9087b67650689ea0,602141045.2262498
45a7517c4d29f5bc7787dedf,603866742.3465827
74a51274abc8358d628ecfe4,842326551.1600037
11dc32d92ac579720303c019,676755715.4722054
4c25d939eb3ec218403dc4ce,619548490.264424
55597a7b8637f24198415ed8,773894343.9087417
eb7173223a27076d16b87f33,721161916.1221609
709d17b62bc95253601f243c,783562680.9981291
fdcf0e439ae8b2ff5730680d,714293463.3620517
2524e62e917e8a1aec5c9c26,565240788.1511884
ba601c13d20602c988d57246,792767295.5702069
397a7d1cfb809e34797f2bb4,475057922.5691476
b54d3ce25f3f03cf3fa0127f,152914503.09436688
d51bcf03d649839ca803c357,443645828.331511
e9fac47a0f02f27abc96d568,745183275.2480135
a52bd93aa6b0d965914f1101,612252547.4019474
16601a92574531c1fd57a359,750364445.7660015
0e64230b70f4a227b444115e,724105700.8569186
ba2118c330e19baf4f3ecf94,691984560.3588502
055e29f236bb61603d4ce9eb,691958837.9053444
7c5c0f2d9a0e355069fe1c64,752826326.667292
e781547cf6f8cb4ec0742b5c,692472091.4622517
8caab74ced535ec5e75acdfd,451891205.32732177
9d64345229b60ad1853d94ce,787982998.8784096
d128186867f91603af4fa481,856577024.3446265
f8fb6d1b0dafc28920393dab,856577024.3446265
33b92225cef255b0e4b4edf9,356944464.1326565
7eb78d4dea434674a230caa6,822435362.3185403
833bd3c8ef9d4da2f304a94a,734081097.742481
331f0957d55d7f03df7fdc4b,740607032.3213354
cee124f4b9031f59c4fbef47,584609241.9106848
8a9663cb622a55f2a1a8e3b4,330270907.24256223
25d4a0ec9301ba5d53deb780,841800179.5356935
38d4b1837c595b6d9a23e994,842425644.0709068
a21923caba05da05449d60f6,717660009.949377
63cff4b5ebb2b6528ad34cd6,607739933.7181141
948c392520e1cb3a030ce86c,671634148.0372722
b2e7fd7bcd93309664cd225e,767018599.8211644
9d6be7123f2c6e610971374e,764634696.8398836
3676e34e4824101f3fd9aa2c,987021287.1892155
f849ad486e84a82190675b89,543019863.5008787
2fb8b2990751692b8ef1ab6e,772339113.7840945
5155f70c7f8978e487e71479,839603532.275241
4f076c220dad47bd9bf248a6,814830239.1993883
480041bbef3a540df2a36ea2,420455360.38478184
4ca66e564ed478d06c471357,439799240.6150621
454e4126257189bcce9b681b,1046608294.4606924
10ce9c7a0a58aad19778e5f2,1053796703.0379906
dfe8e2542755d41d920e28b8,174885893.4422323
5115b0da9c95559dcee9e58d,812072215.9848303
8a0053376ffdc75d0bdde77a,1128994515.6499822
5688288ee38f1a69894ac77a,765099693.743512
1fe514ada76363511cc79105,1042464639.2453065
885a312d9a5bfa8a8db5279a,792264611.5952631
c716d4dfb5a3c2e1120bd84f,933464231.1708691
689aafdc12fd1610c2393a6c,892159075.42559
c0c4ecc8d3aefc53c4c06a38,814270794.1848361
30091c32a5046d563597bbf4,647591968.7699187
2e58c9b6fbe9c57c83bc0aed,785277413.5046608
3f7c5d8304fc650bf97247ee,945507396.7906239
56334a9db3ccc24faf138edf,943570185.2462924
6d0680692396c07afc1a260c,705283970.8825626
9e07dd563b6ff4572f5d9031,923707838.5577483
1278c9fd86258bcb435e7127,735429899.490359
acf0f98cd8f8c8ce06f30ab9,838379656.3584052
5e3785bd517f4faa2bcf43d6,964734102.5693337
cfc61dd41ee5f5dcb76bacfc,663730346.4048923
2f171883b97d9c02b90f93a9,231944924.96149054
46aa67b5e0abe39dae442d76,231944924.96149054
50cb49d65d04a5d166f96e3c,1090029649.8049173
06c1673c4a7444e7aa80abb7,738149705.5348359
53881f29c7a6bef0ab537466,678763363.8418794
2b028932adc74c961170a4ce,1042824523.7133461
f3a1bbe01d265470a2d7332a,933965758.7415594
b42d5b5b38686929eadd56d9,974719858.3825692
bafc63f23f097c24d36c76fd,1067710853.3934473
f164514211012e3a1686b148,983366492.6816872
82b90288bffe8c1c0b5a1259,936281120.9608289
2fe64bad1bc8a43fedfe0700,1059107329.5168337
da5b958667b31f4f9a1d84a9,1125724237.272657
b3bc9a04a3ebc1b911326735,1137886645.2023237
9ff3acb07666d53f00d1f1db,1219747155.2175012
13a44ce5066ce00846b59ae3,1115397649.763038
bb45c98dbab56e5abe20ac0d,1171687876.9667494
f88bade1cb7ee0fa643f31ad,952725885.8254277
e9ab6916a79b4d5182d33bf5,1152877695.299909
144162ecfcba71bf09048dae,1062843488.8552995
19466034c2ce19c24a179fe6,901259194.4152465
3787f6da3e961c0e10d30e6d,1111996229.213525
908330b0d2651093c0bb6719,994493793.9000435
66b7baef9c6c3c7ad24636e1,1159796668.4596465
69cb0f3d422c2c78373c2e0c,1158020299.219431
1e866483995b30ec7f79d9e8,984602221.8460546
866f2a55f42cf30c4105631b,984602221.8460546
fede7e1a7a6f23338af6f40e,1111991388.627711
7447156f2967391975d335f0,901259194.4152465
08451af5a81fd6a63c4012cd,1051941712.1771728
f63608198bfcc858abe1ab0a,705788460.5336494
e9a0dff7ae48bd3fa2ecfcfc,947969801.1091052
cc97f62e2fb9d3e31ef1c00f,1142318377.3734562
ed40f198ace8a4405cce7a1a,1045042736.8888195
bf17b59bf2ac2d06894bd786,1161842670.141933
e118b149654cca1c0b3a58a2,967121225.8911452
7f9bdd2157f6c3d488c77ddf,1186966419.2713513
9350225547486ad75c0b5ab3,1196980129.7754657
d1166776fca47427c77fa8e1,1168041975.8432062
f719b387fac4f688b57dc646,1236867414.5552087
6ce8991a39ec7b9883f85000,1245813005.6879058
353743db4334fee80ac08d0b,1107870004.0516868
372a3934e8179422b5cf5729,770037352.0087459
81516aa72c98ded9223db098,1099547548.615599
9e80db4c35139bbb18775644,1148450172.6345003
12ed2c22a923c840ef616a3c,1177084526.5581987
7bc57b136bcec053cbd073f3,689206966.4316798
77a06084509952c6cfe8f501,712020622.9853009
73578b4214e2eca83b1e70ac,912082667.7807337
527e571030a7d8fbbf1a41c4,955137639.1559721
961baf163a07179bceba67a2,929298169.8818437
76b41682fa6953a3b20d3f27,966847413.0591128
cceb25e83ecf22252aa92d2e,964059694.465939
210ff5d4404ee8578a5ecf9f,846520744.6651682
398274b1c46fd88151420c6e,827347846.7229882
5b328b80dd844db2e946302b,902055056.3501693
4195fdfe50e42e9981fa2f4f,825133458.507017
2d4031f171f965d7dbce0ef6,745789034.3014958
fc1b713d5605b0030421d5a2,918177185.6815318
cf6092df1f22a7c4b8ff9d50,344504520.14547944
8dbdd7c8971a514eb7cb4d3f,976095151.7965556
c197faa8bdbd51c075a6d3bc,810663746.5276455
1985a2a5c3b2b0c7eca22afe,684773079.3018379
92a1a8b617b6d2c3669167a6,783138921.9602958
2a330fdcebb247d6a6fdea23,910071165.2024465
c3dd975d0aed59a65a784e47,657782098.832581
608a2339d558a6cea9478756,1009386041.5304035
c0ccf6d535d1316e37e1024e,798604681.5689172
229a7640d41a8b8d6d2f8f83,958019270.0039978
e3950ce025371da2b4ad9db6,883744994.7785242
a7e41393473834db30f2c1da,585454138.5574191
7dcd1597e11f83093cbfd7a5,960212122.4525406
71235a69058912dec1d355a0,742628083.1920934
349602317da0e456d88fe24f,710756620.6733482
ddccad3e5a4eaf791ce3a7c9,656176023.9177085
776d7d1326576f07762ab3c7,1007139852.6222466
1b88c06bb3c1bc2bb39d1b86,711502459.496009
1c5c4f4c731545aa3388c554,644014713.0892928
aaa67089a753d255215c15be,379011115.2084105
d6d5717a4b7e2edaef162b6a,913900426.298175
0ba20e953e8e76add161cd6c,695404823.9019612
13c39860029403ea94b5439a,1027085923.7979654
d5436eeef04e1a8e51a38912,442150350.4998803
21f00ad1214253dd5bb97817,988232293.624535
5a3119efc021fd0f102ab958,615819114.6704654
331c515e7f0dbb4460810999,974150801.664156
9e360588b18cb15aec3b6609,361632585.6645894
a7cc7d2ceedf4d69664dc734,883375371.8081272
4e78cffaea2008f3919ba0ae,558604571.7121799
452e0518f7164287e47e6354,828502879.2083805
74286242739391c4eaecefbe,825258292.7938734
df06b65985649c7107b794a4,830383704.4187394
b6a21387674a509514fa5518,910488684.198326
6752fcf8f1af18d61124e32c,829940075.6708393
a7e40088cf53acfc65f4b3f5,935496995.4627662
61b9307a25be3119effbd0d2,792534422.5201632
3061729865dd2d68858600b1,722923305.4182428
ad38d5660b6f1eef23b76039,433369316.5340347
1d493f3954b15e84c41afc82,649945763.3883
57744cb947a923584fc6bcc4,388577023.1123053
16f60cac352cc0d668d226d0,449013893.7295861
accf7bdeeff29ec7a209c509,560471535.0971785
a694b9ab05641a6325764e63,845913319.8711059
bdeddd3f84cb0ffdd1fc27bd,814387088.0522753
de9ab30042562789601833f6,192510310.00184128
1a95522f43288e32addff2ba,217617642.51667333
3cc722d5c764ac261611c2b0,471951676.2266805
aba85a8a7ea2def1fdd18587,475939177.9376731
b272c1025cf5c1e1df47042c,772013693.1524212
5c449356b8b2d7e0928cce59,1061997346.3438324
a56d3b5bc13c9849cf676750,522642922.6489644
942c934c0d41ab822d60c795,664830237.7469087
b0fe09d086490092f1690fc2,787727443.3731856
7abc8a11d3d6c905de3f567e,572587412.3862158
16716773b2a43df0332622bb,421843957.6486184
98fdd3fc6c9447d0f05eb1c0,803441875.6233381
a59f39373ee368259b441de6,369059755.8871429
cb778195c5d61a7c4185424c,1108696849.7699869
c0277899d5f185cc78fc4a79,862182781.7220535
44effc9574c74ea4ad98ede4,777383951.4291435
e2d00e4fd93a02ea81895355,693931994.7610103
ab405cd390c0681c3c67836e,818344253.2830874
86db204f7ef6e0e0e6687246,656875594.1464922
97b791fd94b2339ba115a75a,926975227.6632354
3897d9b5fe3a0cfaed7c18a6,236399795.90652472
ce206b82f2de3793156baadd,739853308.9946493
2c924b9d45667f7168bae6ee,691351056.8952885
358eb586d9649d20dca9bfcd,903061831.3340216
71b1fe15c5bffb750c99f648,655989085.2386303
eca500b92ff96f10ccd45e54,781773491.9883652
7b63445c5e1ce95bd12c31ee,801611175.1622823
97d64459dfb368b1f6067ab2,784928543.9166281
1b09874d5a3e4c9e0d544198,775875719.8910091
54fb79bb019bfd10e5481ec9,916209817.109042
b3b63d292523ce0a925b871c,637656872.2505344
09759befd8899fc1e359935f,718869213.6142713
62e0110b1c8dda16cc7da89c,655048217.2196358
d98ba43504fb49a4f0bd9c05,880766845.9828306
48815b454dfb64fe60e2cde4,793155366.8727639
40a65310ce666e80a9611d4c,868681520.7259363
a8c5674b5d110d99a1e097af,752101816.7470148
ee9e7dcede0ffc20442b4407,676730474.9795939
9e858250fcb7320b65bed9c7,879160337.5745356
bc76b078832a3a81b6d637f8,896098354.3448734
b06d3ee14ccf3d46fe2431fb,713869410.262294
87332a7e03cb851342667b98,730642446.2745519
faa37a79a1d72e4b8b0c80a6,712388710.3792964
0821109831351eb2501e362b,927655240.0969387
8d01d6561223272181235c69,826158480.7588519
a0f1c94cd34fcba92f59a59a,785841186.6077069
f6a5c88d1bca87c1e89d8084,998136035.8859402
55118881731616058c929b1a,1066611936.8140385
bed1fbafde11c156b655e04f,450635044.069293
819d2a7c3330480b7217577d,897488093.1385727
e1967b56ab8ecd035bf39534,734493278.7009944
08d0615cff29645ee70e20e9,1009618801.9717999
2e8af16a155fe18c8c6730a2,686350578.7873286
882e8e77fa1a71288f6b61cf,1080585161.4997296
7930bb0822caea5f6451bfa6,719225997.495135
993a18ae04d78d374f854262,1045293118.4966383
e5527bb25c85988e00da339d,678573338.0803714
07bd45129563bd2fd974deeb,207212690.68735543
83727953ecffc17bed632d94,284572993.853403
2e2d3f42f4f8369733b3bcb9,583448909.2629848
3b23a71bf40e800a66bdeab2,339053242.74466866
894f346e0ad39c57fc0f369f,932546587.772934
d1fcd31555048d043cf084be,881214725.7907096
8d48f73816b248d1166a09db,805302905.2835909
32d5a20c542a8194a6aae965,895873535.6791323
53870de54350a8cd7c13f014,898621747.594763
31cdb68dc6476128c4bb2f5c,739424743.9201308
4be6d93d8ae1375156444f05,280265187.8492232
33a7f6aebc3e2d480d287199,880748511.75529
e1e188d3f9940f9dad98488c,852256826.5905092
76167f6ca3d2c404104b77fd,899994960.8457215
9297c340db8a74e10dbba148,656586210.2743427
0e001ee8f27e1a2fffaa0225,805460296.050783
ae3868ac8c44128b8a955829,855648734.3103454
bcbd20cfc50e2f032b174b56,855469012.508906
253560c855216bd9eb102595,753660381.3645577
c9c769e7ccc99016f61269d0,724286753.1059923
7c07ba1982289ca3abcbece3,721096321.8783385
c5c024d11b3ebb2cd088bf6a,820492408.6102575
f0a8fb06fcdf8997bcdcb03d,760712771.7396743
806f9ab2a016e774689ce2b9,433920312.68187
4491bda913188aad3c66ef20,751494330.995581
0c37c0d27631960f9e0fda1d,751539121.4686104
b50b45bda0905a116f238c1d,834003090.6952541
f0f8e755058d48542b9cc4e3,351370982.36190873
b3005057f48c1794b7974f4f,852256826.5905092
e1e5b0bd721a67318a3848ed,669086884.8107558
d96155b72c02bfa04f7ea98f,897909069.5469842
3825ce5030d951ef0fc2f7c5,426014812.73844504
99587dcb4237fe90acb15b5e,218971183.44996658
452ae373210337b8008ea2a3,869458053.7299411
09ae7df5577582ce7e7b0aa7,576145754.2935016
b98967876009fab4290736f1,674173532.4884827
24a4a43ae4c687bda1066227,1023246325.1551237
c509f2036a11b7132c633d2a,451735106.77126354
bda914dbacd42b2b7c6c5179,1060079550.6355485
5a681060eeb2fc8f1b3261da,871828986.6873585
016bb199b12846ccb0b03191,763320207.3793721
ba94676bc0385678ce3780a3,576294105.563756
b2183e5bca67574df7d5985b,367719331.5761486
baae43ea29f7e419bbecf998,837077316.3980019
ff1a7adf260e637bf316812f,505855213.36241245
8e56b5dbc4cf628ac12e5bef,745487237.9264132
c8941b8d7626f7b33628158f,1039246245.6573261
d504ed869ece1b1d6e724452,475127919.71444774
1acb5576ccae1f0534f614df,880934374.827772
ff228869121d053ca7bbe431,766825495.7029727
ee4dea05e93581750d613c59,802382693.5590601
5d507cdfb7c233cf96dc6a83,578787449.7723154
faae4324336f1211ce4c7809,669296407.192113
9a8e471c8f4488c3799483ba,700568156.4310044
d040e15e50d655f4d19bff54,635121449.8808415
efc7e89ddf3de559154d8e0c,1012718840.0409849
e91598736dbb7319952f0dfc,703003235.2606544
4046ebeeb7ab85affcfe337c,981177536.599889
d12059af22bc7d6ff170430f,933322404.4330301
99d39d72083d7485e8944a3e,745698642.7702878
b9ab2dcd8d1855e4bdd540c4,1029857158.996113
97106114a8d353ffebbd07b7,296352075.4629743
d5c950db90c92be5fe753189,194101016.1488092
119833a13f3f7df22d2b270a,810311212.7291887
b2078743e33e1acc49c2d2ca,731494920.4254354
fb9371f86ca6f4e62ae374c3,621264101.911667
6a39a747417143f0cd24f3bd,838920654.8985033
7bc0c9e2760e4b1488522768,936660044.9447448
3898683e5d24bab9eea24d30,957547684.583471
be0e466ca7d6942282c8626d,752204319.4450196
2d65980024ded46854c25260,1041957916.5217175
87aa28825a5b8ffbac5f2e2f,678237925.5946765
918b0d900ead8267aab4cdf7,649777248.1629566
0c85506b301862fb58b467cb,649673154.2409176
4bd031478b15017efd41b2bf,927823042.1397351
48bee96c1f65b8e283d67483,951124003.1264338
7618cb8d215425c931f47886,187728134.9530553
a7a219e7cd18f3c4b83649e0,548014437.2405783
9d3f5b59b9735da05588b3d5,798275733.0264002
6ac5f5f52cfeed2f0ac9d018,849829549.5744706
d885902c923752eab7b619e5,756915669.3644317
b183e2562cc4816244ce0e1e,809806144.2134782
88622b66e6c47cc62c3824c1,913875627.1251078
01230eede2a4a74ec4ee5105,868496880.8918409
060451a9e3e0416ff41d253d,965873835.3646518
3ca0e7723afebbf53e390297,755708328.9841952
e2ecbfaacf11ed16fd71abcd,793340380.872908
1f0d83013ea5e4c3f4beb583,1006194601.0889559
450c4eff7e37a271fc24ce3b,904633831.490364
a70d331be751cdc3bd0aab29,416581229.787303
41ac76d4fa450fe0c377a0e5,378962676.6748946
2ef8a530db816223dcf474a1,664499280.3427963
d09c1af87ddad4ad11b82626,649673154.2409176
35b1cd8020e7efbb9ba5adde,766714832.1037867
6714f846f2fa3527641ad96c,675844729.2677226
4cd5338bcf246ebf263baa35,519033487.97675735
0878a639ab8e6b6e69a3df41,768357246.0504894
f4c118396d781c140d8c9b08,676093120.3852891
27151512d4b592014137ac1f,891354163.9020803
8e5123f5ef1da66571ccb600,947719683.0856935
c491a13a87fa1ef595b35826,864865955.041848
52d6c4bcb442eebdab338116,864922703.2527522
e23d93ade25e73614d7bcd77,979824988.4152703
43059ceabe98412315566838,713571636.0894907
93b7fc7c4f07a7f117e687a4,557720140.1254183
09caddf25db3ac8e1a98565b,729371354.7775868
e3034ebf243b024cbef83cc9,841393358.0770066
63cc884a9c5c888de176461a,808912699.9989827
069fb1f8d0f06ac2fee87314,730607632.1412054
059aaea3859c4b9662ab4df8,744171417.3970029
148b157ece514d99be0a7f93,245264493.9939398
9c4f397c093dde7de5d485cb,977349405.3481991
e28d8dac5c1c75d295a9eb3f,744171417.3970029
a804849802cc0820d25f955b,744171417.3970029
fc43df7f26644fa464ecb090,821032747.9319187
608b26adceba64d9ebc5486d,744171417.3970029
be8bbf40db0dde8ed4cf338c,744171417.3970029
d255f73d4066fe559065266f,553841465.218185
c552cfa8e6b8c8be2c963ae8,695937071.7874037
5ee020d4adc767b3b16fffdb,553893953.5272804
2a01945c2ce528c02b391c61,916148355.1762222
dd7ee555ce0b2d58dbd8a9ea,495700119.186059
a732aefa7ea4715325e9e80e,780050094.39671
c6faa40acaccc1603c29df96,821032747.9319187
fd8caba10cd4d1df27605358,714651871.0571307
788c49c17df556bce0abf6ce,960222911.0391002
2d0d803cdbeaec6e2626eebb,702056838.6779327
0872074f7bd512dbd4609c85,484507769.1750064
3f97341f90b11e6a7a7f7c2c,821686754.6284767
2bfa301ea435f929e6c0d1ba,769631429.6578794
1d029020622a600aad4c2991,986435632.5185589
8a100bd7f5da66664a2680e8,688286243.3575257
1441a28c376a20c90d72cfac,661446305.3716931
495eeef459e80680720a0ec8,556396987.2252178
df81d07cc6e8fb0a01c0f404,866855903.2440295
e23ae41983b9f112f05bb703,822940914.1700823
a2ba273b099221390bee92a9,585231078.6406257
63dfd58a5c43cc7c0a468209,149639983.3188941
27aa789e29e52ef8d78b9bf5,957077200.0653127
fbd613ac06b6bf20d76822db,697150905.2272147
2a805135d8030b614d9df9aa,962079991.1537484
22c9b57a67cbef0920d09174,246224038.8298468
fb76da6072bea5801e407990,658693924.6054105
9050b1061469970ce28742a7,408064404.7486266
96f5db1dd0f36d1087172fcf,868007326.5443606
38cccc333e2c38bd608e1880,878830801.34446
efede59a47d17737f90f4bcb,971193651.5842792
bca5301e6460eb859b7ef34a,739134324.8349491
a23a13e43f3e08ab82c6ef82,378451470.06135255
8437a42a8e7ebca46eb088cd,585981445.096299
6e3cbc252c449fd4b758b97b,602792461.235246
6cc6b0672aaccb8909f3a751,627769175.169857
c60c2efec3c12959d86fe3c8,774213311.314225
d0e45d520227ef8a1f53ba28,748693655.1444123
e45293f1e6ceb2fe79f6e0d5,763409004.3128194
4202dc3f8255586e1ccfff46,708835084.7992713
1d04d5450762d664fcfab674,923892919.238997
a3f969063f78dbd95e6ee795,773198717.5194792
2e3fc1d628f6727880d3d4e6,640411014.3476546
22ea31eadbd3a54216443137,149639983.3188941
6490a1eff73727bf62458b0c,830335425.9398569
49721aafec7123f6ff4d8010,1006290913.6714014
bce608b4629b6c8512ea2fde,748621199.7132716
a7ba3ccc4831ae7e539f0cfa,577315416.5998421
959b2293af0ee4f7c9fea7c0,801923310.2697494
bbbf74a3abf9cd8718384a65,359403557.3569635
680a71ef7ec15bd919c06320,1154203257.0874357
0bcdef6d56052acd2afad93d,369004070.7735575
1bb885a07f57936b919629b9,593756283.4911207
8a222af682e2d7796643ccf7,662671227.2185419
3370a48ec22302456c41ded9,322896085.566453
46fb04e7578da5741f6da4b8,709670294.1944815
e9da7f2549d914aab6a30e10,660253645.7758408
10d0506d84d778da572ec635,931421925.3396337
966e8fc9af08e76f8b276245,532347028.2258868
0da2a849e0f83b17b006e50b,771835293.0822331
f7101a05db93cbefd6a3b31f,225549508.56422263
b74fd7f7db38ec233c6ad71f,320143211.22782916
0d63e52a47fa884e36f10810,664112333.7963582
77fa49bcb52539888d481ab1,738835595.3606516
6f412fbb33519fdd31e741c4,580421486.449595
6615da422a3864d415b28fe9,715679732.2322221
f258fdece395f0c4f4da6a96,882288641.305947
c54c645c340f59dd5f47bea4,314984667.2850718
bdd287e9de82903f210878d6,731945915.2930455
e110abe74ba0ad062c9b575f,810166492.369702
47e5ea8cb7f5ab6703803690,958135115.224032
e71c6f7437c633e2d9da643e,700263067.6012323
783161faf2e3501c38c0aaaa,405069010.14467144
5fc3de15eb0cd87be5ed2e6f,636914027.3240876
4066155e224520530ce985eb,293693261.72660315
7745863791b5cc6d49f84c8b,209165531.1877394
aa7551be1b8d6278d38fbb00,1040661854.7650867
d654c9bbda61c4c0ee1ae2cc,588371320.1292692
d224080523a2bf2e81698d15,436143825.1950509
5f8d0a2ab1f9136de446528a,884652844.8330096
405fec98d5a3c8981173311c,695261847.6613088
2a9e77fd00aaaf773d130914,381168990.9758039
279b76adc4bc9f8dd86759b1,847525072.8740491
f815ec1a63e980717c9c3290,724135433.1476742
a8fc825e34bd9bd56ec5331f,874421205.2166785
248ed6abe6e528dedde951a3,297728920.5219812
2bce6544d58b6970192a1838,577950149.0390947
352a76b301243d22d1b31f79,689937990.5364739
bb9991da696d6e1f13a32d0f,386142472.3352688
8e88e6cc55ca769e472aadfe,698131140.4698484
339ca7bc687766f517ab3274,379092074.36214405
93375efb2e74f4913d21d94f,663783381.2807835
17d7e6d321bb7394546e6b7b,682869759.5832576
0f601f5ee798174ea9d52caf,782589587.8822827
8ec8cac469f2448654312aaf,1005741904.0058086
affb62139f02e524692ebc5b,412669199.67543286
c01199a4b2fbf0f6cbdf2a65,751334285.0942597
4d1f49443787c874ba19f968,975647683.2000353
035c61042b7dbc7ef888d1a7,1019675358.7176819
0fc7d98f75bc1c0b782a328e,1015525285.8854197
b1924a5697dfe829b5b8ad76,448957884.197777
d0100c18dba3c334327b29e1,669474751.9082459
add1a20e8bba47aad2edec69,928524301.2434009
fe8a78de9ba7b59a112e0046,447316194.8353087
b319d049a3a8e4a095940106,702062559.707405
303dc73dc1130de9aa2f70f3,637573587.7124888
e471b2ef30c388893119a010,963701822.9463458
9309d812688d0d2bdd33d830,758081127.137317
fdb192e57e3e48f70a492b87,698774093.8652422
c514c9a35632e5a9c0476a31,761067430.8337001
3bee8a9981a1e9e13a05cafd,727538710.6687909
9c942287410db3d0739e182e,602765744.3772057
f59b9c03bcd4e0e06d23fb47,706815555.2644479
4c11f4ebc622483532c24a06,637161150.7339063
1f53612f7029a21e2e9f74e1,910572132.0845938
1f4b6eaf52fb940e666c1c93,670539549.6247184
dc65f0bafddf39c6c4b2c9f2,421329645.67728543
344823ba2777540ffa2a8fbc,934467764.3137933
8cef9b18f20e9c5a32e7ccc9,943086897.8316728
413d6e4fb772beff60f73e2b,677214818.2142953
15d3ae51558bfeef80b9e97b,843280225.6557372
b81c26f2ea6b66c8315d1146,999090583.2138265
c3786f81345d39fd8b353da3,788216347.2207762
6c568d2287dcf12b2aacd388,797748245.6222116
e6482f3b6184515453d16bf2,954040182.6600779
32c7b848ef60432d98f415c5,815719080.8337181
1689c3e3982382e27a4ae074,695582323.5769979
3d0cc51b7a2392f3be3b1666,760794885.8690382
1dbec7879e793ba9685741b4,779609286.7609777
82ff2a63a863c089ea90bb5d,782034032.0761948
3d9856c3ee0a4b5a833c69ab,285813403.5489151
6f293451319bae38c71b8266,772291886.3601109
dfc817b569fd71d2dd47e980,961183765.2061782
c34d46d83e76f54d53cadcb2,692216166.3560497
e08ed8c82d05dc3cad8cd2c1,810684086.9894137
e21f2a8d9c641e45d442686a,1012122295.626492
f1793973b462cdbffb1ad648,1009909208.1493484
b15bcd6248958d98867ea585,755995750.0032198
e640424f3b7d1db403c36ba0,1005158433.7046655
658c0b009a09339a3f312145,727788617.035618
f01fa45466e2730f935a4128,815064253.4135795
b4d69c7bc93efb3790eb1422,991092919.1821953
c2242a77d30c0abbed667ce4,972843578.3315344
39542105a7c46ded0cc373a7,937406193.4078648
13f42390057bd294cd787822,700568348.2120776
183d99d88d1e7d995180918c,902557822.2886508
60dd7dc49139e7816dd8b143,728250204.461535
6d2ec752890a2f1c4094044d,982699888.1295596
0e776964ba3733f3ac18a7a0,942573340.6079919
92369f73435d1ac3fa95f185,758964023.823075
8db285eda04ca37b86dc9724,954490443.7193837
a7b14faa46e7b73ee4e95ee6,731665911.9470388
010e676743f6afc01fd0838b,953704577.0796545
987199d3a23c08ca887b301d,864249821.6760927
4fd8643e1c43ce9a0c18a19e,870090208.0364347
4d0985935e1432b3916d45be,734769458.3396231
4623317e8c9044e314ccc4e8,749855990.9988962
ef8430c4d15e5887b8103bc3,953704577.0796545
cd6ecb0f77acd93cc1c9038e,932464017.1499727
b0962bfdb6a2c79a0ca84e48,390506575.50111
7bf592c5c34bfe6a5df3dd40,709195386.5694144
9337becb0628955b47e45b98,953704577.0796545
9ed0bcdb62b2223d716d40d3,735850064.619117
4255eae670033d9c9e9a6e3c,845119196.5276585
c5346c37454ac2b13b92240e,1005348055.274913
94fd4bb5f41087921ca12b58,488459895.7497439
ded674ba9c7b76cda404bac6,822421063.8958589
ce25e9fd3bce9b75050aef5d,964617341.8491654
4e7d3cbe3c62123fa7e2d969,929299074.8466048
dcf5b42ecb23800a458562e9,1041434258.1931217
0d53bfcecf0397ca27e5f78c,686109333.5710086
f4ecb15ef992a677e8b4fee7,595127802.4251201
46eeb8f186f86f7859274d4d,947352652.470546
b5a7d4288dc7a7868678b9e4,888641226.9064761
34f99327fe595ba6e32d89a1,273490326.152659
9a53016fdce3d3b5c2baf3fa,965017769.4376026
26be10d0ce8b763e9b457e76,963102416.0632677
2e111ff939191cc6df2c59bd,862527943.5820237
ddcce0b9776593e3ef3ce21b,689793881.317052
937c0b6350beb0f51e53ff8c,459794203.76729953
f50941445773dd62e87e0416,963701822.9463458
93a1aefcc4ccafe4866bfc76,322616021.7807786
70c0a72b31dbc1b97c102c13,953704577.0796545
8aa9e1e89993aa49c5c3eced,803169809.6218659
2a5ecebe40fc09b45d6ee5fc,368306320.0136936
5f798656baebb094a3c83793,1014735141.8127016
596b6f435f76058493a16cd6,918492718.985736
1c510a71734e955f75187106,814566661.136286
07de14db9dcc2d4f9eac0dd2,920454596.5709317
29503210dfd57bfef8f16802,1077813301.1445544
89575a90c7b9b960c8f4e052,629175427.0648855
bb5a6045d18e19613325dffd,919215900.7696437
f984d34c8f27e3cdb7c2a44a,747688210.9220715
90822d4e3a369948cdc4d998,379562927.03047925
5b9a21a42d5f50ed4b10581c,761738169.8890631
1be01d052c6a65c5ed286bf4,815484276.3440444
b73d317e1e8ddc3d5d0743ef,895765640.2468737
bcd302e3b5342ecd8cc056bd,965489368.0630854
eb8956f0c4a885619bf1ff79,867454649.7791444
d5b950c5510c19ccb926e7c8,797683428.163178
1e37ea0918a00bcfaded3453,794401841.9060979
1d55f4694f3e000ee3ce47b3,299087730.6470018
cdc3e114698984145df842c7,728820470.3581159
9c611e246a612ac6906abe8e,1010467683.2691836
c0c820463dfec602a6118ed6,763136221.1492239
6302d4fff078a118c3211794,857548455.0959208
c98807fc596bb2f505b4da9b,1001539776.3064858
cdde8657b5a215915a04126d,1039315103.0660746
3b2fa7905fd8fcb3e11ebcf2,763136221.1492239
59764968800501c68631aea3,828850647.9818171
9eab02171cb5f15963670172,989009167.9383123
61f84e5a07f37865c31d4a07,953006565.8629233
1494f223c9d3ffba26e42738,868357526.0366035
ba137cbd10757ad20e5991c4,647523933.4772894
d2fb81a477ef3690cb11c93f,1052776113.6288756
ec4f7794cb756b995d5d207f,787999655.4657233
ea4add08aa912717cd42f9f7,949832219.6083313
f11d7627e2f18c9a75595501,1017548183.9418178
8095589d5e1a55a76281e13b,985853021.4657282
f5add08cb615eb18b3153bf2,1019731465.3851589
1894346a27970572aa703cd2,720307607.0791885
805a491334f865f06ff42329,792102585.4072051
062d5544f5c96db90fa3a526,1111031830.0338304
332201e2583141f3a02dcca4,933237781.6874778
4baf1bfced8e85013eca94b9,763136221.1492239
8bc002e1f02beb4d83a6f6ae,880052253.5529189
adebafcf3eb0d34ae31718ef,1083984901.2419462
60b5b0aa0c1319557cd0cc85,947443211.8410674
3393fece8a6ed311ad865e66,754558848.9195375
df4a1968046eed5326119599,775565891.418152
b044b9a587b2c6ca00447177,859230658.0889759
005ab848b35907e42aa0f4f2,942123218.9476404
140a0002732574ecc516e9a8,631199429.939906
bd850d1ccfc4b21a72f3ec44,782461120.7229667
c6dc8c201ce38ff2ea49cd68,813184444.5305605
572ae40f693551547e13a196,700626520.4753224
b39d1b2637dd8e307c8ba13f,848690741.1455349
2ad02d6d56b95ff3382b53b6,722272903.406496
5201393754f4a5f2a476ef0e,1016201144.8603078
72a66bc6d15390eb05a5c688,805737015.1551287
1f1f3e47f3593e4b2824e628,969278967.8954014
bb7e14611ea6b5e4abb5b89c,861987696.6161317
b82f8abc8001cd6731c4ef45,612892322.0370959
6228854021e72af611d2e59a,809203731.3880063
6d21e1de9c880bfbb17350cd,771192636.8417447
7cfa0c98191ef9b7c45f0520,702537590.5229317
a739d80c3fb6b166a2c2182b,580386013.8617895
36f85981124e858c157f83df,837815925.6024294
3d6d51ca99f2747d6b92dd19,844610625.2415438
092b7b5bafe25bf485de37a4,858401827.5230093
f2e0163fa07f89820739dfcf,928487894.8040081
ba47346e7a53412e78363ac4,920982746.7023659
f86e80b2a831572b85b04e55,831533085.4388847
199a6f7df516a685f086dfa2,689378602.4411544
81f6d6790aca5e9270c3d1a1,549575081.583666
74f099ca0d949c8042569d51,288923662.769109
4df3717406f9852284576caa,628815580.4800824
5246f7d8023a4c178af6d10c,752625204.4437808
69d9908e13bf7c8ac4c30531,227345756.67848653
e336d9d892441c7ad886a98d,480898531.76438224
f82e1c70884ee1285e1bc491,418290570.05288017
0ffbcf7d58378c85b4103c7a,889126387.7649947
3679e1844a35c0c87fffefeb,537944762.5964675
955a15a734e56eb287555307,455909123.1652883
722f262a44b2bb6fc05ec35a,431624193.555373
48c346042d9cb826a3714466,326542215.88151765
bc4b7bbf5df92f476b6be103,348872299.1881249
667685f89a61aa2ad5c9ac7d,557244725.736747
8be5fca8f4339712c6f3e29e,375562532.5687625
09a5fd22f920267b464e2a00,640745168.4828606
f6d2d31af94a6a73912dd9f5,799587541.8447828
0e9a5ea81f6d91038d8711d9,442569638.1550326
8b2d8edfa6788ddc0c7b3eba,664612759.7090183
2f48a73bfcc91272161afd39,786884064.102365
a78417c74b8c99279912e427,704914144.081256
4d69f7c7e0e837879abbdf78,226882572.57586527
926a7b18e48cdbf6ac3b396b,550596623.8481853
a06733f7b3ba964c20ae2698,871004065.9585354
02d598a32d864c289e3ba6b0,767230469.7767184
3977cf1326ff502251f78f66,696943834.3591228
c3cdfd0733404ec885eb3edd,805093667.5226868
a28bb09e30bca82627e595c2,916229018.993019
0a2f8c8ca6094e6626d4e8b1,747421650.6255462
ac9baabfd96d58e376149a7e,371312394.85580075
700a052900adbfa149dd5b6c,977640596.1613947
4b30968cdae59b4ef3298f19,812766398.389488
c673d94552bc3e451672939f,831533107.2851605
75392e8381e1c891377fcb29,727260824.0512531
a55d7074220aa6a750297c08,733685898.4613432
81eea19e7c12d65d21e23648,948208657.9087385
69df7bc1d82d9723c70eca70,733685898.4613432
815cfcc4d26738f74cbb67ae,567137786.9311297
5ea150753f8d07c71af45cd9,749449280.2596864
f851b02d18e74610a900bf14,881804873.803526
76b9af8036e38d5d30ac4c7a,1010929484.4252115
4ec5ab39cae4afc3b0e69438,958667659.1251248
c74020c85c9fcb2a2cb3ac74,792187293.6861591
6d6ad5e3ebaba1c11dec0f16,1045379923.3975192
acbe4eb98668ff4967a8cb86,778554886.0503316
16a40e3dbfbb9c703e04028e,726388422.0461158
ee5fa0932e098cba28d950b1,750221817.4722121
5f9fa56b99677a489a9966bf,861987696.6161317
4045e30cced205e8c5b2373c,939188374.1600201
eb2c7a973d4d6ce8e6ae87a0,1013433628.9346105
99c69eeb96e1016a7e53b33f,786914798.2538183
aa7f56d05ed29183b825d61d,596718148.5326953
4630a9af58fb79c0008e5fa1,782139699.4214407
ac003932eba3a174c5b998ee,533594993.9762425
56a7470ed14454665aaef75a,1005854573.3745759
a4e4f56336e07304cb946b1c,892860834.0859997
00ce045307538da1b0bb7972,842108675.7186381
cad720be1395e2ab5869807c,825483670.3725023
344be03236aed65e74b14a2f,712664526.9237467
58a86bf535b4c16b50dfca06,352473815.67378354
d52c3915fd7d2ef8c92a22fe,712664526.9237467
8a4b7e86a90a296e10a49ea3,725970346.4333721
e1717a317481b0765a7a6a0d,781716706.4766345
97fc10f5ce4a6fd7357381a6,712664526.9237467
428f4bc76d4cd315ba8f89e9,480645744.8041251
4d882ac2b82569f74aa08824,308305890.57791036
948ba87dfd7993460c967cb4,712664526.9237467
1bee6a5aed5417181a3db77f,624612990.185128
63cdd73026431f5566fe246e,794644389.2264102
013e2a07f94a99323b64d370,1046082408.3766992
ff56b24cf15289dc6d14800f,756250653.636414
7bdb94165857bcd37206cf18,297055318.7303285
1d1e29d9601aa0eddb4d6c2c,870656564.1878302
a8c9489973c54b93737dfe20,646237857.4872184
254892c6b84c59ff5ac4f354,825394177.3902566
c6e9772058edb2268434d7cf,619224912.9831921
916a413537580440c4ac6028,774158078.9792655
bab8e472424cd57faab87ff2,791458355.9944954
eae5eecfa2fe828afbc94b0a,731155898.5879908
da26059a2cf36e02b8702320,653500915.6233141
e18fecb7e40bbcaf26c863cb,992439909.4925379
a55906464634558b94d9298e,743542090.4656106
3032ae39e739fe46e9e198e5,856409646.1050767
663e062b85f16c2419f8456b,742164933.4476823
aad0e527c4bf6283f76b5bed,1000736992.5024301
32fbc0f1934f7325a404a2eb,771887454.011576
07d1137c1f0aaecbbad32f7b,634064474.5907345
3058b792e3f6781e438a2e9b,669972317.3509165
33d6b1bbab4524c3aa03756c,546464999.5921618
c75d43b8089321e359e14264,693423148.0106497
29ea1796aede16cab8a50497,298116846.89739966
bed21c41b31a3bf2095aa273,969237754.2225538
ec232a7ee3aeac713516614b,666837741.3043084
bb7c68c2652c7e124d88631c,670399934.5030369
697b6c6f7666391fc689cfb9,675953000.6125952
d912e45dda1a3a628fdf50d6,801754697.7701476
96fa88a07329d3988b6b41b3,786323071.9063418
66019487c37339e9354ca999,954067944.3331417
fd2dcbcb8a31e97f31d22a53,892505368.2016273
1a309175498997e1b8f0aae7,760557492.6011755
e83119808dd08ca090f5ed85,800095848.4664364
1a26960e24de046588ca7837,617466068.9461757
379c4fce87557848548b0944,236356943.0891186
b2d7355eb2aa975900776275,933437358.0723206
3b05e06aa0bc40b9db16416e,266107679.47544667
4a5405b1e181f5b10fec35a6,956077092.6496758
aff22625564f00844ea2610b,975073447.0307478
b40addfc0da42b0e530503f0,697532143.0892483
9200d647b6ce9aea67ff8ac7,543457006.1471307
3057660e38fb757dbc8bd898,738805793.0274771
799be2171dae4763df530e4d,902514370.0858217
819265a930d32a97533d132d,658970287.1133741
9ba689b29d0696fb7ebc44d5,1001807013.1639433
0f7e28b6efb9d550ba28a1e0,717753773.6587864
57551742fefae23bb32571f4,733210653.4689343
9569a50febeb4163e28c192c,815267381.8456398
1d03efada56f8a70bdae6aea,529287307.5051049
bfa56d6230b858591743473e,740608690.7841117
ca54914a1cf1028b9c8b681f,383569704.2423791
54304b6117b797791d266cc0,706530158.1291764
166ae8e3d0704209d6715240,735412921.9728652
b56659e70367566a4ddb81b2,848371424.4848015
2641f220611056a1f5616dae,1058087681.776335
08a82bb9fbe4b7abb50cece1,694095084.4248577
b40a9888ec0379fbf85516a3,900525022.2281365
d35462df6c686296a3c7bb23,863927373.1991189
db244703ce223e6acacbe85d,810775740.2906092
a90df94f959030227fa015b0,805483181.3610083
d97d462ac4f5d9cbbf04e9ca,847937879.3582078
7fe6ac57e87b8126ac4f8530,636990997.6420751
69c28dce8eeaa86605143419,807558968.6881965
2bd6682ad8343b69fae1a59e,575316207.5582409
2e6fb29cbc1ccc3d97c92c72,907613469.3267009
9eabba4531191127ee91621b,933463026.827854
d0c411218ffa7c3ebc10783e,700062523.6479695
0c61a011d7fe0227be2b3575,790122129.6153268
2c47c3ef9e139d8c4513a090,636474026.5233423
f6503aab62a68ca16eba3fec,1066090269.4536313
e7dc05756684b070b36d681f,656140086.7293149
17484950b143d0395907ae6d,769305997.8271118
3d997123b33373024bd2cbe1,957803799.4657096
ddba305c2a3ad29db24a0658,298650588.00074977
b65efc402cfddc0aed4e1d76,751466861.2969545
4a7ecb05c9886bc35f6b9160,560813981.5228606
b4e14604b888c994b64f94ba,677732654.7100271
ab37764e5f4e00097eac947a,919334967.7942705
764da64c41700da5ee80b8c7,716069909.3367183
8a84a073b855e37a12327357,888204084.2602243
5a6878f8a47f1fa2fc1d600d,943934562.3556257
505f3d545ce83d0c848f828d,1013319969.6706381
6687a2299f38c15598d11eef,865110570.2365093
533134592237b2748915eed8,744178392.3786271
daae80933675e767b50bdd17,883025239.8417302
945f85a061dc4e95e779e27e,835309574.72682
62dc69d80cd6ea9fb7fe52db,1044031931.7060592
153436858070f7e724f0cbc1,813430147.8689747
7f9875a5336a32d73df2402c,758856994.6993936
ac11141115d391be44e6426c,770816886.2799997
f8243b7b679dfe8303180d73,1051933502.1937798
1376106ebc19c929df27bb62,936620481.7250652
f591597c9a1ddd9852eb3cfd,1044744481.7785887
a748841236a7a7fb33138845,626462471.6227704
6ef43ab43841696400d91859,831761425.6549416
601310d800d88f0d387235e4,929705962.1133431
db81ec58863dcc5d12839883,911056442.0940167
68d35dadc6d0dea61bf4b513,969903386.2167108
ba9be0b67571b1e9242664e1,813906162.4758513
1690af2e30b05da545f1576f,942420608.7830005
fc72ebf9381496067101da61,644446357.6544253
3a2e95f5eddda4df84b2e2b3,723485789.0040259
a660d5809085b4823e287a5e,803935914.4499248
799301c01a3e7fc2af5a14a9,674188687.6932535
824cad597aae34d7d59ac939,747664582.831328
23cfc154896b93bce4356ae6,436803524.89656734
a9b96d2a23ed155043085e87,823362979.6843373
f5d529ff6a35fa78ab14de21,740373325.2220227
9b337cb1451a8fb078dc9a07,685943132.7419863
cd1fc7362660bce494b5117a,902489617.1760114
26454cbe44a07cd0df12ca07,974332440.4296256
cc5563550bebb29c83ae3054,935642709.6781832
109bb36f29b223a81dbfa340,863870661.833668
31081c78ce92e1d8dbb315b9,1036481110.9705304
502aca1a1097438b32eb362e,773665767.1089026
4c90ce573f1d61d11294d05c,1007976653.796178
87f1e9ca16a7ea48de04fa73,939576759.0233178
224f6e839dcbd91491f3f1ac,229418052.01213446
8ee7d2e0692e49bf9d308b4b,752680612.4518746
a3ff6a1fe37a1bb736b1100d,856431310.1292092
97d49e61c1ef55451e52c8e7,856431310.1292092
b6514cdb1e2cf37e3ff8090e,1021227204.1543474
