property_id,price
d56159653f5d2abc5ed5acd7,638545131.7303984
45550aa81c0151f1fd9fd8fe,843271532.720324
735deef3382aa15930482f3e,577168642.7029102
0dd49fa8bb7be52b851c6dc9,752158828.6857464
7d3220a91e78f8bc2924d1cd,642128098.6383169
d3054072b2175deec2c1f8dc,538446402.2850807
b7574b06d593fca4eac59815,537847882.585066
79e822115c5c1a4531366001,600760412.8231679
d3ed5316a463d38c1bd321d0,709954512.5458333
2f1880c9b8f7ac2715e1236d,613088057.6994196
dcca1c7f109175760ff531c6,640783771.9839376
dfc4f3facf91bbd93ee0fa4d,527926119.19459677
30e134a6cbe61d7954d0f56b,518355258.18386173
385fee7bd9ad7722d45dd034,556150591.4072654
87199c236bf22903d1aafdd0,558329948.5087897
19e19ad0cd6b5e84d8aa970e,505426688.367637
907f968e78d748fde69dd44f,621812893.8724016
be094e5db0f784e3aa013aae,625014169.9776318
7ab96f83915bc84f8c03c1bd,531306106.53165346
07f4aa9b9ff5b0b05d31e6c0,602358526.2006313
e9be8cd37abed8ab510ba1f5,665773281.8867373
5f6ad58df27b562db077b5ce,557658358.6201261
ee96d947484aaace40f9b77f,656484998.2279738
15c4aef8401208054697b81e,905164218.5680171
22d6cb11333f2839b8112b89,683625453.5787942
288c09c33907dadbae495c11,879397818.5110514
f71d2bca0c5fe2720a1544c4,555276266.521658
451744cf3ce55a98db8a3562,557236001.9436707
fba9ae05a6a8a9e0c6268a9f,546066811.9145998
1338e58f7dcebf5a1ea59388,561417078.2424347
a817e8da0ada143ac87277ee,533781089.11468774
46d8bb3e9a0ca584d3c7a317,548167192.2067701
b2506aa9463aebf01e1e00ca,518978091.7389383
7ec025b9b6e6f33bf65af41b,526833918.7995349
2ff531e27672ecd2362eed55,612226121.182793
9b3cf0d1b91b9c6a2a887647,550124113.457533
7db5291ce4602d9b2b266872,523402088.23292845
65d5918e826c33bb950fc008,535592094.61409664
395c34e4b8f52cbdb0522459,590223857.6825665
855f4b67d2bd6d18fd03d8e7,562447082.847463
9ff06409b37e5b5dece4604a,540008750.0875243
0508cd7bd2c77ebb6fea1e56,589332314.1783174
b45fff2e718e54772d46a3fd,563125426.7279755
cf4d2297b73dbc357d21e31b,557839532.4909804
0ada7044c5b29925abc90879,556893052.3158414
6305f02255274ab5fb6bd39c,564304857.3883042
d9a94194ae1350512beff3e6,577152779.0717641
e3896296cb80d50d9ad3f903,646406375.0947312
6514f355887c64136edb5595,566217162.1833422
f03400cc18e12903b3ffbe5a,750462762.4244738
4e134600155a64783b3f8c3e,692200158.1115289
d63ebc63c82fbf66d8b6ffd3,628704411.0639609
1bd64811bd59706844230198,664168980.4255472
a83921284639eedd4a511cb6,756752617.9259923
a2f3f7a1cd573e2a33f52e2d,735072812.2098497
47344a66471fa51f61c64652,750072005.0389919
78fd849c9429091347d7e5c9,723335141.0350367
c3daf2abea55af99c9579319,614339139.2695975
52864916eb1984abca41ec66,715939153.1073214
c62494a9d7aede44f2f84023,680685645.2317048
a2b576643f7a032371587e5e,694994171.2163666
e53bc68f0e97ccead24f3e56,524771278.95137435
fd82c710aad91bc90af490fe,644727239.4138838
d436abc2ee37ba3dd561e940,619690003.4502004
216a598114a403676011cb51,597528787.7821915
ea230d5eccd2b687888173bb,822499242.9864131
18bd0dd7580f2a7cb19a90b9,553976304.4985129
b143c8ca6d334f6a73c3f2a0,536106129.92943114
ab388cb4fa511968783bafee,530222816.91122025
6a4f08cd04d558a56af732d9,659932283.4484279
7216c895aa047c4f405c4941,728833462.8311825
a493488dcd906dc74cf8a604,685796868.600041
7844b0b2bc65dced90a355c6,758810218.7033653
c1976383069b6b82ab29d092,576297903.3967593
e5cfd99e2308b7b73581dbdc,523790265.7597737
c18c2ea88f4ac53970b53d2c,531205409.98701704
842c9f0e4edf1e5a672ce15e,647140388.5326568
7dd1e46dcbddc6bf5ef694de,590946718.6431532
6cc4f32b39180bd1ec7e117b,623290391.7976565
79e643789a85dc4ffad49a25,695968100.3202544
b3402a9173d289d6db78e09d,672752064.5493808
a446507813234e358db8b573,608307745.9486648
c8ef57ddfb35061d1876f94e,782003201.6006229
360be0df2c003005e3db080e,670759876.621521
9ab245a4c91877cb7a8661ce,665661720.4891174
a57a34c7486e7a40e8deb316,589221236.1547468
ceba7d0f56f6cb03538962fb,551476556.0478853
d5475993f9db58c3e4baf7a3,823659195.8588822
d37a1dda09e30da13ff5bfc3,536037036.8934213
68a8b8d077a8232723bf37e9,559732701.9021622
e1eea7716ca6490b7640717a,535519817.94383097
4ae6d75b10848d259ecba576,566995627.2625082
17afbce5c0b56732abbea936,607792382.8836758
84a2673eccd3cf3bd7fd3eb0,716818877.9637508
f2f4e6cbafe527b155707f01,680437784.6086107
de2e3a592cda5b76c9573c5c,719647141.9295614
fac651cf404a58f24dc7d286,804722506.4112042
e6f312a0877af26b69855a3d,877000851.3201767
333a643c623a9bc75f3a40f2,675653311.8490325
64593641e470908ef23b46cb,803251468.4852934
ce9f2f0071be658ae75ca6f9,699021573.941609
9ab385e399a4673732b6a799,637409297.89614
3429c774b736cefc051e2c55,590819196.7188209
a51ad0372758b2bbfe73f8fd,574250618.2829686
8c801a266256e3fbabe7e3d2,687330313.9565997
ca2f81b8fb6fda20aefb0ccb,656359784.260341
3c1b1f86087f9b99380e387c,669564843.7632513
b0cad5d612954b8cab18101c,671853498.3583477
7eb991f4c69215377e4dac8f,639444035.8483545
0d130b8bea4321300396fa34,661295916.271358
8dfa059401e1dca80ae65ae1,652645926.5591612
3e3f264cd0ac7a65ed2349a2,602354158.528448
112dce80bf512f3f24391d23,532373171.2199602
ff25ded6333278149f8fb68f,603600895.3781481
d555b82c192794e87e9d536f,717968258.2501799
a787382d96ef9fce8f27bc70,677396175.4569236
8c3aa295f7bcfd9a43eb2037,593979396.6420296
13ac95652fb3cf6c43dafc66,510534451.590176
42fc6a80b882c32f6264ac10,520796701.6628519
1e9c53e09220d689a0210ab9,513957138.29178983
3348706086aa3db5c92259c3,539317098.82818
66d402a9b7d05f29282ddb00,554868968.7237108
cf88be51d6f31c10e5868ff7,533510561.4852985
30b3f38716be209a894b0942,524362426.7047643
0a5908a92d0ba3e36f54b1f3,623955609.9592867
dd206b6ea2d7f6555109ea39,550618483.853145
c641febd8bc2ece3e4d2d8b6,530996213.7647438
c11fdc02a288af0572a2bca1,739569269.6073484
35dc60a65969b264ab283d6d,525641794.6560982
d9cb0f637cd4feaaaf8a21c0,637764235.4379392
7e8dfae9a5f1faf8afa706f7,507051414.0951939
a280fe7610c254b935c9dcfc,523692428.4780052
85524880fdc4e4daf90e96fd,560642924.6127912
f361109d06f6609c16724b39,540656866.544485
3f6b2f0c0876c21755369cb6,567601927.6454906
de26819064a290ce78d8fcc1,547636864.7343376
91be1260a84ab7fa3521c495,620954464.3915159
18c8dc4549d38c918af2972e,621082310.2948896
782b0fb8641849c2c34291e6,534410867.70474595
54933f8b33a4fd6f031ed5be,621175673.3087034
953176c9a901b4f61c030432,580277818.6536031
357e2add3d68167a4f3ce15e,577276912.3131524
90332d50e91925eb9b614bef,579625750.5439126
11723d1d472bf1a3fdd8b72c,684684384.2401302
01f8b6799e2910f7769db175,644722969.9968649
a0d5001f7dd42d7f0c91d2a9,627272054.1710993
d4439c35bcb88e1490916c67,635713211.6761869
4a73dad0ff8a5262e8b07c4b,716676793.5532199
3dd8085a65f24b497ea59557,664842145.8703531
39ef085809bc80e32e7b6af6,712547696.2791464
b98ee16e8fd7d1c75a9da13c,712327373.6118875
16deb26bf740fa61e258f545,691246102.5080101
732a3bd457d7798e1fd892f6,772284543.5763768
1376058cb128a1c7729cd2e9,713582024.2253475
cac7e7c3e13af91bdc7107e8,728222172.4518898
9f3dfa6e1422f6aeac527c61,630723595.289566
4dd3d1288ccb66ee4fb9c097,779935636.1966707
15fb97d6a43731d61e95d004,682586007.4846582
dac29573163315edf99e0e7a,696503943.4485562
b93f2864087d41c3c92d43c3,831234795.5071119
cd4656aed92f5c0a0b6b7c0c,831234795.5071119
556210496090b42ac10cf1b8,694994171.2163666
762979729fb21e56a32ed14e,694994171.2163666
ea935b76abe664d5e2c4736f,535592094.61409664
40e9ef1e7c6749b7a8d04ea9,560872497.8834053
058265732a484ac8d5497f5c,550224154.7245557
6f52ea8340cdd283f9a79720,579309459.4041245
cafe7c1ee67458e05c84d5fb,564304857.3883042
3f45ed2f08a2b03b738fbb5e,632724653.5746952
f203b18854b75c4564d7a17d,583061541.3424904
d5333f639d11bc3ab073ed72,564538707.7424985
c14f644116669a160446a945,525915910.2866285
de585856ff546e00a5a4672e,534022910.1739112
7a80663cae7c191b5d025fa0,558703962.3275485
71f80198e68fbba902650b1a,525698636.3836031
f3523e0626df8cea803ead0f,529786238.216004
619abd5f978b1573761be86d,505194381.8008809
17a2323b855e93533a9f09f2,553199240.7993746
38e8630f2c05ea38e2257c21,555835843.9645953
1e3798d739f85ee0e5a314ca,530589622.3489388
46d0544f411bbfb6b452858c,546454993.2906023
605e7a71eecb13b23ffca0c1,548168749.0999274
7515b37b7ae7c62f3dafbe7d,559024909.3609164
28be121ada9c9303be802474,519327738.49300987
331d54f8a1bd3dabce73d6d9,589905114.9847771
22d167639ccaace593dffa31,567841721.6373794
36cd68fc3ffab79fcaa340ab,547608363.6545788
db924733e88c361cdfab874a,709886818.9335203
64eea2e9a13a8edfe8ac7027,742702991.5983447
97fe6eeed892111bfa20255b,668909188.9414155
b54e6757829ac95e2076d954,762285045.1599362
dd59b8122458557041903207,638957586.7256666
b35c58fc1c05a77433025318,791800411.3031776
c41964afa164d8b75f8dbe92,746594385.8324322
96b3ea80cce599b68f96f86e,719264784.8107074
a4bc87ad4f1ad97c0a63d843,733615749.0438913
16e62269e6aa2ea052d05f71,797617645.6548749
518b37b51f824fa0fb5075d3,670908256.1780376
e083d83369cbc93fb94842a1,751302693.8622035
57deff02895d5286eda10d89,690603201.7629439
7ed35835fbe694bc237abe38,740995834.3301392
b48efa9ddf36e85164354f26,750984685.3948349
5910c9b29a1025bada93a5e1,737647763.1675664
10a650e8cb5425c97f08f68a,617851872.6846888
9e0feca2ec3043ae6f840631,678808064.3182243
35ce37bbecac6b164fa21e6c,628806330.5357935
c4955010d066e013812a85ea,678475614.9465889
d5a83c31bec18d1c3eb9af7d,750234731.4880996
70217bd08583854329722821,674067940.6270889
28e748e7aa0a447731e06706,743499607.0241491
27929c0a3e0fd2d6d2969e03,756410001.9708315
5c5ea0d8bae75e0a5c88414f,662834967.4393982
2233f50cf7b04791cf1ddeaa,749646580.9751215
bf430621f17dcaf17fb91ac7,752240068.269389
d8dc9de06461e0220bc55906,619884660.0588453
d988975f8c4e6ee8fd8dc1e1,856757690.7440108
bab884e0f99df269805e83a4,844067724.8533328
8fa9b20af1508af7a01e2267,922620712.7821323
b6f195d44ddbe10b78b97191,544296427.8359282
2ab0eeac4a228d5769fb4365,537584642.1059093
347a4deda03bfdde6d1c163d,567387367.2555374
17230f18b30b94606fea047d,511494106.7116035
eab4ae491bbbe7b8ab107229,600269485.6162934
07c753474a847bf2bccd55b7,561274924.5441458
b7ce05400f0261743073e072,546339990.0837463
4a33d213841d2af537aa967a,576551948.5458559
04eb0b590ce7483c615b043b,720862430.3422799
a01a51af09a3dc387a18b58c,604393583.8680423
270b930a9e22d5016ffa4019,676761173.4993632
5ed1320fe84a518e267ff537,874700517.8913255
f04b574dc221473cfd616e22,756011319.3204331
6f7e390aa6135019dc5a828f,604635201.1539283
776d4a19fb3852fe6dcd3ddb,614094649.2117292
b7f164b79658952248866c34,675598593.9396852
aafeff5826516e363471e439,526844448.36012006
eba6a2b80a17a846ae560ece,535819521.77760947
90e62f8656ae504bf6175e0d,768545619.3121299
dc4331d09a1e36baaa6bde53,611113038.5400867
372d67ccb9d251e290891f0a,540973715.6809136
a7801c67a0ddd71c50ba38d3,531756344.28580624
e4d6b81f169cab8ea0244d75,524121799.2884059
cd5c6655243a4be0912bc92a,589221236.1547468
f7a7281a19733251134364fc,640400396.5530633
a716ec25a219961fbe90f367,680437784.6086107
8bd45966c16d4eafb49ee2a2,671805362.5575848
baabbdaa5e8f69fc90d303c1,653635017.2938536
8bed46960db1b2a7954ffbcb,668029393.240703
dbc123f9502159d660f375ca,908529017.5737631
a4683facc81ccda10e9ae388,699021573.941609
3a576586fa1aac85c2ffb75b,875208276.8855189
b1fb98d0ba25b21c6647d423,652004483.7836579
97fa4be3ed93c37c048f507c,616826416.1220181
cf184cc576effe39c0f857b8,587314440.3498584
784f67fcb2d009d352740ed1,530246883.51716644
f4d6ce332121f814aa663fca,605362545.4007642
c87ae84ef029febca1e633e8,553755512.9134077
e876c6fd9c161861fb92ad5a,667409701.0822729
9047c4764f2c6b1a10b87e99,986672514.0982486
234c94e9a248ae57bb5a0771,537351849.1230695
a49c2976ca4f24f3a6b622e3,517057755.04059315
ffc171cf73514bed077339a6,533525973.46084356
fba83f5feea2522888377066,533953051.6345527
1a593800d5785ecc36c25ead,611093120.0552009
ab157c9601861dc387a91b82,605148606.6632183
f87f8003f15b0fbc12609514,559682175.2405231
f44d035ea2b15b2c69d4da50,546993113.4910309
fc815b59cce7934f816f0502,599667183.0960715
32915b77ca68000ba9eed6d8,551297158.024541
cb083fa7ff634f424a351840,552290959.8223599
4f3c7b9bc78f882f858b3d3a,565228335.6346654
53d33316e237830ad463a26b,568748591.3745266
f5d852e25d51377686c43bc8,526573519.3662432
64731b6eaf4fd2bb6c155013,606557850.5353782
dad7e45e4706ab2564ef9cf1,623108979.4308314
255914e9b13ad94efa6ed365,656004458.7082986
5a8950a64b4aea4ac13dad45,714982039.0215673
70f51b4abf26651111305b1b,707224799.024262
8919ca18fff7571002e440ec,759616328.0510669
f776a4e0c8c82b3d29756b34,707579973.0347846
7ea4af39a7e577ffbd600f0d,646669688.1132216
45fc0d46c7a4df7ff6976fce,659813407.9321859
7cdcecc706fc7c79cce45b20,671203407.6722081
3503f56e09e639be4762ff2d,772238877.913982
f70ac0d227db6f5333aa821e,746376718.543454
20db610da64f80afc1621b12,674771013.7472053
c80ef212c870e2f20ed2234a,613199746.0168273
7dc68d5cac1b7fcdab35586e,676574723.4254304
a478fb93a131fee4119bb9f9,855184407.7987541
7749b2b534213ec7b536372b,840787604.1529039
43e59f5312e304fc21c1e052,909751927.7597811
82a7920524816f3db7f5a4ca,949225862.2523535
1a7e331d9ff88ae5efafa8ea,597911687.183025
a57350d4c79a415137281cb7,532513361.48563707
f3a6132006d54d0e22a17e84,746479347.6505779
14caab87a129f51b2b70508e,553195226.690717
ba2423d79744d763aa3744f8,581881679.9482604
1caac10c1121a795a172889b,884122462.170073
40768729f2697b87ed6519d1,626793160.5608268
843234d3c6c20bb60a17fbee,804068138.3663839
cd2e4dff930a1c7a1a569992,602712870.7104805
5a6eab133b7e95155f6a9012,686892377.7109076
5bba6c40aeb129c433d2c58e,600300328.9618478
ad3c644b506498127c7beef1,640549699.9947606
a379656c49f4cb1cfc5b3f03,627521464.3330628
998c1a6ace613d8a7468ba5c,689053859.3583835
dd610d7ece83bb02dcd7a22f,530090438.45064986
539467d04a2b3e78c592b11b,523981679.88269717
e40fe4ac43cabe82c03dda59,510811309.19532734
5561eab714583013b422e7d4,759803936.7785913
d9110b2b5b1c02766da9e24e,620473567.8283157
c72cf05b93b9c290c063b08b,642572045.4600735
d71cc157c0c43935989009f5,552605357.3175522
4199eaa19ddf8ac436bb2ba3,672316498.2091501
d23d12bd86def2657038a481,638092530.3553128
ca438e13d8aa6285858da0aa,714916867.3729606
a173eb804f4bcf6bfe889417,680268656.273979
9b3677d498c2ccf69c756ec7,694680013.7366486
f8c787390e4c6d2e99fc7c3d,572493317.2273008
a188aa896d1b4520ccd6b65f,531945303.99049675
9fa39c9eb4b10a20dda6c3c2,615102893.1232554
7bc9022fa1eadbd9ab39acd9,572250353.9801347
46f0731f62232b32eb733dc3,563949950.3768927
b6767d1e329ff5e28c42f632,558392286.7497475
abde4b06769fcb1d5577fa7f,571747017.4802601
1496d159d31717ce254f67a7,578082937.1245492
1470749d0d2551a93827e441,546910438.741313
3ac517f74dbf8cdc8feadfe8,559942215.684603
fc6616c62030a53d2aa46b12,835836030.5051343
8497f34947cb4c0ff18a0eaa,650220977.0143242
3b2936127f5a4684a1d3de22,780134734.537633
dab58562904cd13a93d913e1,634454658.6169014
69d1e47b6bdc57512f1838a5,726845039.6494641
23c7f9a0534a4ae6a24e38a6,654232818.2010182
640e9fe41fb79ecba89d8951,782416461.1160097
31f6a25d56f3bb36386d07ae,798085707.6204875
bfb30ae71cdca27f5a5494c6,652405296.3710229
baacf0dbd690644d74f3a929,826862989.2684109
cdcb874d2e62220d12230632,844575609.7724102
1421bdbd9cf7572b799b732c,814865906.6165417
ee9e5adab1455d38edfcaa6e,867079709.7191383
1fae43a9450fae02919962b9,692046201.0052669
5f9ee280509afd55d24f39b7,554935309.1680568
82902f2082dd405ab538ff58,567681403.03933
eae52c81f779a61f57cb5b58,616785222.8656908
4ec0aee1b202642d2739068b,607385720.1676731
f4c6c3210a3c2eb935c6d5bb,859068253.6719267
14a14706d405569501327924,533045779.87259424
146a5a4f3d111dc7b955ce42,640708768.1107075
99bdce7cdea643b0442976f5,784329422.002937
733c7cdfd50db77066a67140,524439100.35444593
de328410e22767c66d919423,577598341.1901985
d0116b53467b3081664fb268,679311336.9735911
dc722ea5c4d62773f9fb6bbc,541483671.9041029
e84605e3aadd50b064c8eac3,691990465.3023847
31a3719e57ab1425e7267fad,614741486.7563719
34993717af3f861b9735df6e,668556716.5987667
543822711986a454cfd764e3,683066821.5887656
5bbc4ff9cc3ddacb39469e27,662261544.1501265
d7ced905983af0800c19b7fe,613088584.4483691
02d5bac2567ee9e19041ad42,711657752.9116784
f4897a8a0a911a2acfb8e8c7,688157431.2918293
4ba19ab08d1fe7f72d0dd37a,664561836.4214904
b7c07f8afe037d55bddb8e41,500300937.1145208
40b20b5a3a986802d64f7675,550058928.6692407
01fb5931cb55f5308382818e,776819341.8741546
7cd0c7174b957df1f004fc88,653050722.69677
ca13bacbf6dc8d1b09fe4c67,639605271.6280986
0ed0dc77661be57aab63bc83,574141510.1294429
d03558acc19951a882bd568b,530298466.64149
b8cca0d70fb46f3a31473e98,942552416.4869658
f665a58fa8eda69547c1a159,786722191.6539733
8aa5ae4637ba83e672cd3ab9,535561500.0534987
a6da1996f66e545041d920d6,595842883.8404999
b828609eff041a68fa243a12,582381286.9989974
3f39a260b81dd7de1dff2b31,581357589.4012451
40fd167916ff071afdc44792,675233875.6532857
6ca31945172976c3a11732c6,666669505.3171556
1437d1f1601d26a3dca7594f,556069355.2172849
ebab054e5f256bf4e382002a,694922542.3177856
0838d0df248d723da4e25ea9,574031656.6273272
7a134e45b9ebe710c6c6efe6,759998403.3366703
6e9c7f27d6b89c5f9696fae6,530921935.47269917
bd12c705950c46e679c34bf6,668230661.1513034
fa2c1092f17ce021964f8953,749298872.4755456
e3202b635974f7a3367c0ff9,673588799.1288806
49bdf0f970af03d83a57dcff,613122278.7610611
91af29fa680d8033188ffc39,578939824.6275284
cb626b981c0997d254388e76,524089990.5719672
155a8e4186d1626fdda4d0ee,575883456.6711884
d337476c2cfa780518523a6b,539019987.4175204
7c3ea8523ece273991a190da,645637345.0561614
674c02227165e1c7189c54e4,656832730.0189292
17056748001fd65cb961b384,705909534.3579444
f56bca5bebfc765162c8cae0,689733366.2388812
5f4b0ec9c7452b888b33c3e8,580402884.6525372
13dbc077e552640736267a49,536868611.4439673
cb645955c851790e83e696a7,702549389.9225091
649cca8c83352caf7442f20a,640075635.1385286
fc8836e71725949c5f3fa7f7,683703528.2677557
4f431d80287051ca323f2c08,764342399.2444589
42defcc69fa22e4c858f3c24,702549389.9225091
291a2f9022933c9d81311e81,706088365.0073913
d48a061a2040d851937413aa,708759154.4067014
55d2ad80322427ee3426dceb,619238826.4663942
8c41bfacbc1a6ab831b26fa8,701427012.1091192
c7214222fefdd8d2ad7f8f8f,639789582.6180805
b3d9a095c9c73004643c9e78,698289138.1250069
d49aeae19e13909e75dda2b6,711067101.198387
dd10dcc52d2549df85f2a8ec,668235114.4849827
6732b448d2e4f32679f235ad,723172101.9227579
f08a5c2992cfee4c0910f68c,698289138.1250069
e3a62f080c25f404ca995e06,698289138.1250069
7634d584c3042533942e2dc0,824586429.535292
ae58dee872922a9c678dbfcc,893234885.4298738
5ec01e911785dbd5b49b166c,555486147.1664813
9bc12d9c9ad95064412c3413,764152654.876106
7acdaa0cee1ee62e15f4490b,575346659.58329
d76d5b14d0acc5295b8057e2,821210963.2288601
32f3364ac1fabdd13db1cfe5,536401230.1694657
8cab957b322f1aba06bae4ad,562540380.2432355
e3dc8b417819e9afe3fc7d0d,520895018.412472
c71fbecd8f7310c201adbf40,580784467.9786386
54c9bffcdc46819f67e4b3d1,560119574.5682127
4d94a2295f612b96264a0db8,666559387.7443928
874f4a836cb74be301e068cd,773616461.2833173
a18925f908acda4171bfbe36,857217293.0465456
a587c7419568288d68c46feb,881113514.7169266
19994da77ce4f2db3efe6660,543458064.1568207
9c4dece6127f1f3f3bc1e0f7,540457483.9929472
09c28a830f8093802384071c,554016276.7094909
5766f7cfab59c920081e3046,540457483.9929472
964b7d9de17c1ce396fb83fd,530793214.8369093
44f77a86369d6607753adc09,545265543.1793865
7f25471be85adf0baeb8ebbc,532475149.60345787
6859481703fb0cb34c1e564d,544904413.934548
7ba0c14dce0cb09ef5735d9f,546519825.8150994
62cd6a29e98a5b7a5ad38050,526215655.6775863
9c6d7e6260e4fe83d43706d4,533765638.363892
5dbcb55dbba823dc31b041f6,601538962.5768542
85abc5c0353c5b678f087824,535222768.24533355
56dd1bc39664f8e9f316851b,716306026.897218
b23341faa7307d9d6009c6d8,792773157.0857205
2af941adae2e8dfd66542055,610953899.2176268
268f887f25d416dcd3c0c9c2,769840182.5534918
9ddc7272fe43f07035d3da63,667838291.7447162
4002635ca8b087877ad22d5b,913320166.8945199
b515b1caa608ff42574e5a06,531365792.98640877
710542343cece039a279dbee,774972191.7457974
187a143dbd6d4bd81d6d9c32,552478286.9923319
26db92c003c8e67d92d88aaf,614010681.8521892
641ac8f4f60ae2b9cf6add93,667783738.6648239
784714647351cb6745c867b1,774972191.7457974
5fcf1e2ab4edf13ec844decf,633068051.3814619
2575d932e98c421bbb38b267,623449905.5015268
af9d2f5f62bf74a7fa9c74f4,664707994.5502012
4db8d529af9f718e6d81a85d,523981679.88269717
9a3368605e5f563e29182f3b,534541894.87017524
5ff696d8369101b6dc60e2ed,537204249.1250968
95ade3ab8dc04237acd6441a,543832944.1456839
607ed21e896eb5ffb50d5ead,515155768.4096809
40d9a852bbed67a6036c6d8b,554037231.9262652
97badba651a94721af5df3f0,552605357.3175522
b2f089146c30929c4836f0fb,573464460.3389312
936307e2f478c3ff7b9652e3,586879728.9136716
b6d5cb459999de084965e993,623218819.0130637
aeb66f808982c6308d891f55,584335342.7596332
cf8418c60f4e54dfa09b1e6e,561591801.6233661
1dcf71e8fbfef2c6534576df,559509870.1208162
c78b16f05ef58855da0d4f2f,536431545.59054786
19ecf1fc86396ada203c2a19,531151200.8981397
985fc7ab5aabf1831ce3d298,762199681.962616
8aaeae6bcfcee5ad928ce28d,688053248.9885639
1a93cae134c79a43b13ce656,672316498.2091501
ffad647e8ee35eaea6378fb6,764003071.7784557
c21a3eaa136ef8a912ce7b74,703759732.2806664
fabe0f299a4e4bc6f51d54b9,723505416.0937808
5af99278b1091dca9b0b0332,640462738.2258525
3f0c845deec1c24472a35efd,667952570.8618693
c10f25fd39dd36287a6cde73,683393074.2218997
f37d31c512866b575780c4b7,700459194.9749027
5d34f871e5a5cb3a655a0b13,762809326.44707
95bb852a958d7b16fd676e3c,720525088.346224
24857a7a80d5f13a52eeb054,776771118.278983
f9796e9d13fe1becef435e54,871144425.6431391
1c2739878e452a340a4e8972,908905121.5022852
698f3f1929a2dbbc69865b65,627283256.9144762
bc230105784ca8640e499ca2,579356544.3123064
622fdba953206a65224f2c82,510654289.85295975
6765fc17d98c08142d3d7757,643618324.9263341
6f35fcba4ffd6a58bce85892,561095788.0838883
d8654c08e95b39e3b4891cd9,711165914.1566755
33305df46dc2186c7e3f727e,692173038.5283918
0cec193a20d720af010383b1,574500204.4234719
734efe04fa6b326ae1d072e8,514301952.81561476
69190139558b2ef3eface18d,523814780.7914277
bb084299ad23f245d7cc5b69,533186773.1387354
d4c7b3372d70b898b167b92a,764737951.4657084
4a119b1bbf04b4bd6051c5b1,594108819.7394236
f844345b6224bc76bc3c6f91,527129775.4554457
052505ca8210e5e651fc0b63,560957151.3804661
5731cdf8cac0b8371d786c90,787805653.2061479
594d8d78af90086bf8cdf09c,623238191.4843892
fcaddcc78938f3a234dd2d3f,540819053.2791948
1574958978c9b5d23d9521b5,563748671.0987102
55902baa0ece72e2e8c869d6,611807985.7968291
46161effff173111bb6c3a32,669341804.099096
b3fcd9cbfd485e4e1da6c89c,533829426.9929258
213ddc1761cd6b018349786a,557736611.2742556
be3b1df5f008636e14bec3fe,665892454.9256974
dd27922be5b6f730f8b4e058,516414103.53170174
cd2aeb1b2649ef421102def7,729135572.7848116
a226b4af016a772dc7e39ac8,615198814.9179983
dcef5b332fd31d0ed8d754f3,522100450.9654857
481492907baba4574d4a6f35,673775956.1331366
10e5e54ab66b58b3f41ec381,579750083.0709068
d48866a153ea0fd23a858cd6,517573674.7684496
d273a2075d28e343a657d9de,846559333.0894423
90a711f776d53cf654614649,788453660.731608
f87c76eb5071c5b309e3ac3a,529347556.1282989
74df03749e60c216a3e1292f,514056411.42782915
03a84af05df0f577e09d60c1,521321909.64630204
78682041182f01ee4db04e8e,668177997.1625192
25c76b5a1da0c2d8158b3732,728339908.0239829
af8f09175265e1546200ff86,532135486.2809326
c8d4ffb290aa9cea002e8d67,529129541.3303077
cb89ad8156c3428ac80a4db3,526581316.93031955
7602cb1e6fef087d8ee81aac,626773698.4501536
00c75d59ed4777481a50cbd3,566639744.6842606
fd36cffb856c2a14982a5fa9,612040652.0645051
06ccfa37fa6b011ac38422de,525581151.62896925
257b533b6a66b40d0f097c55,571640429.6424603
736eef4bb36681acbcc3c41b,555909690.4504815
e1a4437b17f7bec650d8cd97,573190243.7959008
ecabfcb8ce9bb47ec3089c7e,573190243.7959008
a5a46af0c9fb5c0a03855660,654573756.5787954
920b50f4355cd2674ceee068,617406353.0132252
410e5af026805ec8088f2e71,612730196.6024545
efa0c01632d13ab59f629ab1,533241397.66606194
5965d19a68a8414b0419bc68,640068678.7152818
64955a117f2d9264eb59fa82,615811713.0531828
8cd46b5c9cbd056d3712f155,627283256.9144762
65f736c3fee3d14c31a57d1f,667376556.5691781
66e9c614882d58c022de7a2c,787805653.2061479
8c787c1e6161b18601e6d7de,509749464.4517528
29a115ba5b198689fce5f93b,514385375.1264579
de8ee990e70c8e5ad167dc89,570318759.7928759
0b65098a19c2fc1caa6577ed,673775956.1331366
70ea0403b722a1dae1ff9b18,764737951.4657084
5c77e242474e477513b60ad8,512148119.5258331
1655a92b20740a11a5889519,511284820.889893
1709b1446b20b21482dd2d36,715939153.1073214
e5dba7fa0cfb81488b0c331e,630685299.8601961
d09dc3a3270073e5f1cb353c,594108819.7394236
368e740cb71b9175fe5b7b6a,692173038.5283918
b8a8ad4c0215077d3e5aa472,686859824.0165793
1f4a78e094987ce29f054fb8,533648059.77536523
aae3a99ac764b8e9bfc562cf,592296639.254299
a63ecc5539e8725af4128cb5,568322104.3842202
a29e18f37ded2e901181d7d2,562509795.3032987
14ead7469d05e5eacce6a575,737979520.7540553
1cbf39c44f6b0fdbf9554845,757557069.4581003
9012294b64280c565a88a1d8,633497185.6224248
dc0e9ce44b9932c6e48a9390,765202399.9388057
a4f272acb4b3b4f5fc72e99d,661911004.1163301
b0a7295da89516be1c44512e,592509091.6673588
b638b937d4f62949b9eb9fce,693933400.5457184
cadd4a6e1075b57f7b74c63e,608640008.8759754
a88f4eeeeac5ccd1ba9b8a4e,754559255.4469979
29616bf14b5f1cd42786a91d,566365599.30524
f03f97ca55e9a43928c18237,565744895.7000779
5fb9bd3aee2e1320dcbea448,533327626.2918189
34bcfc2f0cefad790922879e,619194122.9196286
8c9849cf3d20991e5126420b,863471633.4783618
ca7b9296080c9fc9fb232782,710509330.5888032
63a5989d0dad994a6af7734c,525698636.3836031
7d25023ecf668945c87e0666,564538707.7424985
fde3d4a4a819b1fa40530238,566679922.1093265
e3338ac993873aca45755dc8,558703962.3275485
bfeab1b12dd82efa96efac31,525915910.2866285
2d564574f0191164ff1d068b,529786238.216004
5529d858e9c9e3e92ce8a95a,533804324.0707131
2755af908b841e9024718b3d,529763039.23832846
623df36ea9610ed5c58dbd8b,533445503.9538359
77924a3c7880310a4822e5a7,534022910.1739112
24fd0b7f75feda5db89a4127,529749777.7548571
c2b9a3b2747f32d26c8219fe,505194381.8008809
3c3c7861a9727bedf5e3cb29,586916138.6359454
822ba8fd3c7392bda84461a4,555835843.9645953
4625168852b335b223a05bb3,572035462.5090616
b732ff1637ec53286e890865,546454993.2906023
706bddaf0b87e4f076247450,568127826.753873
917218fe1425d2c222da1ed3,553199240.7993746
7ac0428c4b7197ca14f3b86a,567841721.6373794
e828e83be8651bc2e07641e2,537066976.2657217
4d069f925100b6cad0b657b8,547608363.6545788
a50640d13126880a423521e8,589905114.9847771
45e92799de1a5334c3d2d72f,530589622.3489388
93ca9e75cbeaceee69b4f0e4,709886818.9335203
8fc4070ce12262679c381515,742702991.5983447
63182bbbd5f94cea67de2d8b,752240068.269389
6e163c3a0e30e7bf1e909661,668909188.9414155
3cd016f68705e73b819cf74b,719264784.8107074
3da41d55a2b9f78c2b10c75d,617851872.6846888
0eb8f10c9d5ded1b09f60baf,674067940.6270889
330c37fb5065311564fd35a2,797617645.6548749
b849cef46f19e13d3fc9d5c5,737647763.1675664
7bc034984b19479f29886cc9,771046838.5400814
5cae4522fa829a1614739b64,678808064.3182243
bf6bd06201e60a4c98c8623d,622804928.2535338
549ebb2f616d50ca778e92cb,691696826.5971516
448ad6cf4b43298a39c7b5e6,619884660.0588453
e9a37a1a4150461126dbb6e9,718180318.0954764
1d4c50978603ef41377af057,638957586.7256666
bb71a24bc5ea4051d84ecacd,670908256.1780376
286ab2411118455780314355,750234731.4880996
045108344bf09b01b597e7ce,751302693.8622035
d714e15ab5c2d5a2503bffcb,675232957.9694432
60823c81f0b98e8a57192a9b,740995834.3301392
dfa988a524343181a0d3ead5,733615749.0438913
fe8bcbd17b16ad023a202843,750984685.3948349
69fe76202cd89637a15de1d4,743499607.0241491
e7cf67cbc08fa04be9f0a3d4,628806330.5357935
670583e7a2ec6e337429fbf9,678475614.9465889
796935018bf2b241646a2dae,746594385.8324322
5f5856dd16c0e5131835e650,756410001.9708315
ea2e380226005bb55c724ce1,690603201.7629439
f40defb11ff73ba4e3db7611,665850072.7629904
a4b2dd2771f49951c027eef2,791800411.3031776
a949ede7227c8f8587715029,856757690.7440108
83f402857435d4fadb27fa36,844067724.8533328
36ab522893b5f01caea4cd0d,922620712.7821323
8e4875b7ecd0898571f0b1ae,532114002.9472283
7ef3f8bfd0368696369ac957,533845914.7779796
73ec13a5687c542137eb9a41,534349873.68068737
6334eb4a37d102ee00c6e2a1,541729935.3296295
fab91f0b03598c943fa425dd,579034056.4282368
c57c3c7edd591e16c0b7c1f6,556125749.9705628
03aea1b6ff072f117ec733af,548948828.5881184
91b57e8d6c41b7afe949bcba,539179840.1003364
ebbc5fdad817b304af3585c4,537282437.1897506
0232a50c9afca03cbf4277c8,548458154.066848
05b12b1916e51a804419c654,534799731.0784385
95c9cee9b36fd1d68f647aa5,550735926.5309811
3d31144a77cb51647f3deb02,577095346.2250816
ea87e3259c2b0d6263d39a2f,549941739.1622118
61f634438de4a10a861f42c0,573793244.3226178
c3ca43d0474dea2f2dfb9791,540482527.762265
a13a3638569b89ddf1260470,546614276.8661927
124959d1429de095473bf5a0,565442498.5202048
4d85bbc09ae56cd85a8f87c6,583880818.7679505
2c13f29a8b9ac9b464e3a582,531648012.9281619
70215712bdd8ae7585520550,529656708.2886463
3352469ca509e8ca652fad1a,525343437.72731704
893caa7433c200e0d43e9f27,606308321.8827829
767cb14f03c909c595c2a731,581962924.4196126
11433baf7716402e8c58bd33,588120114.5988053
e07ca567b0678126a1aec803,588875789.9230633
b2286067a73bc0049328b55b,567888202.7844849
c85d56080167254c7bc19303,553642057.5894552
5b9ef8d6defdaf13dccc5ae9,577586612.2266275
f7972b1936c6d9e95d3f632b,583536326.6162124
defd03ae7d0c0a44baf80abd,533129894.43739444
6fffb7958a58a73b0e16f2b2,628981890.6347157
5d86a1db39e324770ae58efa,545309434.0028346
c56163e390d9e5a7a76e77be,586496115.4526933
fd5ba2795eb7b5fe338d6b4e,584270917.8737239
24d6d85cd0e2dc3deb2db896,603238390.2615051
feea3a2bd9f643219de51c46,558706342.4045544
055d7c66464d7e327711b497,605461562.9963437
046aaa4162cd410e92b216d0,569513963.4359123
b6bf2760cfa26cb28fc989fa,547869924.5162417
3a6262eed8967d695182e435,557285735.1386273
cf3665f24927de548639ee4d,588370170.4561795
4c243fc50d5511a1288bdc0f,553261546.62563
d753227b5c685e93b378baea,570215037.8162255
149e49c22fa0eb163a36c932,594025897.4733592
8baa01b8c6d29c82a6108cb8,561252207.0154595
2d437a09b860d9d46644ea23,543262369.9663988
66bd80fd26836fd426be5733,533900129.5898035
a30e69524af9c1bddbc5de34,565690290.4186125
fcc96840d952d32a7300366c,557095922.6899898
659bccaa707b94f303610225,574686941.8478395
df1c66d8dfb9520c6818a32b,568653795.8338586
dd1dacc0c90022e5b40849bf,556700353.529488
1a06bfdfaa9d9ac754ad07bb,545081706.0648501
a0ecc8ce0592a40959bd755f,586089388.39765
739c2b9be0941e4c126d2f3a,602708769.5462029
d723eb2516802250027312b4,564322483.2130464
04cc75f46642efb1192f1875,609408979.3254722
9f37bcaa95fb0044aeef6075,615196370.9807205
7be8abb5d23794ac47ceda32,543713590.073776
c06c737cc0cef7fafa3fc4c5,569254236.2387077
48e71c45f41778f8dca24cf5,527628041.709649
b41f7c1cb9cfbd188f8e0233,615116928.6277502
32ce96d8adc8e549b90b4a8b,577473245.3104504
c6bb4ca5a0c839d38dd8ce19,620795711.023661
1d91edf33a141fa2181abc4b,571807805.954807
aba4e24dcc6998e5020731c8,577473245.3104504
00af33cff3ff7c6927306df4,623313811.9809049
6d2328def08bae481705e20c,742134135.8576171
7815163b8e4a54843d121dc1,769099964.0178176
c9f92088dbdc0d81412968dd,752671478.7686679
8e1bd01ce4b7910d42f59be4,769698089.529716
5fd89a857727753eae6632f3,690382153.3116841
332e395d4ce62523a2e3208e,658177362.4167595
4fc89ee51cb0e1b9d6459819,681366072.5467026
2571fe181b6ab939eac19d2d,794465537.4522755
af98a0e223a825cbab78ae49,628821989.9577129
ae187fea3c46c3fbee7e6e8f,643110477.3756617
c681519ec1ee1a28f6a3607b,791591210.7720814
bebcca3e75e747b5a01f5485,775336065.041392
0842a0730545c623043b1d8e,693826612.5595138
973afa2d67c20297aa108bda,659767553.0524231
64a9f0bf04f1c890cc6e31eb,645756077.2742288
9e92b27f554068b7dfb640cd,649783909.3998654
57b7aff18c444fa3c577b079,608165857.3949579
6b23f191d2ccbebf9166926c,779833050.8023442
b80c961aeb98d24d968c71d3,721864283.045926
064c1cd5e94efdf8c7262fec,661062914.5411296
723078b6cbdf02c88286c596,771574763.0301213
e239ff5eaaebb287beaf76fa,692688078.9824588
b3b30d8b869eaad2382c5447,678014003.5237695
3f295e6c14e23cff1468bf82,772562477.5795716
be78bb0e06d5768ac1908247,622089595.6412498
4daf52564456895ca7f4429c,643476397.1617312
c832701653f1e7f01913660f,681114879.475165
82433a009defc21498037127,745888734.6475574
b53d3d578b1d7d9e00c8a00d,652878844.9494946
36fab4c38cdd91de650e6abd,767352219.7241983
bed932e11a599f7cd4bfa31a,850995044.4747679
1d9addd835c9fe8665e01500,538972164.120814
d8216aa4e029c0d3d646efbc,596144398.3416066
c1b0ddd3c104ec4482d5025b,553301096.6411486
bd0f754b0fd9b7af284419b2,655971529.3193526
01e907d7672006fa2bba8b0f,527285880.12719154
7ad046b20064565644ebfaca,528127331.85631573
1ac2b23683ba89e9175d1b99,571457315.370534
ab4c55e78eb83d80c153f50e,527758266.7455558
2ad54bda875fcf8c6b675bf5,544634140.3489826
07e76c765d1137cdd7c2ff53,504807127.75195926
5531b9663c5a37a2bdd97e9a,580460977.1849209
c740655aea4eab7066446c42,550824187.75969
3b6c37e7e6ff1c03ee4fe995,616522637.9649237
1b5d3ddc71634099fa1f04a8,550806632.4733162
1ad916edbe6fd38f40289a04,558741173.026095
a1368aa4d3ae850bbfd90bca,618123492.277823
0f728f676325ece6a001b4d5,626311361.5548886
0f98c4e431100aa87e6fa6af,700924971.6144373
91a08474a18644c43224c62b,539247668.3293861
185dd9366a6dd1e820880917,572476136.6311496
e364018f4d994cd15d4af374,804665403.5271138
77348acef84ef77f6a076268,551995326.8657105
7f8f506137780f4cf12e73b6,578612334.4074459
809082a38e6fc3faa66845b9,573958850.5373708
2072a783a44474cd0dd10d7d,575131730.8746738
b71905255273cbb0af1290a9,552554614.5226922
c7d5f021595b58c507f47d3b,729057361.4071676
65ba1feafecd7efdcf214ed2,567399269.8606298
72eb64cd02ad2a54b65083eb,897235341.4976197
35d79b2ac92083bc439124ac,636129984.1687843
2f7d36523df4a5eee3edbe05,690166647.5679626
b0d20a04106ebb87e2cdea37,684889763.3987554
43650eb8b70dfa256ca64979,646669688.1132216
311fa1bf3c405f9bed13b38a,523692428.4780052
d12dc721a59af021e8ac68e5,523692428.4780052
36f9a0ea831710344f468bba,523692428.4780052
1eacbf36422a54f1327fa291,523692428.4780052
9567966987eb1d3117677cc5,544878752.154643
e5bc85e227ed7dabfccbd005,523692428.4780052
d1f39f86c82916524273bada,573270904.2962118
deeb837c2c6bcbd01930431d,715903983.3170841
57aa22792684debb8d4079dc,559682175.2405231
5b0530f544da162b9a8ff772,776529891.5932744
b7d66c5f1ad06dfcae5b33ff,510228489.4131244
bc353a421fc579770e432176,551297158.024541
45ae1e929b0fc88718151191,541010669.286037
b04449c499843cf46ccb695e,728800431.792955
e4d89c9d33a0f2659df21185,555295058.5849314
b2a7a8ccbbec39b63e4cd028,664514641.6240869
3be69554b1cb31ed5732a836,539319154.7611551
de7f584df6103e8bf95f4a37,517586701.31234825
0f4de499e5bd2c57fcc75013,540656866.544485
b4fd0aa09f993bbfb1fa8abf,541410868.0672292
88a83e58eaf136a82ab1fe37,564482764.594967
379429ee3675d1adbf816cc5,552940444.182609
c6084b85c8d95e0ededc25d1,719060734.2258997
8eae4346936f8c6c67be81ba,536691939.59565294
a13fc9e9b4e47340a5d53bcb,657813217.8550848
7b8a4d701066372dfbdffbec,553357957.4090213
a62a6094ffed3ea7a54fee73,558904184.0293748
bf0ad098fbccd3548d834ff1,541410868.0672292
0a231779f131c36d8e6910f4,555135340.8182015
51ba7338f5900d8ef12206fe,575167825.2489264
81b14dbf863114fdddb38579,801935324.7313302
adaa406ec9ac311e9f9c0bbe,568636550.5517303
4cb11f32806c0e07b4251984,534345857.40518874
3fee486268a1451a7b9fff7c,586380073.0815424
5666f3c36f0ce4eab2c39299,735332465.0596193
8a8dff62516671aee2250cb0,580093843.0582422
ee4fc6a146e888e993a4412a,570007961.1140515
5a16b30f4d580352710e92f1,558625537.8946021
424bb491c71e913e900db76f,729334678.8724271
100bdfc998bbde3d00548bdb,879488400.8544831
d793efed9a723e77ca8272f8,587125867.242392
725c029b7c5807a4b0ba2bc9,621082310.2948896
b6d3345346f43dba053ceccc,687260594.0198824
888bc3c4ceaa108e048ad28d,619510042.8907146
267e000c89d3416e551462c2,582038746.4650829
0ab4a4b8adda35f634812221,615960560.7815765
823ed628bddea9b56792d108,567601927.6454906
a189bd7e4eecdd18ebc7d353,705737203.9686266
da16828139a19aa11bd94ffe,669159089.5299679
874102a58234cc7888902d42,750865523.3270521
789e5d19fa507823cc4c5296,747379800.3248862
174bcb77be3b7e408e61d7e1,596720919.918401
31a1492e589f317a58a79df7,557646148.0245368
0825f2ca4baf5b34231ecfd2,686666954.2546467
ebc96ea800887a647422b8fe,575720939.4692532
969b956eb7769b6f509d3ee6,656397579.7334186
6ef9135481d8fc882a1a735f,574272883.1862495
5f501c4532ade3f412359a1c,684527837.0107044
c6d075772255b1efa52317ac,579949651.5159636
535bdffc5b79d62aa6179c48,715093389.5329386
e95653d504208e8da19fdd03,669159089.5299679
e4e529e778dbc89f854252f1,576402847.4148606
ec5866fcdb9afffad2d7f5c6,706429765.2617854
814694a725a50c306d774342,671541135.510469
1cd6531d8539468cd5f4b315,562862846.5064167
0c3e734afaa6b7c370754082,558625537.8946021
f80eace37237614562f942aa,777928469.6770412
3aee70815bcf6effcf0e5fdf,621082310.2948896
ea21ddfa37d60737492509cf,574182175.8574144
67c78ce1b8a64f36ddf90cf6,577600372.246265
fd2efcb61008dc9d11756381,818717134.1016777
f51658b9fea670bd943d6db7,716676793.5532199
b83b0a53ead29faf9dffc0fe,667983867.051803
c1329245f57c5d9019105382,846627178.2616531
98665b825fb3a06b914d39cf,702175645.7415854
24e90a7d9a2bd0c30a4f661e,642001045.8834349
6e64677f8d730e1f9ca240d2,624119331.321835
a742819d8e4cf8fdfda6e094,606035554.1314888
ed75d1c40109eeb51fd636f1,741900787.9618664
cfc2ab56604b4e3734d7cbbe,719409236.1444201
ed5622c308bfd10602e939ca,858188273.789934
5f537d233678443192d22642,679220129.0795999
aaa79ce67339dc53b4f41dd2,702832091.5082811
5f467c6c80023b0174823d85,720952884.3338457
46fcc0d53b263beae95b8eb9,684684384.2401302
2bd47c19e5d29a3157fb8465,707579973.0347846
9c9c2f05352c92c02d080e96,732965757.6204302
cf8fb8db6f74c236cad0cfcd,889587590.1616977
f42a53a05dc90e617e0e4c38,520058103.74300605
bd612d494e2f21051556ebe7,573943890.0569048
ed1c8ac25a3db5120c92525f,656455514.2986597
2c30c2736472590fe45277c3,581746965.1113665
bbe2c06e6f90c4234a7781ab,622471809.204711
b527813993b7bf4a10c05683,663133644.4011889
2f610d2242d583654337d468,667993384.2341076
dc25c9240c67effcf655b02d,549757608.4709151
c35f5ef73168d03cba1b1f4f,546752929.4876939
e88009be52bf5803ba3665d3,570841164.4588683
12a63d4fcb56c1d690e1bbb1,605172000.5509446
1d58ad85a82f7731e0f198dc,686814101.7033432
a2fdc7da13d098cfeba13b76,526494485.5268266
1969ba34b72e61337246cb5b,523136100.4202
8be43cd8653accbb8fe8a270,583279706.036771
10092cf2f8afb3658ae475ac,610091286.7556947
0fd313e5a0f02df07eb6b104,531756344.28580624
9b5f013e795f5fa610d03238,532584571.7163929
b1ec4b8badc955f9f4fe2131,762105404.636802
e491adef93281c097ab08dea,516024134.4963225
9a65fe451b30c59beb3d62ef,563207861.8171011
0d3245463127143a8a52014b,666878564.3344779
a0e3198470f97f6a169044b3,601434452.4564888
33e4901b6e72593513a02207,626298210.1375923
f45234a3f0aceb12341be024,583706621.2908851
a71d53ec4fd0d64f8c06da2c,721824750.3493255
f1b30c4ea99f19a81d12f73b,684309911.7658639
a52e2c893f85b49e2499cbab,641325381.2769654
b2fd7ee866066f3ae0dfb3c0,668544634.2341138
5acc9d767e3117bed0fd8464,764341226.3436962
0449a82dd1667c8c564904f8,735887284.725697
a0a8d63b5f43b87c0c7e1fb1,617927171.9622594
03de77e22e987fc3fed4eb78,777139006.6379042
3fed1dd17fcfbd2b86e73143,623917145.7242757
04fe204d03bd1c9876242ccd,850800885.447614
32bdf33933c29b1cbf89539c,554935309.1680568
3f6c05c97778fbdc86304bf4,593532642.4551522
478e13e8c1cb5bc80f1080e0,628150283.7378387
3128a4896665d38feb72b456,764565446.3300188
fba6203abad5f4b3b721f29e,541034200.2866884
b25f461b3d48d833a73316a9,691990465.3023847
1282e129e1a355b161621dd8,774426575.1310967
293320b55fad21ea3f4a5899,532536604.627195
de2f5db1cd1024a9734871c3,551743675.8728381
200897b1f8bcd7c116a85306,629845462.1692497
7023f5a68e1ce9cfd23fd021,512801143.33482164
13faa4142e9d60412abb4184,563203258.4732639
d74d0241fe5222f5c5b67222,638763661.9763848
0e51111c47813a0b0dd51b64,640752582.1830996
25e3793214088669aaaa4ca5,727483740.1734716
43d7b77a99e86e8bd21a19ff,684819038.0682901
38b87cf007043b76670207d8,870555903.5106819
8fedbf13ebb7cd3475fa3074,770927517.764721
4be510fa977b93e34a789f26,553155958.3104475
8f165174bc07c28f9fddeee3,558343774.9975805
7ff6f389e364e67c4238df8a,529291761.8037432
2c91099736f3158f7f09778f,621766402.174726
7bb1bc81e6eb3b4390440165,560955253.8912805
74e43ea3081841278c76cda6,543592114.5141114
9b948f070b94c18e00a857a7,541287767.5527203
99340b6cf8f818392d501e9e,728406834.0941645
b27088c3ccd93e7d8d5571c2,544716617.5926647
4b45cba0d601f29c2b7db97a,627332844.919763
362212de783981c9ddb767bb,561354209.4556838
5aa78a2bc8ec5e2be315fbcc,653071669.5902524
92fecc04105a999a622ba3cd,571577593.2858694
5098115b26f2473c812b70ed,622991894.9549055
e9860f6b4c3e6699e62f6c31,513390734.9964082
71273ae563da6bbc66aa87af,537326878.4741817
6c6e7af42a6ddf62b04c35fe,525243137.2953242
484922bbe02cb218ced0e779,535000084.92862725
76745c2648b66151008f6399,515755515.7263875
2100201e0851e80488371b67,495291425.2792591
5885faa4aac834118c5e4351,552895554.0448653
f340405bd7f2c4bf524c50d9,555645318.1838359
1951c1c8855fed5db8031e5c,552074119.497771
7dd96ddad0fa88f5c5978e39,572379137.7880821
db7535339826028d0fb3355a,559339068.5340102
4317746d5b88142780e6897c,585921815.6975294
5796e37eb1a995db5cc06eea,555290503.0650333
817915cc3582112fb5541a49,573504286.243151
ba524c4e2f13109ce814ea38,560476748.2231157
c2439ab65fe194d1d60eaa07,591192270.3855375
92e4dcc5911b42e7f70311d7,554700404.3301092
6bf86a580c8b510b7447071a,573861702.2044973
975482a692bb98df98b2f243,513962213.46938515
336888717766096b24215b26,601562782.3086894
ad79f4fa23a28cc84487517a,588477667.2040147
d925c1d4dcb68990c7204b33,581305828.3356901
f4658aee77fa0e35a71da7f1,537067714.3899279
210d58091ea74bb902915250,563479058.8456167
186d4731b3af01bbe4d08b23,647487468.7973037
b760fde2d4df27a168ce0e80,661710475.4314048
2e653d2567a47067df169d97,667391868.53414
8b63358f3cdf8df0eb1f43e2,661041621.4427192
c09d691e4c7d7b8c8f6a8370,683080117.8490506
4502e2809bb5bd47b2781212,665065487.9130775
d03101c7f823dd7d17e49a83,730949785.6027259
f5dbd7dcf63b08f711561e58,671992198.9262348
9855712ed7be7e865656de13,892958185.8161803
5a6397b85f45fba27dd9311f,893270875.1606838
4d1b0315b5aaf21bac150d96,575772543.3929677
32c7a2d032ee21f8bbc6eccf,575068895.6634493
beae197df95b84881128790d,570534693.9947506
0cf7a6d43221664a060ef681,729307308.5161415
c431fd6dbad57351a497fae8,568200605.7983476
b1f8fdc8e3e25517ab80c065,525876061.41614336
7b346d5a5f5ec7165d1f8644,525876061.41614336
947ba86487536d611f548142,913320166.8945199
8398ba3b03595704b5897704,556810735.3524863
3f895518a7fccca44e534578,516024134.4963225
232e859fc353dbff75c97cf8,583706621.2908851
b234ef225690d57e7c2af4c0,601434452.4564888
393e2e7ea1f20eb6b4148d60,535063982.4727984
668db5244c4d5b5c76b0b395,769776492.6083591
646de9441934226c2ffeff77,764341226.3436962
de53880a3299626eb6c2cdf9,684309911.7658639
07f10df13b244dc33b464582,643148455.9275295
e4aa393309860fd5e30f49d9,668274515.5594165
8c714badfcdef8ccc73df9cb,879154649.7902389
0f8ded86be8d3543a5069b6f,562314847.7282856
3e9d73530ff24d3f4a543091,566984804.0589987
076ceb408227ab2563a663d0,523320582.40549535
e0ae474a5307ef4057da4994,525255373.7486183
d41fc79d800458b1691bbb87,616996959.5293814
dc8262e1493ed593103acfa6,540702321.9499757
bd6c24498bf413b6c5adf81a,541479644.5172689
885c77c839d705ca7d04d383,547452028.4529325
b8896656cf6f5dd7c33ae46c,586990343.2258142
34a9e3ca94ac06347d879942,613539928.5394853
ca3b5cd3505049f1471c47e8,586879728.9136716
8c05c66be6008af7f6dcc10b,579481498.5642821
565fb93190cd34ac8b01f01b,579481498.5642821
6c8119e00b901efd2dd40f0b,644115627.1045064
34c92caf68dd0cec9fc383ef,717605244.1580244
68939c438c34e79a317a4f3b,661837154.0314778
dfaba547699e319462abfd6d,745566022.1999121
dd1d2e305d37d9dde55393b0,639559011.2643527
c32df77def9978a84f8ba7f1,640194548.5547104
62103a85a8ddcfbf5e40e284,666960287.4306108
93bcdd2a8ee1d5b61d00d58a,770091121.4726757
9700892d7133ff2c0d1763e7,688683952.789212
fca6d7455056792cd61e2ddf,666460085.7493845
4e84c5953b493be7ca96103a,549110885.9281012
42fc4101da60fdb41f41f0a4,581590393.252422
12d40725335f83e2fb9b937a,664122555.6422356
2b9681901b216f2174af0089,583343820.4026568
9ab74e81283becc00a779172,531175014.5008914
8f378dc1215f9213f187c02c,541508765.9785475
4a3a6698b5490216e8f8e6f5,726053586.6677407
0dd795526c080e8efdf8eb0e,559675991.0913259
3e7217f628a1d0fc9bc47071,561064031.8746201
157195fb2358bf2d5051c439,639377056.6609844
37063e689732880621e4e733,655495337.8016927
3bc68bc2d6a2b81f9e3b9a50,560846240.3419276
ce21f368495d385fbd98de73,520100284.36629844
1a6af7fd6a5b0602052c4c27,561362072.2842007
e38259adbfd953bf085a69b6,576462629.2055318
0cb6801c9b57e874102ca349,744009578.7541493
79f1a5bc0be914956d632658,721174681.2459452
f571f85be35a72b2ac358d27,538121156.2432669
163bec92a997aa8263f5a909,618638419.8290443
9ce3000cd80aeec2c5188e8e,536403929.86288744
6a6178c4cae2e92a08b0dd0d,570188403.576003
d52cd6eee468311666218625,800372988.533672
8eccd2a6352c33d8c7abcea7,566737237.9332079
53d3e32b1dc782308e352a33,630195476.9273022
be26f0523e5cb13846539384,569639243.5206623
ad7739088e8febc68abb42e5,580903106.7395321
add4f9dd26fa34829aa25eaf,829041561.9593524
17005d6ec889a947397ab980,541073919.324579
3fb3a581a9a74146dcf9b71f,543066822.9605731
51c4a8b438bb0d97f712af31,571773927.1664221
0aa1332c56bf357f492da2c0,546018456.4785047
6cc06c89c226a062fc46795a,567857566.1520694
682b38de3539b2a584446922,528274118.0990308
1cfe9cba4c2015e7b58f05a0,551607919.2657391
17d34f9cb105ca5010191142,601115966.0802909
1fc0faf46f3b533f2cae2c06,677989048.2355372
12f9e1f78c630defe302f781,738042563.5235792
87bd6ee6f17d2bd5b61b0ddf,694030968.6771369
fd4ce3ddaf79d1b97043ce0b,673371322.7236284
97aacb0847561f45a5540f21,539470286.7511246
a6dac56445613d70e49647e5,738808876.4785339
8b1acd29eb268fd684036180,620171266.1622808
656c13ca7a1974df58e1b826,889587590.1616977
56f72c2d672b7bc3c264f7fd,745416262.7386645
3771c66b9ecd6db0b201d4c4,499272149.57812834
45e2395bee937c187e3486e2,568163468.1283242
7c6880b05c212c66b8961b71,555084114.5942912
e0ae8d2a51c771aef5f245e9,619191494.535086
3573093e56e95a982a41879c,668542495.3344365
0920b2df9df4f0e509a7efb5,519746314.3607456
43600371d44fbbc81f6b6fa3,507231848.7582413
2684f67bcc89c8a5b95e5592,545077244.5049274
ca463fbe3e5cacc152aa70a6,499272149.57812834
0935e87627068206f6d9c0c4,587548676.6647048
10afe23f1f58f96422c97934,533243497.65908074
f3c8cf1fbbd6cced1fba0930,552059951.174042
abfda926d174a8da1d946e27,566416043.6145905
fc9fb2f209a4b5e66f89712b,535982901.527173
15d10635d71919d0c9663fde,556041986.4378434
79733fdf8881b0d25412abcd,627533617.0637802
7254c91fc9b51e76c6fd2a99,661127704.7519473
b732021729ecf88d6297b48c,764682350.1966727
edf4e11d1f1aa6f8080c3156,674065612.6637329
0706ce398b2bd64913e68d39,843171688.7724957
ea4a797b3d73d1b2cba9d651,961254102.4909805
6c598362e322971968739673,528054678.54212886
130a119701171ed3c439c527,557855186.8155241
849c918d78991c57f32f2031,667801620.8371642
036fc9e01b2b1e3ef4574372,598535687.1108932
e4ee1a81aa121aa5f55e20f3,609872399.9656419
de926223fe4296d96466c685,634889553.5798306
340ae520163a220061bd7f28,568827948.6574929
11e36a3effeb0119b8bded5b,553472713.266454
2492a7a74edb57f784f6361c,537474527.8134735
1900e7808046a5fe89d8e440,674306817.364575
fba35c04cfb7b6db50cbb57b,613551587.5926211
daff79365fd94d1d3a2bbbd3,541575009.3452076
51230c899cea0054bb74cc44,543623796.9732245
5e04875f99a5e4476c0b4186,607141537.6392012
542db19bc6b9a1366715dd7e,722680745.4736214
a117f625c794b7d52ec67cd4,574041193.304671
4c59acda820b7b75823fa277,551656867.3433987
f040a167241599987e7b0967,621904666.3954693
4a016eba4744dd01954f137f,529185466.5162535
0d995f0ad226dd21bc96ff6b,526626243.2754767
3d44c742b1aa4c022a968ea2,634156399.2269238
e47aa2541fb576b9915fd625,563177848.5006202
61fe9ea90c8a777971db8384,549874369.3898807
4a611bd82c9216a3771ca7b6,582937262.5860018
0cc5caa9b48a835c92da7653,605908816.5866747
9a7f24ba55c92696d377bcb8,688517863.0203842
32366fe92222b329e3d03b29,631393177.7747273
aa26461420614755c2a52db2,805701011.9726788
53a447ad5e011909080c0ecb,667810567.7157139
9d790c8c474c9de2afeb00a2,530240673.3713033
dbf200ef5f1e15211e2fc6d3,707387309.5891504
b96c9e2591a4cdf9c4e0c09d,605833632.4628704
78eb6f51d94a61a967da24f4,673075654.3864605
fb338e93dda9159476b8382c,523525113.71080416
72536bfda19f78d370d95f26,695390736.7260499
7c581e2b9daf20131803eed3,802943296.381775
50cb0ad562ab5ef4e06f84ed,559636587.4116442
a24901956dac4ee0e4b0c91f,845253884.1614032
c1b386f478152f9be1f546ea,519859596.1400164
1f34129d15f992a3b62d4b21,538094445.276782
299117d35bcdd48afa4c2eb0,677466658.1475576
4ff6c53c0bcfd1d24bac7ad5,805406437.2460564
2e52008bd11000eb776bd80a,821463610.1068641
56b78bb57b2d1f064c47891f,546458356.9034942
ef64a8989a6444cc529dd1cb,563699930.3158978
078f7c6532204fe046b13d14,835549932.9022032
28c0649dd8b294574a876e95,670542105.9246286
6b9b9d28723c7ad176a9306e,817806979.8879561
a640228932682c0c04538ac3,607902729.5877149
b19efe9cbc26d61daff5ae90,616335869.7892954
dc69d70e4d2713fcdfd93dd9,835549932.9022032
358e85ba765ddde3ac31be33,532525737.14400405
5e6b2661bb7ba0ce4776d483,525383486.56441313
0b6dcb5c1952dcea931e2c20,568525138.7442335
cde84d2435eb1d0d4ffe2a43,536405819.7351184
bac550d41b2cbdc6a110ec7c,570853744.9458253
78fbb49efe7dc0d8e144ad83,613122278.7610611
606affed5c707249158c4b49,574031656.6273272
d44778d36fc789f8b8c745b4,660542600.3097874
27ee3504d1df34ee8ae5dbb2,759998403.3366703
60bae7a45a084f117eda823d,735417849.830762
98aee6a36f208227a992f9b6,676649456.1014508
388a6dbda422f886e503e685,668407896.700292
2869a2d2689af65497775b1a,712433051.4897678
19993833220392781bc15279,672745632.1880468
f0efda3f7fb18af1b44d6aa5,667749382.2082444
cb915d1ef92dff803c5cceae,700168932.5405399
4bf02d040efe5358d4a5940a,788538067.9729778
1382140d8fb634851d4d210e,698013394.7809017
b8ea07763f2e1a3d635eb23c,548253742.9836338
8ec00d454698c119085cbee7,517604599.2755698
30d5185ca2ac2fcda2bcb79c,535056862.5382149
d0ea7bcd8cef8588ca50c778,552685515.5293926
fe6c19c6f54606a611d412c8,528937386.8680753
f22ae3d17c92427f5227cbf7,520360778.5551761
92b3b7d8dac6b2f6d5fcfd9a,555367658.5585958
8c44d216517f5c59e2611aac,510080012.97054535
b85fa4bc59149a7a25447537,535349026.19944376
99f10097f39b32a478877340,558356003.6412386
44f8d5ab70828e06198579f3,580737662.2809298
1f674965c913f9fe282d07cd,517928684.62472993
60e768892afb284b0e5042bb,601767046.0041969
8a6d013451e46411d35c2b6a,559674059.6456333
6f953b9964d60f6a74c81226,635480354.3187579
05076b448cfbf9dede72904a,647803339.043442
47051c25acf866250b5d3ec4,669926957.1173725
0952c73b02dd5432aebdf2c1,733630741.8554586
cc3ef2f4fd5568aea96c257e,785069508.1622344
834fe4a1e9e4efeefb5aba08,613340791.4319626
104cd052884247b14d697673,753361180.0655113
8bf61f106e60d6be03799de7,675231576.0611923
c13e387f56342f88c993f0a2,706987122.2552274
ae664789baac0c47d13c3c19,602244689.0144786
ecd1e3003c5d74a3c7cbdb11,898342808.2266234
561cf254aba002fdef8258ff,908798852.9926516
98799228c26c9e4899bed65e,894560813.0694911
03025756be203027ab75aaae,694495136.7199005
8997555e7bea06f7b90ce821,649870875.8292205
e91a3f962129068a3a76d209,669509231.0732176
4bd0a354d75759510ab6bb46,727453247.9320192
f6c1705a83c039f7a7d46255,720936570.4753282
0c4afcff5f5a90cb79807682,754305951.4450121
d3222a7545e302bf10894658,563850088.9549801
03463535ae93b8b123eaba8b,589051425.4003773
360e5cc9ee1282e5a6ea17dc,625699122.1989664
07f24808e42c9e11a7c20232,557896159.0914382
b80d0456fba49a40fd774e5d,867698485.3355274
f865411c20924c43a080794a,657721123.1408665
c578eb2dffe903475aecbffa,544105685.3319713
d639498fabe1db1236656593,614694188.139055
e6e3bcae6ba114caf108049f,522505372.8756456
7dd9760286606c45e6a15926,728236166.9254347
2c5f07a9402cc93f4c683759,674152781.0196365
e3295e732bcf306a2d338387,530504037.2432323
240ccc45a242f80f817b04d9,593559965.1717634
a7ff59863f8719590146e71c,618817576.5822399
e6477c2014ad081d22f12b9d,524445391.33225393
807687fdb46614d9aa139b20,600893029.3564662
317d8f9d18599b346639a4d1,525659949.4017747
b85acd44e18ab485d3ac543e,528530938.07417214
e61476e47d7e7be706d23fee,746873166.7515882
270a97e07eec2be02cd89a86,750245421.2161003
4c9dc4494a3428435457f575,515271212.4225463
26e58d0b13e7f7f5a54585d2,651357576.212165
166e1e60acca831bfad07736,780562276.1873548
aa25d9f8737f142b8cfa970b,825036750.7897178
44cdcca08e1e66a1496fac6a,524516088.09784436
d75b7730e8c291ed41d7caf1,647011753.6758391
6d1534800bf0ce97197efb6f,645805673.8922114
8b13054b3318289aac1f13db,517144395.37528205
c6cb6ccd3f5876c9b9e29685,554128237.7169703
0356797c1683d002bcd94899,867442821.8846122
558cb38bcb8de04588bdfa30,572253173.8239456
0685f2225b939147c8482e6f,538008235.8186045
cf1ba56710023ede80a8381e,686249050.4239156
2d4bd56e71f90e6fb387a2b4,967852840.9374909
b96b8e1d636f0c10c63e5c6e,734625852.1490104
534be635a841fe21c7a702f2,572750055.5214366
dd5b4eb5d20b8b9c813ba52b,544285685.8035674
46941e09b153ec19f86c0c2a,949866132.285729
9f06ad3793ede2ba7f39de43,600611376.5125858
b3df8c66475021fc04f107a6,586269025.6538064
468df200fa490e667bfaa31d,534257122.17402834
8130ab67c5e0d96a9a67fb12,705280659.0368745
f7ea437311c0d217b0d572b2,528843732.4382423
ca0b59b35225b44447967ef8,530268821.64725935
90961073d9887bc1023315a0,549531351.0236654
a1421c30fb33a249bcd54394,514889108.48182505
c87d9677bed80b0fe06308b7,535209090.92755634
d331a4d58875a393080fdc48,534632753.97166896
2f3281ef06475d2114fbf9a7,530297233.9039053
487ede1f7f155194b69c531a,562770636.0572417
04308f869d7c992ed3ea646a,586659536.83419
912471caea3c71e3f9f70877,759803936.7785913
1baabd705f72393167dba5c8,541367706.5881261
aa4c66791884ea2a8357924a,510811309.19532734
1ce08c19161bd0545eef8a16,783769776.1990967
01eb0a2c1033c30830161321,776801673.0892206
b2759de47d28e8cc05c94e36,538709913.9403676
bcdea05b890394a10d24601c,527569825.0926206
db9f66f68aa772fe29e37edc,523409140.21300286
bd094081331ab259b1076261,534339601.6610571
81e7c8c1894e0c3a9315ff27,535260369.03819203
7cc9cdd32c209a62908a18ad,564825221.5025482
1e18024ab7d931bc7ab5873f,654526722.9954976
baa146a6537e8630180fdd35,772707621.8604386
8b788f742021f2438ffbf528,543291093.4759561
66d41314804d77ea0f440695,575605422.8376144
72dec1e6e65f6117e10a2473,536965196.1012499
4066da904062a0041a809b02,564825221.5025482
b7570bfc5ddc7caaf610908d,564825221.5025482
f6c6eb3fac9658c4951c4222,562388736.8627763
5fe25ab9cf4ea071cd6287dd,530297233.9039053
0ef36d33e6c378c946b8a65e,564825221.5025482
991a94dd1e99de493672da14,562388736.8627763
798d87a368f073efafead25b,564825221.5025482
9e8cbeb53820394a460f0879,562388736.8627763
7b5582907bf47bb9e873a513,552063016.4783331
0f21ea53a480e4363b8d7aa9,582237653.4122045
ee667413d1cc49427ad448f9,634454658.6169014
12bb70a95996dc6e286086ed,634454658.6169014
9e9e3655ffa5921889cd8ae1,666216297.8871697
f2bfe55b6188070fc5c3f59e,628494047.3528388
1f00fb18ad48b32c666fd319,549662366.95643
86f15ce6ea8e97837e6b9383,646008947.9351144
7002d00c9acf8b8a4a5865b6,862109998.6159905
3e85deb0237521f1a7a8fa84,638092530.3553128
1bf77cd1c4037f4d2ed28036,689237017.0223352
ce8e1e2e4a79fa55a8547457,680268656.273979
73a8efbc036911954c07b91c,714916867.3729606
9a2051367d6dcbd90a4d60e0,869806415.0774844
3804d5b313b742228ef0f1d8,664035242.1334827
fd7b741b96080ca5b964cac4,752956544.6756532
c4cf9ab3776289a412684892,644013532.0168539
1c51566c7dedd4a46503131d,834039233.6042659
62259b400be228a30a655a59,815119972.0220312
e5092b4a94f1c231a0c47680,694680013.7366486
6f435cb10e5728ef45be9f29,910079653.8466388
04a071d777e60627223e28d4,519457903.4731932
1117078fa37ed101e9120923,571430678.2669277
d56fda10944b088d9cbe1162,549179155.3441757
e01c49250329331a442615d6,537938019.39102006
30ab0bbf876dfa515b266c9f,532893800.80662125
6aaefcb58913bb3f49954b2d,608254338.263203
629a6122db92e378f0eab96e,595488561.6600385
a8549fa4bb56a2bcc0e15b11,543387559.9741164
34291b30d129222905ffdaba,539284050.5237218
cd5658fc146ae4b5d78fb565,547245490.9701862
ce14bec246191176c16c4e27,565603768.5334034
46529f0455fd35b2f4a489d0,568067832.7865993
52b3823c59546a6ff3de4d09,513199834.83788824
959b7ea50d93bf1c36e35005,738912082.0938575
5c6edbdf110bca5a66a51585,543387559.9741164
d4f6cc3cc6e923cd37d0fbb7,520988611.63070154
2865962bdff8929888a51341,579226935.8216724
105bcd15e02d39f70ec2ecb7,546627216.3889606
b2357bf117ecb5b9082871ca,513199834.83788824
273cb73a7bdec0d291e845f1,549179155.3441757
1f4cd62152d4940990ac6a9d,515050746.4673299
a13ff325f90eb49363f59052,641751090.748043
40871d7ade3e592560d0b3e3,553155958.3104475
ad2081cd75928b8f5e506944,689662796.9469053
1508ebe40f90f90a68f6dd69,549179155.3441757
d3cda82d1fa53a7ca1b46a33,666244884.1798153
dc20d46be2470d85ad9e7e45,556464192.5899146
0a7fb26822c2ca556f62a257,547245490.9701862
40a1cefb3cbb7e2972e30d97,529128520.76395226
4c3a2b3e3d5999f747ae0d53,663404438.9152617
a8870552db951bc4e76e7f9a,531994674.8799753
cc48e66185c23195cf958612,763218639.9643832
09d4b5b5c2f97ff88215708d,579070303.1001549
a59320023948e2d915c07306,565667076.290048
a74214a0d4d40b898ee2be88,543108732.4290202
dd9f28d722d43112651786e6,561014038.9575958
275360e29bf3309e09ec41d9,520220277.98854935
1e21ee2ab4ef88194cc85166,533655603.85517883
268c1e17bc17dd646d1885cb,515207854.9001201
33e22ea4154e8f71062dba8b,542672080.2282488
5b5db88fa09ecd8f4b9cef6a,584801616.1618558
c41dfc0b917edb6e6ef7b1c8,619057758.8692724
3ba6b07e752fa580f630eb8f,697883690.5557965
fa6db64bd7cd8b0f1c0e2453,697772284.6584398
2422ffac7337b402339dc550,693062624.5069658
dd6d47e2626e2bf24f842f21,735033799.0223556
bb433dc1bd769d684d8b3352,652867199.0030558
812ad0d57e4291da184bfae5,535671353.37427765
51a0a1a680770b625579e25b,668167927.8046504
a91fd5b9b1a791a6af59b70d,734375761.2586031
094da6ca19427f1a943105f6,639236452.8196841
7af0a604d1901925aa179436,641820417.2350979
890df90091e14d1c3a1b30e8,618913663.5196943
aac17b54a68bd216e2bd1d45,512262288.52260125
fce26c7fbf0bc93937ea5198,563257044.2513162
b4245f075bc41aa29b55d324,543486854.9971825
bb70d80b0c6ad3022160c8af,527062297.21485126
ac85c8f7605ceff58dcb55cb,545308283.78204
520415ebcdd1a4059d18e2fc,726490623.6156391
81547b223494084af3e15bf3,530220086.81637394
a0f1496a0b4a7cd8b850f010,759846740.4035589
436fd4dce2ff0f71232f4b6c,540463458.0113906
3923f0e655615aa6b52721b8,721063483.1256126
afe03b938be9cf14e98d4a0b,508315255.10126674
0f1c472b94feffc41f1caa44,509208461.0219982
5b76ae185e6b41243777cb4a,526014286.07114697
d70b133f81d6f1c9d93e2ed5,523980854.68277127
865459f5342a0102d255fa07,509215232.97190136
fea5eb95dfad452d6786b042,524050246.4616005
415622d0f7adb1a9f7009a63,524040013.85256565
543edc342ad39b149501aaeb,527945342.89901257
89e1d01cb5bfdf567faca443,576965107.4531752
e86b99e5dac8ed0d8296e950,520635748.5229203
2c85b19f02bb3768c10d14fc,534211821.2840959
c17a3139c360750a6de5950a,542961766.4210324
cf76e6077d47a14abaf0cfb3,527639105.19737536
82ad4b3d5a215f17e745d77e,579234312.3352107
dbb4260c89524c78de7433be,525135647.7128676
5b312ebdf71ab7971f9fd2d6,535706114.6808142
b3413352f0280412f53562e0,527827041.64889425
28fc5f188c5e11717cdb4a98,522216475.25775707
c4d7a906b747428aabd368cf,553118026.1434479
a4dec2ce375ab5e4bffa5966,559036604.3705139
546d570784c7ab8746bba80e,527928551.711192
cca9a08bc4a91f317b851f11,593979396.6420296
bf43226ba66a3e2033d32fe0,602052280.4267414
c2717194de73e1a1d8dce40f,532461976.01012397
acfc06021a7a81313d85f62b,552679407.5013705
2d531a26f8b1a8afa511e3dd,546697266.0855244
4a8acae29064919c68fc8600,548427541.1404084
691b030abfe1190802349715,526366294.3238197
a302ef23e1d0d6a273274cd0,526339257.77972233
a742f415d6c57e8493762c57,647889426.3145734
4672d1c9c3b04fcc87a0ae9b,646008017.6983626
371a0ee537001f7a9d58465a,724655385.7553113
ca5eecb01282d4a84017bd50,727206990.7047716
40eefaf8c26b8b4736308bf7,763773020.8536339
a7ff08f7e09b19c1546453fa,711323762.7143342
07a6da2c9c4833ee4cbe8625,739499051.1530707
b2d32589626abfc81e44cf70,726385294.7410128
aeb68eb7eecc4aecd5529717,730050461.1661246
3c0b438c7a4fcbfaff9f678e,747032087.0295743
c37b357d57918c3a651a5760,731253049.2412691
b65c0544e9deed76615a3138,621839385.3059708
3a8b7b9048c82797fb01a8a1,612015124.9100089
7549cbd5c8003204c85ce1a5,700187053.0535473
21b4c1ad11bb1feac4d02308,675827623.7772691
b972611aaf1b68340de16545,750309780.1933738
eb3356f3856526dc140be7f4,689103608.5076138
93ba409ab36d3e10eaae18c1,747445344.9744593
5717732a654405ba208c0f5f,778094972.8200946
aebb556fa6c9275a9b5c543c,677875746.9393475
fc72e535900c592d6053b806,769535152.5330518
04d77c8ade9a55fddd28b00c,653150378.6953161
028adaf559a05c8882893767,755246485.4609703
95781f187bd3fffa3d1b19f5,664261438.9890794
cc2c78d41e3fe29de0b4ec4c,667468578.611136
f78886545677e19e472fd0c4,633465784.9380324
3dcdbb92628e6a200adf48e8,672448869.45437
4993d1487d78cd9ae2c23619,656502048.8908799
a8a2c61f2b994411af5d9bde,661295916.271358
57fd11f829e31e198326ac98,677396175.4569236
59b9a5730cc8a41bb7a1d16a,647546499.8175448
85b8a65f1b00f78e67622bfb,762898649.2863885
971c610e55f133a1d1e6c2b2,729282504.6869152
0f9867abe3ea0b9c5363982c,728699538.4973183
086521dbe18727963538aa7b,789187915.4769051
bda3c74ea6f73407a3c0a17e,630285503.54612
257c765ac81bcf773473039b,631445259.8295301
80d2415c0460088d69574285,674850348.4275358
1554f8aa4c8fbe17e9e82d0e,768625922.0542918
00f6a62599f25ac506113149,866961592.1018968
ae26e4726c16cb2f6a6d3f2e,897911620.1499076
8018df1613094a9e4606c875,826123349.7035377
eae4a1cce7c039c644f01c6a,815815689.5470598
b07cd6c30350efc5de211a8e,874938420.1515672
5a2624a08494481388f6daff,797807438.301827
b8eb177e22c63e84738e7788,617483937.7950188
ca02c904cf5eb96ad20705ca,588990200.3349025
8e6dfdcc28f830f2696de9cf,558500019.8502003
99fdac6a2ddb1136f7117f0a,529926817.7180099
22e9f1b4b5e887cb5f0dbfd1,571281186.8737376
d89f812c7edfeb3121bf639a,559591254.2158014
19957244dabc3f727733527d,510601537.03769475
ad1322132f3b533b4aced580,531047632.23239887
40c2ea5f89f5b77cc09d1455,536885096.230977
140c4de69883df9f3fb3a538,534172988.67578155
5529091bcc05ba5cb2156b15,557167636.7579691
55c5e58ec636586755df3dee,537789520.2073607
6049fb02c166ec9b4471a7c6,574370826.1683315
758b4df32244a51b2271a891,519664934.2075799
2ed1ae5e6fa77e447af230fb,559097591.2032747
527a1c27e038e45d2d1fcd9f,528468993.966252
1d0c3ba50087cf01637de6c0,567321419.2806132
d0804da971548399183ecb85,583536993.9848098
46a7d0f520dd1e78c0cbce0f,583536993.9848098
57e5120d0b71ec6a67746a59,546614992.5860003
b5292c1e1683d40be46bc2de,612106160.6638842
01e9c7531cf3c63c04b9189f,558555190.5186486
06e91b526821a6ad1372fc44,534419881.11122084
34bca71dc9c74a2072f11e9f,605855239.8255587
22385ae2b3e7640e8c40411b,561034892.2494168
6e4adafdd872a2837921276f,609718115.8600656
8cd3031963c612efd0049f8d,619614239.928455
43b2fb09efd1593a94b61b4c,745135834.158278
74448f56811e9562536eff6d,609419193.9681921
44f0e088fee626993778e7fb,765988003.781462
6e6f7fa167c0f617f50c86cb,675875078.7050109
83da5fb4c15e3daf727a3cc6,771655014.2048097
b45c8a6224ae2656b4189526,823890106.8554498
0d926a0b5ef567c627a7eb0a,863281337.5758395
c73a1177d787a5ed72b8a9a7,546545222.9393488
75c1083db5c940e626c02f53,519037558.6568911
b925c9218f5132c6c81f3a18,518310631.80894345
9a091c59b3cb4c730372b34b,523871077.84046304
bcc704b2e178dd20497e073e,531101456.730169
6f65de020f663622146b89aa,522802225.2296853
9f3680d00c86707fba024dac,603005792.2611529
18d5cc463455fdb4d443a6f2,530183168.7653178
f1d76d78f9266d9552bb86f2,604690131.7899073
74dbd25d407e51337f883659,661030743.1632086
88ff73eb829a6ec5bfcc0222,651093941.788077
ed5559fbfaba86299e87ed89,898652905.9708551
5d97aad3e83e26b551c3399a,897027941.1227921
2258ec00dec6a2b85f439135,897027941.1227921
6c94fd185169e708a08d3535,511164329.4277699
ddaa88a11432ca21d3eca774,530256808.32935363
2749b5cfd2728ebdf124a0a3,547953013.5531282
a7546a6c6194506dffd65360,595830349.453344
6de7bfc5e8149ebc40ec0e4b,580150259.3728791
6f83f14861e13af92a2b8cf9,523239039.2268064
d71d0c8357f09fe2f77bedde,610882722.3493834
90b28f5125a0b8a0e3b10580,622785569.7524961
940e08f8fc66ac29f6d76687,710989373.984319
41d2864e1f73e29f222c61e0,604065252.54079
f7399e57df358ae7adc9e08f,745640454.3310905
1679719f26e7c650f24eee6d,662581399.64447
0803ef3270948a30b3fee2f0,607631978.2503349
4a3defc2b7d2cd751c9c970e,728237984.4501009
8bd2490f83568ba653cb74f6,806201768.6320299
b4ffd0a2cdcadfb962578199,874069986.1823336
7e5064603267b61520d8f83b,522876985.04121816
88964e1202647db0519a8a00,498111025.15741104
f3d94d0616744b87ff139533,548916652.619592
60704a08df293592e4cb5719,542956548.9401038
347d5081f7bd36c8edc1f352,605826851.7446615
41d3afc1118758b5314db48e,554960892.9846239
80a1dc97797c41b61f46ec6a,550586037.2285888
c0ff8812c1e8eeab07c698a1,559679957.6028339
a9a4a765b1daec2f3ed59a80,613288835.8611401
33258f995a375ca192ca4d3c,771894997.2571334
80b6c823bad5b4c0fff46657,907901838.0336965
719055eed27f361071cb9eca,865510118.914018
9a354d8c526efc5bcce59dca,805247676.2209607
9850d970fe9fd9bae89f09ad,930367494.3784604
f2c87b07466aad7328b7e0b0,905846755.1615651
27ca0c2320c520342717355d,525839331.6734128
e958bd2b19db118c31f893cd,525839331.6734128
46dcddfc78444011abd29870,551916341.1184927
061d3fd39da1b4b1397054c1,569274383.725974
3d1a8884a9687e53e5fb0bb7,853090543.2154212
1c0236d4bc291372483a9151,596023930.412393
c1420f278d45b85c56f415fa,721150987.7598147
ce6fc507df0105c68c29214c,518967573.7521218
e4f26a73bad4e41c375dd897,833384983.6398784
719190aff81379902beb6497,767964206.9305489
da627dae6941b59d1eb98e35,536023792.1220986
2189d3297ea703e50ec34d96,730235265.8349338
c7205874bee601a7b01a0cd3,684268024.6532558
a22bc19d0d83b13a53630b7b,547102981.7269895
8acebaa9fd7e917d7e3b391b,530238707.08727145
4e104916ab915cf3c0bef846,773425299.9536864
b0df95e9fc94d9aeebc960df,620661613.8564864
ab419cd48b81038c5a30c721,521116204.64925754
5b9bae6f556700e099fedf08,573441302.6028786
989360149d9cc6088391db4d,753181542.1109871
bad7560aac04600e1ec1a9ce,642109935.952374
08d9f04bc4ebdc74e9d80b16,647644324.0474358
f4311c45516bafcfe8864c70,605480407.0209141
c84e1db639ee43ad83f930c3,546458356.9034942
f778fa43c92344cfbd700432,567689446.7401623
2019bd32dbd09fa285a388f7,789307064.2635492
4db834146c4e73b515d510ce,541516256.5637114
9f9f2548425519863e2cd6b6,692000519.8456204
6c3bb7e1696df587990161b1,534282223.0636155
82f08aadf1eeaf2058b50592,551581834.468428
753e74e4dbefeccf3e6b27fb,527369599.54542714
a26149f589edb9a903782a3f,551952647.1564305
bd264728a0464376e22b6bee,537279245.4077262
2d5564a502635dce2d46ef8e,748423577.6765263
05bcc7d7db8d352216a4af59,656325312.237788
4794d9994512f01a4bbb6c48,630537458.429118
64a4528640fe492865ebc0dd,575702074.4722809
f655ec98cd42b0bf2d7cfbfe,592649348.6665072
b09de5f1e028d4fafeb8a22b,566042974.5508593
4c79f17573007a39bb2b4b7b,751304904.2301623
824894236c20b081af2c9868,608100912.2406243
107e76f0c913e19217662faf,697429428.2117914
d5e2bbb69ba3876b93af2d3c,679877691.1169493
a2905faba4c1177603e6cd5b,551083331.9246385
d13e3d432783206eecb0e192,673494374.8387107
6fecee4b1e5f50c0b27dbba4,796678810.4372545
57891292fbd530872cbe68b2,655339784.2389714
d0d6a1b5c60ad420ebf2ab8f,668674182.9614557
711736da4f0e8282fc8c9e69,714620039.8466578
f32a3b542efba398907ec912,550894467.843173
299a94a02e887c6ab1de59c7,518948693.3022955
ad844bdb1150508a4c6d57b8,595268889.0347769
78c17e6ceb87f7587364c873,528198678.39528394
22e8713e2051c88cdafe2364,547349258.2397693
79c5085c14068e492e402a26,761414906.2282864
205e9d987013859f391b27b5,655721945.7504365
36aa7d0cbfe40adf3c86a134,919841040.977247
d54d787189cc8f014ae58aaa,611651345.4249185
fe2f1459eb0a380dc31e3a4e,868006744.7574028
ad663952ff2ba1953efdc460,636965149.4508005
b7320c35e90f33fbb1c28813,532290567.6783086
8f90134b8e68948cb18fced1,608506126.6644095
2dfeb06300828182d4109c43,722923409.8328292
3f5a0cbba1433e9b6588dd73,538063796.5797861
f952c40e24c9df4ab2d62017,742841708.3468854
462c7546b358b00e617ce012,586865566.8101146
e0df3391aeb8d3f4b00f418b,556151648.9303086
1e48878318d35476c3e87520,575676948.7695447
e3903705d5a48c6d9f828ab9,554472922.263253
9e590ad7d22105456bebc767,653976412.5189986
d0fe3d393eee5c0cea5bb6e2,583322146.0907187
57b3791f2c5acffb0097f7c4,579094387.1977268
e11f9a5cf9d6ab0ffddd6096,698186955.3142934
9a3920f803b087c29b487cec,735622496.332975
6cc0fe8ddc318f1bbad360c5,575718356.6206799
3e0c656b64d39ab38201a112,512651895.7003051
cd55abdb54bd56d54b11fad2,575718356.6206799
7cd39eb8de56700519d8f287,557724006.1352489
d762007a4ea5de370738e875,551607919.2657391
f4fc67d9b9c6078003f9af35,695757992.9967824
dc0a4632d7378c25be351760,650115120.1810666
530a3bae5a13291c69bb8474,526951781.80115217
32b678be83da2a07b37f3012,619732128.0622106
349768047d470d2fa6ff1930,769776492.6083591
e017c3311e2fdeb50a686547,632423210.685777
bd0329ddd50f2dc4dafebd26,668544634.2341138
f6252e878aef5f8a641c3d6e,525082507.3072605
45ae8ffacfd00fb4a4f53d0f,712204875.6700673
d186e369ed884150e71906da,684301780.9379438
7b9e6b7eb3a5db0443193fbd,760627252.4297093
1ddeeae13139b7c9ada353a3,519472000.7647008
a1ae6f9f5d02548c89b23904,733292467.1072161
dc298d37c5235e15b4cd68a3,570356767.073766
f640753edfd8fb1a995f1de1,537409754.3319231
69a1f439de0f06e1143a0006,551219351.3155117
98f253233bfcd16533e2a448,633037336.2151283
ece6f8c652d4227370ef0fcf,697522628.4047797
599506739a6544839bd97b81,646467076.5838673
a12f49f4ac3c5bb0dc7d8d20,576948003.6782669
9da00f8ff8e19d26c1342274,688897489.8943335
cf5213877dfb4df98f0dc10f,559493507.8964922
84c7006b5a63add890a224e8,667442711.102834
88aed38ca59c09e1a6202672,666239979.1446477
e6bda9370c80a5f7e5cb6b07,971669844.8447438
3b54ab53b6e3453e333a0939,513167139.16304934
e72ff7414cceec6b162df345,547756876.5642421
f2d4c1faeb7694370bc65ec2,560315779.3988465
e1ffd027cce28c44c0d2f80c,601462447.1438478
5c5039602efa36222e64108a,586306072.9801623
b50f2c871166ee1009416be6,575323543.842746
5e7e36116dbc08932f5fcbf0,595934506.6579624
325ce336d3df17a078db5166,549343268.5976224
a26e967b288a1eb6d8e71d46,512314462.7888522
139331d23d9e3c40cf083a7d,733230183.3153522
1704b2d5f4a33401fb153608,555879936.4513751
ee70354146295365bf241d9c,563177848.5006202
fbb0a76f05908c118f7a3df6,507677642.2902522
2aeb794adc9892354aff7240,765608824.5589786
b0a32581cbb586f9710dc3e2,663162052.3204559
ad7f3aae29fa1e7ec900b563,574433119.2857772
1695225258263bd2f463b21e,737552485.8537599
f72fb486fae49fc1de1fdcfd,791524575.1899549
6b8f7074aed7ae7e6cfbb090,898790624.0747106
619dab52b321ab297a604185,767067001.4704661
b5bb9af24f9de68e91a1df76,667810567.7157139
ac3d21f51637207d3e031c2d,564781737.3476005
2aac28d03c2110d871b5f274,509497044.6785592
9ef498b11563827597c82947,570776519.9754312
4f2ca698ff03df0c6386e48f,760750690.8585309
606df4826416ea0f146ddf99,560298889.5871508
9ff08a6ca1c63480c563442c,682265414.8891103
ec27554aa1c62314f4d46fc8,529885575.4851155
762374e94f17a8783a66d598,536716271.9991697
83ca3a41ca4b5337107c197e,539460609.5789517
c166a9293fa27e910e1fa9c1,552134423.8661003
57f8a1e37c4ffb1b8cbd342a,656757715.8766793
393d99ca47315ae98fe9e7c8,694449192.5960448
9bef4aacc63605f2b2b62292,610817251.3697972
a266efa4e41df357ac4edda4,661226041.4527789
adfdb0eda9aa97f0d3005c4d,621029689.9137408
f05aee3e433cb036653b4375,641886096.2097738
2dfd1808bb95170a088deac6,763785799.1952355
dadf0a00434e8ceefb3e26af,711004490.8179573
4336ff9b2dc1d97ac8f9694a,510249803.09827375
eb14a5813f860bb74740da2b,541062684.0869699
3d580d0df1bf9dd124c282c9,568998339.2622746
49bb5311607e4c7600caa03b,557431455.3937975
78a39ae05ac53535ba0fad2c,597968018.0188906
936e18fcf06ca3c46eda7c8c,554088245.2941748
23f12add67accdc9ed40f59f,504293781.3189874
eb1b9e15dcb88964f79e6a4a,548965333.2640283
e2b7f984616fff25e3dd6a3f,613539928.5394853
b8e2b98548a234a245d7935c,612621500.4448065
79382c56606e701e44d55033,688683952.789212
983874e637a1a5782f31089f,562510820.1445518
3da9de8f610e5c40401a5b78,535630083.7355026
cd69a049dd8a3822e228ebaf,612886244.463555
604f1b5149f770a8f370fc75,503738615.99922556
0d24fc1c5deb78eb1a0caa51,574935407.733481
583af1118e60e46c347ec593,804403115.18113
13b181b46359620191e6e4c1,534694002.36125404
50d8333064f0560cbe549f89,581960041.5782942
d9000c1afed253d05de7819b,529571144.7908675
792ac070d1a314f585f09987,547196500.8394736
3e874c25176a3abb336b31ac,570863628.4677519
419ce7158ed62eb6897cf09e,521548640.55386144
b6b87c05c4238be76d94da2b,535636996.5154316
980d809e549333b475477bf9,563826335.610824
a7df3d344010d5bb7dc70bf0,521705784.07372534
3d474c6a88ceb86e00f68b3a,550721743.2590445
be4bdb73add69f12f7aa6d06,591305895.747764
fa5234ddf23dd0d9cbd3cac2,571453313.9981177
91a08f81b621333ac58c3845,541196751.0953879
702aaf395bc78986a008d70a,571135428.0832616
86b0c9c1277e9143ee765b43,521227006.1509726
9c2c22e70cffe6836f554f24,565419760.6179215
31f56b841b122b35615bae2c,514566992.79280776
41227dc9c9948a5f0688e426,554084684.9829211
781989d4b732f961f91bc3e4,562918299.5674331
cfed0221146f4d83d641e1aa,809884930.3853394
8ec491780efb2c27df8dc08b,589513447.5897026
8a5866428508658b4a2a4cb4,562281306.2278577
156dc81d6e14a71716aebcab,531578057.1993394
c24be8293c8f4080562ec0fa,527534572.21329933
7fa11c05ed1c123c1a457b1f,580165210.9152763
a63c36f6e7e7ce7c7e7fe457,637043479.9191926
f9bca38d3e08176649504e74,604818573.9109458
3d389130627ca7bade643f47,542795523.8209217
70314b0bd995a4b03c771ae7,551063489.1240605
a3c3c9fc04cf2e2a051a12e6,544243057.2832958
4cbe75a162b076c4c454dfe9,532375435.4803477
0c62d4d501a426cc8fde0c36,657700478.0170411
533363375cf2cbc50d86773c,572452691.8237064
21d0f28d5f30a64352e60ac4,512726498.8611204
471b5135fced50f7cb4197e2,578470375.1292176
1c7586fd8a1a38bbda9c92cb,536447498.96454936
a0f28aaedd12f3d0eee8c6ea,546776280.8176038
8923182b6dcc9f2d8be1ab53,568513867.7602575
67f694b29bfa494bd9d9cf44,604384593.7795756
b721a5846527d5338322c9d6,566580965.5089455
ed09fe201c9ab02a91779dcd,598763093.723879
f49045b312d12268eefedcba,565773262.3161772
22ae194316f34d482bdf404b,527534572.21329933
4f450ba5de4766e5ecb8a4a5,534197414.7929862
235a2209cde8f8b0276c845a,571563621.9276675
f563f0899884de7f9bdab405,591437636.8027767
5b462279f602c5b67ada82ee,573580848.9173255
fa4af69aa064a4306cb110d0,589395005.585771
a70d32ccaa78ae9417aa7e4f,530523249.94151545
77c9e5e3a6d965ede708cda6,578633640.0970738
5637f3d3278ea049333afff4,530814528.57289016
1b1c220eb91c9448b520b76a,588692765.5684767
f4a6ec71ad7790df9578324f,570564475.941786
217e1715fdd5db76ce93cfe2,544603487.3981174
2cfa1397c901b4e940d9f673,536071847.6430614
44672de0d6d9d0cb3b4ae938,554084684.9829211
1c50477e5b3a67f3d8fec62c,564810892.173647
0a2a67e8b310471b115c60bf,533848377.364542
06220a42e68510eccb4d790d,587810078.9246053
611a3e1d63c6ce5ff8779243,572485358.6207305
1284d7ed08122731aa7c0461,517349992.83466315
d44eebc871d1fa6981c32ccb,566059783.4627627
43272151f217feab78190393,562281306.2278577
6bff92260afd556a98d3e3a5,566333014.2430531
00586a92b53f4a8f9f6b3022,720591547.7499447
745e7f6a83b55196f231466f,654056091.6480671
9c558e10e5bbf230f16968f6,606325175.1090534
1b425a31cbb73b713f291e19,694287309.626474
076ccba20dac8bfcf184b8a8,583675334.0459487
c8fd8b729f4ac6270aff9c9d,588934532.1858282
52f026e670e9851b08c70542,578034205.4970315
00304df33a3c9a7e396ddd3a,740095617.1234288
ee27eba49457286b5ab76172,725857315.8435048
97b57932e5e20416bad6919e,628048332.0493776
e570c5f58a20fda42bfb535b,753428089.5219042
79acb227b5ea365414982957,581221148.7426134
d24258de8d2ca10186660a1c,752787225.8764853
8a8c202c069c20696c2de85a,553392965.73613
40f301afabee5be092ba20ad,628479120.6534693
afa842858299a6ebee166e31,596635986.1107647
7641dcf512a05ca754930bed,669610369.7969803
8c9b472c55d4b99e44041de5,581399596.6262941
88b98c026b7650192034535f,860560243.4916676
9bdb1bc52a9ddfe92e6a948b,760342618.0006974
4abef5720fd889512ecff70a,740920612.4427999
58b139bc16fa2731e4b76f28,555838459.5820363
9ad9ac8728cfc2387285c24f,649925179.0489451
75fd5603c4de9678627f81d9,726007334.7612041
9f4a25a5550f016ef2370229,614065033.399656
d4f4d0ed36ac9affd71f302f,585981550.4389945
51bf7bc1c19fcd42e71f2463,626442895.3531674
49ce19caa1325233d0de331e,629743669.2619331
5aa1667bc8db26bac1c72f5f,684525927.4028002
b43b36ea4f81bbfd4dc4d781,607661388.8991451
2a623b33f3cc1f54620b5233,664912785.467254
8745eefb9e2761ff7eef558f,657083531.480558
0e49eaa5cde9375b1f026820,578845685.1187661
f5acbf43add5776430d8d4a9,616522610.4205408
ca50f7143937a99accef865f,673363210.034671
0e1bc8ba1953ec8c28e53b9e,655172808.6934633
980bafcd065c8e3d6cece127,608104482.2212198
c81133d5a58d7e8eebb10c8c,711058912.2671188
09656004f0a7f544580958fb,910637961.763614
edd342f84fc90478e344ea1f,548444230.0885268
76974826c758eec5c255c5da,766987236.2282035
63b09e45c1b7dca181491030,536531986.06942654
89952b237fda041b09f0efa1,649395412.5398324
219164e1d9b14cabb9bbb8ab,662812433.6109157
ac8aa244c21a9b86de4ed599,701650696.080259
92ba222e2dd63a4453a30637,583912088.2089965
bfaf8b7796c8c57bb5997be7,767333759.578008
dd5a565f854eaef90976c5fc,786472723.2198913
f8ccd21343b112d8f9e7123c,657621168.6637205
a90991f865ac81cdb3de201f,545457542.8584636
fc57fa9bbc16d1b8106c2c70,632186283.2761179
9ee3218bc61636cf0d7f8107,773546892.9809345
c00592c7c0c3a863a1bab9c3,561246616.1292357
f0aa18bf86a36daeb59946e8,667443845.8911911
e186499af986f1959f729b9b,659472859.2181313
18420ed4661539a2d72ff400,586255816.5112159
957731b9940c9131d92a22fa,712433051.4897678
9172caeeaf6498737fa0c6dd,639085453.3038703
c798ea36d2e4a8119723eae7,671265969.9869816
eb963f082209fc077aa72bc9,726484336.5509758
07b7ba964a8e30dc16d66443,782609691.4646525
7fe364ae771a7689d2fa5584,672303638.0742931
c59e06a2ed37fd750cf39976,706170118.4227202
ce03d8ae43a426e074ed35f5,907105038.5542762
b76c45ccae25a06dd5fc432e,529149652.8342334
f855725acc115bbbf03bacec,631038092.1418245
b0b0db3bbe07839bc2b600fe,706701540.568395
cfc8dcf337e020b875ef1572,712144290.6604055
390107256faa08574d7231d2,637426510.3642852
fb10f3b45e865b4626f65ddf,651470174.1577446
75f167e2273fbecb2c81ac0e,660193431.3514718
a7b15424d7c025d885636a72,735115265.4059252
f9c11e980254045d7478f273,596563208.8621467
e0b13f6dc213d05133252d15,673494374.8387107
c12f362b9060344ad044cfb7,648340577.2308385
f872f224d2af413cd104f24d,670166454.191971
092045750c36a8945c526a12,562893898.8923371
5ef33cf17d4b45277edf35a1,576058362.3961554
fc64387d7c3c91a6e6e876ab,768786430.2412448
c1168159d4e2fffdd5662757,557730286.0614264
cb604e3a56cc847189462004,635325353.3168619
9e95710c61a4706e21cf70b3,567809897.7848307
ab37f67a3afa274e719ecbd8,550433171.4930358
970cb360eb64128037be7e23,550050989.3954878
e42fc32db529e088f15cec8b,686702020.7061417
8925028d6e7a6cfce9967779,525431356.0339317
759e76e38d84a4188dff5446,769029098.9625816
83a376df2024c4c9fbf2a0ca,527026303.4474649
a8bb80d99280e332084b3950,572352643.3123965
c16ab4a11cf67a39fec6f049,569694607.8906718
9cd1127b1bc10db6b8ce5d4b,692439890.0413845
ddfa979b1d7cdea1d7dd0a86,513776541.0698066
d78f7a1592c0779093150ddc,611131796.0684282
97ce3e0ef38ad12f7fa8c4d0,518388904.3679456
5c789f2834a1a69aede6316c,509396021.9635637
c29ec380fc7295a9a770a74b,531451982.98256934
5987f6171a2bcb37062ccc94,582661010.8239895
1e91de6194769980800b4de8,609687706.2273219
0a0f206f04bfb10c137388d3,894106577.3921411
34dd15023216e187daaf5a07,644202502.9552989
33d2d1db291a13affdc209bf,566946418.8712411
6fa5e5160d7c2bed824bc0d0,535394576.92414933
8c04aa7506b8c80c1bac23f5,549357282.3550146
e5d445e39104d9ee6b244822,614669687.7910008
2ca6b3016a89139ec7590f9a,797791577.8616066
e567e9e5862b13f0085505d4,503890481.3261814
edd1c4fdbef4e6beafbd39b8,517826894.8541117
039a9029c4341b1528ca6b46,522359692.93879217
fa1533051ea4145f7f710ed9,539377254.5205075
9c99a85c5dd878568582dd9f,516765495.60010463
9ec426691c80918203394ee1,504967198.6505679
66f58d9d1e1eb7e81cab24a2,632559115.7696171
0d0f8ce05ebe99dd3bb7b23b,617661355.8004586
6a65986cecddc5c47fbddb9e,588469791.0953951
a82fc744f537ddc6fbd16883,594226509.317584
d4c40178c19d6cb2fcc88e48,548027102.8221533
4034cb3cb77e9cb39cc98fc5,565292089.0303041
41ae9d3d280d4eebe510606a,571784918.8452797
4aaf6763c105ddf2a6eddbfe,543426947.6550214
633a7038a23ffaf4b3f7896d,619260169.4735736
2a531aa9576c5f91891cc8a9,562620515.230989
85d58cf85a179e167428ffa5,591842025.1916846
42f05e5d4862d653efda75c0,573317377.1538296
256a46a6d45d168169f63aab,570136586.8673582
4b0fba692104472b36c38c3d,565428043.5400208
253c85b226a15d0ec2fbbff4,570753155.5209218
b0bb2299d5f456f800993a11,568908369.6109267
47fe78f6299f757b231be10e,576331451.6136128
4d09ece928ffac7e7d270bd8,629005485.0745064
fc762d2d172737cabbdfcc75,642832886.4468787
2809252a96f47776d12021af,647921059.4607341
29eb473852b36dcfbda0c702,647921059.4607341
231c050bebe12f568ef92afc,648541349.9284672
acaf9e18bbc7295633d92e01,761736714.072604
860435300909449c0443c10e,766853987.4226471
f967ad5e086f485c27f09990,652725971.4336095
678927546243e932b48d6058,675687612.065759
c537ea2620b8c3a3f013c0b9,656488312.6717048
10037227b2a24d9a72ced322,819608623.6317756
1b4b3662ca18e731acc18928,882230415.7671171
e6717956eeaadb3e95840256,997048191.1820073
ccc4457f68fcc1a416e3acf3,605771765.7435588
94d91969cc4b9aa1e856d801,757293887.8332968
2cc821cd7b5fa82b27308f87,527652186.26018155
f05b3779581ac0015f29571f,559112750.5438331
dfe09a5f848e8e819c361ac9,515686207.7582675
ba87ed2a657b0b042a05460e,588705148.2782241
f967aa89a4440cc1c44bdc54,547332103.1755761
81fc8d666c8735e1095d0d4a,613194666.769531
fd8b9540f1e9da778d566d25,601041135.9107742
70baafa9789d2fcf1bc212bb,557458604.3743756
4911f8879e5bc9c27ac13bb1,532861442.24592495
ce53f3477814fdea2889cd2c,554974460.5984399
62f022e19ce6608919eab5f9,533970826.33805835
55657bb933aa2ea3083e0b90,523300892.28283966
808dd470aed6064f02aa5103,526283580.01928294
39bc028f3b42d9ea48808ad0,530556828.66976386
c0c01ecbb9189d77098659b8,540453394.7564492
57c68d470f6248d00b6719e4,663133644.4011889
26c66cf2f43bea00e6387326,676991007.6077939
b5f0dfbd34392f6855bb4b52,550619284.702338
25202264e18928158b89278b,664780530.1676277
e93abbb49b24717d3a0767e8,777556133.992807
906e1f2e1bc5cd51a55b0266,622471809.204711
eef1d35ffd08dd161a36a2d1,666408997.8148733
35e0cac576415a4e61acec80,654974519.0773993
53ebe061b85f046ed12ee9c5,855200761.5289074
059d77736dc72013de7767f1,528003879.64699274
17d7986a62e0b066e4e5530e,534099201.4936936
8236c798dbffb3db51d5d744,500589811.5488967
587e67078115103d184970be,544064802.1734166
7569fb4aaa9a52d6a525e3b0,544064802.1734166
db122cadb7a9c33f420fe246,544064802.1734166
e852246b7661d30dd2e1f0ab,544064802.1734166
f04eb16931448e87aec205fd,572876504.6215879
90e858d3740d4aec0fa21c12,570452036.414322
65647ca6e47eb2b9ba20058d,585694236.584623
d0792d22549d1b3f63baf3ad,530369393.1962006
76c4045b5dad9a8226e9244a,547785793.2695591
fac4f0bee67523194fd4312f,540499063.9642442
ba89ed56d156579ce288dbcc,535735993.21193933
adce397b6d1473b9b6d02865,569199303.7556868
f1a924badef699637ea8fcc2,548333959.0001659
3bdce823d3b96e8f0170d96d,580654714.7460499
439004dc23f97a878ebf371a,566394501.5028974
192e05cd731950f91fef1d83,554635435.079604
5110c49047db23ac3aa4ace4,678706925.5111035
f4f7bd9d03eecf35e9f37619,766550209.8820118
141dfd80a005f7b32bf70375,695860341.0622618
08513fe1cddb2cad74874a59,629857717.1009685
6b23aa3ca5edd20134811cea,648541349.9284672
0fcab263453a9f196468e552,754053322.1700429
127e08fa99afcaa339eff684,611843191.3089917
d2c46ef63db73ba3cb7e32a1,614062447.9504929
7c50c93bc9e8846345892c12,649395412.5398324
63698398738ebc7ccebac817,615426153.0069124
417e974a3f0d97e502e49800,669620024.9181589
6483f2fcdfbd26c621a527fb,656754539.190979
3b739666f401ca6b2135652c,705962134.6270046
1b750e6e2e92e8222482cb46,842725580.1478181
dd34882ac55c57480663f7ec,662581399.64447
026c6384ceba017c5f2cd66e,560170279.1518615
3f4272a3a4b14ce152fc3abb,558467299.2373703
5cccf025fcc0a7d9ea01b170,534451017.13016695
c8d179013c5bb6379693ef03,515361379.33194983
8c258d10ce32150f5fe5b712,749200460.2257425
eeb6fa8f820ec63aa0aaa303,622785569.7524961
ec8b305ddc2bc211a8a05d0c,551565321.4129865
5a84e6d2ab8db0fc60775d03,562950762.8336391
015d17895f32e2a8b616ca1b,562149332.850893
6fa35f1af6d51d341a3165ae,556414596.9368643
17821a9cb766b0f3ecf24e83,545830637.6693252
23141c17df584746755dc508,554363742.5105938
00076c8f390d5dcccc133309,733707083.5910219
25488b1c8fedde6250b413ba,511225416.9200971
5ba6b4953759b45cb83512c7,639460382.3758066
8ea02baab0c59eac6584f62d,587178218.1933722
b5c34f90096fc88b8ca758f2,656191009.0099293
35bc25d0f9de2ed4f714fc8c,618657018.3738334
8b0e1911b8ab8028409dc9fe,884500197.2138549
2ba1672e49c023258d262d1d,547970309.3450745
2d778563921376962d126cbb,623806126.8443276
bfe7c873b2fbad871327994a,609934022.5911853
72d0f19409c85dbe32cf6ec4,849294417.262594
d406baf5cc9b4473ae9b8426,527475554.05199635
070912b7e5fb205918c1f4a3,522188111.30531317
659abd72d12756ba0670f466,536110762.1513293
7a464b948b65544159cd0db0,581427316.0004435
e89774d061d50c83b409a071,527182426.81291413
fd6b2efe5da2c35058333bbf,662723816.1136132
4577c1623c8407e95e893e63,567186725.2583212
21adc839dec9e8efb128abf1,563168882.4198786
aa843a050ebe8e4b3a04e9ef,653888812.5455586
0252fcaf7bcde09274d34be5,769537403.1053388
46d77c92811f0c87d2d4907d,619568436.8296318
a8c662f906075eedb098ae5d,552125526.8939531
b8b46931b93b7750e0d1ada3,543604442.6364738
efde559422ec1dcc55abc686,736736942.3598648
339bc881458ca34bdcb771da,737601793.3108729
d7ad6527cae719481f849927,738562970.6647067
df3abaff81c430b4ba85d4a3,864705640.7561073
bfd2f20a7bfb0d865d7f7193,667993384.2341076
fa3ee96e6b6ffdfd00aa335e,730777680.6134154
163228979751798ded8c3fcb,651856443.2779033
3578144f12e13e98e8cb2480,527845454.11237323
7136cad475a0480044707984,575525134.8964744
93f5694b4854068f42ffe55b,560986371.8305577
51608bf64739db05c47a3bc8,537821135.9465779
6a01b6d09d516d67f4a2fb43,558094541.0198106
5f26f33bd89fa7563ac6873f,543239410.2718284
aba54b001154ad881dfeea6c,530657733.98264635
b2eb63e5da917ce649a72142,510150038.1604346
1427aec89ee9564b95e93cd4,543104660.7460605
a0087db5e9e2cdd6073021a7,556715047.4293896
4396f94f7f3c403c43d3ede9,614619850.442273
aa703cc78a1ce659901e711b,563362391.8255662
0dd1bb83f0f18af30da139f4,575334893.9497887
37efd3e2a5b6567957c62081,531482953.53419983
ea47ad6335e74dea06228b16,552236929.8317243
8a975117ab302b77ac057823,599766804.5968546
ca5949c4bcf0b63e5d1be784,537555087.2489945
e9f3f41366d5d784c2928937,569431393.707129
7a9c505db21b777203d34bf6,575633710.8858501
238cf9f99c4b01777a97f82d,526563688.394834
385fcde12021f4bbae6ac2fa,501819915.1808631
d9eaec557a7a6674565db1ac,926525021.7529564
30b0c440c0bc8c6005855ff8,650934975.4916734
09feba43c0b8f3560fe09be8,683066821.5887656
2547bcc87b618d3d7e22dc21,547398143.8309699
1240a616080d6ba5459335a5,707728603.5896353
7cbc8fca4f84908ed4e7192a,665939585.0717857
151a16e94d538a7a6d658ee0,774972191.7457974
a8ecaa9120c6da21229cf145,639225773.1410267
3ca34fa833e6ba10cb4b1944,652870799.4051322
dca2e851b82c512f01611ade,624899429.2115141
3747996611a842c452865a9c,580325703.1371062
3528df61a44a9895248336c9,543863419.454303
398a67970cee5dc873d71bbc,800113616.5808734
1ba2c2eedb352ef9bb59c638,657751357.17504
f6f4a467f40bace72ecff598,678591903.3061899
b2af9047dbf58867ed0c42af,927423620.627886
012b8d616667a6dcece0dfaf,765525348.3281343
0b117f10e699f10f97a7e7c6,717916392.9336275
8d5192b6208902ddf4804839,661415337.3144534
b86cad78da7bf06b5ac39f99,978490818.4974986
4cc8c95dee29e43463a8dfd9,545539461.1962872
76846ed8b7ab36821b848f2f,566449225.0169643
5428bf7f37a94ce9fb2dd435,601762501.8854942
b22c39c3df7d8e32cec2ba43,537130719.4371642
44f5380847c175a42becfcdb,920559110.4644477
fae53fba5d405b2e6a3abf01,527168815.0475346
3b52bd5eee5ef8e3871dcb3d,667821196.855707
21eef7da02b0f2a2fd987135,552245541.372215
1dd6b0ade195edae38a4a20a,583433121.2975476
f359afc7bb50cf6a61ac63d6,549239491.9321103
b0de107a8cfad95f09876eb2,649145275.7788391
2e8c76f4ed59cd3924f7136d,706571430.8439393
06a2efde5244f7d653ddfb8e,574416687.8749866
f72e2f6cfbd32d97bbff3ac5,658086991.3355987
9705748d2bb061678a80826c,678476226.9112985
9620068cef0622c404e15960,577589319.6932588
cf2e8824527989d3cd29c058,560855431.0435488
6e606a7c8bc632ba0ba37184,531754005.83744717
63fa384ea296390350f23d7f,563723717.9571849
4d3f5e7ecf4d361d7eb55f5e,547248624.8151151
e31a209077a3e47712588730,589051605.147677
5f18524e839c2987594a11a9,605602610.7798388
def06f49a0b8230ab613db94,542716899.1721762
faa72370e4c7718964930805,542716899.1721762
983503bb75d84c410d1c5d3e,685875661.6936457
30f381306494ebaa760b990c,634149168.2571522
5e72dbafa642e4f416e6f01a,644810566.872292
3d5ece38670c1c96df4cfff8,634149168.2571522
1bd6861d451d128c8bdb72e4,766255721.1572549
072a6f084d31a5a4be4060dc,704957021.0512781
4d8deb43d663fb079262708f,673269215.727695
f00b8eac1812a500d7a732ff,727071474.6943301
77a62d5e2c89da24f66a2118,601226570.1791283
961886897eda4b0ce54d1d82,674768631.1216367
6f6c83ff891e43b7c84728e0,654351126.5833614
ca8c85e8100f64416146368e,629583218.349937
24297f4a3e14c24c941e7720,670484383.0807214
98d7f0935f021acf313630a5,747158919.8577647
a362533eea6c235049bf3359,758461540.4224321
2ddda0ae748b38a6258f660c,881070214.1630387
b18107a422b9eb6da9fb692f,740191975.2366254
11cd643195dbe5dd4567b62a,646298144.7171754
c9ee7f0666429c0c15c37499,496588090.7094976
c386d1ac4fa8dcec4cbf9788,611145477.1233081
21e0bc9789139640ea33ed09,672314848.1925339
cacb91ac1b835d62422b8a8e,584416438.4048069
bc41e69def6bc7490800c4a4,507005838.96171343
7a13669d2d7ed2e50b80b4d8,518823964.29579353
08dbbd8d672fd09463c061a5,526924007.90981954
cb93b0d5e9a26628b0462b14,732272465.4902343
d6a43f209f810455fa41dfd6,547939922.3390785
ed5dfe95f82f4c087af07045,808795878.7968664
02060d2f56e979a61427f806,515484628.2303699
88ffa9f0bc3f6c9f2e589a75,597715682.8406259
b48093abeaa178d1f7fbd83b,648158953.2646158
b42734770dacb7e580a6d742,699547879.9179896
d3aa845e96d22f31a3656aa1,521725413.0367159
becc3ae7a71d597bcb16d261,760985082.2748344
8dcfc24742ba669335a2d65f,724324267.4949408
45e2411d38589a2d85774c5f,729100212.3376842
9761b0f43949eb5307472ba2,766869132.8136345
e07035cb49625760c7da85d1,535113123.0703466
f88bb9c5a471504c13d3616c,511085721.04938984
4bb5265c6e63449e5fbaa270,826181844.1810639
ac73b8700744cb7835f328cd,751161449.6595815
a632ececd6a023aae8a7b730,546687641.4120907
858288683063dea9d5c57420,529558449.1582356
d04f549fdf8f34bab19a171c,509005107.5562287
6ed5fa8f114431d158d35f43,527249885.88295674
f849dfccaa8163d24ed935e2,866561614.1742569
bfde6e7200fc27e6e6f1497e,668190570.7680014
59c11d3de7153d2605cc2273,621218169.3133838
33ddf4e1ed8c864e9db16887,632049393.5954447
00f5ba660a4fcf6ddb96220a,558805928.0950487
a13004b87c6d7e7bf6b75730,663359420.9279066
eebc02ff14b6d270746ca055,726999252.5943326
65ba6e178f3565a84c6ff973,730125260.2491919
a57f40f00f80abc7450aaf9b,613022220.811022
df37b916acdce817865197ae,746597963.7132654
b5c074ee2e2538aeca099fc4,898550500.4565955
004c9da9ef1b3b5e309e475a,528865699.4608076
c5b47ac5c4b7476d50bd56ec,737301667.6766647
778ec765417db9ee48d697de,551465117.666135
b287339babba162e290d0fb0,543241041.8583645
4d35e00e86a9d508d82ea90a,509024707.2944809
0dc2a023fb6c5e0b92d86ae2,616004728.4671521
5787d7c671378e596edfb58c,726493922.8641435
8595b5517cb3f1ff8094d67c,579301734.4349346
f4d53276bdb5899c6f059c67,753416496.1345344
9562ef63320854bc6f94b5a4,521182835.0826316
c04e72fb6244d9a9b28322b8,783452817.724162
3d141576443a97b0202c9672,687904133.9496696
7caa4bad394586a46dfad854,767468960.2444266
8420bb74fadc0c8853cda025,544869441.3061714
b274adb68a37458cc5181fe2,607209435.0871242
8561bc940a91f029147430f1,582661010.8239895
258a968e403e747af5693a3a,663303555.5936785
0de34892fee879f449facb19,573233933.9602576
9634cfebe7e6b095f0065ee7,564716138.1599749
1f3544c9f47bc00fcdf59d74,531277017.8980127
e3077f6e47d130106e7165c9,556070555.1072305
f0ce47907c3c30b6b5e990b1,586107790.855717
1432cf7de2beb14fc7603ae7,696117340.1926684
60f0df18cb4324ce5f4bf650,638683990.7303486
7c1dc421f5a689aea5babe4c,573170799.1992533
020dfae44183c65b708727c7,516937055.8866675
92a9c07259efc617e7d58f9c,541269597.1949375
18531c57f6dca78763d360bf,549954582.7825202
dacd62440872b6e94ea56fab,550985024.3325086
b607bd072e8293d6594f3829,636540641.9863654
eb86c1da60250e5559fc3cfe,547206187.8879731
fae649fc7256b9a3ec036583,554873469.6899376
b7fa81aa571906a93e9b6cba,734242957.205399
0823be832fff81b3f1291859,536391107.6065609
fca3a0fe5db369235960d285,534724469.5030555
496fd5c93b2a578d970ed55f,539633319.5716585
9c63c6c27c74c03f071385e2,599917130.3734803
6ebe90f7140b738b3696f086,643476397.1617312
7110d6374f3fc282e4f4bdb0,540055358.3187003
d33994c75d98941acffeeb90,617457938.2475977
b8e8d84450f5e0bc8a721c94,652201049.2496293
cba57e3b393b3e392c7431fb,676064775.4019318
fc2ceba651bc629e7f690849,652878844.9494946
857761b5fc5c7d101cb765b6,571108210.7780452
55f67dd7302b68477e803399,567981358.4495331
19f538269846412f3e150a4a,856921648.5901052
75e0fa8e5c83c49d3a0dea48,909219590.0752729
fcdbfb9e15352cf210cce7cd,777435730.691144
c2b91ce4b1bc8c576a0ce1c8,762469072.86641
73eaff92528288fdbcd61e2a,650820356.1544486
f6544a1c169aafe6c8142907,823494118.9959879
cba9aead5bad82b31da51e6e,546275075.7208639
b239bdcbfae846bf74791728,716005335.1378546
3b823e81c5378ee3c977e863,553678162.8624169
1b4db5fcd1f92d3aadd5c28f,574706006.6328379
b50a6b85399ea2c6b5c33405,780229982.4566911
1e6176a558f301d81bb050f8,717330293.1433759
8bcc1b035ea93a5192256b37,552438662.4783003
71a3f0980cdfea0ebb869935,549503202.5856769
8cd0345dfac13ab380240b0d,553678162.8624169
e66b2c71519ef8756db69b97,521533905.5221862
c843044c1fb30819300448d9,518874998.6501919
4ae10e7fec364242c88e511b,525588987.89735574
c9e92b994e48df83dcf9976b,862653509.5652102
27f41f09ccf8d182c79cd48a,667001755.510633
d8a7c0b01bb545c414e12a23,809441064.0736603
f3e2fddf1dbb400788a5517d,672261770.7338827
89a066b7d6a31dd066fa0d32,593163006.7134142
c245bfa6587eeb55227c8a4d,504406538.48071164
500d7c5346ca11ba934e7ca5,650873183.9550785
536fa59adc007df763949045,726307375.2486291
223813dc0188fc229b63e8f3,656869302.070515
7c972ecb7b90537b1da0deba,530565780.13381076
98d8411005ac05d77cb12516,577774946.3186977
d12c08cf48be75014a149873,670990073.9514047
955544a0bc2eff312e965c2e,698608300.1483291
20488db7a62f765ac8da0a2c,683920517.9143565
3f370094239ab6fc817e9ec0,656789180.685154
ff54bb34225682d25c551178,670990073.9514047
d0c7294b2184d0b4d0e2fa07,656789180.685154
104e960974eee31e7e0eac6b,614710576.802653
0d477acd9c95e9ec63839a53,758310518.1284789
6d255e0026d70dd44229a2f7,619287794.2424675
926cdc0242544bbc850520ff,517783355.4088826
e75a05dc0018f29517948ea1,529765826.78535736
dc40c56571cbee9c2b7770f0,561682008.5021718
2f76a2b53e091df35a125b13,559339068.5340102
a4a49182c79c72854732594a,598251602.3359178
50287f73d47b4cc4c2e1840f,771936979.9448183
5efca36c25884a2822bb7a81,604534571.052302
4347bf26ecd61ebc7a16b4a3,760426784.7803099
7c979648ab3729b2c0cd2106,645655966.6110091
f40acdcf5cb9925c09c9df7a,656802110.3012041
6ff3eaf8b5a2f16efddde1cc,586075787.4916122
d35596846155e74d1a637d7c,573814508.6959704
a389a1ca097a820fd9af9d15,731127360.5800563
ef450748c440c4958e5db54d,594551841.3932164
02779b92b2f9bafde0c75c11,736552435.429839
77e5e0b64140fa00b0227a3b,508605229.4979342
eb55b0778607da932c3b311f,594551841.3932164
9fa391febd5d0a8e4c6ecb8f,523358792.86289555
6270356f1cc3dff186d0ff4e,768613826.1045446
ea7d5c601c3f8c86ca8f15e1,592405283.9557875
072efeafd082025bbc5a25e5,576305931.4062548
d8bb6151d30573c7595ee7c0,643482744.6983956
f26c43f2304c8c694c818a9b,541367706.5881261
14ea4a7c57d830eba13638b1,654405042.7179483
c1ac42dad98d2f23dcbf140d,591017511.7326255
aa6af44635b5d51da4b02059,764736158.9706748
291a4ea1a695347e1901bd4b,680791743.4148277
024d2e34a561efaf4811c17a,614286267.6396466
e5a40a555d11d4429b9675c3,708045696.8271345
3a10398b72905bd710ffe9e1,622883849.680503
340d1313fc2dc8e5b6918262,660941526.3114424
699bf5460c63a4d0e4542ade,658656697.1864833
e98bb3a89bcec8650e33e730,560477481.3158522
5de86bddd492f76596b17a0d,611766133.714362
95dae083200a9e43a5aaf210,663594193.1977582
23fe512fcb21a0b84781a318,520128891.3915361
a9dd62f527cb0dbfa51aeb7f,540012617.7105179
8964dbb5b0cbfe509613a63f,582414597.2401334
f75009356c700f7da7106cc7,564140655.9092674
6f502f363fb55811478e3b88,544390946.6818246
a48f29071cf207b27ddb03da,659570023.3945522
b46bbf66cc82a4345c5da177,607963800.2234088
a460aea3370926825b0dbc13,655606108.2895108
7a21a8d99a85171334695004,645164274.4453741
279f6f594d3f8ca8e8a5e2d5,684648759.2975245
bc3c509022e3f6104cba5203,652277740.3190868
654d2a3a0e02065560ba2484,528568418.9638694
02a2ebb6eca5772e3526d78b,550215332.7305316
d4646b7f4dbebf9785963cfc,578379039.7619661
68fabddb27fc928b57efcfea,568363293.5237451
53688de79b052b3185fa9435,582229259.5149944
bb962a9e3861b06ae1daf833,591494081.5819591
d80c5f0b8ba55e7cf105d282,578609728.1276294
ed88c773fa9ae8bb29645fbf,610094781.6014457
0c3af9e0e9c80a68acebd041,661762938.4687295
0faec12daf0493a512b2fa0c,908236029.7107283
1807debb0a0b590b9ba4ebcc,747948945.3678172
20a2a0dfc963fb8a355e704b,686849749.4700586
a2c033f497e62ea10ff8ba3d,915609580.5589616
985e40843a30150e6892e4f9,778149750.4787962
2ba0807f8cbdac389424ae04,663041317.7075214
9a565e7220cbc3d5d340e8d7,769226659.5405513
33598222854631e92fb72baa,677753696.9833457
03fb5bfbc1895115a04e8116,595100078.5997852
5045ba9a65b4bce4fd305f82,739393301.5464025
277f6440854cb0c98728e685,775048334.3607899
12c7037cfa63de49e984a789,751416317.0402359
ed9976e922a774cafb601f5e,500354063.6048796
ccc70d1d8e4411331730bd7d,552635786.208932
30d38a7bab2eaaef1ff6be0d,728483524.3293928
31a6c440ca9eb29acc0f1086,696710060.9198519
7a82ce4b2dcd2b43485f5047,758972004.5552173
a74be48ad396ae4aa33ffed6,898913735.6005168
4ea46b833575642ecb2ed1cf,518310631.80894345
b780a0ec18c61b0760df9433,582648220.9844153
b83a5c303a2b079585b9b94f,581613396.6029222
a3c45875c0834b144f834798,532213311.8303368
c3ae3f44bbae215f7f2fad9b,535558486.36839646
5d54a0a596d49d9f85f1b5e8,642073081.8295115
355d1fb69bcb4e8e8ed9ba1a,622917830.5798154
cd791a46ed616911ae7d4fbd,665304848.6173681
d2d2f335839ed35571b19bb1,754962577.3219427
0823b0dc92805ab05d3f8650,945466314.7367514
f92f4d135119fa88994929ec,864988996.2244478
401f0de98764e9fdd4055406,532622062.44978714
68a7d01e50462f7506f8c8d7,541537485.8189152
e4434407771070783b97c014,556672536.0211182
7e1153d411af129357ae5c10,546611761.0579101
f409c701e200046f574f4e06,570657924.8428104
30a8b9c197bc42f088d0b873,602296016.2176397
d5abd56b5a8ab8c2f61a07f3,803084757.3285558
805a27aeafb3ca91cac56d14,754178469.1128963
1ee04111d277e8758f740139,633655560.6640484
b9de7d7b9a8ef7c64e5f6bdf,620554647.7140328
5a12a15af3c0585d81ba8f5a,638019008.1705742
abb63383766a9853c1091c5a,759375834.7240567
1f95c205d5094c674f6e45a5,706832655.1368612
4911a6285f548dd30c8061e3,633974155.716876
0b9730cff49bcaeb4d703c06,838733608.360384
f033750cb9db15e886b156ce,878511371.1372291
fc7e93bffb7fbbdebebfaa2c,852737076.6414722
4f500afb7f7bb42189820a18,872178435.5342695
3921d7b508fa1591d40802d4,548654056.4204483
caddb9dce27a7e8012478da5,579425379.2050371
4eeafa126ac5f301cf60f9ff,544861055.3437243
59afb00a84b4f2a9ffbf71c6,698587276.0300825
7baa3608aad1fbf357d789a6,743248570.5284169
a5b8869e9cd3d0cc32a0b298,779583715.5269989
d084dce4ab9c4008ffa3bbc4,649375209.7915946
e3ff13537ffb7172336ab5c0,820966585.2506757
1bc2ae31ed1970ba52b1ff60,821965484.10128
eac7136b26bccb3c5d2b6202,766417211.7431406
073fccba71b28afd815be434,556725585.8082917
9b1c23d616e9407fff6553d6,538482262.7316108
4122eca7b73c1347a7814a70,563794703.0946727
cece8267e60c2461d6c409a2,678243243.3726758
ba4e89128058d5564987dfc5,538482262.7316108
69843aedb25a928097a22a89,564785653.0783836
a45863121bdec787e119b14c,514365748.4452292
02e8811bff38125bcf8e1a6d,558118081.5271926
d709a76487a49bf257489c0b,525680513.28565973
46c42803286c800351fe633b,553522749.159093
2ae3ae7f794d558ec119287d,575892533.2502544
76991a35e9c1b69e1616659d,540390467.398264
3de5d35f742cb4eb68d5f314,718866061.0997533
a53c748935206f61751dec1f,540499258.9977658
ddaf8a1e5e6922cc3dee5caa,533777266.1765836
841fed959f036a03697868e8,523707517.41312456
ebe1b5c9471f3441a388f7ac,612690210.4462218
f0f9bedbcb57383511805d17,752555688.6720917
f9402b785deedebd3ddbce6e,588127561.6642522
d1f92e6b18faf07ab70ca1ae,551811065.2239894
6e794276348acc39751eaf47,683284465.8699079
4b04e0296820d04421db5219,549779053.7719575
ea0ca17e989ec57a480aa464,673588799.1288806
cc6fcb8ea6556f676c13a76e,595020176.7680436
2778de5e56ad7ece898249e9,682589623.7338952
9f0bdae4f8609ec93588de3c,847678822.7615266
90dcc3f9428a4e7cc396a15b,565823542.3503367
2d7bf0032580e6b6dd1ce36b,622581066.3378925
c45d86d17d1d0519b455b7d4,590010421.3313918
4c7e7cfb286d82aa96356fb5,814786155.7790542
edc204c3e18368e0a9eab593,718652600.3629117
e789e801fb5d4501b5d64e2d,715330825.7688948
3997c10ceccd2f8c8e43cda0,680820703.4390966
580d8eee8dc4b7d43cb193c7,637742769.7585062
c823e3fcfbf0c43bf2d82586,703836051.120457
30677852542c78698083d4f3,997048191.1820073
8fc78c514a2f1cdbc5ae6e1b,694922542.3177856
73c618d704a2e1ac2bc41954,639309158.5871043
4ba85374c1d1f1d3f4632ca1,509368304.6553887
9a471715e4c4865b822a6b77,534490350.5431013
4e9f1e21c855f1166428fbdd,642693985.6113632
f11137d27a5d7fa57f94e97f,674728996.548488
5fe5f3c5919c0ebd57ec8e36,578033115.9856325
e40742774df7d2b614f32de6,527911413.0584373
24b28522c72f7fc359f2a718,601287785.9792867
26ff1e1f4a6f6bda702fdabe,833950884.4235286
9e617d1fd8a4f33d7b66098a,706884147.7649117
3b4e889562e4078f8f369172,525151154.1805937
3a50d40f15b1cf5bfb338092,526231684.0620357
cb2188cb8e534973ea3411a5,568968667.8602704
fa57f96bc6affd285d10c4f9,525680513.28565973
c0ea6c76eb977d83c163fd7a,561781708.2395502
367cd12d7f4aa93124047eb9,549678515.7818621
54952b5f463c64c605576601,627309256.374334
57eaaaf24cf82d885f0f1dff,557200028.9509854
f2ba4a7a0765c3ce737b5c81,588313338.007453
5282c3c48495dc31359e70c6,528450248.77875745
552b01d72edb192663998c4b,759998403.3366703
5f3a1ab21669ad9234d4dc63,591301059.1961408
68f431548c330f84c46174f6,660166759.8500135
048051ce9bf8f6a48e9451fd,673699847.1978157
fa4028ad48fb2082d167989d,614394746.8190342
5b1902dd7768f5144ae7704c,613122278.7610611
be0a8f4be774eeaa42fe460d,764573070.1511914
16263617308958055850aef9,667749382.2082444
729f5fab1578f8cae4fca8f9,848985117.5208585
bddb9388922dd56737d8847b,832857322.9419664
9847a4ab995b7b1c30196704,674149041.949194
d19937a773269962c7f9e8a3,689733366.2388812
b3c8714dcaf5322475ce2c60,672953779.18573
875126e5776dabde40e29b09,604207720.348823
3a36f59d7c0e6c4eb85ca0cd,703182944.8845085
630f00e15cbd7826475d1509,723172101.9227579
434782c3d1dc2b9ce7bcbbd9,640075635.1385286
a470bd174fc7587dc1449c89,683703528.2677557
99c6f87ac92cc323c8caa005,814927481.403329
ac9ae945fe25a46184057606,805219970.3757325
15d910dd93e0aec22ccc2083,700168932.5405399
6e1a9c8457d3ac6a57598052,574912164.6688621
14e179618d1a44c5c55e23e6,530526104.3422666
2b8b979cf1952fcedc63ca9e,527715600.09440404
7cfc3061c0b2f3bd48375ab9,551043854.8090581
7200e3ba2013876cdbbde972,531172344.71895415
9ddc1924043ee8361201b39d,575766754.3880008
f22d6cc8c9611a7c23fa8969,573666327.2035977
b7c0a0a4f5c5b986a70ff249,522703716.7364095
adf176b63ea23e08d252b5ea,566585824.0776905
77069fb9fac6b61aa6a89ae3,822441949.3287864
7f0f27f6d30c743acb3e867f,667034408.3472646
7e299fd8c2d53ff1cf95aee3,674440235.7548742
f309733881a4f89d9c8a8958,765473410.3121666
0f937643c067371018c8deee,610582877.1935625
8e35609c1265ddf59e1c015c,805994499.8872166
c1ba606f32ce0337cbccc2b1,729357024.0178018
15f02dd18da12f4d7b0ac2ab,604514063.9080237
bcbe8ed608f233d5ed7362c1,930790993.1180333
14611fccccfa2a6499b2acef,536835450.6080363
b10b428245022d55db248b72,540800180.2411835
13e6c5cde1004803fed93cfc,535258846.546457
ba31c38eada33f680d44627a,750037829.8809412
3786daeec4a4fb40ef07d8e5,577585686.6771188
7736ac030d8b587f44f7898b,661659417.6459353
98f89d21e5dbe53f8704e745,756415007.942998
981fcb79db3881259eb303bb,546279579.2124137
08bb88dabf0070f72a801a4b,741403258.3704741
32d56542ab5486bdaf4466fc,541345768.2623438
c0f911fe7ee2113ec59cb5f8,562980602.8127756
3adadd50e603746e5e4fc082,628719489.0923145
d117e9672b3ea0435e7a894d,546279579.2124137
020473766363019ee40d6685,602358319.4733758
b04d16faf40ee02eda59a9af,551648233.0954795
bd6f3819a1c0e551598fb9c7,524782869.7537328
5520cf373444931ed8630635,538392418.9238105
40355fef059659469e16e3ec,554240302.3954695
deb844a2812586991b3022f4,560797104.9891233
ac0b895f523b53b4abd013dd,540951953.0242364
ac208e250f5ae3e5e1008351,534282459.9269595
0064cd1c55914cc8370a096f,545407170.5537014
165fab7a9f8dd404cf4e9d9a,503843069.65338373
df3eca0f59974a812b4ea9b4,900394571.9231944
1b7c062b606d0560e850a2e6,519124535.95840895
87ddb3a17b601cf7c61e8c07,578027461.9668763
837cb6389640f3919bc73e9b,621804146.4530445
77bab76414ecb20888cef7a1,645786012.2515032
a9268ef5b7133cf6ed1a376a,743707102.2471519
cf7cbedea50333cd2dfb0e30,652878844.9494946
b0cfed2d25a5d78c96d39d20,643762771.0375092
ec0c283eeb8db461c20af1d6,587887051.4290497
27c3b7ba2991e7bc0c9fc322,598260589.3266118
0332c7ec0d3e547ec6d61664,629071597.5934455
e58b92216ee6438a921ee0d4,559485834.441383
f7959842378c94c9f620f561,554847878.096556
cd0236af88ded6bc15b49eb2,661659417.6459353
d40e0c2222c0debe89735e88,554847878.096556
2bc9bbe0f0216ed9d865a85a,636732783.8896365
e9bbc31499ca187c6a492175,567456114.1061826
f2409d037bc8b3e63ca69fd7,657953053.7366966
5ad71b7cfd356a75021174ab,534274433.2403777
67dec8c47ad4de9605d56db7,531713758.82345265
c6d679cc07ce4373197748a8,725751428.0934006
a36ff3637b7d2b1c52999ea8,815822638.5219829
3a384d68b7ddab45e01b6e99,554562735.5683336
42d34ca2252acaf6e777d23b,706166257.8484489
c4b2a42a8908cc35e649fb16,626289118.8323431
18c38418824075acaad8f960,539553415.017668
85bb6775065df76bda33f738,577086724.1849056
14cee0bdd9dd5537b96d0786,532591787.81387526
ab332133aca64315672a7192,603598230.7226048
d53b60b0f2c65918153ca2e5,540140496.9873732
ed1f81648083d4d2726710ac,525682464.22932667
b6692a933facd74b4b11569e,514822570.1275711
90e00fc58569167c00fae7d0,574875148.2687429
8a514fffdec277cd46c7cc71,587153269.7591856
7f0b4b5851c77d78805320c5,536328390.1151757
fed1a608e3c0f2b79cd02ebb,539396382.8867704
075a5474294e25da55373a09,526633304.96513
8826b9e008064cea38855d35,542198853.3938284
660eb3b40b2bcd07df8f5c3f,548253742.9836338
d55cdfba22aae78b6fab5491,540544861.5158087
ea6e83dbade169818975e5b3,560708597.0016619
dcac44d3f8024c6ea1632432,536019571.75783557
2772adb268cffadfb2917c2f,535330201.92896074
3192bb7190b9130c4e67be4e,557206036.995142
9d892f73b02f001c2f715607,544258583.5677916
c27d72aa1fc5d37f4cc105eb,613806295.7867754
6c0ac32bc8a66844197c5fb4,600053116.2277634
52338f4f7c8af6c649106a96,558014771.1624295
356815b8ffc300fe03073b7a,526777433.2247462
22c780d56cb97fc34f29e9cb,523057847.48626274
806907598158861a6958388c,547871014.3818635
449cddc4dc3ef1e93b7f7c26,556449390.2609636
b225270821758e45cdead76d,543765058.4318832
e07bc486c6f5541e4788f83b,794046976.3154289
970c0d4928a9292748c0fd00,653314511.6686884
f73f720abdfe4b5adfa2bcda,628703987.6886523
48d3b0ef6e5f999bb90fbfc1,783278926.194841
b3ec2f8af6e9adce047536b8,668854701.2827148
0e1c66f843e06f14d7264864,650692291.6467146
91c4f018fc7939d150593935,668810598.3455913
102434eee07ed18268857a9d,807628947.7041824
a4c70eae507d630c2f285eb5,685133898.206221
45abee1de734dc32936d0b1d,714104565.2095561
82bdf442e186baa829e06da1,743286199.4205561
019cd320e02a64ba3ba9a37d,622964546.9082237
ba1b3c8ac8afafef56233c84,755931233.6519256
3c3a0f57e030472879f454d8,645358034.6142031
d520e90e7d0c44a6b8852e5b,666658103.0651133
38328747d2e1e0e568c05523,772142022.9424444
659e9ad0f593b644071cd850,788368682.4877768
3e6645f2cd377ba17ae2e46e,612758009.9355787
307eb683db84db535106c445,813335426.5611649
26c8961848e3a77d98049638,704521411.391899
52373e15e9dc1ad371a0c090,736710512.0391287
e5b2a446c12222efc187e02e,636593877.5311205
156f706d1d30de19f7e369ea,609241784.8083056
aa94d2ad36bc0e91bf561be5,735306198.426608
8ab41842b8e41b89d8670ecb,631971734.9347725
b19ab02a8e22f3e88a26031b,764699784.8944666
a6b1ca7a4e91c4c0f4366984,749508386.8918127
a277d5e8216fdc3d7c93eb2b,765064395.1051991
f939b7271c4d399a5e647f8f,725985537.1523763
941392f9a135909273422dec,881854993.9412534
e07d8e9e38e309958288a516,901861563.3918352
258f10f742fcc835d53063cf,878455640.9816247
fb672b4cb1b66f2022f36a40,864391248.8904716
ce9dbb6d009cbdbe654edcfc,816725033.4458934
22e524f1fab17d5b8616d741,858272016.3131286
7f0d874df9235245f47b04c3,845504173.7238473
27a8a052b815998c771a1f55,858272016.3131286
b80593fba07e21f8bdbc352e,898845947.4802084
d18d990404e7fd07424f5a77,551803538.865688
033599f7e7ecd8d9c8cfba46,611643322.2998755
51cf2fa527c3db62914169b7,549413679.957122
2b2fa2ed0055a19859e78446,629000210.3831364
a8e1adbf076dd737c079129c,707823945.625229
adf948af7b24f9b6f29610cd,562017243.7435099
23473bcde48f634641769e22,519300842.9462006
c90486bba327ede32dec60a6,541674648.113607
d254d88ea0989a609b71fb72,516024134.4963225
2373c595d24a7b862b518ec5,593562729.4695376
ec401de1c0ab2dbc149da048,544340626.7739187
17c0a8fd3a2c8b5b18d61e4b,514738172.16159225
1a1016e7a96da2237b391be5,543945533.8036845
c5b40b510bf7f121c93a2332,708715458.0935668
aca37e216a27b4dd5337df99,641247300.5830158
96f59167d17d1c99f31be997,713223975.5819533
062b36cb4a87cec372f9f91d,629232648.5804799
0466a7e06b152c1860d44334,741633721.3780205
f44726680d0c594a2d430bbb,749405760.6455144
8aac8946e7ae5725971c5557,749687241.4397815
e1aa6c46135f4d1aa1b7a1f4,751955555.5904958
fdbe5801070756d1744211cc,571810672.4953647
6ec4c88b8d3a16148e2e7348,649871078.2945353
57c87ce038e4e523b4ec189b,724179232.681069
9bd500fb24eebd53d8262b62,654965297.0190008
85a86e01443aba593f95dae4,578875671.2807652
13e2ec0a12c8a48a753b85ef,550494579.2880845
b93dc01af5f49e6dcfb7a547,522586143.3508567
71a42155184509caba01a1dc,542966411.6033878
25fb1c0c4aace859265de172,714104565.2095561
6f63e4f866bda86d5c993c8d,546532392.2682841
72bc42a5c73e7b1f9d54c835,669926957.1173725
c06f36b42021a1512cb6e3bb,547665035.7177306
f1a7fa5dc1996591ff97a34e,571517294.9811323
6128a8deb1f0bfbbf0d67769,679854667.8608803
b5254c6c29b4f6984d328216,525560243.4111893
6cb19c3e491a60bb2c166669,643476397.1617312
dda4ee9f3811c29e2b261a5c,666658103.0651133
7a564ce9a4ed3d2b8fbb1103,714104565.2095561
63b982fab95cd17211a4a58d,606828287.6428107
5272c50f1d8fded01f7fb0e0,655811836.3728544
02b47e60ab77588aff6cb433,565400360.343789
ddcc7f7a087aa5f4797a8a5d,643476397.1617312
77a887ca508d924ad5203194,575094816.2816693
b57ab7afef2b8aee016ce6a0,621940360.1269825
640a801d503d85835eb65a42,615116928.6277502
767ff947b16b2271f516c28d,807294166.4651173
1dbb46a250f504e9c8673bed,731603952.3325558
fd6e9c9ed7679485dfd0b022,576435479.4174634
7dc4f9de14c2924b229ca0a3,607945754.9908167
3064379f468404110d594c87,580815239.3143058
6005ebd6442c62f8becdd2f5,680971182.7033933
b62e960eebdf95c2eaaaf9f3,689257045.7035406
7b0258f1aaee97661c34de64,518572768.7056693
91e2f9f7d4ed776d38a3274f,586575385.8067448
d505277049a254f960e114ef,575966720.9454802
32040dd7b8edfbe331773288,587887051.4290497
70e427235490d7d9c9239676,618115340.1787703
1a2aa38b8e18fd7ed5be77ff,645182861.4043678
4883f7ce7086ba9c8ddd4315,577828561.3867648
4116cde03803e63a3e87e847,700645747.2218882
d6de5d741702387dc3f4481f,658967558.2939711
2346533f4712f3bbd036d85b,617457938.2475977
f6a12c0f02fcff1be042ed0e,652878844.9494946
eba3cb8156e0115bd7dfb525,726162593.9269325
ff27ae490bf03513b6bb386f,674184941.1025033
e87779bf2f8af86fc4ae9583,539352637.0263883
4a809b3987cff0290c1df8fc,532932793.0179593
8f4241a17d1211687bf232c4,540684497.7149917
bd8c1ff6f9919ec6f1dccda9,550483846.2276957
081e008e772c6a79b809a87b,572609861.7947346
0eff08cf4bc42dd442a70231,581567704.7767084
b4e084d14962cc58d4089955,573943890.0569048
d02c3b5ac6fa0ed6db06e490,601710701.97808
e8abf103cbe9fecbdd758516,573943890.0569048
05308c4f3d0e0887e4a68a92,549132098.2034323
256a6ba3ff423a899229f154,549371414.9765636
097314d920292b46eab5dbc1,591328061.0367107
4ce0fcf14266d144c82f8d4b,540810332.8847592
548791b5faf236b1c03b7523,628865025.7338485
40ef1682158d0c3cd07f484b,708292191.3777626
7b473504c85e9cb576f951e2,662142104.2170929
730c7382d76a07904f559b28,512151660.86719495
e05598d3c49f409b937ff2a1,554464650.1828828
844dc89fe6588acccf0c7536,552108015.9303887
ad1492590bf61d2cc83b493c,627115818.2890034
88fce3ad9b8a965dc11336cf,566503616.7675487
b76d853ea415967415ace0d7,647054314.4529016
c12c81b3eb12bb329466e88a,719029131.6759626
4e27458d179a469435d02ff4,654551359.9038999
8d15b4bb1447eba7a680ef47,601104790.2748071
482c7150c7555cb35558398c,698613629.4039586
e5d6be06fd53d317c8e5c7c0,573164344.4819971
f798e7105aa8aa66750a2c85,665068217.4343541
eb24e0a0ebfbe16eba466280,677059209.7020799
618dede0dbd48df4fe610af1,664893681.1877996
6fd936b82bcfd3cd2451bdfa,581502716.3528278
adbb5c4ba7be2903799a51b2,670724910.954902
3a99197868ce338c738a3b20,546580199.570186
d4c45f35f214fc226ec85b36,666625524.7609582
c3140ab2134de662162af508,520546050.63362724
0fe23ccd8e42605f4d9f78a7,533610170.1603013
8816e8101ddc4e704053e23c,575892533.2502544
64ecb100d7882ddec6bafbcb,573896033.2052188
9151a8c65e1f01ce591c595d,550153398.6843493
c8a40314be3014c2a218f5bd,610679538.0486923
29bd4cbe11f44759e07487fd,557711508.9936892
72ddab9ba5f24941e4dbed6b,781513618.0288961
1f18df9ee1b19359816ed13c,741673596.7832761
fb82175fad61a81e9b665fd3,719301121.3878211
dee2e190c4e2539124ac3ee1,747352054.983985
0cc2f3a49dd703e7554ba638,781183744.0977067
ece0394e38b152e6c1571324,814927481.403329
e14328c988a27176e9fc63af,611696301.5209178
a91664b9f15f9d6f262e7b2e,701882485.125845
d54270fd6b09b38a978cd7b9,680390942.3792908
40c74dec061500aaa78f78b7,536068169.6841676
cbf6faf7b47b43b2a77b3654,660989490.0021869
52fa1eb3cc7cc2f77ff98764,530710468.9704969
bae512bdd3b04405c519bf4a,673236286.2891896
e7fbff0a25cde72a38e7c7bb,628870318.7884245
d3f297fadece964afe5f1cc4,680811870.2429105
2679ba671751ff16e76f1807,536365617.61819136
8059e45ca26bfefbb18d8e40,586307181.2626582
9e7ee8e17b1e76965e96ef95,596386462.3447113
9039bc918a76e486041842d0,571596052.4529059
1d7912750a5e345f7edcdcbf,548939473.728351
4fe0482ad622080f55a0460f,562695512.282398
953fd7541735fa8d9a342642,778970541.7978152
0b3021c156324d1e7974ce3b,734359499.8181412
b0a8e4b4ef6678e6b43865e2,668555089.4873724
bb47fda808b52f30364a4d6f,615780887.3905423
d846dbe691d0ee3ac5c3bec6,760322543.5183768
21932b5a5fa65d237ddb6293,615780887.3905423
07481a101afc1d5db45245df,922753067.6570872
d99c00c516cf57b6fd9e877b,554223779.9506317
6dbb494acdc64c03742fa730,674939562.5249897
35f69c7a9870ac62735d7639,636104848.5112838
2721f5495ef5dde16fd29cf4,759479238.8260518
0c068dbfdafa3429c71189af,555989960.3693776
f3293c4064d71f9322ca97b2,680435787.1051749
5eb268b95d7b6006b064f9af,628150283.7378387
e13a1c06ccbf814945dbc768,591962821.1277994
935a1e8c7e62ca9d3bff398e,620476097.9624718
f0c7ecd3b2261873d3664748,789373100.3640637
d2f20425e236285124eaebad,535713506.9511198
05926b977b5df59857194ec1,824878247.3061173
f548ef815603ec44f4629a60,693744700.9031931
6cd147720319f60ed2599361,763391760.072207
6302477fe8172d08f3b4815f,518986210.0051345
b0af9b1e84a1886489d46b91,574250618.2829686
5f3a2a31f6d1838e0a9531fd,616713209.9337049
96786aff35713dc21f6bfe5f,653050722.69677
68de232e27aa83405b4a19b9,809682857.8307713
8d252e9b0912f09703110b81,519830155.03281206
f4e646df504728ee1e6ad0d8,519993121.0266477
e89cf4cc82c5283f3db6f5f6,477350128.04518723
1bc2c099466f9a989266be0d,528134915.48352027
bef2008b362c4af1fc3be566,534074282.5754359
7988f76ba063d25a4f467730,552182482.2895985
391a98a344e894c6397d62f3,580603963.9976288
5ab0b8b0d6d93c4654b5cc14,711752926.4618924
305d6abea2f3e496e3b6fcf4,774194157.3256768
f512fde4fa3f1f7fe885de83,717545291.164997
c7b6e7a287602275f7854ef0,667016860.1249919
3d11a16b008c26fe43deca03,669813846.332718
ac7f21d22d013874c362d440,703898367.5034
c933750eeb53302db0245782,643010287.6384838
766a8ff17723a5c34324576b,617015103.2579813
802fe3175a2059f12d7edb99,568400785.6859467
508bfd077c80b6cdfc5a10e1,659340643.4738648
ddf8733adb641e15837bd728,556993384.9807378
17914fbe0c3634dae8ce9d71,560205610.9150195
09e4397bf9794fe24d87d07c,706790499.3309736
302918a3460b98acb64fafdd,542426750.2759748
a7e57a8be8fc8d8a844cf9f0,538697884.6633917
7b50b071f4d795c9b5ad7531,573490391.5581156
91a7bcd95c0c960e4cc22d91,636971100.0135659
5d4a23137173c0e2288ec418,544704707.4274822
751ba0c00d4fae1078c02fb9,604596653.2538172
e6bc998ad1d87c5be3559ab1,564783001.6755159
53aa9cd32e2a6aa346d3d789,564783001.6755159
06f22f7a8e4e78f45ae81638,586321654.937093
2105c17a4e2f97183e24aa4b,717538741.6047759
ec13a869c212c39b6ba21b57,560057318.48178
0b49dedfb53ec812962e31e7,750574089.7270958
69e6fbd4d3816c4cc37b265a,650576529.4984599
ad46f8bd482500f3bb935737,656297438.0541894
368f7a70a62962bf31ec9583,670759876.621521
07412230b931192771072334,641078576.4179698
e63d334d9ae8b672dc7b7d5c,670759876.621521
3e1c2c5b0831edf78f7b7082,641078576.4179698
226277c02e8532922a1c769d,828034352.5725335
7902ada9116a1cf7458933cc,671805362.5575848
b21f6e217d6733230a8eb7b7,609792970.2696931
09ac622c303bce9ad5514442,553794207.0904574
ea63bca8e3a77fe88d88fafc,593027817.3665421
a3c7c54fa12d5b57dd997210,581405781.2784923
cdadb2607807935a0a5597e1,559635064.7500589
8d041784b65d33c76e5245a4,795871488.9075453
e6807209b634455bad257998,531732860.60903484
b1e3f1efb232cb0976506cc2,845392931.3169394
dea95d98e8bff87b905f9172,692694792.0914232
44b6382d9195ceb3f12d4939,734335005.2237263
41f33deb9990562def18c917,906625741.7458072
0a61250b2c208d42a3077bde,639309158.5871043
c714b30713eb7877ed3cd92a,562273383.0953397
bf120b883bfaf7641eda65a9,613565966.2846563
90b34ed38e0f18988f11d77c,609913222.4460089
feade1f4b3b06fdc12ec213f,666188265.8622653
00bff9be2d524083e3b3149d,549183331.9235916
f1e38e53ddb8a9d5b641d934,810591016.36258
49dbaf0bcca86f32f86e641e,710775560.7763671
18539b6cb6884f753e0ac18f,674576069.1094644
7586a79a0151387a1c0cd85a,567513232.2700827
d533a334c2ad9d510865fe54,541623040.5459969
95f7bbdcfb59b4cdb41b0394,719264784.8107074
4a2ae08359e1ecd39b43afbc,572047188.5057434
e8cf39cada5b7755f60306d1,612282004.6285135
0489a476b376f7f6efbc193b,534217244.80013853
7b31b5e53015f8116fedb0c6,704368470.1304736
4c0892a39011cc6a37fc1145,559326988.7791283
92d7d4fa9fd09075bec14a3c,675482586.6776179
5e5ea93675900efebecaa19a,525196320.30425596
084de1226de9a6f4a6075c2d,575878298.6364504
54f16cb9563346e15b019102,562047810.1490662
512a6de80962ab797ed2bf72,664630963.7641554
871befe27fa79fc1e1813b19,683712400.2785522
4e0b1df5e05ac505c701f519,522774473.92267936
37227e66adec69299f853e51,560078336.5660914
0a0e3ee960f60d04ffd6bc0a,617164823.2089952
82b15a5da307865c7045dd56,770383412.1017087
44d596fa36e3992208292ade,584088555.6339786
3569024b3ae4865240973e6d,685991656.911771
31d3215c8345d48ce9734c65,540799488.7914121
147e7f5381d3c951fc446376,569632490.8036321
77deea164a3a622df41249f5,525295848.1394431
3cdee5304896e4cb9604ebe3,569538446.4178333
f5418917530b72c9fea14f66,643059288.889071
ffcbce226963f10da8c53fd7,641418162.7408087
2fffe55a1584619bd7c489f6,615571040.7812217
3920eb3f72b96fcb58ef778a,530402760.6628234
d10bdbfbd411ae625dc80611,648403164.7837908
d61ac80c0d4737c3529f4a2e,576031419.083584
f8948886cb4cb018eca25d19,656619694.3207895
da5bf7f1c7b2f4ad670e2382,566359638.6848927
f406c9c3c92e9b31310a50ec,669828446.0816655
171b560236ce760573a990fb,678737290.2055029
4d852bd93332172bfb081aff,678737290.2055029
2e1f7569d134a931098a2ede,784750159.2227168
6d8d2ba62c52445d78f687ed,690004808.9419013
65ae1a893abdc2eaa63d9271,656497184.7940469
c9c51c39725d7df94822fb20,523767192.3954371
56ddb54e50deaf650a25e82c,618269173.2999611
aeb330dede55fb66654901fa,637742769.7585062
4f4e3350c429c6afc0bb0094,748931181.0841568
39377d0d271da03ad85c7bd1,557200028.9509854
bda2fcbba2b412981e708054,715330825.7688948
eb89d0b7914010148e6bb597,571405212.0031952
513d0ddf1ce44ca671675fe1,673588799.1288806
14cd5f188cf6d2433240b5cd,549678515.7818621
dbbe0b6f5eb07a5f9ec873a2,760923519.379057
f9acdd3fa50068bc0180d008,547327420.3268099
4a85c36fb854e922936b57fa,520068653.9635398
937876bdc44c3b8fe063a9aa,523767192.3954371
001399d3861c5792ccb8b515,680820703.4390966
f28514aa4d6ffa36104411c7,792468739.2943702
3b185e3e31f7f5e6a1b3193c,579767627.877711
f4c7cc4a249ae7037aa0b35e,759179083.3121154
b74a02ef5cc838952bb9afd4,647562671.5037521
75f5aff9fa70208ddd843779,638195193.4731412
b7273cac93fb7a0034039600,698613629.4039586
b73bcc0cbfa173c9fa404369,665068217.4343541
3c4c18326318a7207b589dbd,602868381.0787927
29a230f7dde5753e65b661dd,591974410.4558523
c083a5c64c4d6952accd7bdc,572379869.4322238
1cf29f882ee8b458b8f27091,640072151.2974889
94c15574aacdc5c3cf5a406b,537310187.4802219
661f7eaf134a5b142843368c,640344457.1480201
14a5bf235097782f468fbf23,543420081.1680601
d2d46c70dc048c92c8e4f09e,709301083.5125401
f6faf74c3f4e02a6b333b7af,644682576.7829659
6dfa362ff7a0d55693793db3,723217045.16921
b070e3747bcf22ed67509efc,747003728.3309231
7333f19416625d6f4244fe02,557658358.6201261
3c86651d9bbfbb335f15b544,762693343.538052
9d8affa93ce4dc7c1a21b3a3,656484998.2279738
eb8cc67810d95d1b102410b7,665773281.8867373
047f94605add5f6f84fc3f90,543440539.4580156
56ba332c82c36f07ba6bd271,672198494.0906575
5814a1dd61362ded4f1d8d8d,879397818.5110514
141ac7bbe9637f9e5142135c,695618122.6786673
08db0ce5cd15db2404ff3d28,569800648.6845973
c38677ed0876b7996f596336,505513886.54839635
daa4d7da8d7df8efc1adc9d1,520273299.7442567
f15c6403c6d4e3676a607780,532849276.5795161
4d0cf77f8cfcada2265ac585,533025605.52752477
4caab3951bd6cb6dc71ac8a0,551796292.2433745
7cb64b94877a9361f20027cd,543499325.4687591
3f438d6202cfd4527bd8f983,534223253.7770323
b7763beef728bc2021ebb841,537058731.4541131
4cea8ea969dcc433fcb59d96,587618398.6447407
24fadbd1dec637edb728baa3,714173002.4715098
63cf422266e7c39a6c895b3e,739982475.4818261
dbaa5d47ff63125584bf7ac0,740174649.7600901
da12ac932dd8a2fabade4bdd,638580850.355545
f35538e95b4a567f9b834034,669220417.8633685
6ee1e976768b68cbc8008950,692812287.5835576
a910019b3d18da92b4c6862f,617756318.1504303
a09413ca0b723170c26652a3,606743091.4536968
2b451da55be3683c33e4de31,692171137.6511124
561840990333852ace562b82,627736735.9006147
b6695af1ce28eb50d7a2c25d,797322023.1845847
9327563b40f2a0f888c68f28,648526006.5091592
3438e5d77044f21743e56edc,612206353.570069
63cde4fad1be942dc5ee695d,543944708.3813667
8e712705b7de6e791c8735de,532373171.2199602
85de01c0aa787152c77c6180,544988895.5713519
c9b0673becdedeede0209697,610329808.9175073
15ee6357e02b76367682d6bd,602354158.528448
5f284a75ec8e9c72abc76695,688563683.6101892
37e696957da15625da71146e,763737036.9675294
96a478c359fea0014fde607d,664756798.9287363
1a61721fb7306d55dd77b6ba,664756798.9287363
a7577260fa10bf408f1997d8,666909044.3367304
b3f8ffa761119a5441a44ad4,692320298.1291646
a5c85b445f503a56e0e2a924,855984623.2737058
5aac1a1d5da10b76ba4b690c,862467510.5463082
1420543e2eb5f38e4d38ba81,668167927.8046504
a530e3ff6d7bc1abe333245d,586622871.0702431
aa9988248c7dedb016d8b6ae,710584772.9231894
fe8ab5495cae81b5478026a4,520939118.0495339
b463c62e3c21e339e7acb52f,570882315.5337955
00a5133e7373eae3f0be8f2e,535277979.9467859
38b424cb0e54f0f7f2745781,554935309.1680568
c43530f324a3ac90f53a8849,666385387.4108213
abf93b2418fcdac14293c9a7,572733883.320579
9b1be976725ddd512cd222a8,613088584.4483691
9b7f17ddae12105d47fad7eb,693961643.2589395
3caab5e89722761d5ab2498a,537628282.0419381
a2f40c8227b466249d6cb659,679311336.9735911
e6a5007ffb7c1321d4fc21a8,507726727.49545956
0d50b435188b7830a6949026,480440510.83228445
d4bee60a74c2e2235f507ec0,673236554.494375
b474103c4b637ca25b5d89e8,627798774.4755371
ce6ddb82d2ece3b8d58fcc63,814631477.0977064
28403f16831effcb75471738,533332894.311619
03f518e2e5861002772345fd,529656708.2886463
011a6d0f12ba108ef15076b4,520105767.0688311
93ac0b004ca60ea56cc2bb9f,574604599.3034449
1b70fbd3e46da8c47c3eed61,546077668.2788296
cb40d6ea6a1eab77a60c1ba3,531802303.4748935
87c73db5d50e8ec3a22e6ccc,545128138.9154553
9aea45bade274e4ed91ec301,533414669.1272485
43c22bfa9a14df7b0126c12e,556496878.989918
6d848e54ee68e6d8f23b3b1a,534538042.3582995
e5cd7a2aed48057b0dc8d970,527597112.8360855
bc4b94c892fea57ebae3eeb6,555770032.5346972
e7bb12e99318573a6e6ce1cf,569641941.595613
4b52ebb0f0a8878def4170c9,580519343.9920367
3e85b447edd3b23b5a0d3b79,569962361.289503
15005fe7eb24aa25b9e3cee7,586575385.8067448
22e00f8057294350ddf4d42a,592311720.7995689
ddf2583bd65f02abf7ce3280,541313106.2924559
704e5657734af93d19a0e5fa,662155571.087368
cc1a11362066152d21d4cc60,669983303.2978166
12062de068acd322b610fcf1,688778609.5291253
e9804af0513b2f68daf182b3,663013006.7193592
f13d8f4b2e3114d71e5ed941,645464670.664762
11bccaef3431fc17953eb81c,703111427.4649447
ef2b9c11f884cc5f31c26f60,714250408.7221917
25986c851e13c92ede6c6d6b,666200994.904081
37e28ed39a51956880d211af,650820356.1544486
9530217ea0b5d2395adfcc9d,655690125.4921849
d8607e3261ef1546eb0c30f0,902581462.3690217
22a025ad47ba22ea9fd1a094,652114174.5026451
1c88ddc21f3e8e4ca633621d,498898578.8229527
e45ba581daff88707ad842a9,576521461.2307453
d7e97cc158c6c54b02fe635c,581032171.916069
04bb7cdebb8b66e783058248,544647289.8775395
d60cf6dcb7b4b40077536604,616755829.0562345
85ceb648cee9f6f3d221254c,568641414.5275521
f58528d3ddce3bc6c71bfce9,718918745.7167907
c269765ece36cd93058efab9,650533415.6343006
919bdfeb16dd0bf67787d53e,643482744.6983956
ed8eacb8746dbcc3c2ef3aa9,644529370.5876622
15ec532ec6fb73074b9b12c9,810614758.6741431
58a724e8a0e05140b07539b6,654405042.7179483
2b7a5be93795a65d29970b02,618888534.0144143
6dde9af12b6597425160a47a,852161981.8217628
f0ec99c13c61e89310ca9b8a,532547691.69124806
65c83da72c07b8e74bf581f5,577785416.4821105
3ecdb7a7d178b48361340ea9,573875842.0069165
af22669e3ed10470623fd8eb,775566415.6238974
748c981380925e1247b9e64e,675284183.9287581
78ab6cb1f62a7e781d4c4d0a,529936475.3043239
e80ba06329760362c7685ca5,524128545.0237686
3cecc0cc43ef46670a8e69bd,567559555.4886348
527e4b1b06637b5362c8f17d,576282149.9714265
cf9eb2cd0f20b13cc8816bbc,523861306.1386642
4b3a6baf8196a59bac8c08c0,563805389.4788362
9bb9864a6bcff25b17477717,522048833.038953
4f7d630c921cff500705ee5a,527961529.66426986
7b7c0544ece4aa383fd5b4ce,567071231.7555972
191094739043620c72aad2a0,572730343.7473065
a20435d582c7646db231e7d2,601429238.860144
1555743ec7e2f38904852860,513912864.18752277
1c7452cfc46652a60b7a4f05,738820807.9607127
97439d5a82f970e7f50d51b9,623592078.5215243
7667cd57d0bec809417c9b11,718822072.7798995
103f6eaf04b44c4013acf097,667951480.7454709
e6ef433629e193042bd30f4d,761175512.1445222
2ee7f959d069c9ca223115cc,740023808.7568738
b46625b69fba1afc154471e0,921315749.2557911
5cc0700421954934cd8dc445,892555392.6053064
066f1b68f7c053a196662fe0,833043316.9254186
645e1c7b799a489887086a1d,789373100.3640637
f426c41d6d8bc99f359f480c,581173774.7750857
d1be4eae680cb16d0c842606,693744700.9031931
57a5f4f83a474ae156f207ee,628150283.7378387
53eab0ecc3ff098d55666699,734272997.8941834
54022fa49ecd9cf290aefc89,667274863.6630411
545db4962e6294cc5ed07727,613088584.4483691
8e17bc9f09099ba3138c232a,696819508.865451
3b4b303bbeece313f92cb85e,738874895.4520313
d0119d7bb15452c473ed28ba,653892252.806337
1a36f98c62f5126c8064314c,760709413.8828104
96a77e8e42d676b0da3fa572,539087452.7547684
d7d6f668e3e40d957163276f,573348600.3776895
5b908b8abd8dd0862440c172,633033095.2813321
81716dd4aedf72a6a14392e4,511284245.1634676
47d252717c4bcae3e1ff19e4,583536993.9848098
4f0b2f7e4d787a108a4d2537,584611430.3287747
90a43053efa1d292af692a87,542948973.9930538
c3df4b9fdaa4dcb13723b5f1,728133814.7776201
4b905620f76873355d317dc1,611287022.332077
ea16314310144a10c81da9c7,513774194.0738603
0e5db1a36a521a5d2912b238,516195824.5623605
c53c58dd7b26902f67c3becd,555276119.528014
6c17875f20f58b1fb211c18f,712639708.5232308
200020552855ed39d1af999a,538969316.9684279
b44b862cbd855d46954eca5c,573596636.280158
ce47299ee877638c4729f60a,565812340.5019112
3a28bf9841e6a9d3f1bc293a,614379320.065191
3a488b9e24d9b8fc7c222e20,520811819.4880115
5469c33200ffa87952b356d0,522683800.5263446
b57174dd86ed451448dc501b,536155058.37884355
ebe09efa32acf6d680341840,603230664.1472147
33f7d5aa494288cc90d60456,777805142.7330643
de9a32ec454c2696cf75eb0d,554795906.3029101
df4400c44a166c851ff46eab,554393124.8120745
5dcc8f6a6854a864dcd27a87,564783001.6755159
bc08ce9f24533cd644ef08b8,532214859.47144365
2935cc0e053bf558a8b73054,564783001.6755159
f08001f2590d7b734467c58b,639706694.6806939
5a9892659590355b91442979,726075976.5568147
ea34dfefac91681864c2bfe1,575619395.6310179
ee3b5d47d05a80c07751f7a1,670375013.8103951
448ad01af4c5cfba3feeab26,670375013.8103951
bcf43ae0b4b15ae168abca97,647866699.8730785
8ccd326e4f515bf7e817a14a,653654316.3634007
94535dcf38c9c6461a73db02,493475198.64178574
9b3557302e940d4da341cdab,614769412.5337892
edf8c961862a4ff8e1e44f1a,632430988.9616479
6e508fb72f189a4fa91bde58,853590612.4719967
7d0a4771afb00cf9a38ccb81,667784834.0604609
8c32b6b31d1a1d5736c4df61,908818347.834418
da782fc0c8a79e3e250f0f67,559675531.0483968
c86e643b7f7b57b4482020ef,535025004.8490554
4632f1e8fc93e268ddeba07b,553070969.0618339
2cd372392fda500e6526695b,549306524.7875367
a05ef49ad8b2d6c466ac7412,901427799.6736051
9f50ed2b7e40847ffd877f4b,650019439.0206327
c00083aa30ba7d953361674f,631211734.399825
50857161c59b991304f5c55c,624224758.4618454
3676f63aa0ab23ca7cd344b7,575347904.7208964
3710ec95af4702c45f165279,587052476.4560944
16db516a238934a730ced1e8,556146139.3709774
d450dd622183c7cc43a20d70,531002747.5859629
ba84fbef80c8a82895ec599d,882256129.2327665
ee85a12b8f764bc15164dc7a,549607228.927195
0038a3b703f4ec779bbcfe6b,686811126.7221493
aa643acab634ee591a2a43ce,535063982.4727984
d6438814f4ff3853bf6cdb13,662339732.8842853
a37522af63bbed2f4d10900e,668274515.5594165
0b715ccd3b3e01444b855857,537449101.1836443
fbdb9caee4455e99259cf921,544865608.2676914
b3c02569b8fb721934f51c52,548722917.232419
c07e2ef0bed4be12e41c783e,554327649.4232951
1b4e4016cb766bfadea42f73,530423766.2702755
ecf4e968c925cf8322f8a0bd,523774749.4973659
6cc0e6bfd30ed93fca2bb217,504299172.7864896
3e7f514983daa92e49a7c87a,551123655.7417027
97a22807207cdfb341d5c50c,524584661.6435632
3f9e95762d2f2056e9716039,539361161.9089386
255c5b92d71a00c3a73b9aa8,529826283.277939
58d24ab99d74ae4c449c90ba,583904060.1280258
51d1df6e1f28c40dc9074b74,623555149.4582909
16261339c3a99635717fcda8,711956921.9536637
1475cdbbac4aa486266e439f,757745045.4685975
2a9974fe07b1e4427e386e06,785433467.3002843
cf76689ebaa20c70d9db4d51,672415787.3188484
f9379319f992cbadc43b9189,746648631.7501129
62313cfe4272d263173e1ea9,760846993.5021094
b2c62bb0cf8d210dc4635653,664583009.0517805
5d2fd288d33283826210cb90,655690125.4921849
3454ab4ad567d2d22d990fec,624495299.9990844
58be66aeab226c35330d57d5,576712076.0656675
315ea6fbd6b3261cae7fb900,743262131.3741074
6930d8e260fafaa5c317dc82,552402947.8936285
0fa99fd0e8cebb71a3bb0871,521993264.091252
fba946e4ceea37176170835b,550427316.9333092
b53d4d8d0bd4a0ae84fbc22e,534992868.46736634
8bb1a2ecc997779d1addf12c,528699181.048895
6dd97377cbc262b07ea2eb99,547000146.7064914
5c50853824c890a5a7f0cd70,564832400.4293116
4c3865a97f5877090e7a9649,569232555.1237681
a3cb2a035f98276076f2d848,605495986.837801
40d04ff9c405cccfc82ed5a5,569448568.1878699
22caf82aae904c79057fcb3b,562746572.2815465
eaf87358d89af17c3e004c21,696227869.0749317
9ab5ef2c5650c4bd05248990,531282345.94415385
d96e3063ce77ab1235e2ba26,549182772.1409072
665d62a8019b27bf5ce6e6b4,535953985.57237744
56234f11aae98489ae00a8d3,583908080.9802169
76a5158e1a5c1f9fae8ee882,575816557.4435022
d974970034de145d469d09c5,633339762.6534935
7b5db1e4f4f47b4bf7c827ee,519547719.2239219
73ff6ce99ba5dd8cfab0faed,536716271.9991697
e1cecc8f17883ba6e2723826,558805133.1846405
857870b1412b84f0f19ed751,510150038.1604346
d89dff35fa1944191aa9ed98,667495283.5332898
86b89233e0176e034ae3cb7b,651886510.2018914
dd3d529f3745159d9e7746b2,593774848.6595935
af10ec1529a63d0bc10b056d,668353912.7399639
a2645174e4e15c49331f576a,680289037.4737232
311dcf366691c44243b7b89c,623998356.5483109
4cbc74a93e33f7b4812e1a7c,556877389.9698858
6e0140e1d667cecd155c6e23,557071557.0277935
dba6308e2358f30b7ec33f59,637654843.5562292
761ba98d35074faee3594dbc,733772001.9409672
b961220d34be930fada80887,583380078.840467
c9c3973bb37b5c688a7c0157,743367566.401054
79a0bffec81b17d606a606f5,680289037.4737232
135f6f92c4ec95847e8840eb,632907967.1156938
05858b1e4445f56f22e1f4bb,661125360.369232
623b7d96c0fa09e50148aa7b,649481680.455072
e61e5d3288f02b904d3b1e38,670990073.9514047
0d173e7afc8f8babbef6ae97,657443112.9858145
7635a792e5002ab99ceef583,685556908.7218807
4da93e7126354a474d435a4a,659606756.9288422
a4c71322f79dbbbedab3191a,708692542.6564736
57ef53ecf8b709ddc05aceec,564781737.3476005
65c3e09ee6f1ef0500ca4316,637082753.8133821
74d0b6e87c2045f95fd493c4,656375032.0120608
4a3d0390e005fa5b4c9403f4,665686394.5865949
a3aac701ae444b6d91b7bb0f,677658308.473798
4afa3a1b63c076123e7a5279,599981141.2790129
c97adfa6f5ad3e3db6b80edd,661421904.3452187
58cdc29143b85386c76bedbd,658785857.4344028
1f81176d8a0c61a7177c6c2b,684783441.8544848
1c2e69465c75fb3af2d57351,679723701.2634172
7a10ffd970cc822108ce7cf0,665782837.4045582
3bfccc757ef82ff2774f2db9,666021712.180348
3c753ecb3a4f8ce43077a6c1,694713666.9128166
100e9e2623cb0fc52fb08813,762340642.1986316
90a269d52e47c1705f9b6cf0,697522658.6918669
34f4df9fce2ec05633d0cbd1,554743771.42642
1e4fd826fc8693b17f6efc3b,716658218.701299
efd9d848677015f13688453b,524410697.28029925
07cd866c871333283ecb2d23,670542963.9841712
76a307d6b36b8a51115e91b2,554351589.2725139
080969c751cb94822aeeb755,528175543.2447055
1e37fb708b70b6b5e8fb5cd2,554943982.552052
4e47d2c8ccf9929ad9c84544,537457806.4191171
3c877a0fbe08cda958ff8f46,759098492.688046
ae59a0d6441697841d86cfcb,522193864.36660975
2fdb80ee4f9a35663e92b3b2,643420381.5934677
3a513410a390c75fc14b0b3b,570228945.1374428
0616401503f2ebc05af7ce4f,546586193.701619
98b973c8597d5805f87dd074,579083963.2767409
7063abb555d919d5300af3aa,873721855.9417694
88c4b21ecffe12cb6c408a6c,587052476.4560944
75a4421cced1111492d00298,568968667.8602704
0482cd89d767b3b7de976c3a,519193877.1884641
bda9e5d8048acbbe5a9d49ea,522218067.6675382
2152ed6b2b2eaf16ec272cb6,563734441.8128909
9bf2e0c1bc82010e92da2540,574031656.6273272
110af3c21ecdf156898c7c0d,602311469.0488452
2790ead3eba9370f00024472,536405819.7351184
9b06c7cebd33cd26cd6cc089,668407896.700292
fbb89795386c14f5088fccdc,771292994.3300703
e8a3d9d6134ae8d631791e52,698013394.7809017
5c535b7d92e34c0fe4b66891,907626459.7755865
d88544e4e85add30aa795ce6,547907421.0831867
01b78983d268b52137e5ac1b,533053837.42640966
25414034e50ca33fcdcda4cf,568845576.8278723
2212e0125cb7f75390020951,640577160.0124642
a4d5ea1b907e98be72b5c49b,626511768.0922121
2df90c0a3e2b9138fe276a75,905592083.6907266
c520b7e8de3796450ce49a30,522978655.0898358
35114fa32397272437e67a54,532148680.74298817
bb5726ac16b4ade709151159,559712101.0209318
b4dc6733589bb35444b74c55,594545324.726204
3b0b0bb06d95c5ea1aed2d95,549587455.4512576
fb7bd85c05cd74d945d22de0,662980957.4827061
6396667677a878ff61e1b536,632733985.6809558
47b5804ba1a998c3e7544092,712937367.2147188
ad4d91ed26c1fd5702b94064,625269031.877599
2b802261b8bd839aa0b04b16,769586036.8303457
0bf9fe130da23aea7142bb7a,883701527.0479082
90511f2411d4a37a7224b995,577619482.248542
1355fdce5b97bb36da15734e,677148202.2516432
775a6affce535c5a19ea5f30,777698120.2075896
e36d70d72c2758d7fef242df,608397328.3215146
2fde05df6a3aa9f57385e6a7,523999658.00733143
5e0100ae728e347eedce5b14,693744700.9031931
a636ffa140f80412f003734d,664716482.7524383
74746d24b9bd86e23338bcd9,628150283.7378387
99c539fecb3bc233288ff905,570666041.602928
44760087930212643641eeb4,668359599.6697932
2c5d940b5ef2276f1fac1ca5,789373100.3640637
b26f22f1fd5a991ecd1e07f8,672417876.0925372
1ffafa78622c45ea4127ce82,587076045.66179
32a555016892e7a74d231545,539087452.7547684
8d06037db08d0754bb67da4f,833043316.9254186
80255211d99c72e343b32798,885787880.44273
070062cd1c769f3be9255af1,668359599.6697932
0451f65828e628c2220df77f,738874895.4520313
d96f6225db81dbf3d1a0e9bd,539731108.3460339
b1527eec2e6709dc51e03f9e,665939585.0717857
5464fe43eded098294d634ba,577619482.248542
ea37ad89fbe4159940586718,535916093.2598171
4057a676e7012fd37af9c3b1,517783355.4088826
51273a81121232e7f30cfd1e,535434334.1175837
3cfd9ba5c6993718c0c532ff,574141510.1294429
8567e677b30c410df80004c9,571358818.7216238
7a34bcd9f86f5036b526c3f4,584080209.2813456
3dda25226646e1e91f4c948d,584080209.2813456
a2529027db6b525e365e7be0,545949579.9892302
c6115d5e908e04e67915a581,546773470.537096
8d0ae601094562744c8dba4f,522242095.4803296
55209683056fe2f9faef7fc8,525411019.7038477
e840095310907e82a159d683,584080209.2813456
278fcdbf16e3064ba42c6785,656074032.4730786
74af10afa02e7724eeeef108,745939964.0534289
b763f71e8a5bdeecf0f3f0e5,517569247.77225494
5472d536d1b6b731537bb67e,575489155.5453233
995ba6d1fd63d5160fb18e71,960703658.9134947
f424ca724e7df1c37ed78aa9,744067474.2515727
c2aa451b62293042b7244fff,582238542.9833422
d4ca9506161d3f4bb3ca57fa,545842152.7831409
799862427c1f335eadedf4e8,532828065.72650737
1f3b3bd08063993c23586c93,535362729.3068899
817422f4c278ff27a22b05d7,558992372.234274
db9798a3f9ac287754f3ae01,861132890.8759656
7ead45d1f505649429904307,526488395.5989855
ac7ab254166442188c6c5c25,821970586.3170521
67250a8950aebdbc67f7fbfa,595880617.0815506
641f4319c315cbb74872b8ac,535893348.1023477
710b0541a025b1b6a5a80c41,562824242.9488343
a10f459124248ef30f290cad,539822676.8762577
1aac53220223d0d823e70d0f,551902494.5184543
9d0ae0c4dc11d8c6d94e545e,550770006.8334273
be685d2954b8c7337ec94942,584682958.6431652
e43151473292e4e98f121f63,520912613.0221822
e04fab3d74d14be3b8dd2c8c,580541852.2379423
c77509a6eb6665bb8eb07d95,768234177.1603569
9753470e033b35407a2eca2d,676815387.8207667
825f57ad0527d4abf41cffc9,680836380.9444494
0d8074979d302868c2534262,759296655.36351
15a3e60c7a5d55243057d7df,536790462.02516866
6de06f867a28393a9e95c7d4,510601526.15907365
4d418d0079828e244dbaff5a,537259531.2595786
2de93fc191360ae22b0402dd,554771518.1814322
86792949f2e6a347208cbffd,544704707.4274822
6d8a0768adedcc1070d28390,615416323.8841287
459963742bbaadbd9db97723,544716496.4878267
235b10cad7233d579a966948,747771647.7319857
4443407341bec8b7b0af40b4,769776492.6083591
d7047492f4c53a0cdbde60e5,632423210.685777
5541cbe23acd6ffd4aa0d939,656297438.0541894
1d0853f825cc0aec6f5544cb,641325381.2769654
f016623361c6ccc5163e79d5,668544634.2341138
d280fed64d1c23ac9d79ce20,668544634.2341138
7e86f11cd63ff6c8a3c12fe2,656487321.0579671
9d7f161ee660b1bcb54574b1,699021573.941609
a0722c5527c6d3cd5cac9477,668029393.240703
278a2cd98528eb1341a6b685,526894472.93818873
b755f88ff3907bbe2a417e07,837443866.1842811
2bb55b0a92d62454867bb158,611184822.5417559
960c9349b6ef9b747ebe5829,846656886.6333631
2c8352c418097f82a50d9bbf,751730118.8867073
47d7ba800f164f397fcafa9d,539596118.4626739
610061a0e67aea7d222f08cf,790764311.421584
a33de2559b5f56d1b3cfce08,617100958.3044946
f020fef57e9069e4dea2d71f,792527374.6369864
883f095dd3f7e972d7dd3c2b,540045466.0565183
b0b784bfe2d3c1b3b1320613,779135343.4026772
1ea66dd4a72d93f5967be730,570221824.5695533
90b04117887941ac898a67a8,505485028.5933915
022357a3d48ea87d58ffb46e,526794165.2706252
292224fa68b0303a90063801,560772080.6314269
6cf924390dd3ed4454403887,529556307.39463806
555a293dbc104e00f182fe34,598859908.5509025
e13ef02a57d35f71a4fe6121,528304584.5784928
c82929467d22589ec62c0475,561241435.6553817
18a74c9a49ad381aee5e02de,544700456.6208826
da40d46cb91d9e59fe12e6ba,558548162.613931
6320f26d77fcd56675db6b97,661631353.3925968
3307731f3bc518012912f1b3,671106429.8412328
ba94572d1e050bb92522f112,537548138.8957988
6e0d6bcb01e99fc4959d3f7f,515204876.6210839
dc3cbbb2fa00043d02958219,564773838.4819243
495aa774f4db66db6df30e93,554989146.2938123
6ba298925ffad32daae55385,643482744.6983956
8df5099d856c7f9de43990ab,730064796.9038116
93c5c5d9d1e99824178be9ff,668815543.3688523
ffbce3ccf241890ec95104e4,525225409.46194655
2c03c38782e365e68b32d6bf,546316284.7427119
7734421098413f27fae86fef,747511921.5630908
2b50969f1faab80655bb9104,540131166.8250914
025a98586386211b1519f9be,534575833.5881847
6013b8c04f7b9fbc74ef1ec4,538074315.7279071
11075db1cf9899c8640e1b90,556257882.8423153
61ba09084039a467410aeadb,576853891.295944
eb2880c2433c4b2500fd40ef,537344386.7159115
f7f8607535159c82dbfc6c14,519263864.7950727
35c7a7c0ace36f4b95423c4c,546672919.7044326
c71123c31d02408cdaa74daa,810614758.6741431
dd8aa138623604829d56ac2c,515204876.6210839
cb94eee5ecfc75d0fd5ba6e5,565030426.5667475
ae6bfb4eb4770f2266e3b961,553683848.0525049
573ea1962372999346590c0f,802601698.5029514
9f7204b4bb3ffb8591e3164d,856473758.2967976
a4410bebf9843297fe32d63c,626578468.9694964
2afd9dd680803e3c12d5242b,662482538.4104661
a7618c242fd918ed894304b5,521004462.82444793
5ebc5cc2c1488f681cd119f2,730064796.9038116
cd53a991573ecb5c53f47986,570259776.872728
75ecbc0c0e8e76bb8d734f60,739030662.4492303
47c2934aaa5934c68dcb9e51,612760627.9344248
386ad1ba1cada9649f3415c0,607136630.6354114
9ca0839c9c294674e86eb691,665525803.6392425
bdbaafd11259af6300321a89,537601605.849157
2e41ceccc918145dbe7de0be,542170670.5206314
11df35a3fbcef34e47747e38,603751769.974631
b0bcb64f2f2ba69cc712e0ae,643499542.0125023
bce0a4447db2d54d36661011,619071914.2052251
ef7ba10407cd74590ea3fff3,869523489.5573908
a743dc3903eaf3576046ef3d,712801608.534421
b3d072ebd7908688d908d350,635399640.7148019
a48abdedbe3d132276dbe403,614286267.6396466
c6b7e739125907c86a8997d3,755232190.59228
813d9415d9abca46ad4d92f0,703741373.4386407
c631f8920a2fd1160f6b15cc,704276444.526943
16194707d4e85fe332411bd4,654405042.7179483
31e241881acaceb02ef915d2,639162570.485226
a3f1214ea44063ad10956fca,721430377.8742512
ab086fddcb949e3dc0ed9b5d,763106005.3722409
ec4df02b32d90c019125d108,630439976.5655782
09eb808ca3859318d6328db8,580254806.5440482
f520fd12dd3ed32ba78d357b,747674710.3045514
0a2f7379cd1bed7d2d2d5a01,660846602.8274175
30652905d3eacda34ff61a9e,561831799.333892
0509650d34981639b9c64a22,656687926.4748698
77cd6b199ee485314bc74626,572330594.4451354
10c836c2e566dfe9edcf3d8e,673450854.7631269
e109ccb29c02c9b35b789c90,820830284.7521707
2d60a221b478264cab9816f7,822389738.1115832
d34c48ffe935cec3358b2247,692424679.4565817
9cbed1ed72b444c22d8c1614,578650820.9161031
735c3aff4c151dbc32f9a76b,639940445.0918909
a4b6ceedaf89cff74a292ab5,784978838.5208629
052957f95b6e7b41bc625009,621187855.1187235
33a61cda27fadacce0d1aa7b,689013036.2607542
6c3bc8c58ce67b8bb9f5894f,777601147.3431394
1988513503246248b80c7f17,653474153.377555
57c29184563b31f5f752c5c1,676874752.1274137
bc6a7d4ceee8bbff9ac5eda8,645944054.4108845
f1b7ae24195b4414e6d6a001,676874752.1274137
e7b3ec90b47c9e6009ca8a75,782248926.1825243
39b62c6fca161b80bc6726c4,744498396.3378911
55163359d7cd910861059389,950895389.5470941
df35908d6ae2847dfc73cf9f,913850405.2602941
ac822dd448e04e9f8dd1721d,659775407.1724054
7e86148f53beefced6e0f3e4,619305609.3763461
6eff15cd6372aeaab2e665d8,550830714.8351783
0a1af9bb571b90233856289a,618507615.8280586
b3cc5930a3cb26e35a45e09a,667097700.9641488
0c12f73305bc7d72bdbd9789,573802550.7545683
ac048209de77cae737d60545,522824242.53048855
9239fafbffc066dff0811302,496586583.5746016
8e0ba427ea909cb7943929b0,566283370.2433065
b3c99f30b16fa80cdb4f213c,557373581.7542442
d1dc16c82942902c668a5c9b,575983001.1020683
5cfc9e48ab90da0f4e98a7ae,563821815.2463616
9abad9f79352ed42d1a9f099,537657231.8841629
dedeafb60b4a39950e7a984d,537657231.8841629
74cca5cd08c4bbf5d0404d74,655015074.589492
b6aa1cb0187c4a1715517fca,537657231.8841629
e22bad460ec1bc991f14bfbc,680117956.5853561
594d46a91315527995cbd807,775790661.4804131
2c0b4c8269cbe25a4e85e049,543920119.257266
1014d3a98e886e1a7358e29f,585955812.2052537
73d6bb3d6ae08921a6117f5d,562853735.2200685
de3b619a7c80549db6ab16af,620765091.5412577
da34d6cd832009e428d2b467,529177207.89908457
104722434c2deed04a901aa0,509359577.52789605
cee66eef685e4764b9553a02,536716271.9991697
58b40969f1b73182cb6d30db,536716271.9991697
964e9c3f87176e761484543e,816375061.6826406
19487167081a9b0dd09d7975,613993232.5842136
7d8e345c9b16d0fd69f848ea,666384438.7956594
7d4ba999100c8e694fd820cf,602874417.9727597
c6b157e7a6ca08d04ec4de4f,533033834.24742043
84ec2d5245cfa146dab05065,624502029.9421674
c844a386941b86a3d4c0312a,558362960.3751928
0648aae13097ac649fe714b9,661329083.3846084
34f220a8ee1f24bcc5790364,547955526.8071601
d12eda0ba04f846d73cd7acf,648761779.9681367
c12904320223ddd043f39c63,575347904.7208964
8bce0097d22b34a804b502bb,551503594.1904556
ec1171cac1eee089be6f427d,558272918.3964852
5d85d77a06d0f0324d15d162,602311469.0488452
0349908483ce628a0a5fc164,613122278.7610611
d74da3bb780515b1273d741c,771292994.3300703
64cb8fc8412c9247a5c243ce,698013394.7809017
3a53919313bd750f2b1af906,661862806.0353888
91d265ffaa6b407e9747b15b,759998403.3366703
1db1d1b76e09197dd915a8f1,830707127.2453662
6645a3080e5d10779672d139,611142630.1141919
3ff6e77706eae698f86eec29,748691359.7692252
4670d21fa84e40184f03d5de,651285927.8767625
ee8bad3fdc93f7fb79c9cbd8,598218315.684342
b624f0438025478c9f66fec2,851788170.2377956
37dba4927e327d3a4a0c1d36,567913431.4803623
8d16b1bdea35630a3b09b192,548436580.6435006
d54a4c353cebf18d452be515,548381631.3263086
c402811ade75f5e3dee73ac3,614290141.4559333
dd926903e87d691a0f15dba3,572079220.9955889
cb01687abe09df6838e1b224,555469652.4282422
6ad3e1a47d1055b55d14e091,573206807.1842699
b8d50a94e8166e471fd8282b,567864387.7777106
a77d82703468f2f9e8f2ea0e,765284862.9255224
5d2be469f69f31090769efe3,843291104.5153862
c4e8559ee733a551649a5dcf,922123816.6610848
5996fc90f923d6e8527097ae,541993523.4474875
32d5772adbcc785ecbc2c55f,567695919.9875214
5f088237d263c37e78264bba,546649024.2034615
799afa0396b9f268f239db51,530798232.6928396
bd23b1463f0936d2ced5fc67,533587447.2927343
8f35a5d800d98481d7a8b6a4,568131151.7497593
371b5ecf08973fc6e6849d14,554685828.0122305
fa70a55dd0e2053a1b566de1,514610806.84282196
584364cece0bc4d17f0e7fac,542427439.7619067
cd968f8973a267790a38f2f2,505774346.74344647
c46b122728ef4c9ae8be444f,574295808.6405405
4056182cbd8c12cd87ad9e84,612518967.1505078
6ac747618b6ca674e86cd275,531168333.9642391
afb02897c700dbac941ba8b1,589749306.7746966
198cd3f4e9be65b83f01ceea,635696872.0514076
c92bdf97d7f0a9a12c024406,630644958.7855101
e00e5934d1941490834c3145,623753925.363803
5b139fdb19ff722a846d71f0,769393261.4186019
8b554961129384797391d1ae,675063659.2356884
854e27be18fb8f24fd433eb7,631393177.7747273
241d9f8599ce6cadac1d6609,643652012.346625
b85b37ae83ef95baa03752f9,625570731.0038552
5b3ba9e56e24e08e1f81e220,522352158.8827919
58c6518f9d2d0526d31e7566,530316441.7230719
38a1e2050dcab9b4c70c5e83,527194966.5656436
da94e4a5fdebe3ae7bb1adcc,575082790.4786943
49fb2771ea6c1e8950cc9a57,589673108.3034338
f2b67c40a560af8729bc6072,559036831.2565145
13fc2dd1cd32d9cfa457a5b1,624214145.2220333
b6ebc3b8408793f5058cbb90,679535618.5789977
75ce506dcb994b10497e6816,852287534.8212419
6dbfb281abaa9a6956c080d7,537191968.8625777
af67a68803a18663e4b03eb1,514294716.7388719
a9c212f77a048ddc33ecebba,533698930.6084655
df89fa06e32e90b0b6c2014e,566774303.6173055
f20a7f264a8285a75dacdc1d,696364705.7604624
61a363a73f3c93aa1775c4ff,518838045.2443564
d8c1f7303b205fbaba2890b9,504985042.97685695
70962daad7cd15ee8af564fa,657756744.4788829
087caf4bce7b0a3fe3c47dc6,547408208.4207298
5d2200b04fde91f830478aa4,519737419.34672385
821eabfeef3dcc622fbcbfc4,520618688.2654716
3d722d960b860b4bee79ae2f,534567581.9941152
4d3d887d2236c2f897f3bbd4,532615384.9343714
7fcbcd9e274b75a157cf5d5e,551015990.8415922
88ea2d2d7cb6d641df3ad76d,673549946.0787085
c06088db17767866b7f4ba7d,601932656.9749326
e4a9626b1107b9397d0067aa,652284046.1459093
82abb1fb693f34877bf1327e,584050068.2603065
3279efb86571efde18eeebef,540473696.5068847
afca7b219d52b22522abd00c,541982883.5879264
7712f963ee37e91abb7342e7,567199456.827024
2a2f455525c8e0bd709db91a,595985441.3770586
833ded72a8cc9c0d606a7a74,727842911.6984383
f3bf0be37be6292ba0a8736b,783748672.8138506
c06c8b6425e3a7c2d7481e42,531131904.4965927
27d4f17375f76219b446c092,523895039.65894324
9b7de95ec90da0dc8cff7011,567070697.5673758
8fdc9f203c3de5d486de7ba0,530730820.5293943
ebf2d540aff82f1aadf95f9b,545781843.0707474
51c48d17e774d6cd84f4c355,534339601.6610571
5c1d1ee26cbde5b766cb4ca1,689053859.3583835
2d26b8360f1da9a677670fcd,783769776.1990967
ce1b06502cb0c5d9846cff9a,622341574.6360744
3186cd0a3125adf3b25587aa,585763609.7942208
f839de5370a225ff993f5b2e,570900469.3196542
2900dcf3f944a7fcb33aff36,537554159.004251
3f54091296f773f5a1bb240b,669841238.9920712
499f6f4997474415f0bd596f,668692194.7361296
110539d2ac34e5180e3fd95b,650436662.3092394
dccbc668caff517f649cadbb,824684461.0323209
823c9c7abf2d00140766a2bb,678182818.7956594
94af5eccfe170cbe7d428184,653568136.9449694
dd21457e18f07d7a927c0104,531354243.9981032
5219cb469fff40cd9606bad9,523692428.4780052
5a83bd697db5076016c0671e,531236807.60598445
2a1edfd6cf74573521ed74a1,501207748.0518325
40aad45bb7a980c9c5e1884e,567601927.6454906
a315b497dd8e80464bf0480b,564349145.1171267
7095d576a0b963eb340d8fdf,540656866.544485
9d6288cfead77d622f5f5b95,666787400.3745238
4caf356c110a50c6c94f3eab,762436630.8288045
23101b0002252f3d4b3e1d5e,744479168.947086
8d1f7b0cfde7e496e7bfe972,672393709.5472974
28e572584fea1555e2a517ed,626396459.1461369
6666ab486afcbc162fb560c6,714150349.0943025
b0978c973ec3291e950185c1,682467371.0976727
d6cfd3ddca2a59f0b6999d77,680276395.0621382
a77f5c03a98636d90f50e11a,686483938.1417773
e6387696767d20cfa4918ca9,639393153.7245578
1dc0fe5bcea9d08874871326,504727515.0510829
ccdf0abddccb1a670f31c2f2,849500870.5409759
3ba769d65f02217656e0f5b5,605148606.6632183
628b3b56449724e7d945351b,777979131.731981
b47713520859d58efa95bb06,683508953.1009314
e6c6625db90e519f9dcf1b23,640023493.6005926
3e1a1b2a518d3ca2fe3950b4,664514641.6240869
24849579dc9ba7fef1b24396,559682175.2405231
6103571d9525ded3c09668c6,534968062.37562984
a678e89692df9b14da9f19b2,542702119.0930718
47bed52dee0d311ae0016b08,619948956.9571847
36c0d26b83e575a500a6c30c,532835998.1817067
34447730b60ad12f4775894d,715373117.5614756
aec1778ae3b5e60cac280b79,615960560.7815765
d95f38f5d1293c74ac52e823,715373117.5614756
5dedb7b64b6ad0b514de2bfb,729334678.8724271
60c71a98253b5550d773a529,639393153.7245578
099ee1a7c91105ef46b5e7e8,571275654.840319
b56533bb19eefcb244e69470,687412085.041197
62f46b8989bee43db86ff589,530180538.288165
4d485ae48974213b1594c905,719409236.1444201
c627c6287efaeb6fd9049312,510228489.4131244
976945e68af6a66f6fb0850d,551297158.024541
93e443a5b3864d52765e6484,624119331.321835
6ef9ce7a53ba3bd892e21f1b,565016047.5561914
6f3041147f930cd6cd4fae05,517057755.04059315
3917b95a3d05a5e58c117f68,524491338.48648566
d61ccfd4239026feb484cc93,499030994.9754163
b443781523fa0b5be4ad7739,592222768.0238599
6f0fcd78c473e4e04fd411c8,574272883.1862495
7f134c92e20aa9c6f084edc1,587219328.5404917
75075631f0fd84fb0ff49417,608335791.8433021
eae4243c274735d616c6b9bb,792058072.4097874
25d233d2779009affadf5e91,669546233.36666
1990717d8c7aa8e732bb1165,704199709.9179724
71b99de83d83dd970b00f07f,673723005.3771397
243ab5db6e47f3536d04d312,630595334.005403
61cb98125f43429f7f93c898,769537403.1053388
6ed772640e5a311cbfd17c31,548606099.0613859
d9f0b4c92bdc9476f50638ed,532473912.4983731
796eb5ae3ca5b63c9fbb240a,736736942.3598648
e6f3eee9f5048005f24f0943,627123905.2661324
291ff191bb029742387a72a3,697160665.206093
829bde7f8716daf76f65ffab,712081304.6379681
110a2f124bad0f9381edce7d,845298845.1427665
76b719681617ff7f28d33df3,692822698.4458731
eaa6d58e226904e9993b3493,577651898.1806495
af3e3a83257eb507b96b2a1f,802443240.6020664
43969367322e86c68b51c2fa,503637819.4349033
50fe589dea73e764b7735938,539738300.9389942
13c9960a03a1c446aa5515cd,541367706.5881261
e7834f52ebad3d3cd00d069b,614873199.833618
fae37ecd6046e53ea121b1c6,718804650.2701259
8a0d2f8860a90322d6c3b61f,538438795.9416536
008c7a02d158f3b17ee8e015,516630627.27417624
3ea6e8da2cb0bf83872dfd8c,575658728.8635396
9b184e58842bcb14dd42103b,531968188.46010005
43eeb2567c61bfbb059fcd4e,647472324.8271781
ac7f6087e19c2d3502368fac,534497519.72251457
73494d52196ef9838b1be34a,597301614.6817594
112d996c4c0662bd13af3ea0,619576075.4895806
8c3a02c9ca043cf0f322ba84,555903909.6356126
a757ba01a02acbdee50462b6,628448833.0984926
64e3401f22d18b573ff0504a,537223267.5864083
acd7394afcee30e084844c63,628180274.3548093
35255f80583ffbd504250554,543170304.7838821
370a0d0da794efd58cab251d,606654030.6624718
cdb5f8327360c750469cee74,639162570.485226
dbffe8f46b3d9da2e57c97fc,610528039.9169407
25b1ada57fd1e5c88d939c71,581143217.5307349
05f79195e285c126125d258c,532545603.7161476
62c017eac96743cfbb61e86b,663334844.3953313
3ca7f183cc0b303e5d455309,876694323.7874337
a3dbd504524f980ac5325150,605274230.4302973
5703df84eef7ca9bec5bde45,853432433.5341599
513aa9c91c245ee4be31507c,656236946.7544633
d41d07d1aa700278cb81ff30,711326255.7166352
207e39d9cc4402edd48864d5,573719031.4124856
7134b03f54b10f282ac34fcd,719953695.9280132
6d860c215908949c4ba1c536,521125085.95340574
f35f884365b1bf6fb303d7b5,519624623.98602813
4f480aae78aa068901ee9468,520773028.8724385
39a12600317b58457f68b5b8,535859743.49143374
5f0c7a6b4f46203648a0bacc,532889146.7081804
d01f6c0b2b338289e9fe3768,517949371.6732619
613ad83abcebf6598f0079ab,573004884.3060094
effc32659ff9bf30faffb3db,573004884.3060094
73fbb3e6b22b957ba6b7557c,524524971.942491
6c8c5e22025ca4f450a428c3,535176132.26763
d6e333e793f75c2ab34fb127,554823786.7344793
b82e52830b51e823ac7187fe,538192112.3700545
35ed4187f732a1ea68dce712,577179813.4632163
0c5067ff99e15fcf99792cbf,577179813.4632163
0ad01fb039a198262ec59b72,602671839.514652
906014f0ee3f3f4f0576d4da,538882554.7303766
13477d8ef90576ca84258984,531133819.5820983
3083a7ab1deb092f7aca6a54,558256862.2009274
a92ae34df90cbf8af7695ed0,717335140.5856817
82d22ca21e31222068e1ecba,736929567.5699339
11727589f7c66554e9114407,740849309.9229145
9982169d6f3e9ca61dacfed5,778720350.0149671
2de0ad9bf15232d6056285fe,732701707.0464194
eb6e6060b78676d13d6bda48,755849424.4683343
6f37300b1fefaaf746f53907,631227153.9106998
7698775967b96e3e7bf66e6c,746303673.8951032
863e5cf88a808b8ca96907ff,750719665.8826417
77b5c9a5f534a5b80cc16d09,762089551.8581063
ade0c9cf1f9106e342c69bd1,749860520.7275093
6fb45859693c703fd9c812c8,633677974.7878125
45badd183bb1a4c630174f3a,626634131.8610877
f66bad2cd4b09ac29f540f63,619534301.9948846
fa3017d74586eb4c3b5b7db9,708522982.79055
f09bb33b65b5ebb8fffc3a21,686214566.7191195
600dc823c42aa64f60fc3ab9,761104831.8203398
c1d9119fa7ae7d44362f18ce,714814279.0288981
a1305fd943ae63715529209e,786410156.2700913
8d81b4681ad0055c274e7da4,760039297.7510794
cbb10e7618b1385cf922e815,731703069.4367326
b09111ea69c4be8ae120ddc3,771565072.2515141
099f07f9ec4ff6d835337f86,674897067.3406837
c70f6bd5ca138bacfdf8b5cf,674735651.4454341
a6c86ab7381f6c43fdd61a01,642031762.1988231
58c2b87098ad454b1fadb13a,704192608.5825377
6afff7782d129021eebee968,657181663.8506219
ad92f3ea52673dee0a56902a,895753825.1964499
3e040e87b89a043564f0d0a2,852382800.2937692
49d020d2056717c2108b0927,906450712.8936259
a4ca465294c114b1065bfead,844764409.4948127
ca9520c7b8432b0521b2e8dc,526914501.2838027
4d20f253940a4492b4f6a9f0,559266577.0151439
09b61cf8ff3ff09ac892d073,548035843.8763279
86e81141e429bd81d7f0e73d,600655006.624075
b9826d7a6132b16df1bf58e1,554138985.2695739
a90c60e05e29b77963a11246,535111341.8161728
6e9984a3c3daf63fce5cd3d6,679027518.0602044
a9eafeeab4ba51d3644f4052,619590518.3743345
f74eed3a7dad1bd8d92854d0,564495843.0225093
5b377636fe30946fff973f3d,559851019.6232011
5bf6c1862c0bc967da2cc484,614446072.1206747
cd5111edd2fe80f56db29531,718281091.7645023
c76c4695ed005277a59451f4,645247944.2185063
7dab6cd1002a8521e5825bcc,760826705.6675379
5b57258272dfd1babb29e7fb,759076730.1014569
f68b7dfd0579838324895097,766270545.8675836
812646c7de863919cae5edff,663844438.9770898
0da10eb6093728074b34fb75,678041712.0691961
c64346c8b0ba32a55292e66a,632107078.1793877
ad6317cbcbb8bc27b0774fca,670254106.4951444
9f43c80d2fa31a09592b030b,691230138.3948896
5b84f5de073000ad4d4b1a04,696540240.0818262
d94d18cbc812d560c1e38ffb,665799357.1832765
ab3110b5dc8ce81471f69c16,851739425.2767253
138a1990291ba31024455eb3,819901481.1450999
646bb3de5a1cfe4bfb7a7ea7,816673265.7369037
d8fde541f142e6a7f0b28099,585022770.3745185
ef61986cca74fe8585b1b287,565263355.9226176
e1d8eacecd35515eb19f9135,675180517.7818223
8346d64ed6211083fd420ede,547147045.7788702
4340fcb9c80733260565c24b,741756687.7102466
ff5a27ffe7de039e65170f9e,705212054.580717
ce407c1e25333d7c7eba1b0a,686811126.7221493
f927027bc766ae6c111fb685,511139265.9231711
3f9a3edf25152433969f98e9,571833339.4804468
987476ca395533347581b2df,669821187.1136132
17d0e3208fdf10c77e95bdf4,551708180.8460953
b485036419de03f5bad01f35,741633721.3780205
d3f7847147c88352bd3b9707,769173306.2320478
aabaec5accad3f545f864a3d,608140195.1137142
400a103762ad652e81c8d3c6,888304444.7932378
acf15357c1a919b6ee78f676,655389811.0808907
8d983b9ca65f19ff3d69985f,875208276.8855189
b9a80a4d84eb918792324dcd,545319603.8347195
223b3c04803ae7b855f9fd10,820721358.8358535
e5c8f2d536c3f931eff2d70c,567874791.8398
f976ec33e004b2d4d32c2eb2,558184610.8295401
cb00e44cea76a92e9c44e793,524548033.31236535
0e6dcbf136294f2a99410052,569071928.0464314
102de0a5ee4f19454b922b96,617925780.1466349
cb1c8ab11838d9f0a1197e25,673059088.2842375
2e2f1072d8db7372b2c2419d,538149108.4385961
8c4cc779f5034e9c10b2e698,532565628.5619009
85734fd69714897264ce2214,600747352.9055482
5694c1f689779fb5ca95686f,571649175.3973687
f3bb60434cb36fcdfe218478,562679078.4204377
cf8bbd3528d3e7e2b8f50c29,601795383.7705009
7db1c8214f229d865da455cc,612753386.4359121
f3478cf008a7ad268a434ba3,574201358.3424475
5440ee15bccc4eaf827fefa8,778208620.6464256
78e85ca7c532a77700bfae6d,760383423.0091777
eb5e382e1372c4e94f467673,621720201.0727971
5a11cc89d3b01eb87535ff1b,649495206.9764932
d0f5cebc2059ca89aae30c76,510811309.19532734
883371e374936fdd74d09fe8,547549233.4694197
9ab4e5f8cf2b807603329cdd,576625635.1735793
c37c7859956931d77cd5c9a8,570291869.5682013
730804efcdd755786bf734ff,530456439.5113077
9d021f3fcbe5f82fa1c1fd94,592677961.0178202
975ea2f56001edae07f28fca,536267369.5673201
8fea95d0a70b1ea918803f58,576853891.295944
4718488d664194a3c0c5b446,549331236.3420744
1b87ffa033dcbf4e2805dbb8,540131166.8250914
1a77ac51e03c77ad280be447,534339601.6610571
228d165257ef052ad50433c7,546316284.7427119
513a83ac5bfe27c5b813ce4d,520695371.66261375
73bde441e18a9548c034372d,525553834.4945628
26301269301b6f96862af599,759803936.7785913
7b30dbf2f6d835ea0c14b392,617775395.51873
254de3f3fc52b8cb62141baa,747511921.5630908
f566603aacc78da47a283804,671106429.8412328
990c8d65ca11a97a1d34c5e5,647472324.8271781
a9878134c12696d8199a1ff3,650375755.9035945
58185ef7646efa724e904f5b,675931509.2961615
37d5b8f329ed1ec29d4bc035,806474144.772747
e6f948282e81570fd03e4df2,605120464.5806423
8b801b4cc1d254d0277fba5f,521004462.82444793
33a334a16c4547b9d7842c3d,537601605.849157
1ad9e105d9da875001111075,609162193.8716515
08ad96681afa49c74721daad,566429465.2476181
beb73d27906bea7a7d880791,802601698.5029514
bda5b2e5a87a4905a30f3b8a,704276444.526943
5cf70a67ec25288657d6fff4,712801608.534421
baeb4e9d612bffb63ae3564a,703741373.4386407
1902f509aa05287ba42f546c,774311708.9737467
c0cf9517f20ae81c79ceb0ed,672842143.0685588
2ca8b22013c529b412ad764b,612760627.9344248
b38816ece917027a179663d4,644806801.3089745
c89167e42af0d42c88e8573a,895556276.4925237
09254c66d93cbbf2675b775e,869523489.5573908
89f8ccb0c1e2136adf87a10e,550353027.1872926
cff851746578050bdfd46090,645944054.4108845
d53ddfac67129aebbe054024,784978838.5208629
53b5ffa0cf0dd12e4eeb6a2a,639940445.0918909
62db5fd2a4eb831d281ba8ba,673450854.7631269
59b5fe8d4f5ae272dbaa5ba0,680268656.273979
3c1b7a0a306e16e8c22d78c9,777601147.3431394
5219c3cae1c92b52551a8571,648027815.9553577
de6aef9a5e47a614b75ee576,618888534.0144143
d168181ef0dcb853171cdbb4,695889304.5016836
6c8e27967ec63e6dec4bd6ac,950895389.5470941
8544bc14286a51e60ffee7b0,913850405.2602941
ed48916725be6970cd2f273a,518906706.7424484
9ff3268cd15cf039ab958413,530455359.1342844
16cc5c280124618cd5d00027,535780953.74333423
ac028c1580f6e4da4ccedf0c,543435041.5781395
673f2b913006ee8b33e75b5e,575769975.7471367
191f96722301456877893b22,560867418.0101855
a7d8e636db44cf5d3ceb67cd,740108201.7173735
1310e9cafc0b9fc21c212f73,718010450.9114212
1bbbe4e1eb264f5c69467e50,565376395.9330463
283c1142d027be336a7bfacd,531756344.28580624
4d09c2354c67243c968dbbcb,559184455.452885
db3edc43e89840a65749cd94,547641891.0119027
0274166db611aabe4e946a83,526494485.5268266
8153b36347669087e363801f,748041164.5349488
e04473aa943812de1d662058,682284205.6451453
7742e8923a4b832e3d94f3c7,762105404.636802
536b5a8aea016aaa90fe744a,748202194.2731531
d2c02052de9c97c531a4453f,558269543.517189
48378a6148532f71abcc2f98,764341226.3436962
fb0dbfeedbab00cdc7eb93ee,649926042.8331242
699412bfdab1157487c81725,758316446.3885279
a63c26369cfbabfc9c2603b6,666878564.3344779
34e5602cb58501859e32dc9f,536943368.9907919
da83b03a6c9d405f55714b0c,692359238.771844
d938d682332fa9e5c4986024,643148455.9275295
e9e39766e2c96bc783d580a9,684309911.7658639
fce89a9ffaba32f9f7c5895d,691471453.5070344
2d6aaefe0f50db8acde6fd1b,879154649.7902389
1710873f951e7f695fca3568,545745267.2099794
0ce068461fb3bf34eee000bc,561653714.4492283
b5606ddf3a4e60e2a0e0d6a8,574879517.6074531
2c2e56e3e5210c111c7de708,542563017.7515751
94118bd8c3da3f14f9c7836f,527450438.224184
d20a5b3eb857e1f4b548066e,642253163.7642984
ad37e23456bd4d90010f7784,680621704.2322888
c5602c608080e2546dea5463,621287287.3533592
e3bd8bd5884a55fc1a151687,637644695.8665223
aa31e5995379bc38dd40b8f3,733843583.1966114
fe8a10fb4031669a9b21c919,721624876.85778606
08eaca41f26eb387b67bf30d,855984623.2737058
23ef4d57d130e4130205f30d,549090581.2877376
d6f1594affb8db7a865e3452,525939383.9594052
abd9cf3c36309d590e58c2a7,526925271.4688211
1c177af5bb41e26ac0135b4a,595607589.0837932
a05da8df13eb4b121d536912,592876413.931176
5a5a581ad5540fc82cd3c2ed,562456711.6049645
b50ff8bfc0b4c4b165c5ccf7,602013414.9833554
2abbf26e80643dfc1b75edcb,681125079.5646558
ec903c33a379d8d2cc04ab36,654611554.3686094
c062d873af3b7cb98ccbeec9,701169739.6999077
927de0269795dbe0566a0326,803766185.2981753
ee703dca75c4dfd5d035c9a1,560073758.1351587
b8a42b02c50438c2ad7598a1,528228083.6708167
f7216fd19f41ca5ea66a9169,528228083.6708167
f487761a658a4247563faa38,610440619.0793351
caf878b42daeee3c7de336e9,532560388.0920275
29d0dd2d4b120dd54c34b13c,577606577.4472172
1cfc7d60ce613536d23b093d,925026092.1409073
c6c7409bbf52c86461aa1dd7,786215257.7376609
312ef52e0250429a5ecb3b27,873994569.9248924
48299e52748ecff3b69f7a90,527301764.11278
a02f6ef1f148659297d46b33,583072145.8166037
67f664c8f9250a22c10b4f67,762576405.1253021
4977af03eebca1aa266289e2,592183890.211214
39af71aaea23b5c1e987de32,515923021.3585565
d69b019e6d54faa1cb044d39,769840182.5534918
024e94e72ae88464621539eb,644723395.4107949
b980c778ecb2709696265c10,683993706.5818205
8780134f8b40f0fec4d1b661,721623519.6151112
107f29b67164ad6861cb7059,700590275.7761229
c8958d280d0cf2d8a0b481f3,649726674.527695
1f8f74ce8831d5532f330925,591301059.1961408
7be46b6dd9891ab771fc4be4,567968459.8894347
4f4f7d2b14079ddf8754d6ad,574031656.6273272
5921ce922675f6517f8f0007,668230661.1513034
49f0323d28ef0610248c87c0,844882563.2282406
3ef167ca6c4ac77f6968d17d,535561500.0534987
8d2f9968ec8aece8d1a20137,622475564.5282311
4bad47078442f3416b2c1ff4,556811136.2984658
5e1cc2905f7a701f895123d8,746034539.9293748
a8633d3336d097920bc8a9b3,611245603.2447295
72fe83366bf13a53937b7034,787805653.2061479
ce78e1dbbf0f7aee98e244df,759465703.5864732
11be39d287e5a8bdbecb5994,764737951.4657084
40a561bf79fa7a08155e1183,564958140.0154
3dbafa8cd5225e261ec9b6ef,529629190.8773963
68cd88b657b59f5671f59e04,515413360.0245078
6a2ce95a8be0654f193592e5,623348631.9687347
4e613cde51f9760d3c051562,737164944.9157462
1b69d2c7fa8f802c4af1369b,538546143.5457367
f126c4b36c00d0ca11c21a2d,568873050.1667238
e6a7e6b41e6c6bbdc16e1e14,574500204.4234719
5a69ebde2e113923ddbcd18d,605969759.6329514
72f0540aab38ebaaf9a389f6,832482609.8015685
75b5bb7b5ff8ebcc863fbdcc,594108819.7394236
096912698fd9a59d94935478,627283256.9144762
f0ad965090221d2349e90d5c,661911004.1163301
1c224347a1445ae01184e0a2,668177997.1625192
0ee7273686a0a92fbf48a383,688238912.8414229
e2094d28cacad3e2a711c5ca,528997058.31325704
f50e0ea2c3831235704b8c72,529342301.7367901
1e64759f297a66524eb07b7e,576561393.0621837
7636a187e29abcbd8fad6244,535636738.1121131
9b858a70a031475e422e375f,761909272.4156667
56c2e8e14f9c6c9a9f046a08,615173138.4781599
1bd7b990be19afa5acc78bc0,610519499.4433075
8b36b7364e4a4c80a6e50bed,886049785.1194907
d348d38769937c8f350297bb,817372598.1429249
f4350916cbddd5a544c6ae46,530181656.2860604
237bce11f35d32ff029498a3,576601520.9440669
faf92fbca9baf8cce4a00063,532513347.6969711
812c9b5407424f956d308b06,681563322.1449788
9fd4adb5c63fba5a11661b23,648541349.9284672
168f81689afa1f055d8bf7c8,737112829.1357336
2a9bbffb1b98c49d79bae509,629738085.4688672
b95ecad591e5c69fdad8763d,539326726.3676856
dc51caa89a74da37ae644ff8,539326726.3676856
d97895a836e6ea22ff3265d8,505553822.2661312
de754bceba2d206a9cb4f116,501975169.5218216
036177aff84b1901e0f18759,510719285.5569936
8a6cb559a488d6ce1b641585,567750124.1688381
74c4f233c7f385be73168e0f,549678515.7818621
27a6f3e8f9649ccce7680f0a,587672998.9673407
711045fc099712aae3fe4d14,535148307.9119659
01e033f5bd502c4ad398ece7,557200028.9509854
a99261116e0158109b3e3bc3,527483291.6954057
2d8d64261ba659302da4a481,618269173.2999611
9adaadeeaf6a403e1c8754bf,605377444.9260378
2ab24b9c5349427998338d21,542426133.3825388
09ce36a03c52d6721bc5276b,547147741.1885734
80b37d5ebdb325edef39258f,760342618.0006974
78a080fc98669c0cd9153904,723010160.3087726
2d14ad8ab9573c406e203ed4,745454715.3795336
145f33a8350a080231306bd1,748931181.0841568
b0aaae3a435fde30c4c02fac,637742769.7585062
b3f5af523b5d6d938693ebfe,715330825.7688948
25d62e6b1a1a52cd8080354f,888572083.3103013
5a06a8b33611251b62d77e72,821492665.8306305
e93a9b257ecd815c860d0b82,719604071.972355
610f192d22864016cc2df1c9,577109383.2060751
4e665d479b3bf2e25cd463a2,733267484.2388188
343be18b0f77260f32ec05d2,511542382.772208
33dbec39ef8c0667e4c3f039,649740645.434366
b24fb90a2aa5d9d0c7e1541b,846476039.9732146
b56a3a017449fc4ce417009e,560988020.1901603
e0dd5e6879d824a95c3c1773,565385026.989298
156a20e2bf9e48b9a360f9c4,502039991.6367027
d5583fa23ed97a3b9413e910,653904950.723928
4e6f695bcd4d3c0d8497c1fd,659999296.1204875
da7a511a5f470d99ab2bc4a6,774358409.4325309
22a6058ffe790c98a8922258,849543358.3208407
0c19c54de06d1c139df99ab0,755893773.467501
48e687093fb26d29cda9ad6e,542416502.3404801
3ad3c519ced4b63ddbfdb0a1,523319258.6828759
0b221ebf810f632568c1e2c9,613241634.6871617
7930f32456e796e40fbf78ed,622791096.4723125
f084bfc530f4039f6631537b,663876981.5278852
f9793063f561dc76c0b49a9d,710144248.3331281
4d2ec23fff8eb502a9d93353,599217275.4004707
a6f570e11883e74654898d75,705899137.5859482
cdf11b53a23fcf9b6032cc8d,623756619.1448811
6f968f62a6fa4dc255397bf7,692733692.1210357
d692ba46b098c6658799ea8f,559736174.95797
774a4b48d34052a978b1180f,602712870.7104805
acea4c7aa1185baaf6d3b60f,660146848.1338949
07ce6f95a7719abc9a204b6d,648051763.0171505
b371665aece480b8c1602773,676424100.4193376
5edc37d9746cbef8352f0fa4,564799076.5760043
26617e1fb3b4f0e4a70e1b0e,899983826.7700814
b1a13541b37964b8b85f4669,547886313.4318146
94213637892f5fe643cbe8ca,547886313.4318146
742acc26686d04596ba60a34,521293771.5529647
acb1d16ce30aee0a39f01f09,598668949.8842301
e0d837e6d5d74fe91d39d23c,566795366.5899055
29028322a6d692edc5ca713f,612828794.9726022
03d54a6e80d48c96a7f6a1fa,572926580.103094
8616b310e335f539ab1109dc,635734870.2384726
6c21f6a3513869f93b32e9ec,780046093.6606548
10084cfff54a17bcda6f19d3,676130091.8258979
169c742419c0d4335d09fb45,651757708.5833056
0f06896d7502890175cbc4a0,756553477.615937
7d2e3464d5f2f79ac29e6c0c,567251979.1858157
de9053a55630670ee8e59c9d,833208848.5891112
8d54b9bd24cd9da341cc942a,598395219.7384381
95570bee1792641c7c12e4ef,939276080.6098369
6d0c5546a498fafba15f2e17,552762283.0470407
ed43b0ac46067bf886457c01,625361611.1844118
8890eca19a9e1cdc9e0f0541,686422246.8866174
760a5dbccf4eb4ccc2622b77,581882027.6192752
20fe2d7fb3910ef786cff965,559455908.2741994
602abdc140c40112afc1dc98,523371850.42793185
b7f906741cae6861bd5fb922,530222816.91122025
4d45fbe5a5d39188b5eccbfe,711805881.9507756
08f74ad7f06f2c409903ddf9,573490391.5581156
7be186f4eeff5c0efd58e424,563410021.4981737
3d1a767dc286fe1cb86ed9f6,688236899.8524427
2ec9f5265334241fc594976f,662339732.8842853
d737b8b7b39e99f7d877b7ed,550886764.7776616
8fc50169e6ec98a3f4229ffd,706523270.5995274
942133ad6b84f9d08e1d4e7d,622771958.9791983
c965b03014d21473b27072f8,662969907.084037
f1c8da86597a427e24dcd557,604238267.1626748
8ed5e7770d03c43ed19abf42,732755772.4491304
68ea36e3f441cb6da8d36198,660818488.2592968
c97715bec6032974060480d6,672752064.5493808
e6eb47d050702ed49ef5c49f,674019663.9708551
5a82fa348f3b97e74cdd3a61,824115867.0984828
cd05166ab9bf3128c23fb8c7,672765670.0858587
cbe4318f63d73fea6238079b,677834512.5935456
efcc8d268982e95fe2fdb311,695075417.1052979
c45d7f326a2f279760d1a4ae,536943368.9907919
7c5ce0e65cb26773edc9ddef,665901555.6180574
357fda0abf79ec95f73e3584,522865253.39970917
a1e8f0c7cfbfecfd1549b0b5,590320496.1867961
3f208f32cc24d8ce1506ed90,573385586.5236759
87ca8a2b3251a38d45730f5c,576785097.0173025
728961e03bfa6e3242f06d8a,537481440.4266121
b9f9dd0d368df912e6e0ce70,625346231.9034443
429b049255a7edf227a980a1,543915643.1568824
a6259664a05091ef92129c7c,556877594.8171262
674c915c52b27df2c06b8bd3,555834918.8601921
f8be64dc83c5923983fbb770,557809099.5842932
445fa7f5e8e9d7f12e8991d4,921044310.1847014
0842816a5ef4f24435c8df22,846365379.0633025
40558b62d83e4362efe1fe26,521376074.66011477
bc474096496b98177e40f590,551825243.9220115
2b55989b2253416428ece917,551825243.9220115
7158e3a6d456211d4533e246,515928255.99678665
d4fac54e137f5d27ce5f457a,538702229.1760908
faee80ca0efce20e731823bb,750585377.0369979
8ec09555f5a47f96a8683699,776034314.6932492
2d7a48a6b9fff20ded24f86d,532520194.5579903
514b09016ef85b9ddc4fafb2,739844652.9859267
a1c975ab16effc6f97935e16,658944105.5177656
e803e3806630c6579f004610,683226981.2931105
26526235b34fa5b7349df00a,522868885.7639364
ba762cf12cc038e5c43bc6f5,559345437.9853643
45aa335dae223bccb31ff7cc,553426697.2641554
1dd3d7e197075859c1ff5b23,683933713.3842555
2db9b3463f85dfa87347d6e3,675759705.331869
f72cc14d79ce15491a96ddfe,864666867.4115753
4e25bad08182b79f5ba9639b,660977192.2835326
e724a1db86d8d0c6334041b6,552173732.310359
8fa53bd51f5d54be50b3fa29,501825552.3864456
fb7048ba61e9e6b1de829bdf,540642967.0699574
4bf70f19da0bddec9241d310,550778740.9079318
13c7f3592bd432c7cd0a42ab,565949170.8032988
cb64b363295d36b9b0fde3cc,654684393.7821835
bdc17ea3f30318b11df30508,648153993.7502762
cb7f62ac4c1afbb4256601f0,600864366.1382675
5d6c275d9d3326e738c875c8,833444821.5834024
9865836c04a9582688f50496,530854317.4527775
55a615b65a28b64d46ec63e4,532833609.32713175
dcc9e2c9c1151bd9f93f44b8,752537681.3580166
1a2c0e46bc18bf3224450064,746632735.007546
3de8187003cbf6c4813bee45,530414338.9635799
d62663a447beaec69808f85a,502379813.4633429
1ae17f134221d5d9ee69ebd9,536411338.6824755
35e55d060b1c4239a85c0ebb,530998739.89999145
45917f1bac415feac7e41124,548012670.456092
ed44705c17c414af8442b6ae,635501397.3356656
6f01f2c67343ebb8ec717a5b,619765213.5900497
8f2218126da9580268661c70,682924620.9616516
5b36bc6e78872d2ca6d3d1f9,628804329.9202452
c5c7631ddb5b485d0e992f7b,612491085.2238165
43c88f1874dc7f91c899df36,851538193.5033965
dc544c90e6ee38346a6002bd,692496388.0729147
02990998f3621fc5a3d0ee63,533799207.87989634
dbab5ea45ae910567c97fbb0,625148851.8196187
bbf80c409ab3a6784028eb6f,519733813.58380103
40e56beaf4a7f28f8108b132,519733813.58380103
e857db57a89e165eade00770,534228300.4474331
41fc4ca2b3f48508d840bbb1,523238663.62108576
08c1db1e620e975c4d476b2c,549517837.7786005
8a1d93bbc83f4728657317d1,550408660.383578
6be0ddd4180b5eb92908da05,542125129.6677852
ff1498465e4db86f4f652e87,801547224.1352202
6410d336f6e61c4a81403c61,547415858.5872629
169cdb07bd175b4325fd28fb,519194194.95246094
546b56fbf616a6dfd1ad9d88,593523326.8931361
666af58bb684c2d8e7574e86,637308536.9554732
9fe75dbfd537f9ebc6653f18,560672242.583777
ef961c130fa3b9015b103154,655815354.1629219
035ea0f13f2ca01c902d5388,602164541.4922605
7800f742ee14c4b4142f8b58,575488015.2740574
0c621256c4d7ca81045fcde2,574987289.9336089
50db9d168354ea3d75a03a6f,602852043.5011907
7bcd1fe7a140b6eeb4df2aae,559900272.4458772
49a4cebdb22fc2d72bd1aa78,555310558.9981693
69ae1f2868fe714ad8e2f114,532899736.379508
ca4f4a66d83f2043a7dca261,547460075.5210794
c0ef32a7a294e5891505bf35,547460075.5210794
5ad6f4091b77715b7f74587c,913290474.235887
331e915e2a66fb70380282d6,537337640.4250101
3a00543fb00cbc044a5b3527,531797053.1815521
81df59c6d8be19568d16ea3e,516524530.46563685
88a4da0d72977b0c56b31061,578947231.42903
3ff9e75c6de41de517d1c4a4,516743991.22581846
147f80fbae69dd577ff19950,582161698.8381013
78beee9b7fab8600d420fd27,577729826.8615317
c3733b88ebafc0a05f5bdc99,573965973.1410236
568509a7aba60f8fe2d0cd5a,536710299.5054329
f6d3f7e963c9aa1783b3adab,625786978.9857734
ffcf6794a400aba909383b41,738295452.7601311
fa0aa00078cc178de0cc7d96,749334040.8445477
eec51f949083f39691e37e15,648765547.2698148
26f3d5bc3adcd1396747a414,656191009.0099293
cb9e058f82b10cf80990beea,728096935.9828855
22a0f3315f7600e5120db131,517051956.753644
bf6845aac15fde9b89a7208b,559442046.486508
6e3cbbbd3f4d0578144cf021,568189076.4326267
98a0289e513d5ba036b24252,611557892.5755016
597d3f78e2f413acabf825c0,578264049.6579885
43a91a731e86b9a0784f717d,634476232.797274
f34ff57e272cd08056e6a243,563768402.5749468
6f68b289516faa0b7ef36a34,536491255.66686463
8bd8a7e19b6d3b8bcabb84d9,564976017.5681387
74b64bd536ebbcd7c30ef8fd,658511547.1995571
f968e756cbe6504fa0f32458,561539615.0522866
e99d9dcb9880cbfd219b4297,691541823.9663514
4c9e6812520f4aea4ce435ae,529068037.10699743
78419be95416d2991ade8be1,553053590.2629851
d417ff438d2a418b1f9e50b6,531904838.4300722
3ac77ed776aa4630c7293240,602317392.5584108
95173735a8f6e554f083c065,651319708.2820048
83da39bc1a2eeb75e2825c22,782828662.7435318
4bf89c9e50c5417ed669c481,936734768.457
f90fd39477c8da38e33ba0fb,594186636.6820389
b45bb2d0d137de6984d4e1ec,823847976.7825775
bb812343bd6cd66e9cf9a9ba,525848132.47553974
e299f614cd8ae525fc8fd0e6,666980410.3269995
521e9326a2003c7b56fc4365,633072640.2227732
dd59ac4f6706a1399360bd14,769393261.4186019
d6c6e7f923ce2cffba8ff9df,631393177.7747273
df07a34d0ee2f78f115c45cb,819549384.9592592
db6061f876f890071f7ed957,820954339.4171773
b31601cf48b268f3b4107564,731127360.5800563
3a9b2ef74c59e96a6b107357,558905457.8268186
d600310e19c926cda14ac923,632342791.5264288
183f2cf1a1c7eb9700b6e72a,696567804.4082184
42556b1bae874a5c09777873,670185185.3283218
57c1ed738536d177d66fc52c,668120191.0080128
26cdd114566b7cc63cd96fb8,613539928.5394853
0f679cc583a47b30ea132bbb,535504652.9776613
32ea7e13e8d9391aa9b7ab9e,532279197.7492325
0a482968c7cdf212401d72b7,577822052.7408926
85e4ee2583c51592d68ef5d9,525255373.7486183
f4ce15aaa352d707b68cf773,531151200.8981397
7d383abbb6ac49c6599ffb0c,678938445.3142982
6c67b1b0991a1d79251855c3,651942204.2725248
9e52ce2cb6f6b7e2a152dd54,776771118.278983
bdeed3a7395cdb9b175273a6,666960287.4306108
423ddbfe2f575e6bcb22e7b8,744491786.1845764
3247399a31df838ec5fe58c5,814865906.6165417
bd57e5cd29d935cb26006835,655944208.3205173
bf00f36c4dbb273d7ba4b7dd,519216306.6675135
48b9efef82faf72bcbdf66b2,619576075.4895806
d2526a3e39ea01f87c99d073,589343927.0443671
651d5cd65f80c4938deb7da4,562363123.9741049
0be7803a34b11d89133beaf4,564864273.2526308
a54b0b282edbd217e9509287,594638170.6078182
550c5061428d09afa0c409f3,548073340.4018016
7538c609fdd115c9dac551f4,777293007.0890632
d7e3cdd3ac239a5c318f2e9b,704151532.1833621
9bb193ea939c5308a738fcef,538413951.6671523
33425419e1a8e854418c5180,533278788.0717201
fedf2e30e390f5cf74b27e97,565599082.1324402
024c5c787d005adbe770b9bf,529486101.0365864
13f681a090b36edf38a4abd0,555295005.5028116
442c6bda79f63bae28674b1e,590906356.8293865
47e0c773f65485ab7c78d49f,580976589.5646653
9e30b310c820d0426f504d90,514771806.8718605
8cdfda9067e0934a8ebe0894,573045529.748849
0a8aaa78f68d43e3b1bf6c51,577585686.6771188
1101f533fd18cae5d32c1cbe,588226539.7047428
9f6af9ac2404a8d55f24286b,544073977.6027473
75060f295e0aba8e1224f766,536949565.5943358
f0e68102ff84f49d90fe38f4,536643665.57943004
3c45bf3e3e31e7804ac91704,529338006.13314486
f908e1de4c4be0d77411a998,612459316.6477151
ca643c04044fabc6fc566d12,702735605.6068807
8aa76df8fea21a42fb6229ff,554202186.5011578
c214d2383936dafbe0652c51,619907716.2140121
993898470c6676ce46ede92d,583940547.5752876
18f6240cad6e92f9151099c5,612757540.0835932
1e63fac2629793fdcb793f1e,539762429.995742
e0137390f0186c98f4e91263,606865177.3366413
e35f95823a486c52b0f4c2b6,555422054.6500303
ede10672118071a215ae09fc,651079343.7205542
fcf46edf6d612ff1f5ed6134,630832963.9216278
df4be33c0931aa86231b7a2e,693296138.963326
53fdb16ec08e794dba9a10ea,632623663.7319189
74c24c5e142e5267456b24a7,656351666.7792315
f1bc08407f40396c094e0499,641449523.2917776
496ce19c015093e97144d375,650252619.4712324
a183a1c009abf7251fd725a1,732198297.8589628
6bdd97526b1a9cf10853df1b,634082329.3335415
f083a8f187e2227696695ee1,640329671.7199087
2621e068043a5019aeed6c8c,765088513.0001175
3b43e7acfab46651b099b1ed,602418615.9923996
6565b3281cc2d632febbb6dc,671009333.6426518
09e47ad8508e7cfee83c6d68,714094284.2394075
88b02e7b20ce6db956afcdd2,707337082.6197729
bfc41facefe9428865e4c29f,687531303.1674778
569bb17b961fbdadf7106d56,670759829.0438665
2314e3ffc7242a429e00207c,780642305.5668226
4bc1e2cf5e5ffcbe1020df08,692530711.326519
949c4a5382aff4750b4dff83,696296887.4482034
a63b4a22614d334b4a61ea16,828311685.3395427
734fbae84cebd50aaf71c48d,871692313.9660573
f92935374a7ef86314223c5b,1011973969.3930202
6cc8e22f11d382206273af23,648271337.4671928
701768887155444b77c4f446,527005064.0223327
13c86cdff4dd32a9f8b9adcf,816283002.3247448
8002e2cd1b70ddcae88ebc4b,664889451.5291077
d0d77497c8a7d567f01d3afe,545933887.3155025
95a7b01cd60cd10e7364a600,547823929.6832857
d1e38d7cbd32567c874e194b,547823929.6832857
e674ba41f9657ac8f30d4f7c,611805501.2143649
6bb760d54e5b0f54d9612a8a,833043316.9254186
9e3bbcdba89c647e4ce53182,585275585.2966602
72927abf4bcd53d6907aeeda,738874895.4520313
aebaae467e5f01db3afe69ff,545731573.6762956
3ad457c8855ab8921a7974c7,789373100.3640637
1f3d3fbcb686ada1a96e01e4,543104660.7460605
0775d831f68b88ca59eb871d,800113616.5808734
5fa3b0993cb43d3c72c30093,620476097.9624718
bef19d0084cfc9f6fa37ddd0,569648580.627408
85a856b4d0dfb1fae861f513,539087452.7547684
07fa1ad76017843232107517,668359599.6697932
4049086139009c35dfebb3ab,537555087.2489945
655120f80a39c19221623311,556584651.2665782
71dca93007d6ba45fa40eaad,577619482.248542
9f41ce015f02d67e193c41f5,525839331.6734128
9017bd24d173b2fcf564b32b,693744700.9031931
e5ef29d41082025c42f7c921,575334893.9497887
5c60d7880850970facc54bb8,613445018.855361
f51fce25d8376d48fbe73a43,524817426.5444929
9dc7b0a394309d8b76d0bb7c,633753934.0115979
a12ac99bf63b547fd9180a79,636180871.201555
378d846a7af35e0c3efe53a9,689969499.0018703
0872198056be7edd5eff220c,803783268.1887939
efddad1eec775ce61d3b7b64,698544563.6929191
70c19d59c6b9e194b6bc09fe,557476620.1249804
b0d3d98076883f346cee8d04,677598986.517743
c7694e92a97bb66794e62fbc,555329551.430099
7b4fcc72822460a428c19282,748028718.9685909
a6baf4631223d9b24de8b590,647589540.800769
a6f616d63d134f14ced205d1,720095109.9043311
50c123baa5783185ddbe29c6,603919906.515401
24756921525595f1684929ba,561657456.5635904
caf9c761d21329c993a0bdf3,575664083.7864572
193d70ead1ff1043845e7671,535079431.81461936
62ea31859e01c2f4d4e97baa,573820944.0199808
272b5b5c28e46c6f5ad95c22,572966110.8757746
552ab0964056c1d1d1b7398c,652592694.2783177
23799891583435710f66303a,550449217.3364127
34896afec0b639648c527483,612838026.9833093
eaf53eeb911ecbae638409e5,516610261.1562018
b1fdade0fbf0470060fc2708,554570891.9537493
8a20478528e97700dcc84abb,605495986.837801
702525f05b47353c95b0905e,548392287.2933484
b84c837c5a1fd0f1ebc5f8a6,508495685.5270543
ee2d16316e6f4f2388494c7f,634081621.4715394
ea4af07bef4ed93e81ded95c,721751932.1822866
1a71d0d3503f9eff28acef6f,927268003.870346
1fe392004a09aeeaa6e8bce7,535271056.3609679
46d4b0cdc81137aa56f516df,673603335.6407983
4d666967b74ccdf5b04e9787,536632020.2896175
fcf79745f8cd716d3ff9d27b,621447832.4728174
aa8a19a2fd3e2cfeb3b7dbd9,569097492.1766843
f055602beb49dd6040641c9a,565792462.7827351
7b1377c8d81755bb9b501064,555268053.2640727
17d0418e4a439e9de8006f5f,572690474.0361809
48f1c6e343a4724ed865533b,689898520.2435904
353207faab3dcf10feaac8ee,727739232.168825
ff188e88378c8e2abed8119e,791361170.3765324
424b41f5e01ea2e2ccd3ca48,600512722.1595901
608cf4f46a188cf84f853c72,528180165.5601246
f9e7582dd99d36bfada56249,667212524.878179
d52f04fb69bed41ffb10fce8,522854515.0540012
ea84b58f733c8e491db98a52,670254106.4951444
68699eb9653684fdd3fc79b0,614446072.1206747
31f52502e89beb1b2e0dc3d3,640153536.2888138
fd41747287a480d5c4dcb56d,688446848.204479
b7afdbc1b57b52e6fb03accf,676384547.8567183
48b270a493af4fa28dab9211,537218940.1243719
2a787b39e84958ca6b7001d0,618604350.0023121
e439c77c0d871996bf06bf88,564781737.3476005
91b8b9db5372a2c3a5c30c58,762126647.647355
038272b33c075765464761e8,557773928.3740587
fe8e45caf7605fb91d6bc5f7,552111531.0217967
d354a2581dcb183c0cd70540,580736844.6309267
9421ce9f204f373a50357fce,519469075.779157
56bd3b61805077405af098a9,563618241.3221507
0a606d19ae362a58922b172e,564335380.4184464
ededebb1a544fb3246d3e131,543775443.7784653
6b6c365359d20be719ce815a,597879637.1970532
b8b22c1afac62b05ad389dc5,549410056.1976335
3e3717eda8ec9a68c9d83027,550561490.9642737
03be8ec62dae56680beb2cf3,551143587.6625508
fe6c8cd2e792d62a4c324da5,543918587.1858944
f9c133f7a12f2b8c1b2beedc,585805372.3236182
4ec47b8100d224499ec608e8,705718342.9283276
143ca16847cc47d4a4c01ac0,614619850.442273
22127243f7ba3a68c3fc33bf,544011315.7540227
835eff7679889fcff6795d8a,553793454.9607555
4ed3eb724d4e57a7b35ddf5c,571628928.1373206
4d743a1250f7d91e2782708e,540287964.4222779
9f5cf735a842860e7ac753cf,766709867.4584174
e54a8b735724b2af56c7a36e,540190240.270541
3b39471f854357b7e5d2853f,644807232.7262001
91bd11b5a8e0c0124be78f46,546565069.4066374
6121943254877ee48716c4e1,535212315.74188477
3f4c2c98a5a6cb78d7d26327,518462695.15185636
2b6d63d6b072901effbc8e1e,662218707.8382418
7e4b240c601e37977faffeb0,662218707.8382418
ac29d71a80307cab65f29ff4,608537257.6897287
70c77552b1bb67a2a71c2ee1,655721945.7504365
54a09a85767156b072c808c8,626048745.2065746
244210fb4bcc0a04f2cdff95,705652564.4371836
9a2b53c1c7151a8b26a71edc,519197436.6914887
918c48a512fd6ff22fdce5d3,561032261.0206077
effe4219e6cb56e5ab70ff6b,756217394.94243
936e6d2192f28a2b40939a4d,903711303.9131647
ad9a1b23979f0edd2ee19f38,555716604.6835016
8a8e4996e24142eb413c0d12,672248295.6526433
31c69cf4d197f97ac594a896,568572510.9114944
143f07eb2a8f0a9e26fc4c56,820915859.8306174
e5fd3cdc6a19653275c7f4a8,645436846.5591089
5c7efb015b8ff7f108c99723,765605075.735309
394718d9d069a126e13be804,559258121.5078403
56f30ea777f5493139f22384,709192927.4411641
37d5a902f1036cf3d80c275b,546491162.2512575
3f418a8bcc7adfa87e0f67dd,585078769.6390649
051416c05445860d5b4095e6,531184441.41429067
887761f34ce0996bb05ac48a,712688818.0005878
e02fa06a8de8a603e417d5ad,610351899.4381136
6f5929e67fb8da068b91096c,687260594.0198824
291479f573955e063f2d8bda,715093389.5329386
e60850405ccec092b8fb5d02,625077363.2681538
464864b367e16547fe319229,557646148.0245368
4c14547b7e02e75204ca9f4a,641860973.6434798
6183257f16bce94113879745,558119186.0575782
46c34a4e5987c20eb1f5ff99,569653662.1543884
3f39b25dedb96409dc9d1947,691457652.5011493
e7a85e64ee07971696f555f2,688803099.313096
33043b254b9085fc82ee1f7f,515800806.5056118
bd2759d469829bb8926dbe09,672393709.5472974
affae17b6cc59bdaa30e29c2,765683235.2506839
e611d41aaf38a58acaa0bf23,570832138.3872697
0de426088a306321990cf60e,615720045.5744627
685982808b30597cc013e2c7,548701342.9114418
4cfd1be6a93641b110fcaf67,538401113.7483177
68fb3b3cc3e5b13440eb014b,698644267.2510518
532bf5813d7e70958f71a480,619202958.1044548
06ee1d8f3ea326a0e3a9791d,555208817.2317314
1862e0c4d8e89fd2302ab376,857494510.1610599
f3dea3d678d959aaf6b2849f,627345431.6767466
2478e48a3c6bedd57c13c72c,575838570.4397527
efa36c7738fc14a11cc352eb,552671523.7758774
2f6dfe9443645d6629eeccb9,568348956.0858377
bc7e867cad6f221dc44754b2,608811320.6246926
e4f2fecf58a038d7b18f7160,646514212.5806419
a7620d5599ec354541c8af13,666370915.7769253
484cde8e47fbf62a339c8219,576168407.0527093
5fcd9836a3ea537fe86d457d,557435209.6528856
1b288024824312c8b1681bd9,539813266.4099644
44e4574527acc86977f5bc41,677977526.4755037
8b716bc4d6d833f9bff3e729,622189279.8906188
0ab85344c5fe6ccb0edb6313,666432835.1780059
03ad99f1799f2a20c8cc0a50,905436215.2141734
6db318f828d464be421eb572,847600376.7848394
c3e648317c360c76b94bf541,525363703.0844103
19cb65620d2330624252d01c,512750651.9145109
dba9fa9642ebc97ccd765db6,515064447.35212106
1d2467e5f991b935d676e906,543531283.9860046
4091a115125eb4a67f494620,592509456.7855493
d197410ebc0e3b9937464923,512750651.9145109
722699e593085cdd72102baf,620605614.1154554
c059affd0c19f6d4d76f37c2,738431836.9721848
855dcebac302ec5760f67121,581197208.651656
f433278518a80c3301f26cfa,651240337.0393237
66a45b0aaf5f696d35f5cebb,896843937.8164097
0152ffa8757aaaf417e9f997,628079628.004699
55b72f6c7163a9b0b3b0b262,544022451.339128
c8346a875be8391145a2f9aa,525002999.1555836
11c86230e62bd2c9ba44131f,666891778.8545884
c4b97a459e2c6d13710fa273,648541349.9284672
8bcebf3cdc54d4ec99ba0d88,542267517.5860487
ad159116d166e45b70329bd5,561924397.0735099
6f060a8ee8d6d15f46289759,585412171.6068314
ab5f089f9d2ac1bf52222ec5,569636711.6693425
f4fc2da675d6a2583054fc56,540377174.2965931
89eed91bf5148b5645408222,554133584.4246675
0761d0b7c6e319a75b06d420,548304259.5653154
ce84187750fa7aadd141b5fb,744282533.3068001
ad77298955813089bce818a2,555112625.1283257
3abe8f334f0f20f8006ca5d6,663579098.3485078
36445c32822146606f75dfdb,606037272.427103
f9798cc6285c9fb3ed7cb668,635808698.4601732
59dd396f70b8458772307895,641960091.0205845
83e91710343450cb0812a6e4,868639362.4549183
1e7a931100be734988955242,872310000.949923
bedc5ab20edc896f814c3f06,674023009.6218368
f884247fa6414f384480bf38,556096980.7020633
f34a38cdec7eb598e55fa41e,593632347.5298158
106ad411e13ea21ad68e5f59,675549033.6463419
a87c585acf2a147e381005f5,532251759.71456575
ad755859e7b6afbc021fcf6d,663909121.3940003
8015080cf97316a08453a9fb,676570917.8173631
f56d8f5cfaca0691c6ffbe00,562692123.5363814
8ad016d414e2d2be053d7612,569368146.8008
8b91a957eca1985938860c28,612989741.1843909
20bce83e2b75fc535a148dc8,647892673.0659679
5724ecee1b12e888d538c1fe,529559665.01343894
1e90d068f3c86c6f691649ff,586496279.2993582
0fd954262ee740999c31d407,541770459.6368462
a6d7b144058ebc326b9803bb,774049250.3740596
a81abab882910584371c7b66,553295769.3711627
9e41c4b41cbdc2553d80e362,627065251.4220524
b6fcc49ad3656cbd3f4c2ea6,746513087.3121238
9a296eb9b63ffbdf2a07cd0d,845290718.4751626
3fbc0746bd620a0baabbd859,586551071.0926887
3043d0b025fac4ed90b448e6,554805950.0030504
219555efc5b4291791143252,528783173.57153046
a00863c7c53b2c059ce22dfb,527750793.1936641
28b838c94d10823ceed62e0e,571771400.5207698
7e64ab35f5e336d5bd2e1b51,618720945.884871
52f24ab479fad35c8bb5a8f6,575288239.6084297
0d1ef14606c58310cae371f2,529739927.6207979
a465a567a4f60ac534505bdd,682609729.5166917
8694b149f7c0deadf820f0e4,604408579.0210801
16d6b756f5ebcacf221918b8,611738053.0818038
7d132190218425df1857b8b8,658975054.0558664
7c7a3f51a58dfd1588d7c088,527346923.68699193
64d1c45a2968b0fbf0eeacaa,753254416.174472
4fdc382b65441412fef509ad,663860515.9153366
04ece9352b3810031f3f9a90,592512010.5062553
8b5b351e07a26c25cf51e176,516142474.01319444
f923bfcb8cdb543c23bafd52,549779000.7616239
a15a12446d2e5993a0a6c423,589856788.1378553
ab3e1642655f7e705cb047a9,549779000.7616239
b62fc917b3e8ddd64bb81018,541596632.8961713
835842cdc8ea0a2206c2b46e,626796056.4013017
02ce5bc5d5d286a4cc0928f6,699064589.857972
d8e51f7b40bf1887ac007163,688044813.4970669
90f320e94aa429856e37bb35,548253210.877107
967a7676754d6f9aa3e14473,620409264.4031364
9251f3dafa0e747b6e78f295,648762929.424555
17b5e8357e17b516d947ebe3,550876329.4047084
f943cfd29effc9c048b8e106,726379819.7038453
41719542347401b04dfbaa59,638281313.2144328
bd6ad9a9ab28aaef9b4955c8,536881942.5685052
bbff88040e5b20e874cfad9a,568443988.7647189
3d6a9a4f2336a46eb62e6a47,577831806.8956605
493367258be5d63dc8db97d1,577831806.8956605
67cf2149b4c214da77694088,616693528.8162701
8d2e85825e95f6941445cace,818763074.7638698
01afa737bcfa6b1ab530eb09,660195658.242337
25813f7204a2e796170c4836,540555526.3748796
3cb1773d90dc240c4ffed5c4,803790014.3661494
6c81a0b90366db9f514362b4,803766185.2981753
44c8131b88accb3b46b79ba5,532520194.5579903
ff185be4fdbe3790c72d00cb,540605376.556129
851f50292e30b0a464c0804d,550409766.5664696
6fc2a4f29e3b896bce631ee0,532373171.2199602
cabc4fd04b60a66bdbe2cf9a,602354158.528448
61e9c2375626a18bc9920c5d,615496971.7367947
396c8060d9767b4debf2a54c,768288303.9687564
92ba019bd942fa33ab742924,546806262.7602311
ff71037ec8e5a91aad6f0686,622138317.9377115
d162a90b37622c1dc6550690,546554777.4120798
e1490f0730f8fdc36993027c,555602233.4798931
5a066d6bb65d28c2094051f6,701672725.3240919
9c7bcf000cb37f48d9f15422,596922755.4763888
528a6345df87dd0db33bf822,652015105.183102
579ee47bc31f5408314bca28,762989318.3655939
eb61a13df1c8d8d0efc4db3a,537746120.9573132
b649d315ff3c97c4e8e9db73,528530313.0055537
d8dd26eb78ff22272358e302,602856007.4595867
6ae2221c504027acfb7368e8,561067757.0416621
3ce908c9b70f349158f7d04a,573943890.0569048
7cf74cbec871e465ec2f6a61,573943890.0569048
02e9b077d6cece81387fda35,660525971.0992371
865ed399cc344e0638e45128,663095988.0641767
d9ed55fb72efda67f5144330,674090574.2184707
9fdbab0b428f19e7e8dc35b0,656714172.4807154
c061b886b7136a1b00c8ea2d,811306417.5455194
fd0f6c0b5234ec1f6c7d1fd8,958756875.6541243
9df90c0644948ea5539939eb,725360689.594273
547661e79bf0c62cb8de63d1,582522639.695974
68963f5f3657cb64276e3beb,613301193.0809321
cab0a460167bb64c037cf25d,527578855.01024777
31977cd5d4c09eff149e74ea,731070939.0239927
23264fdd1059460e079e5810,582340268.465435
4769743185eaeb0e4158e0e0,585323973.9065893
780c809c52509bb4855a4efc,575456428.3455435
f64d4e029592761bee698958,526794165.2706252
be364e85b988ef8627ece74e,535572159.92330337
c73c38b652e9418f06f89b67,530268821.64725935
213032fd36fa1a6342570158,549102601.3909835
d519a8de5fdd1a84ca1baac3,730064796.9038116
df91a494d5d244f20dab0eb0,523981679.88269717
9be92b361ffd3ea2c69be23b,558548162.613931
cad16b2ea432d926d961109a,563321896.190735
56b22bd973f94a4bfaaf6b33,561241435.6553817
84114798ccd01ae3dc97cb27,522963998.7283388
fe2bf1f402addaf17a213030,661631353.3925968
e01c1b69abb6a4c1c69c77d7,689053859.3583835
24671f63cd061228ec0b5b9b,536431545.59054786
f54c16df774e70d49355cf4c,546672919.7044326
5537b994e85c2688fe555d5c,554529248.789359
1e5919cbe4373aa261d672d7,530730820.5293943
cc125d0f70d6d0819d6d90ee,598859908.5509025
51f94ebbd6d2533862a1fdbf,620636616.3590796
fe409f9ea8d18c9d9ba4d02e,515204876.6210839
753b47e2a3b9fcdf9d7fd9fa,538074315.7279071
6bdb3153f267395eefbf588c,528304584.5784928
9bde9f216ecb90814670e87f,662764140.7068439
7f5280804c59f56fba3d6201,515155768.4096809
ceaf16e097500022498950ff,537548138.8957988
aef06b27b0a080b5ee539b6b,534575833.5881847
abc668bf93ec7d1951c65cf6,515204876.6210839
56822f406646f93fb39d9e60,519263864.7950727
2690ba8b22a95cb837cb87b6,529132609.9316594
180172e4eee8ba756207b3a8,527569825.0926206
c11cd2e00942ffe56db5ae88,783769776.1990967
75a287d87aaf6ffe7b6db546,530875676.1795094
08f35bfbfe1bd663c40d9e54,556257882.8423153
c2bbdb2e5d0191071e6db37b,762809326.44707
b129a508d1d98a1b6dd2f61f,564773838.4819243
335626f385c28e8370c207cb,537344386.7159115
898ed7299f0c7b8a99e4877b,560772080.6314269
a98022fc80dd6ff27de693f9,554989146.2938123
a59f1631e721d231eab4d146,672316498.2091501
98c9c866109bedd605ab7dbd,662482538.4104661
cc9743189c3671adbb1be49b,639162570.485226
e22b8126863c9ca8fb04df9f,570259776.872728
247715511199c5b680088b56,534775492.8031118
6e51ca1a9c2bba9fa0cbe5db,631878407.0566604
ba8d6800443dcf95bf9c1037,619071914.2052251
5ec6e033b9dcb454c57050c3,730064796.9038116
156ecfd8ca6004281b191db7,675877154.2932793
edc3879a1102740f2f96227a,660846602.8274175
c02ce25a3334860d3bad53e8,580254806.5440482
d041129f83f1f13fd7b35e4b,635399640.7148019
6946fb4c877f35e9215ef4be,606513614.3219777
ff2897a56a0fd08996d19424,607136630.6354114
e1b64df8e809ba220c9722aa,580545678.2805517
c13263f9c8628bdef086106b,747674710.3045514
e2b8d1aba0c583984aab25bd,600056922.640535
3786baf40b31a20f3bf3aa80,603751769.974631
bcf12785c25f6e600eee8fc0,542170670.5206314
f85d09bb2ea40bd4b68465da,670185185.3283218
1f40dff9a973064aa4737eea,630439976.5655782
79beab95c6857412ebbbdedd,640194548.5547104
5ed8cd2cf2c6dd5b5241d6ac,613539928.5394853
ca8dacc29a57d39640e3e59c,856473758.2967976
723655990d58df33d55009b5,665525803.6392425
79a675215fed2e293b27f43d,755232190.59228
57999ba0ed9089739a1f4de1,739030662.4492303
00cea81b78d6007eb405d5b3,763106005.3722409
c00facb3e4cbb27c47a621db,683393074.2218997
d1481d9d2bc9d1a3811f2faa,621187855.1187235
26313750bd29b2c59a81b58e,782248926.1825243
2bbbe93b615c46483056bfe6,676874752.1274137
0f8fa0a074b743c92f0fc56f,653474153.377555
b925f9ef733930be26417458,820830284.7521707
0183b38955437e8d0128a013,822389738.1115832
1c9f65b631d2f2856bc97079,814614606.4850906
c11d82cd360eae99c04009b1,688683952.789212
4a80ffd8e908a3291a32fb6d,676874752.1274137
1a0134583a5854d5aa9cdb9f,689013036.2607542
5f5346deedcb7cf5dcd1e9be,578650820.9161031
f17c8b14e56a76ea84a45fd6,744498396.3378911
b8ff548543842246ad439703,667885893.5025582
53462704cfc47d32492b4847,659775407.1724054
25f925538316d3cdda8218c4,658413845.1032314
ffe653c61bf13df43fa22190,528219115.5156834
228d98c82021e2325263c7d2,518282525.7476571
f32a7d08d176bf9177dbcab1,545939254.1015779
f2c86c1edac4eec6c01ec11d,600875098.5342852
06e350e3c733e5a0afb613cb,545434153.3752853
e2544529df4efb7e90afcd21,556412130.9194156
a639ec3b943cf90cb28bc1b3,526217557.87181795
a1320186028a726935bc1cc5,687035876.2458723
97337d2f347a50e0ef518516,632263256.5631168
8f619dd7fcf5e1a17af301c4,629817299.0318327
72569ddc5828fc702b2fc773,784855228.4283247
ec674ba8cd16c2264d270901,853927629.6830062
2b05f001ed1a84425a45d0ac,551337251.481845
0a7758f69ddd8fb27a839661,561673137.353172
e3ec7a8fba3e1ea07a135dfc,512721505.1732667
4163b665043ed27d7bf26c00,623441993.358476
69f7b81b70ea61f304ccd36d,831137656.0124196
ff61104cbeb37f077c565fd1,657121474.4192647
883ee78c03efdb4bdc57796b,530225258.8738156
fafaa5dcf66d22bff322c72e,520963235.2529774
eaf0f2b00b6994a9ba8c5ed0,532996391.39397
9b1590945c0c7f7b0704d287,529366653.1477236
766d34ea891f3af53f1391ba,585090077.7946519
b8680f925773229571014e61,652601849.2910161
2fcab31c752b699af5e8ce8b,803994878.253745
96d14697ed6847ee757d113f,577032033.7319325
ded79c11c30167a9d8accf77,548415294.2748821
ac50dfe70b599ae93ddee4fe,660155285.9576861
3fc7a0f9c30978f24d688fb7,706703569.8736304
083f05fe52ab15e8d481ad41,649230931.7690688
075be16d8d9ed6831d139b2e,543671508.0272281
ffce0b151f293cad0a6f770f,688407991.8587373
5997da918101ff14bddf20eb,552937029.5335215
e102f1d841d7cdb596d50624,532242267.3727732
a2c3da753f0116aa5842d4ec,664278053.8258735
43228eaa1230dc0f7f1473df,530261653.55197555
4349d6bfd5a518fcb231cb3f,606150936.9475237
c6c978051fdc655d21a370ab,764186042.2450567
f4cdf3ff86fe70fae3e59f4c,669033473.422512
ac154aaafe98dae45bf9782e,573603044.9820198
01f6c99999c154461765f4c4,738166326.0008689
d7d30819fc6ad6e7e41453c1,862552167.7173166
383b3198861942064a63184a,530682573.01203996
3a2f110334251e97abe3583f,533391073.80089164
9b9db425b698a4931173b5a4,628502048.9488548
3b51828a1e891f3a52a4653c,656901223.7759193
c94dc49efe0a350bb522a56a,587863374.5582854
39e4765ae5c8284e1f3f618b,560622050.520851
04b28e63fbba92daf83865ba,740024251.0348933
b9643a26731cf2a9a243ef33,605285509.7928548
19e03fc1a7ca4b0761eb9ef3,631992869.5001173
c0224f0cee5a388014db4f55,817417608.9089812
c4074029fba935dafd82eba8,544064802.1734166
0a8d749a2336d8f66a4f19ef,554174747.7026594
e84da6ce78339d50a72cd87d,530135511.15166533
e9830411c3092327f4e66a99,527320542.2330054
17d51fdfe8fd16185bf5feb4,562390186.9447658
f07126d58455b20f547c4380,607924333.7210332
8fe7db56d501b9c11461f62b,580959368.8930775
1ae2058fbe26f384be45df4d,562691210.4844109
e74a31e6edd4459d4e215c5a,555184011.3552403
c91945dcab0bf200c3ef321e,601934438.9539443
933018604a8d5a9020aac221,554993604.5785816
876ebdaa0bc953890e323843,547354940.8703675
4fd907c202de4f06cade3b3b,705600813.9201584
e40f616637f6187024b34086,649817543.0306423
f9038f7e24e0a29bd9f3e24d,673048868.3183566
b27fc4e7f6042d70a7651038,617529747.7032216
e68b18b57fbc5fd6cbb477e1,663649442.0926459
326a82671272d893ce699476,698736173.3949451
d2655e69f5dbd09ddb9268e7,666172866.481504
440cd2efd45c019c7151902d,804111938.2621182
e5099db945e4f04aa3f0bfeb,628205504.1950345
3477d85a434f66df58fbc094,610233191.2534918
56991f74ed430ed942b2d6d6,610573800.0615541
7ac1b85bd87929705b7a86ca,623391609.0774716
0e1fbbe248919eb71e53ea75,557107501.6040593
75c16273d3a593752446c27b,568314664.3854328
7e74469fe0b030254756296d,595478065.0847948
35fca2d53ed17ea7637c528a,614925338.5812364
963cc728f3bc207a7ad74ec4,632523391.3766677
fa9dec2129f7218b4c4d4b35,550190043.3626717
1d0a6bf40e609fc74a319310,521767564.8144457
b9551c416341fb167049d4ce,613155536.1855328
89131a0af2db172538723b08,628022685.840349
3e66557e876a876c259c40a0,531909581.39719564
078144699729ee0c46f36123,675606670.1176684
fd15189b99da46b098a949e6,553852215.414327
d69209d7a26bd306bde5a37d,769620253.5476135
89690c80b7adcb8a8afe531a,552244637.9571683
0e0d19168609ac1d75253edc,514805911.3364644
6cd0aca2bc40d83473a39885,618018001.5940107
6ea0d50e822913d0f444d89e,814213090.4745193
39579c195f288da8d77f5ce9,662051208.2871813
bc54f5dc4e9ce267ea592813,588811246.0275328
1d43fd3f7fb4e24a0b7c9ec3,596727464.4682597
2566d8588566312ffa4fde42,851144473.9391042
8d27746cd9d2532fe9cfc408,556029069.785169
95b822f76b4d3d6ceb0c5077,653888812.5455586
eba86391ca00fb217ed1f774,631629877.8557365
b9a0575867a59dc5dcbb9cce,575503595.5385797
0845e73ae95dbd4aec3f1f43,568257671.2971073
419a2f823e87ab67b1311bee,641172186.5460807
552217c633d2562cdcaa81bb,534564806.9735316
4fd7984773d2872e51574ffd,592787280.9830703
a87ed2154a2351cf26f0027d,599366097.478524
a2522c9d3edb7e7a23a42b74,861121241.3198305
357e58ef96c53f39e267b80c,654974519.0773993
cf0ca58262feb1f8b0dc7b68,777851658.1178547
1cb79aba890b35f9d2a400f6,676806654.0158701
d5c79ef12f43e2bc19e22fdc,646035708.3669741
776e1192349cb7cf1579056a,660125499.1133105
7de63633c7666484bd098e2b,568226994.0699239
ca1b1c17572f776fc1059691,572440288.5076454
53e94de217ec45ad576fd83b,533661965.4222718
ed5c3d2952d2575b1bb757ee,603541486.4866204
bdfa334bc331e3e547f7568f,649230931.7690688
9c6a01e3c7ef87d27185e9f3,750884177.1566855
05d9818d3f9f2a5c358d3911,617083898.1698388
f6c990e406b3756ee39b3b30,528182606.38756216
19ace6cdfbd8bed6e99c86d9,531165160.78419626
6a04f8684e083eb6319b5272,544065180.0646709
179bf83034539c8a391e0310,607820572.2409045
a42081eac6834da0560ea4ef,664328456.0325544
784fa9e78f7cfeca4133e8ed,636923392.4054282
978edd828fc71300e6723e06,781414171.121114
61d6969334fc63611c810e2b,647301644.8878788
4d592a67596afbca92d26bcb,608932294.8792839
50f8068603edac10c87411ec,609641585.8951147
9965f598c5b95b3cfaac50ad,599977858.6883763
66cf83769d16a4d659edba6d,687711315.138809
9c2c2b01934d1d519e651786,577433376.8485186
2b4913f28d07628bf2d3ed92,863253500.5181415
9baf7967c49fa209de8dda95,749406548.5681766
7a0f887a9426270ff3c24e36,656510055.6629387
c1034173dda31d20c4efbed1,549132098.2034323
c4a3d64de5e401a86395a919,625509436.5644149
c4cef41167a5e8354a61feb4,569414526.5729425
f52226b24ca3d5b04b7cfcde,601710701.97808
36d5003f0b5ec7f80e89262d,725818297.2561561
641600a4cbb13b35dc7913e8,631523486.5803429
c31c4bd09d8cfba562ed2b41,689853936.270806
0df96c81adcd6fbc2f7141c3,752769559.9131144
4499adb2aa3aee94d1f1a1b3,684009089.984112
4ec06163d39f96baebe11bd3,528389063.2620824
692cc1c9949d35ae11412fd6,615185202.686505
f1da5388b772159ec90c3210,711456639.5699148
e7ae63f81f8fad37bb9c1b32,614379442.0603225
d39797a12d9a4aaf15ac11e6,574101727.1800302
efc5412fb02ba9d8f604e493,736789893.7299342
bee2e008ee41f8a711fb8d29,731830943.1830839
80279a7533c44bbae477ea4b,590639168.4104373
edc43e57b2905405a13f8f3f,537346618.6580081
751795587d1396e0daa25783,557405916.1690757
6d90801ea8cbc12f9e2131a3,556620045.9321123
71fe067a5ae994180f530686,556620045.9321123
2e99240e23b0542f1cc75026,528330478.4166069
fd6112c82d5808311b08e29f,554956599.3752358
0ac639a7c5ec115b3df8111b,573643824.6756017
af0cfebd54f32b9b92c5fdf3,556620045.9321123
b0015b31facc48a49f1313ef,554952988.9433877
2347f69ec1ce4a3fb6989eb7,811909367.0592809
209bf65e11bd7053d9658824,548014516.9188071
41877a677d1856bf609515fe,616824216.7334665
cf60297d9d9bf1268f35ad95,664912994.2237008
a33800eaaf178e01558ee926,573317377.1538296
69e663ffb4935aecb875854c,582081687.5162224
595415e95e075b70c39d5c5d,559558128.3133469
719679261d84d6b93035143d,659696569.0238159
9f149071cf61295815e3f875,931363962.8207014
3d24d985b95a3e200a734bc2,699364658.9591826
bbe705b86c6ed4da775b68f0,508003060.3411999
e1d875468eea7b2eecbb49c7,574500204.4234719
0802b7e10706252dab8db909,538546143.5457367
2f412384597554f3dab07985,737164944.9157462
da8b5c8a320821ab8ca00a80,759465703.5864732
0f10d20cff5664f9564bc88f,668177997.1625192
ab8699d3c685fa834d7ccb3f,832482609.8015685
85956152686438c48c52e018,907157205.484704
ed9c4f4e06183b15b877f077,589259106.3470904
12e32a758e15fbeefa255207,832617591.2145488
22cfdfbff44541dba9091753,757183460.4600397
314a1e163d0b77b0f384da29,536988433.1503251
23959a0f6e27c8c2b4a7f436,770123685.1653991
6ab5a87a537d2ce326c867c1,616609397.9883257
d9ebae84cb53d29bbd8a466e,549019326.1985185
9511afb73b656135daaceb43,752994284.5734906
9231ec89e58a3daf459c5b43,653579582.130405
8d97cda83fc7353a86c9393a,902915343.0297002
3b380c563ed2505b7630feaa,675048298.8169705
6e5ca223128fa2de422b4009,530488041.9135963
ee30ab004ac5270daf59758e,553372493.2016077
d6fee4f680569a54f4267215,564927797.6635156
db3b84e5b3a9097392a57319,573304986.0766157
cef379fa831f936cad745dbc,546380188.9196296
4db8d32011163bc4fe01d02e,576378553.0191355
f842221d74340270e757fd41,597832854.448362
f6173e36f95ad05b8e94321b,592158861.9868534
5960f14f2a81075fa66568f8,559924658.5194994
cdeba97450c735185e486eab,582743592.1974595
f9a802cbc802d49a087cf23e,695749543.4755687
6a9ef848f22fecb9569098c2,583668266.5435659
f3986309e4fc4cde2b5feed9,663752926.6676058
6c3435048735371c36dd3892,692042327.7395607
f019dfbfa7fbbddec988fb25,590542005.4150406
4526cb4a2b8238dcc4e496e3,857497676.9668069
95561bd325f60967cb6653dc,635948810.6438088
9f3e09a3461bce2fee7e1c40,814311848.8425469
1034b1af0331daddad70f3a5,539564355.6766884
3ee9cfee7b0acd482672ed47,752850452.9850701
adb51a572f3198367e3760ef,583445490.9546051
5c802e198dc0906016741026,537325844.6863654
671603ba1f755be5d7219a01,532367753.33394384
001d77bfb387bdf0b53e9e83,575068895.6634493
fd9fda1abfcdd1066a177e14,563009373.1724045
e1e78f3432ea2dff6b69c6c0,581857479.2014805
378e6374da00b72bcd7920df,572624799.599349
54ec4fd8f49c897c644ce83a,573087197.7678088
a67ef3a182aa268bc4d9ea14,555413439.442555
8100a4b0288d5d9d9dc86d2f,539908108.4983661
699ac8957d9b4eb7fcfbcc40,589793659.0368903
7b35a3e9f3e67fa1974f5c25,704603564.9726979
6e5383a7f9a68147c2788565,633545804.9490309
fca1c40a338288036b1eb25c,681270651.6120504
237da4784755f090c89f07be,758554221.9519703
21a7c5d6ea818dfb25077e13,792929216.6207105
0cf7dd52e117832b4698b310,753095414.114249
677c8056695a5a539dcfa3d0,652432574.2180078
e4b85269ca413066323f66e0,712177451.3266144
9019f1dd02ede61479b62406,796175640.1391062
958f3e102c6ecf5f6386a004,523226069.9910476
b05c741bc5013a7a6abd31d6,523226069.9910476
2c58f2cbd00035febac060e1,857579167.355678
89d36acc5f617a6a97e02f23,569324107.4796478
2fba6801eb9a7bce7ed2c081,593614004.7817618
45ccde79aee811756030903d,656215706.5720935
5bdb5174517b8faa23df9587,661415337.3144534
36a11817b32bc24eda6ec8eb,543104660.7460605
f1319a9332946bd68db250c2,531050485.09582907
39f70d6b68b22668a0631f37,567929399.0021145
3958d0cb732f3d623764be54,545924580.430334
f67028acda5ecaa4c8781ba6,548647024.1451561
76f50ce5f30cb96d48a69357,550561490.9642737
9e5efd4741a57b9af54e9265,550879964.3122026
8c45ac143f5cc43e9249c17b,619397761.5020719
2a66eb4d2a205bc4474c0afa,771894997.2571334
85cf1ee98e1a85ff4619e27c,584821710.9306589
84c2ab0573d3cbffa0be90f4,573319269.2294312
48976c41de22ddaea3f8c296,545361248.6515793
001c03f6103d35389825b62e,586879728.9136716
ceab390b6906d5cbe65fc402,662170628.3548427
79f989fd66108a2c38a9764e,764003071.7784557
cc385eff95aa00310eb22111,728747849.1481746
ed764bed1d05cb1e9a4e67f8,765187282.6099267
857c5dae475eadef41c25603,674974381.0921749
7148b0d9e2e1e92d41633230,679249918.4857105
7f3e02524981fc7e40eccfdc,531130293.6276031
ccc625df8f51248e3dc93214,512635128.73986584
b38776cf09ec8e90fceeec84,565820257.4410373
48ebc3d79e01061c926066ba,518338483.05346745
9580bf8358095abb15a10c36,512986738.9263701
d26d35e33a0cf88f735a9322,605187186.4856794
b4c2a0a1a63d35a9a08a6e15,830587914.5014284
1bf1913f806bd4b461233551,516189057.88856286
34d1394dbb483e55d1cc2da5,520900092.18185544
7bef2da7f3c160e94fe91ead,551229837.3538668
528014ff6b7cdbfc174f4fcb,532738615.05624187
bf1dae54bab00fcd3e8c9ce2,555777193.9994293
f270dfd9ef449a02b6d7ae2e,546984034.7846832
31d6f089626c4fd08536fac0,544354146.1624686
259f4f7fd5d851be70d63633,546741063.4953991
6b74ef5c8ab1df614bfba866,600283989.942322
7ee7fba3a30e0e7c2ed3043c,763171963.7259507
b24bd44eefc3ccf053939dfd,659570023.3945522
0545fc14aece3f37864ced2d,620143032.3739576
e07eb36210e90ef0419fa0d0,703800325.0803281
3991b04509fa61b36a8f7d2a,679435169.3859488
387af5fb4b4a7f5c3fdcce57,778024103.1288439
6852e8bbadc1a9f4fbcd695d,736887610.5225939
8c3373f9c0372b87ef021512,674790832.1979761
6123a0dd128e45216f832e3d,626205479.2144794
0913364c688d7375d0f7af5d,524113327.25867176
8831ae77efac99a6c58ce05d,619194122.9196286
b6283a5714e0b977110318ea,509749464.4517528
d2d8f5356f77507f8839280c,670442361.1370606
f36bb15462fb29f80b127458,681500669.2482971
7abf9cd6b26e2e2bb6d91e5c,688241162.1969967
1a5f6f7e8b7af9d48644f1e0,749260399.7668253
8e2a5f8431996ae0db65d0be,596322257.5236615
29535d858fa3a11792697820,637032229.3553188
8e4df02eee6cab9bd1011987,760918509.4653386
5a4039f0ca12767138ae585f,568593065.8252075
d84248b3ce8ff6f5fa480a83,558703962.3275485
5838e86b74020a5bead56161,534022910.1739112
02091877f01c926c350b013b,505194381.8008809
df298574e35dda90fb568023,529786238.216004
d8b83253855448caa81f7780,564538707.7424985
1163ab2c0bc8c998e121b922,525915910.2866285
14f9ab54432e5f54a50be4a5,499757455.4135634
f4e0fa1172c1d4b70b6c4d73,523591708.2502309
4345863fe83682f6091d8a77,547608363.6545788
6c5bbbfa3a1515e5cdec9ae1,550953906.9814533
742da63af109164c21dd57af,546454993.2906023
fdc28a68bf8a5bc86288b4c7,568962359.9105386
0f4b077de4ba5f5db6fb0065,541997809.5317932
320ff6c0320674fd278f6fc7,555835843.9645953
6acf9cef08906fe569c38572,591671617.5682226
853febf898a1dba351d6f917,553199240.7993746
8ae41ff6a828f175a9f628b2,551221291.3201172
56ae6108c1b53c649da2f6ba,519327738.49300987
aa990d4e5f1a0fc4f0bb29aa,589905114.9847771
cb8b826e929f4f8a8e3687bd,559024909.3609164
b85a7389bab2e651f05369da,530589622.3489388
1fe929afafa91bee53df4e86,568019277.518428
02e89c055b7692dab024defc,527926062.56256336
66bc6e56bcac9bfc4a7341d8,709886818.9335203
63cee15dc4a6808616a2c2e6,638957586.7256666
9a889078a0225c013570609f,611900339.7622489
3548fa5ad26ba2ea999380a0,628952529.242866
d9d8aeafa748f8f1ff2fca22,733615749.0438913
9e2c21d635fc25f7790cafa9,620767040.0065217
f99adfe85d32b0a66f4d483a,674067940.6270889
eb64fd330053a41ce5be4a7e,610614054.3448268
ea8d704272b2cd066a7e7867,737647763.1675664
e7c92ef9784a92c8b7fca693,791800411.3031776
a9b83e18ae78d307d1b39b15,740995834.3301392
ab8d6823d905f1f0ccf4a75c,665223964.4828495
8447ca83d928dc34c2e7f9fa,593356863.3170818
5bd24b842a67601630036d0c,733292467.1072161
38d5b9319bc16bae99fe73b9,756410001.9708315
e1558509b120809eface5b87,617851872.6846888
4b8d7217da1b1f225f254914,801477738.906041
09e0c3a1b90d46c361007323,610614054.3448268
d090a9e520ef74848bb060a6,668909188.9414155
07284e4caec09fbbb16adf2f,678808064.3182243
f8bb20be599b79cbe29f36cb,690603201.7629439
07dd30f04c5953f325df9aad,751302693.8622035
622872d345b4b0d9c1b9302f,750234731.4880996
fc9151dd6f8850502c747bab,676379855.0351362
0fdd03a2dfb18e323d96f468,670908256.1780376
ad7cfe29b56c915dd016897c,628806330.5357935
f40a182d82c489f55c64ab7b,844067724.8533328
fb06aae0e711d628b16eb910,856757690.7440108
7dabee85f750266dce02399e,922620712.7821323
ebcab2f8506c64a461591d1c,767914081.2122512
340f96c7de105aec5b7a28b9,884321238.8211077
be1c6023731fb633c4f41f96,517401217.19372356
d6b051fbaa13e3d92a798521,694982886.3480451
bd04c8b6b5e381cd5f881379,534733505.4422554
2ca47f5c36ea5d1cf00dbd2f,554674063.3463111
3f2c18ea5d8e9a25adca4c42,647648794.0544837
5bd59dbebb0d6fa71efa4c66,680581965.7399937
bdac2f1c4b306a7742f60ab9,597906953.6132594
a0e26a9d56cfb3b7228e5d75,569458598.0462563
933740e21e9b61721b2c6053,613520108.1771808
a3b9c1a3b81f17e6b22b6152,581433533.2671165
445e241d8bfaceb149609d6a,530266295.1056647
937f0b37f566f65a1871615d,578840631.7633297
9a76a405640f670c6355630a,565642269.1326371
7a0f351e8562fb7aafe6e714,555169194.8415331
4c5b79f3656501fce2e2178d,551654392.2561029
201053b106a0b89a0a47e2cc,575025557.1874299
724a5f9542f86cc43334d3e6,526448336.93416303
afaadd87a196e04b934e0b1a,522406014.01423186
a46cfad2458ac7ca4134818c,559823001.2878289
f640eb21bdbb9369acc4e863,536759996.314492
8b3350aaa66b9fa1c682c15d,577237240.6868681
1340b0805cb34eb9a982190f,511447012.1399757
055d5ab6b22d4d0ac325fe73,759536229.5420381
faed63c1287896e97987c4c9,664184777.1561717
a094be8af52cf76977fa5083,687976834.8009247
feb3384733ed8feeedf9ce8b,687976834.8009247
eec4d59429b1d1bb75b4d686,554819388.6897849
3e9754a961d2cf348c9ff7af,669677840.9864872
8f8a92abd28c8990534e847d,696674797.4416507
256491790d0a2d5e1ebdc2e2,529531320.0474694
ede7995bc4e7e672fda4fa5a,688170194.3018153
9e8a11484838eed1f4673a32,546855411.2594948
8aad5795547ade3c804c0ef0,607011712.0942392
4ec4683fcf928d9fb33eb7b9,548940304.4872494
ee18825bcf4065d29287b54e,695003811.9413236
485cd615660dda11586f797c,530489161.75725996
8b450ea6c21fe0b5157529a4,554562735.5683336
0d45e78397d4bc0d363be47e,654239213.9282497
bfa4cb65827c4ebb91478e53,681406842.6594778
deb2c93acfaf6994bb3c0608,528410802.63900596
571e1a8c252cd67ee0475974,856921648.5901052
04e337d3c692f3429d47aef4,561415882.3852862
cd2913f013727119158b98c0,673257105.4718298
ba63594585c484bbd20ed3a1,554239760.9764032
beb7b99cf12926d8714d1c5d,597189726.6266457
0fbc9e52ccf1b7ea8136cbbe,644553525.2366328
f36031f3a3f77a3fcad337aa,646967984.4895571
7738f18d533d0f0379e3a06d,763956875.4608271
20c3cc21b44eb37d0b359c1a,823494118.9959879
78257e76c16db549022fbf2c,716337205.0445628
4baceaad0b0081bdaa37473c,643748989.3401974
6bbf67d88846e94a63014eee,666200994.904081
edb259013ceb62ad9b23eee3,680429579.3845955
ecfe155a407ad2c2f74522e8,530947737.9084743
6906a20be4962df7725dda7c,655690125.4921849
5d86b884df3627d93f206952,949981008.6215328
cac3eb4606346268cea48e32,660190013.9696306
e7439820086f8d1cb13d7c9b,608494433.1326746
b940561f2d48444e139eaf71,533871662.59916925
4433060d0fa95ae1382f2de1,528749931.8761937
27dd503d4fbf4d5f5d850d4d,659925587.8785864
42a73bad238f2d3f5e376044,574655366.0319735
2b53b13cd912f353cf9c4757,564912887.4392592
4cb59b46927df31150830d5e,552244411.0886776
2f3d01cbf0ee0b985386418d,513860950.3428359
d12e6de49fcca906c3586994,526081470.2276369
8f541a839df1ae79d563427f,526031485.33740664
ae5ff2b5eb4f9ac44fef666c,539394879.2260932
ca77a424800783bb9c5c0450,586745523.8587627
c0ec1e7ae2c6c3c2f2ae34b8,533213021.432654
2372f7c0499de8aa2e5ffa06,590366977.4199016
46de3fbec5bc6c0e256e7751,549722200.8373998
4d8b338266822739bc9c8fc9,726897896.5863527
86d46a3fd9d7bbcac3319829,722061410.0038098
b13fce1462ed87e57ddec917,684790629.0858288
625caf4f4f56f3f6bfd3f786,524185318.5904458
2214e2c62cf8d2d14f11d47c,571554145.2996128
cee8fedd5685633435d77a06,633064297.3708335
061386497cc2dede3ea70b1e,536716271.9991697
3ce50f34a7974ec17178a79f,576294225.5248456
855ce1721230ba103fc0ae84,511724741.2121135
ff3b85eb538fb9a7dd03f459,535211749.21653783
111bf82100a6fab0c9ded743,623971261.0960289
8877941794810464749ba5d5,564781737.3476005
1122a042822658cb504dc147,623971261.0960289
d7d924ec35768a3e6bd39b20,610859013.4387547
27cf45528b4266162f7c9029,550863664.0946318
916f946082d03023ffad6f2a,669553016.5759126
68181ef118970fdb1d83f030,767918073.2185574
2f0bbbbb466fae3fe5c4f614,568911777.0891885
17c8b228fa2591e3a234d55c,541247411.7657142
e5d9afdaf318dbe749bf9950,541247411.7657142
ce2cce355f493a75ab59b242,559339068.5340102
b6825cfa2fde9b42fcf04c59,569265329.2744434
6fb3e33e16eb81331d389ad7,620765091.5412577
e29d9a401a246c00f5eb2413,760426784.7803099
fdf103976a39cc12f5effaa2,760426784.7803099
d1526bc5e5446680841a9cd7,908569743.2518991
a96cb9d988f5dc99bf5df4ea,908569743.2518991
760125efabf13246774a9f16,617218656.9263728
229607e2faf76efeeadcdfce,511462731.91820186
f14b11d270282b317d9cbadc,553472713.266454
8a41638edfc5183469b6c43f,553411981.9837507
ba249dc7eae0609f20ccf234,561774251.7374178
0dfc7d77d3dca86a221fe62b,692173038.5283918
ed7f61ea4c9095bd4aca258a,553605713.9255943
d2ce77db7cade7f2c6189002,509749464.4517528
9d18c354e8939c9f18598f22,548251459.8992362
b95689add02915dab555d9f7,736729223.133184
1c35d9468cdc55670d48db84,673775956.1331366
caa4aecacff2beded2e76beb,619710996.24149394
017487de3455d9f642a7fadc,701615006.694769
8ed9c13717d2bb274a81e460,715939153.1073214
c2eeb1cf0549df1359ef4dcb,530753195.6243376
3a413637f3108ddf7bd53bcc,568827948.6574929
145a241c80430b1e4ddebcfe,585374875.5597485
c954618c48b70cb00efb49fe,567618682.8196753
fda6cee77fbfbce6ec0eabdd,635113100.2748948
b92c9c464e23f8b987290769,521107567.27684337
d81b170177769c0121b8935a,622515978.1744323
7a832790d068e1e85182b5a5,520698384.34524053
462ced9cfb28550c160e5664,787805653.2061479
edd9a278b86b1c56e237a0f3,523961271.0664773
fe9b6a82fcc3266ddcb3e36b,611245603.2447295
fa74fbeb90bdaf8eb26f8329,627283256.9144762
a70b6661eda6ef616e19dded,555887185.7319057
cbcf4d76223673724b0f9811,552515068.6717501
ba16ae6ca55dc3c0d5480944,573678484.2778503
3c840c206546c20b3e53d4fa,576352075.1802009
c61076b24927a46ef506322c,671471009.409388
2e797c8302fb7ada13ef2d4c,912380376.7855947
3c9e3b97db788dcd10acf0e1,575211545.6159632
28db5acb7b224d44e3d7ce80,559000395.9633077
c7aad87d39537083a5620757,584457378.2011839
099721566fdd0a32546fedbd,594458986.4456371
bc67f29c8679adf31353bec6,573431457.3043178
eb40a304997a6e66c550b704,754001820.8555996
3882da646752a82db088c614,670207118.1973397
68c319925551b9484778bb65,671450409.8426559
711b570ff195fb77229deb35,870472687.1127292
e7a2e8e1c22a52f78ffd1b19,856889605.0335214
814d93fc94b4de6d3a860bcb,559916885.9568851
817da44fa842fe304b93c199,514921877.9535394
5cb29f5aaad14b6c33813580,522406014.01423186
8a1105028a1a1b83c5080abb,523809268.1929259
82b69c38d041325a4bb2fbce,545024930.6697844
a57d01ed5a9641ad64f7f032,511447012.1399757
90186e67d802be6d12eb3696,537491557.6301892
f781bb1ed340e08b23258ceb,534724469.5030555
db05818b6de8d77c1c3fd053,535543514.01652426
f4ed8924f5d1a3e6374715aa,531119610.05809736
d792d1eec60822752c8d52f1,604767995.0988116
47a3c63f65a9794384c655dc,759536229.5420381
ebacf31727972e81d0a0d904,666658103.0651133
a759e4c03e49c419c8f0cd2d,714104565.2095561
0648a4bd7ca088f4b3834401,678651284.1560422
b25734bf3ca94e775f467e85,674300924.4854228
65a8795e7a5b88acd7a469c4,530452429.3691176
b799aa1dd2de813ccad401e8,572703331.9148784
c01440b8ff0d80e7bbad715c,575559934.6360338
a20cd5193779526b43612ebe,538988158.821673
0cddda1c211fcdce819d5f8f,775683462.0472748
69bcce6b58fc3702580d3234,646998289.0558833
ac7c0c806b57e4942d9ead3e,652366451.1898873
aa9e131fe4e7982a374bbb84,750683879.0017357
290725d6b15062397597b954,668054633.6499591
5f0fa37b7c5cf77e0508abd2,645464670.664762
c76f482d2a8f8db5eb79ae89,673187050.3004808
f651cc17b051c962e4124795,829492864.7715955
250d84aac8add089061d3204,631166896.294352
d3f9cf66c1c05f55325b894a,680429579.3845955
7198cf5aae5d0d5ba2e43b96,716337205.0445628
766c7906cf0493736436fdea,670038296.8834925
78f670c0d7a26c0323281ffa,825747572.9821687
ec0eb8d68807f52b681f138e,844872191.1221802
446138cfd3749c0b6715b0c3,684341124.6473885
64b4837e4550ce39f2f85342,739304573.9943514
1103c663f6b5ed0309a767b2,658063749.6929599
b9a573a3f2cedd87c7dc6477,584419813.5862815
de54862f5b7b8ff345c6b297,547031061.5956706
16b3311b337c0cb9312ddba1,511447012.1399757
a1c2003dfcdce97d21f9cd15,759536229.5420381
262688a95a32f10fa070a887,534773551.60032415
8e374b19fb87640c56243088,674300924.4854228
4032d6a6a13399797a794ab7,604767995.0988116
99f1712af0fe96f67d11037b,571292822.8217416
bcc584e6a08822158e2a1454,529533884.6032541
ad14f4403926de76de2604c6,525060373.80740076
01f855427cbe3eb51b38288f,777405638.0033373
4673ef4fa28aabb0fe61043b,531988616.0447705
f4cf541f02d99ea1851b9f12,519270644.12739164
bfe19954cd4680149c682587,549073719.4525912
fed8f3bf4a2d7a426901706c,762009185.9696257
480aa7fe286f4aa31f56d4b9,763956875.4608271
1e9850a50070dd51861a5e63,552620310.8951695
e26dcf5836f5bb53553cc413,559414892.1192008
c7ac975025713f368bdb0af8,666498041.0855526
73fd5bc0aee47d89a160f5d1,596110213.5103227
5bb9dac6e0e9409e89aa6cee,615592872.4544053
9b15aa6c85804621f5c42566,716337205.0445628
199fe72cad28e4554e359ff1,643748989.3401974
b28ba88f3665a2f26c2f8e47,680429579.3845955
453ef603a66a34f17ae22227,851032391.7114865
d8f4955ed4fc363d6d9ea897,848933494.5114695
f2eca7e3226f625807f7d6be,667409301.072997
361ccd7f37ada9c07ffcf71c,726329244.1996233
e7d1ee027da436cbaa122f48,693782542.3480457
554ec896fe4f9d8f2e8eabe0,641799774.6361511
ba79c72aa8bbb0517c899b59,666275742.0244352
69dd957e78fcdd4d8e874acb,544192733.0854204
df91a3c7f364df5e6831f2de,559030842.0169085
77866048ba7b69532d0a18cc,569005250.7781727
a792bde8819aebc5b2d73a6a,648067660.2630227
6293e4a72b5c84782bcdbf78,594664701.6301112
bcee01a5d6a36f48d99a5e4b,754029398.6550937
c58b56f1202d1cdffdda3021,577807620.5078546
ed3275b560f020baeb9ce3c0,532027407.8415497
2a872557ba401f4c95e0ad2e,623135039.8894455
6b8c1c7c855656b0e56f0bb6,661109383.1252445
d6297cc548b16bff11eea51a,652334846.0919243
dadce7c7a446a6a177821b73,778122515.4092208
f5d9d8082e7652e97973e0e4,650820356.1544486
2ef9126614eeef828f797e66,567132451.3464822
c70439fc435337f1e8fd2f5e,662821165.390614
79631cac54b1e71c1022da12,699677657.2026587
6fca3b70ba2c68d9e0d2540f,531548232.7130874
5b29d453bd368190e0e356c2,665197444.9994261
25995099875f0ee622ebc31d,737871750.9958115
34bd7be0761ab3d43da7a81c,566092389.263631
b8e15d182ac0c74fba332b8b,555001119.5662934
901e3b835718ccae27c8831b,762105404.636802
e1c7a101e5d518583f9a2a7b,613773331.607775
02f6ffcfcdd3dbba94dd7b33,721824750.3493255
2162e09e137eb5f4a1f32b16,595381983.4942377
5eb815f9023e6eb97786233f,684309911.7658639
d2ab14487e0ecf640a785277,643148455.9275295
437167a9db41b677da7d5a7d,516024134.4963225
c3f889c41c1effea85bcc706,520768982.81947696
155da5ad9ad19d57a7632cd0,585045432.0703124
43d1fb0646562c3f1dd6fefa,548792894.4304329
8eb66c4b057dd4b07b5fbca5,617577685.577357
f9718594fa52500c16e3cd71,651255743.4200895
d9c46d54ba6df0d21ed4ca49,526526328.3112515
d3f688e0deaff6648f2925b6,503738615.99922556
093a92c6846c924f88ba8750,759998403.3366703
9b1223cd8c9d7b348d6a5c94,788538067.9729778
8209afd76e36d8b5c4f7a991,528263442.1151321
29fd909e7cef62de53430e1a,517029598.2809541
76df3d616d8bc1de789bd83b,528967926.855419
8aa5d44a72b2a6851d14ef86,588204476.870735
eb4e1b72abce1d184dd4d5e4,524474286.5143924
2ba24fd47c2ef8520bccf6eb,665524447.8166095
1c9e38cd216595b33e283134,699834117.2864597
2fc150cf6ea4141106bb8ac4,527086488.1426262
8dd46fd8ff592358e4c3e7e5,552559975.0350362
d5e001b2f1dad3962cfff9aa,615799353.4130481
6e73e42a0d2ef8d6e403112b,536541992.01339805
2537dfc786054c61eb3a80b5,564783001.6755159
19c77db46d23e0c07a06a8b2,547717499.959478
e6424086fe1cf2a2931f4847,564783001.6755159
66526276a7e8da597683e8c9,531001299.2810818
cedd20027ebbf47baaa0dbff,531001299.2810818
ac7c323295addefb43c62acc,641078576.4179698
a8e74eb5eb523143cb291cea,651006501.4891896
ad393e9070779969b496fa72,751136719.7559861
64d9dff81c79a16579cef2f4,670759876.621521
ea91281d5eaf6b8f436d47f6,670759876.621521
06e59cc783be86bd145a56c6,673971642.0586659
7458171e4db497a4cc1365fb,651921939.9742203
12d73fb8f4ca87b19ca46231,641078576.4179698
5e935d4a03c6abc86ac5adfa,671849824.425993
2754b4e12a7604efe8e03f5b,845008589.8847593
9ea7a0d65493cb5487ed2084,527483127.8474123
7845cf57552577b059dd13ae,519807541.2065273
6e710984bbf2662a9cc7bc4c,532525737.14400405
47720fb9e2586dced75db114,575347904.7208964
cbd48f3342e63a84173a8dfd,525383486.56441313
cb83c138aefeadb184d2c7e0,556334366.4932951
397d4e490eb2db8a1b18051b,539964642.1563581
4f65732875c007d3c1102140,509924130.18567747
1f8ad363a0539a6f2455c3fc,527977834.6289207
9535ab027f9f2a9a8fdc21fd,525483694.1756719
248993a27da888a6e3ffefe4,515127677.54084647
cd07b4553b6d3863a9e444e8,631700520.8365514
f53fe605b0a2857cf3facf73,587052476.4560944
ae48e30b60ec254bf0dc89ac,609065606.867734
2a0e902f3c07cc9696000177,557176901.521853
d57535248bb34f65ae678a39,587052476.4560944
9949cbc958bbc0114404960a,543815940.2759176
841c57617a075690ce412083,572468173.3659859
9fc4385ea76cabf741d38789,547078977.3619787
0367da7dc5374f1957a1b7f6,584419483.1631035
7703f868650a8252e954e457,559242804.4453698
4cb9319ff5adaa62386b713b,622581066.3378925
dbb30f9d010677de2aee1b71,575892533.2502544
0b54c51a787fe58bdf677658,616749221.0756297
5234aeb6d817b8ad876e50fe,534217007.86449367
77359d0d34ba4c9d825e46ed,551503594.1904556
b84795015be5077f942f5170,558272918.3964852
75f5290d61164d42b39d9d51,537445770.387396
b46d50c84edaa7feba938671,622581066.3378925
be8c05b72ee7867fdcb05455,602311469.0488452
356712646865d98127b92a57,536405819.7351184
ab765acf8b87daf1673b3a97,543815940.2759176
3a2cacbd3b4f9a23514b1433,606276333.2273557
3c6d485d7b01ddd6147746c2,546580199.570186
054cd21c3b12f165bd520313,574031656.6273272
e114160e3ffe6a703eb42440,568891030.8352501
a38b2d75349c56ce04f02a94,599803350.8797591
71fdd2b1214b9371ef149c1c,592886743.7982552
10970057efd092c98037498d,544396784.9140009
7543d0e85e6328ebc8283d75,526231684.0620357
db1cfd89dad114c11ab2d409,613122278.7610611
760f24a443eb01721c6ffea3,649229549.31707
a1508f30ba87423e7393b4fd,689733366.2388812
5814dc311aa87b24e26aceb3,744956403.1730562
f26c2bb4d5787541e9c36463,670166454.191971
cf07a5af6ee98d735bde14bd,664427338.0949479
8b716c3dca89b7caa7db1aad,706850664.7167941
df89e7dea6c313b0cc262249,621943565.6577042
3e2c1d2cba8755ffad9cff27,617751446.6260928
6771a8c70428fec0f21d51a1,640075635.1385286
d8171d498291341094daaa39,682674829.1763669
3d43dd23536f843c2c5bd268,690627211.9023532
785dea91d94ab384bbd6ce3e,679355693.0548259
6c316d2bb84fff36bb01f14c,683703528.2677557
08ba99aa6a8ee752209de6ae,634568519.5493585
d177236e8c725d4405025916,661862806.0353888
9a6b537a7319b3446977919d,694087205.0009106
e2e7b03feffb21bad63eca2d,660457776.5193615
f2fa898e1bcccbdb92dd91e9,757854971.6434873
2c340ee014e39ad0fd1309d8,669759924.2265893
7ee83e5d70855ed21455b6d5,700168932.5405399
fdd4b5fcf9ebadf96545038c,667749382.2082444
512b4ad817c387bed877b7d1,668407896.700292
3ba644c7be754c21e3cc48ee,651884777.7442571
cb38dc837baf3e0531c6c115,746198379.1478838
5e931fda1e62fe41ff0f2ba2,675368627.705758
0ce9a7d4b0682dbbca68e070,637779717.2691116
8d114cef336100a8d8c81ce1,771292994.3300703
ebc3a6574ebc530ef715ea7e,652725971.4336095
4c2b14bfeacd87b878cbcc92,764342399.2444589
577b17cb350bd2a646725b6d,723172101.9227579
0dbe463995c605bcdffb133b,805538092.7397959
88f3f39ea06fb882c69bbd10,644202712.1686711
e54567ced41a40938b85485b,775718728.1154398
cb6d29f005078d4d4efc2d04,748548690.370792
1d0919344e52b315441aeafb,726905200.6221484
62c39ad30e9a26d8cf3593b4,673101478.6911312
a02bf67aecbac445a12da958,698013394.7809017
06baade01a74972cc4a419ec,621055650.2987598
3943b64f9550a575f15d6d29,692138704.3776773
b62d64605362afc574ea5b0b,887805810.286796
0ef45eb4356e2f0331ad2457,814927481.403329
6700ad4d4d7f70def59a5d59,897167286.6692622
19ad2fa7e170c67870ee58f7,825178779.1425925
919c1e281329379c4d130416,846082184.0919617
8a451ef547efb90a8fcfa6c8,852653433.1242286
5c208e5c37aad07602f7cd7f,554712279.573378
164fb89266e40a2530400599,503738615.99922556
5fc0f0c4fa019b6f1b2a016d,519359367.32616353
3b16ff50ec7fa717efbd62ab,549248188.3008897
30e6d4e1c53e9e81ff66df43,544396784.9140009
cdae3bf05372c13649a2adc8,526231684.0620357
170a69c11cf4f855ed015bed,975316505.5042105
e14b31f8a454e47c383cae94,557831836.3199794
14a8134a56af1b328321cad4,559659053.5472686
ea8cc21bf7d48979bcae1458,605396738.7666359
c287dbff188e95f833ab21f0,562687290.167439
2cd0b2d7561919f0223608d5,532525737.14400405
1acc5749203f964fa8b2092a,520053188.03371936
9543c16bd5eea47111e6b266,558272918.3964852
d415dc486936995f8b3704e3,551503594.1904556
ab946dfa5b9d7214a3756978,679355693.0548259
803711fede531ad1621a6823,775718728.1154398
f83f29f28978d7dd76cf5942,764342399.2444589
4bf284e6ba81bcaa21a437fd,621055650.2987598
d8ed50fbd5ed46d36b3d2dba,683094863.3113301
b40128f5e17574a5d3da9a32,661970405.3840823
506d4cc6613a07c313a12de4,549240058.7210023
558b7d06789a1c8e488c38d2,550267735.1247691
38410183814a757520143737,764573070.1511914
560a750cb6f8683ccac4563b,591301059.1961408
48740edcbe275bed3c82efed,613245861.235458
50b2bb276e598c9cfdb42b0b,535561500.0534987
302adfed183564312f9e3087,667749382.2082444
063e53d45e5e7945f1f10fc2,757854971.6434873
6e2c39fbeb5392e6aee9b644,709337110.7558452
8d6c523d4100ab0c83a31fed,722822069.5634512
6d6aaf30227f16b2be29e79c,689733366.2388812
e73e5e75cb18f52dd7239361,640075635.1385286
dd625806063f76dcf53582d5,723172101.9227579
a4b16572b8bb786561baa3c9,683703528.2677557
9446f801f30e8b2997fbd72a,700579442.1674815
941569c4352c3a2e32c908c3,668230661.1513034
8b4c54125d9165554e4123a3,689050004.3679717
d50f33fe5acdaf5caf1c6ac5,568980596.5106717
46ff039321805b51870c64f2,682911232.6625855
1ac6c220eb690db798a3d4d5,653697464.9586935
faf872c4bca132b52dec368c,624846085.7409261
d92232d77f7a124e7ff13ee9,769596701.1985124
f9a136d7944cb7768b598a88,561681883.2435964
e03610db09ed7315cfcd64c9,522100450.9654857
8c51f1b43f15b70d2a294918,518606356.7988958
21d141a84af5f0e2ade9b0b8,572403514.3452196
55c7cbf5e572d2342d0d7071,571843810.8231174
54c0e5e6d368ec51f6e75c1e,594063209.0869182
434ff40bff8fad0962ec07e4,554271732.0644166
0a199d5741b5a6213b39b793,565784259.6038792
9931470b50580f51e1a4fac7,518321708.65369856
89498fdf642e770ea75be7d8,578003296.1237458
aba39002de605f9ff34bd542,550168396.155035
0c1c0ba7d75dc4090b7183f5,661689422.8077056
2ac425aa592565b44b25cdc3,716185301.788615
c0cdcb5f860e3a974c401861,772379267.3089356
4ec741bc6ab20515070cf1ee,713966406.5726323
3d4c48167a8de8cb0e4956f6,651840634.0297918
f5741fdd9f509d3bb02e35bc,678397223.5331956
c1d0c0846ec652774ed5474b,733602341.9408052
ed2c02ddcf0e54789d9d2675,726161744.1202043
0e05eba6eed4e55e89dc5f14,638230310.224765
b29e5a75740c8439aefc9321,775906622.4783899
218445f989b2da5eff4029f4,686322280.9480764
0c7da0c2613129bc322b1da5,643370720.9776878
a41210034abe19957b317d1b,648329059.2734499
0cb4217cde38e09571fa73ba,679571149.5050278
9df0663317db1cf4121a222d,859788220.3734301
62be98264dbfd418ba21cfac,817323101.1472644
939ce1536f15c0e6bf203dd4,896975486.7679819
d9028df78f9b14a720dbaa8c,896975486.7679819
b05f4b5fae2f2faaddb377fb,557646129.2423435
65ac61968819927b8fd9b990,558604939.5971977
1e83b53963792d7445e19d27,854565860.8689963
72eb1af691a950fbb7e8d635,562660753.1100703
94fecb92077ffe3a72aedec4,533424832.56462765
f660a48b0eb17e98dd77c0bc,557230812.6872429
27fe3fc3838695ce34c5d287,530546256.1392648
9ff4b1fc1970cd5c102cb755,673980542.6134369
b54940561992090411749db3,537344169.8009835
d4990842f549d8139fa94c87,636426015.5473125
f6013cab49ef9188aaf87972,733615749.0438913
cc2e8713dd087d3b842d2f11,517076125.26883334
fb8aa6b6c5d2499d404f3f73,557595006.3777586
6a8b9fd89b745a52703715ab,539376585.5298212
4721d06c49413558bda1fb68,535974725.1977217
0100b3a412accebf6a3aa4b1,535484946.42023736
215e8852679b9cb6c4029ce3,554098262.5444671
0afec1b2e7060b99dbe41a10,535851561.25812626
4ff17c9b88aeeff105b8301c,531190415.69083476
6eee8548b87c9349ce90ac2b,548595763.594421
9b264d26a196a76951308cca,562952245.0307393
945fad7539481410e8bb60e5,522100450.9654857
f727924f0f35ec9fb58d0c31,528871911.8451389
c7876dc81e250503076f43f2,541351831.0076222
e4f3e425e9f6e393999d7a08,605754783.7488177
cee1833e8964355b9aabbce2,801826449.5914503
9a1819c45b01c341647a2410,558575713.7552495
ce95aab452311a0cc27e0c7b,645960279.4749365
e6eff72b7c5b0fc2677af2ad,523961271.0664773
3b368c10d243f6bc9c027061,527066240.5173349
510c03bfb80d92d180803887,628203324.5962793
664934c8e209352d2c79c971,553200676.9369813
689ba3a92dd7c12f1965031c,547748064.6332644
93d4c413d2a1ac59f1b46830,542917158.0705985
08b09c586530266c14e611f9,536952539.4906588
7157dafd306fa99e4c2ad233,523457933.23973006
74e15493f395fdd312d50cc8,516594552.779879
c34c94e7129f84267a5e4fd7,581189629.6459422
fc0572d7185e132770c3bad7,624193481.8398086
5c1bd88edef0a4146c871fcc,535869505.6010108
a28a31f7d0e3fc6298606078,618250544.770638
f388112376e68ccb2290074b,583061541.3424904
05d1c33ea8c89ded7391ea92,548439985.5213404
dfd84193c81ca8430fd27ad0,624193481.8398086
8b89813a4ae5f9209f854be1,652736482.4237446
d7b9566ffb28c753bea96f0e,645666354.6144414
8062b4109c12a95dd62bd43e,626357591.3277901
6d305d6f3e3c2a53515d5f6d,679716821.2674526
ff143fed55f12a0105f9f88d,626357591.3277901
0fd9a2a99c44c9e5565fc17b,666349875.6646159
7f85c59323701ee0e75abb92,581684808.6252885
19baa03dc4143a83920a7d2a,803136994.3904268
bc23ec33573f28442b36f60b,566438863.2002823
9957e5492f63fa295772246b,750664765.4744997
62e376b22a4cf0d84b7f6bff,591418312.6346952
0867853879129bfb46dae700,614107963.616146
92c5129009b7e377fa004a93,721038921.4027977
6b9d38e0b9a3e28e3e695be1,579176066.2285951
b6da2728ee41d035da57c822,667449589.5177648
adf5879151c7236f5e055e1f,717871354.9474092
bb31607d0bc3ee4a37fc912d,867010265.7565439
3ef8fee6a5cf42827d8bf562,653142165.1234065
e6016afcc032d20fc9d6f2be,938060420.1106256
f3962b552d34eb8bf38b4763,784402221.6954203
bce7369d51094d3a9d3495e6,674121017.9599353
55bfd350162592f2571e3a0d,690660218.5319117
3f226452520ee8f04e306bb9,678652883.3783286
b16fda9be5edaf4cbcf07122,579176066.2285951
e6f5ae869a5b7a30e8f0fd0d,670594464.0103099
ab0babf6941ef43c35acb951,580930641.9556919
3bed16373c8ae820187e3d5a,674306817.364575
bc1335d419a1c0f6e6860470,694994171.2163666
98575cb25b358dde32ad042a,665986357.670876
fb50f2f13a30fccc3903577e,754343654.6252613
7a608479334951a3afdc655a,926089343.7973648
9cb40496518bb99a7a00a2ea,861655701.9363905
a69ded1c20e05bd6b3a90028,721251400.0461583
71d422db0c0c638e448142bc,619160461.6916307
fad033a3c81708df7b6ee73d,764177366.1453536
99fae85157be04554b236007,521596380.7215497
dcd314dabc7d162cfc29c81d,634320228.8036921
1c65d5172e53b4c7f1c4d6a9,716583254.1335105
cb6d4db44c789fcfe8236b40,712583025.1199986
ee2c509989c7155bb472c5b0,754189683.9084045
73b60c9053ff8193c2dd2823,588422733.8878968
2a487cfffeb12837a5586a41,533010404.74155945
c9d285946ffc4c4b3ee95da8,704190184.9904768
6a21be8a7a429eacb1de8c1d,579870164.4628037
2a7fc28219bee48a2368e730,701355028.1024517
5b169f28ea1dc473ddf11580,518355258.18386173
58b3ab31de2f9fdb0da0dc8d,760666520.4898001
2054c61f0162a18c6fa2291e,531306106.53165346
39940234a26e7264b464450b,584234388.2511232
550157aa4dae5fafc5d795b4,672314626.7359308
ca87bd8401c0c7bbc4b3f286,597772089.3575588
a8fdb6fb681aeae4d5c22f9a,594553271.9948635
998c864a446f06d114f42fa2,783088214.0163051
bc57535516748048e38d4a2d,676973009.3081777
ddd55d8001b809f304883ce4,538526263.0204475
b9fecb3e6a507ba17764c303,500847816.7469065
4bd30aa3e2b4aa077ae27490,562588930.8165232
d7ee2851bb69088f851970e9,590529408.5359696
40eb0c78da8b51b53548d914,727346243.2038119
1097d9a61690cc58a4b91e62,570629629.0797424
6aebff5b1fb3a438c2c7969f,567211134.2528014
af672710affcd7e44eee9ba3,566246559.504433
fbe3b74f9e11c829d4dc69d3,755438736.0316024
6b7219005737d8660d134ace,717118721.1839204
042bd2cfb2d33467149ece1e,631733545.4366294
d5999beafbdc8acc8a6ad809,525813590.96073675
4ba65b1fb8d8ab0a914b0b8c,529265767.31175953
230864c9c9c5959f9f0d36ee,572745025.7713479
8520fdd4f5fec0ba861ca9ac,508043382.21587235
447dd594fdadb1b12ab32e6c,537351849.1230695
3d405df6e5dd012419f43ba6,718879586.877847
e120c33346ead011ab7789ce,526573519.3662432
505740f7746e0154932dbdc0,540135271.5266684
e9a427f23e80fa59d9d517c0,528604179.99202985
97388d009acd9e5ad49e7c4f,531282345.94415385
a100f050c34e438070ff487a,510150038.1604346
96d14a1d29b7abc2cad573cd,586398836.4206167
f69e25355ce3887bb1078fef,530271372.75380194
86276ef138e0babab9863276,573528474.8846047
344f3bcc1acdba48c12f8441,590391695.2249885
f3dbdb2b69017cfa026ee18b,596709760.2223786
ba32f2964e8b68ff5555fc34,649426435.2463714
fb7154b2dfd2a48c13ef70cc,601853471.4842267
089dc5de66c6c4132734b9c0,759891054.6147455
5c2ba5028fd94a6b9859de70,674273368.0847076
e8544410d811163a13c6a326,679207534.4814827
74d8df07206df08e8f3dc232,670990073.9514047
6fb4126e3ff41b8052fd0657,629119215.7783935
ba35cce2e715bda1684c937b,717916392.9336275
d7997b9126bef50985bab347,527561335.7568463
da3aafeb2d0105f8e09c051f,552112183.2789732
5daf1136686fc538db40afad,492454554.57897806
88f632cc304cd769e2d4be27,504310684.356588
c5dc941305b5fb59e66479ba,534622992.3233686
ec422df56b811a0aa42d8bbc,534622992.3233686
bc8bd1feaa8fca4c52e130f6,545390303.8755043
60c116411ab3cca49f7f49f1,526908659.84479266
75ae43992df8ef41eaf9d98a,538522191.9137968
87ee5c7c49ced4ec99f44d5f,585542367.3895559
918f56ffe325f21522cc60d3,533043764.387624
dae09210f48e5bbe0d31c728,558443033.7180129
c1ae2af40e1ea9da6380b8ee,565388157.7766106
e7b717278f7c95cbfceba80b,552168142.9460125
387f18b1f01b1aae536752e5,545507539.7874905
c036fb38fbd2d1b59ed5b7f7,563573740.8329203
76c510c0ad11fa67f0e9a4de,552461260.8626099
ff46d9f7dd86b8bff7cc305c,582056692.5222976
23d95cbbc056b4456b94c97d,584989230.0342274
fc65a77fbdd07fb490ad870e,603554210.346314
8f0a61533b6a01badf43b6ed,585283306.4294226
c26990b034ee83450a4517b1,740280375.8914555
53ffa19a09c447f3759f86f3,797617645.6548749
86d80d3757377df6f2b8a0b3,778905358.0138474
c757b3960436c23dfaed4f2d,674835325.0857828
fd1431e595693fac0406151d,606012071.8240907
42b6cf2a5225dc62342d3a20,754721285.3662852
6f8a0e8f1bce0243ea50213c,762555047.499275
02277f636716264116015dde,646954009.8157604
b72459ea34fa22d1fd012dc5,663796459.1545954
cf4ebcab3fe4d12e1a20146a,690579772.8704252
ae2c10850b4a8ffca934cc72,705747254.3477077
0e22a41ec27869c8f83f9be9,649775734.4966179
22a43024821ad081e654c5be,871288235.4191246
2054c223fcd48a48f67d02fd,524919842.2262832
9af6ac77a9aa0c6da3cdaeb0,531988616.0447705
6601706d2133f96aecfcbfbb,511447012.1399757
ce011b7462e9be36184a2984,544758127.1018391
f759f71e444c16a59187a067,534848735.1833572
84cfb0342a0bf2c6777de39d,544249534.4427673
760fd4c893a56a4586030772,533414669.1272485
fc174b19baedc11f78b647d2,614446072.1206747
aff9e510eba008f3ba5c1847,598974385.590325
a5a4c0f268548993b61d65c6,589154740.9136064
6cfb8a07fc1100569413b33a,534985747.8374808
94301e20cb91669986c4b34f,614379574.3669641
52c1ab7484e412ccbf5d57a5,658079693.1557864
2538cfce1c108ebfb1056c8d,657248351.2145839
d57541684e5c00bd9354cc35,637339111.4111947
123106a60208725514f3a343,759536229.5420381
7f2a2959f5ae816761be658c,664226048.4627599
fd5758238e7ec91e415779f7,728548153.784564
e3197263bf47b3d37f027e11,640153536.2888138
8e5661e79f4fc282abac1f37,703790442.9825971
cdfc387f8246a1bb3110d724,670254106.4951444
c53f3bdfe8159bae98ab005d,666200994.904081
200ea08f57fa23013d0e661a,688446848.204479
603c736378e07570fb985ab0,637789948.1640166
cc019e30685c91634d2fd4f4,716337205.0445628
b0d394d6c9b8967250854c66,670387466.1837467
f7a79e1211fc72e06a3a82b6,667497484.9088494
8a1ea9d91b3d8a66c6341243,846567225.9833866
22903633f8c4d91158f65c58,820165029.4266982
bb67d95fc94532b1fbe80ba6,856536047.9465356
a8e696037f8747f562ec98fe,805940290.0954758
72e4fa00e8aab44cf210251f,871037698.7365025
d70948f87875325380885803,935821721.3458797
a0e53cdd1132bd19b8ba0c54,529820221.4985647
882eb7115cd5b8b09fca0e47,570287419.2109611
529d6599d8a64c63566a11e9,526071535.5150165
e26eafffe4ca3c22b7f4a272,587489328.4672192
4e4abc111c07656e5bbdb0ee,539448752.1854024
46e7860100b0c09a6a475b9e,559629361.3199044
7bfbcfd0fb8f5b6d553c2d0d,545754663.3680785
5fedc401fc32ecc4d9ba7e89,559715612.1746025
aee8b22ecf19495fc5894a08,545754663.3680785
313e17c442fa3040065b7489,634831856.1177853
26206185deb023a344eb2e99,883715152.5568318
4a9e2358d64df916e2cfa213,547502263.946524
2f6515defc3b21d82e0ca4dc,519124535.95840895
a9b18720f68c7002dc71c3af,530158701.2711276
af911ba38d5376a8aa53fcef,565576096.2757672
025b094e1ea7248f4aba72f0,530832389.15551496
f81aa0f575dbbacdbdc681f9,526015636.5678024
848067a69d18a171e7fa34f2,523281833.6336744
e22ca3f1c8073e246079d57f,557239801.1114918
11444a88bb3b230b4feb5b58,559485834.441383
7a9264f3a12de839a42c1783,538896719.7596811
6d825b439d8622ab90245049,626327500.9036922
d2d317f2990465269ef58c41,544916700.3402135
2860e4435c857cc8a661ec97,632036967.3022765
39c70622597e64c4821d0731,612144308.0968144
2d6f5bc20de99dd0bd4e34bc,623135039.8894455
37ac1ae3a7e2a3319eafbb58,645156224.4424512
fe6fb32f623a9e3d5586a8d3,661109383.1252445
501531d637608f7098ba6242,694986276.3981363
69f59487924240bac2e75bd4,652334846.0919243
358e1287e24c3c4fb353315b,645114126.7415196
55e307c88e2a943acd64a9a5,890321493.2970216
19105db21495d546e6792a25,829492864.7715955
375419559910484b17782b47,697246702.293268
c9d254244e315974cdf5d921,650820356.1544486
adeb9a6ac3d357bd96c019ea,616864691.1924369
b08e0cfc5bdf5bdf5068ebdd,878004467.1711382
8da2439f391c6db92b9260f5,821416945.5675406
d0751cb5e704e28e03514fb7,848039353.6775818
9051c6d14018b4894b560e2f,804031676.3405384
54c3eff286c62f05ebe2ba57,591147303.8867456
975ee5aeee84593bbeb331b1,539731516.365692
5102f4786cc032e24781c7ab,884041350.3742828
cfcd97bfad6e013aeb57a2a8,748566768.5227082
f304bc9e9edfc24eeeb720d5,647369764.5404804
bd05a6f6ebf924adf92e5577,931149960.2118828
a7b459470ef58ef3bed7437b,551800875.1181266
37e009a57645b845b1673b8b,556558110.4461268
b70082fdca35092802f8745f,536680904.8470581
8a69b9d7461107db6d16d1a9,585618036.9161453
adf055978a7a8e9bbd88e741,562194717.1208777
6c02bbf7f6b087a1f0c8a47a,514866903.59040886
d91017d9c530e058ace2e017,565227274.3351933
89016540f8b3fb727d863bec,652550937.5710957
506b653545eebba4c8821588,692366534.3954508
01fe5add1e7df4b15dd73bc9,635218510.040115
4911d01ea0a4505d5db5bb2d,821202163.7777758
68bda8b092d5a53a35dfaf07,715845292.2162397
70bec150e1d8ac537cfd90e2,692826750.1800474
0e21abdf04b36e5f6a1fc337,664779884.0954674
f53efb47de2bca5912ad7517,882643122.7063514
82d6244acae149ed9ed88e8e,527558668.56617695
755a4fb96ff2b2276836f49b,575866550.6282887
f15ae83fbc4e4ee3f646b4c9,554924020.1699007
eac458ffc1da75fa1a4ab384,559454202.3709288
6f7bc7fd41ed908494d8e098,561801199.9972479
12d1678bc86ccdcc8ad756be,684294985.9268031
6e07d31b81f3fc9b9de8e1a8,741573912.3235686
6c618bfe55cac120a4f1e08b,805512934.751884
22958cc4622a0050d1aead77,555210822.4764724
c7c3da1f12d872a3726736f5,532148680.74298817
ce30c2c7cda56a69005300d4,571736450.5615317
7a26e5936765b409b7b73cf2,601976923.6198648
8d5a73b1d27a66b3f72fa662,622534385.8155011
3b8302dabc47048245acc09f,625269031.877599
909182c92bbc39b00536ce6b,672124788.9862868
963da21c3c571d7bbc36f1b6,762256497.6974435
a73504d5982fef268f5ff589,760681903.594187
50563038c05963223b459beb,729961199.7573928
b9a0058c58cabd619e226178,855407437.0376855
0037d98f6ac46a86e36def45,555933850.9357355
38117bca778373247df86e14,552290959.8223599
4eeb8b5347526d721092a7be,578383384.0247574
0b6cd71df4dde546e665f865,578383384.0247574
bd066d5d19d41c06b904d51c,577983237.7058482
f10e210fc04e3fb073568323,578383384.0247574
9f504cc4e6b170155d38c687,578383384.0247574
3e4c1e6435ea1a9c3150aed0,552290959.8223599
052c93502aa794e0574db9e9,578383384.0247574
343f45e7d178eb780a9a9818,552290959.8223599
c0c4fa199f0ad751930cf78d,578039174.8475606
5d86154fc1769d4dccac1269,577878412.4600106
e1fb88779e55aef2b66f2c10,555933850.9357355
c26af6fdd00a85a17b823d92,578383384.0247574
be3ee4457a26c6b6ad4237d7,541927715.9048305
9bdc79dd02cdf39f92e8c869,555933850.9357355
1d4bafec52ec7575161bcbe0,569106030.4456651
0f15a78ce3ff90b6894fe3c7,544516901.1613706
afa5698724bea14940667231,837262891.8715912
4d8e365b35a6b8ebe6d7a15f,548926760.0455943
6ff848f65f2507e58cfaa231,529778154.81279117
e13947242fe19bc3925919f8,515867458.31271535
c02caec41084656408c2696e,657813217.8550848
d6fd079beb9f759fa4c6886f,532174812.7220034
d14f7f939468e641c43abfe4,548240106.3817701
8f6076f8ed13e87862d82255,562184584.9960713
8d5e662ba25a71727f1eac77,656004458.7082986
bd2f9648ee9ebc1fdbfa53b3,801935324.7313302
da8f986b6ee6f594780f4a91,656004458.7082986
af7131ea57639ce5aa1e102f,656004458.7082986
30e10a03626eeaf8bc2c380e,615378155.6748681
6caf180e36fe18078703db02,556824722.9773501
a40861d6573e4539ee3c23e5,916045783.4165334
d5f905cebe05262cfc44bb11,765436902.9008266
809800b56b7b29399986115f,545445599.8463813
6b2d7f88f15cbf7d998986da,595756101.9226136
a0ede3a514cede68b721d994,568435670.1722286
179d467dacdf674a66c7310c,849500870.5409759
97f9cfef1e35be84ceea2a46,720284773.3820142
b7e01962fda2102f1402a444,739059528.7218287
6665e5bc4774d04321d1ba9f,546976903.2143335
6c09a3ccddc797f77d63f1bc,677117353.9519281
97986583e1c988373765eab5,789727555.676454
56807890f8587cd75893aec9,633359242.8809565
0f2fb3cf22613a339c88f7e4,552242849.6440352
a967a4f0b1dd36d7264cb408,649203357.8630197
08ead1ac0b9b30c2a72db17f,714487252.2379787
1b989360ec91f5da55806bc4,672809732.0202808
b289cd856f9d15493d31ef6f,616842009.8545027
88668347361a227b6dbba15e,846627178.2616531
ec3f1679451b9c0037f89386,649733406.2617955
9cd01a5cba1674559752f5c4,673194582.0117551
2bd96c7fe678945fcaf9662f,850814418.39242
9f118569fb8b084f0615fa22,548464695.7297887
033521a46dae036839ad6c90,513896085.54695296
bc1ee1f8ffe1ac88f08e2459,572577794.9237299
c62886167530efe1f84086ba,564012109.9070145
d58f191c74d26bc1fb02cfe2,562463879.3071488
981b55d5c38361caaddaddad,518496782.86701655
ef26c0f1cd9e3203ad16558f,548557484.1368371
74cd885ec200a0c21fa9e03c,575099008.0083804
fcfa51e5eec6829b9f4f2c59,537493283.1811037
c3bbe8c09f5e58281dddd412,536798071.89849865
8f36d25584407d9e3c326e71,543429294.4853206
51f4aec91124a9a96f4c5372,601008121.353808
b7becde9261820feb7cd926e,769978020.9266235
65070c554133f2b4143fe051,740406503.203926
c2a2ddb94f60de25378aecee,749861461.1255337
5ec3abf721e13b0d55829bba,662218707.8382418
502aff943d74cd4cbb976dcc,644202502.9552989
11e6e5ee92c97e31d34db891,732407653.7893635
b1589aa1f58f6dffa93a3a61,667283100.464731
783ecf989538582ad008fd95,697446023.14632
1770bd5b0a07a6aa785e0caa,575717418.3897154
53715a484e20d6152c76fdab,598369051.7778889
ef73428a38c201019267afb1,560035624.0080268
932a93e3ee2093d7f806fef8,572964834.0392153
00e9afbd1d27062a7bd40a3c,667701506.383872
a11a82cec7f8a243e2f90539,653697464.9586935
e4a70600296b0bde6c28fb19,624846085.7409261
0a1b1a3d68b04cdcb2d757cb,632840690.659009
7c06a2f06cb4226f9043578c,698159745.1656178
5e113e1e878da12e312cf875,667409701.0822729
a72f5204153b7c92f52d871a,769596701.1985124
fc17f35d300be9680971f95b,563228764.775003
13ab6a062601d40843de37b8,588031347.0992167
22abc78ce812c519511f8a4c,571322278.939724
faee4c33e892029b79b63742,555858662.7411761
c8d39eef5a5422e0da4172cd,616162955.7144873
b13683c625c97c23333269eb,516763332.0058942
00e7c5894c739852052f566a,665648209.8089422
2703313a3e5a6fef2157928c,571959687.4052379
8dd453e986d05c6c1dd104d2,650118140.3085694
22b34331d7ca2ea642d29946,634152772.377155
23187388f9d6e2bffb88b9ed,568096963.2221656
6b49a668de0edbe7f8110740,775854421.9779104
ef0e5b23069a9fe377b77ccf,673135665.976025
c37348f8247ade33ac513855,622023580.565556
1d19edc1e0d907e5ab0899e5,536697019.90065116
c73ee8d419b96c6e7c53f95d,560528194.5195619
6251cda3676ecbdb6555c526,893948929.6915011
d12d6ea066b67c3db9b2dfb5,815129552.9909573
8ba4e8e071e458a13efd179a,564370152.1768876
9b8d798a2c455a960ee74503,551542721.0444659
d663ca1a0d29b4cbc5cae9ce,602488352.0829988
dc3b8d97b11cc2af4cfbcc79,773066757.4807111
7d50144c4b2ead9b7b9f594c,645353452.2301962
ff9cb7bc0b972d4515ea3837,531756344.28580624
267e46cb9eaec6c7009348b6,532905611.50631803
1769a8ec5ec94aedc397b4ae,552468242.4400048
dadd9ddd29102f529caa3bbe,556852545.9721304
251903f4b947b337e0134415,758810218.7033653
e1b753c283bb9c6d4e438bec,679598647.8465533
16fb51fd3d35db53eebbe5b8,703408543.0932794
8f543f9c31af1eb17ef1e353,621496735.8546842
20c3cb2d4fa486b23eb81bc2,583911676.8177072
6fb9e9ac6d44d3a286f317ae,545064659.7219834
15b57b0ad8794d64a2784ce6,559732701.9021622
d9ce31250d4ae25c3b850124,599388471.4242303
f90efcbfcafe544674c02586,719613311.049391
05a98feedbd3f422bf063112,747654569.9166766
ea359d571ad0c986f826d31e,662969907.084037
b02f1997e6e6f97dc808b8cf,625028659.7910733
307acb7b4044cfa5680e4227,706523270.5995274
ddce386b0ad3199ca09aac93,737943156.5285757
9e28972500d8ca3fb3b76fd9,666878564.3344779
687b1dd576eb7d06a08c3439,544716496.4878267
23b2b5b9f5bf3e1208f5f80d,695537574.439795
dddaba511b6a18f49b41c1af,716818877.9637508
874e3e3ec6f67c160807628d,756650768.1642433
67ade5109553a9d784886a46,680437784.6086107
6879f05563a9f0748088cc65,640400396.5530633
dce05cf86b42124fc93d41da,669977314.9639207
1ea5db844a6d3a926480351b,652900975.880459
4e9acf6e9f80f65178766740,625269031.877599
a35450284f8dc27e0ed717f0,672775776.4681462
069499abc4e393fe540777b4,516937035.5267616
cd10d6e28fd7ce92518ea31a,760811989.9040092
3edc0e70e7cf6a21be2f0d53,531451982.98256934
2e2ff1e620063f416a387058,761074643.6731743
1ffdc10c53bb83d3be84c327,540138070.8737407
3c95dcc4bc3788b4cd5602d5,535140446.1696875
aa592f388454d575e0006206,559826689.5912341
f7e5bf5b0f6157ed1f604d37,518388904.3679456
513c6ea5a3c2c560c409eaa8,628431483.9590292
7cf15f80838e8edf4f9cdead,678879113.7099793
49737c7682eff2513869b3f7,605698050.9423344
4e8cdb49a2bdf68ad8d12625,622785569.7524961
86af11931b004aad3fd27b88,535982901.527173
90921c9fce21986dd23bc645,773779943.5044279
d79d71be963d418a4c9dec68,632840690.659009
c27b2b735106bd5a77a15616,662581399.64447
b6129a71f8e320aee8abd0c4,662581399.64447
26922ebaf11e35a7a320d30b,667409701.0822729
23f859b889afe2639ad55a21,779174997.4725573
ddf47d32045769c0596826db,667714636.8648684
1d0c635770f2e51aed4c8664,668167927.8046504
e6144e15d5cafcfe87c07c9a,539426289.4428455
a7c7923f9a4d004eab43413b,709336608.24865
42b3b56289972176c20c4990,522695296.11876214
b63f49396431089dd646837f,585606916.7843665
e0b041a39e732783f98bde56,875192896.6316018
409eb9b8f2ba87ca299a7f6d,518269419.50205284
1a46c13974f3634ca6dcb51e,595072940.8479568
4b068c79664179605b145a15,589279026.8713756
afeba13fa3f81249549cd2eb,550708190.507267
3a3ce11d981d0893ec732e22,535982901.527173
ed68664efdb7377c33f4010d,670236228.1739646
93de58cb0d8fbe74b0cbb556,710321876.9501493
faa204421a94ef95b79eddf6,662581399.64447
acdb13c4c8e2a48b0bdabd91,698253841.1325253
5271cd1cb962066407490051,609374627.0439758
933251193ded6df07c83128a,854659966.4262027
524e00e537f841c13497cd52,667759850.5601174
a9d4f256527be98066c493fa,656397579.7334186
2207c1ed62f59d6eacb3c18d,540656866.544485
97ea5dc81ba49ade4f8f580b,576587434.8608005
72488318dfb2181843f17c03,674498893.1423674
76698030899efea431dbb81f,519988486.2701098
e84888d2f22e14a5016ac789,578532650.9116011
d9398ef84ae71419cb7cc82c,567601927.6454906
6d32649478d9d86d840969f6,570978435.7044696
81600c1e6b6e3ae770e40b28,677421720.5115919
68075b0ac8e779bf5e66dd3d,569508272.4326954
6d7ac64b8b9f27f61fb155ec,540756577.8658193
d3bf3146ec856cc26c607d70,579949651.5159636
d12298e0d398e9d21d2e2eed,662329730.1440179
97b69097fee8d8496a6b8c04,506867875.5970461
fa6e53a7107c0e33e3d505d1,818717134.1016777
7279c610bda9354e1c840b0e,578532650.9116011
6f3070318ab65b867b2702f0,540887619.0659024
e08aabb998103a941d24d0a9,516736869.4536886
415e1faab81016a460db7a0b,536640497.6773172
8b871cc48b99bd4190877bd3,555933850.9357355
7240bbe28e950ed75637b504,535644434.483511
831629494c6d15d5ff6a00a1,555933850.9357355
1cccddc33bd892b44d7e4b7a,577822294.8561505
f9cc6760b1112ce5197bf399,560742818.8561355
0901e845b6c56d4761377a09,570126225.976282
2a33fa5b25963f3dc928f668,578485519.9887675
83e9507b9ca2987a21d1b195,602707596.9055576
9381bdf491d48236e84590fa,664406908.9426335
c041a933261204155415c2d4,655553539.5333388
a1cd867286d6e82181e5d1bb,656004458.7082986
240d2474c81482baaf79b6fd,656004458.7082986
ddc1c85af165e47502447242,739011179.3758441
58f02c785ee9a506e899b967,865083074.2797599
8b353ba6823f4f800635f0cb,808018319.945005
68cda50b602acb4efeb275a7,924119033.1187018
96cb3c08c80815907de81e73,546025640.088161
f54dbd8f0aa752f79c581e5c,651947041.3527687
52a438d024af0d5c38627ad0,568413900.1732572
1b5db6af0a1c0f7787064020,622883849.680503
84a7286c91f1ca3ecacdaaa2,601421642.8344595
bc6d6249873222ac7f22b73d,660941526.3114424
12501015fb631d7c10ff08fb,589307586.4744971
85b633e09a41cf22a10f28c8,618673512.3348435
7acb92246dbaaec1cc7b423f,563316625.7843004
bfba8fe959dd2e44a4202943,573427200.9239551
5325f16558ed6d2689bcbb46,543661728.4948763
d4653d505cede3d24e258d4b,573427200.9239551
5146ecaa8b7ed507c4f30785,769586036.8303457
f5b9cbae30356fb3a1d005c6,893551161.4629992
205ffcec56fd884ab24c5600,755521111.3552215
ae7ce478fb66882a2c952012,769316874.1370558
efc9ae02fd6c3f18db866cac,829719262.5581369
2221052e00c236f31e6d5a06,526230835.702312
54673ffd4971d04493a1b1c7,562240376.7466812
b0bbdcf0916b246ca95c4721,605753393.5914211
1ef15e2b882a0da85858269e,676287202.6139705
9881fb167319b34cc23da955,684388528.7959925
9d2a195e645a9e8556683b4b,583384091.2224114
14acd96163e6b3e17177f35b,565620454.1710281
b2c5af8615b8899deb16c896,547359867.3348786
4c40683e401dae89f6537ab0,556507664.1229455
dd007a202a0a3d56ebc4868c,599993195.8008022
6d9c89a406cf2e755d4172c5,529683862.7506038
7387e7e385063c180f05a7cb,547359867.3348786
9dfd5df5a2efca3fbf2c07c8,523862294.46243626
2a9e75d221912230f98485cd,706394957.4405804
86ce27f9ca03821d13030f18,774509857.4698924
3dbf89c6e97182647bb44e69,716523369.0247861
eaa4893a313d85fcf38dbb6b,550641271.2481924
c57e1c323ddeaa7475e5189e,963388289.3337655
84856812b63dfd9630fa49e7,920289288.7084095
945202a450bea48fa7f2a95c,619958392.9593469
fd689e54d5c418dc9f2425e7,743488373.9671302
eb90d9e9eb53b44b07ef9613,735275131.6710153
79005399fa92d05558fd6f6f,750314472.9994059
5cde51bd6de3759821216d5c,617330310.245697
230cb38e035b85a4353220e9,557099405.4443246
a22ed42197987a8534abf76f,835674611.7755467
43a2ceffa8ed90bc1a43255f,611875093.2927533
8f2fbced5d357bcd6b1c7de9,859602756.2400073
6e895a15d402ea7fcee98156,662767365.9029987
b6a2406025f0e1fa09690c2a,611875093.2927533
f46d46ccc7fc415433e471e4,554584428.3437316
71710d25975271eb32c0c8f4,539683439.1915426
01b7bb1556b5c32df8f618cc,585586513.6927233
56e5afaecb2cac6293cde16d,546841583.9689116
70209b9024acb3e5baa769ff,680836380.9444494
efb0b413b3f661b23d674b3d,709336608.24865
251db9c4b7398902b38b4a4e,680195949.9241539
e3e7ffecb903d2daccbf8a53,557373581.7542442
a92ed9a378272ff174ce2688,533449374.97124016
40a53a3f3d49f7905966295f,956281173.1252714
bcf2c303fc03897585831351,688258832.5461929
4b0ac2ce45d7ee385ca369a2,534556072.52750295
85c7e8ac008493b34e8e0176,527137160.7444455
0ff24418ecb6888dd8ec734f,659563099.6513786
3164e0ecd246b8ed6cb6d054,831697793.1974999
5f52e316136696cdb56e65a5,535155851.9361542
5ba4bb943139d7930cb91650,668604849.9253957
ba12ab0869d66e03df12b6d2,557802207.1455729
1a111211207627bb4c840442,600738223.7039948
9d2ec1ed9eac77d534ed514c,576533409.28407
9030f17b47b3940c2e2c4093,576533409.28407
3b224cf6107d815a2e78996c,658150649.0966196
ab0e770ac42dcc82b472c55f,547783943.4214426
75fd66abeaf040fa76eae2e7,621812893.8724016
c31d98f67673691ece007a65,567255483.3648133
60d5f19c16554cc2d8e5940f,679807763.1433457
53fd196fd0c0558ed1219329,527051991.0610182
27b06d060ecf702fc88c7956,703374583.6280909
dc014623ed69c32abce2d0f4,553155300.4096744
f1a8f09837660445961375c1,660849394.8464297
b98a462d9782988cb54ced54,654974519.0773993
6ae4843a827b36bf189a32ff,737727413.377236
84e4f6c6b5dec0da7f7ca0fa,535657682.7247336
b8f2b9c2e63f0091b6038ea6,651039903.3125446
e54c7ea1f012656f7fafa49c,514989482.38372356
f25f5df33f25576f805a95b5,685459903.5533024
ce9474244dc2d40f357146c0,535851561.25812626
54bc553b5b8abad0ceed4d53,554098262.5444671
e75d4ce522cf587cd66adae4,541351831.0076222
b1f0b12c28c9bd2d16b3545a,542917158.0705985
412e7b9e1de3df8c3dbcf198,562952245.0307393
f52ce56f20251f018d7864e0,536952539.4906588
6641ef09c0bf5f3180952b30,549809206.9030235
ada53307260fa34f3a6411f9,569355340.5362836
51f0f76e2a8cf50ef3650901,605754783.7488177
da482df3d0fc97f9f8582e22,636211588.3482149
55d47b5f3d0d2dd7c2bf4034,539890814.5264759
1a6714ac2350ad371d8280ae,558185673.2233617
0006c9478f4e7edc53d84916,616590711.0581591
dfa7461510c6dbe5e119d106,553200676.9369813
5df95b44c73b249be0fc69e3,568571710.3962417
76bd7a0b87bfb6d2723766ec,501742414.6871397
8570a1d8156dbcc267d3b495,750664765.4744997
94116b7517a06255bf4320c2,657198696.8495641
8ba2d7afde20563e38892304,626357591.3277901
f86ab537a2f5d8c2b223574c,624193481.8398086
9d0d2774fbcb6fcc66b865b8,535869505.6010108
9086e6e757243bdda003878d,688910462.964645
5a3625846567d06dbe4cea0a,679716821.2674526
f51a78ac4b03665561552b0a,721038921.4027977
561a262410ca91d69a58645f,713224050.2745105
08d90f931e7e0a6f43c9d0e0,561488699.9558088
f47c64c8ee69e744e654d4b9,690660218.5319117
fcc4c878af8bdbda6e1fc86d,678652883.3783286
8d9b143cd8eb71b05d32cd2f,579176066.2285951
ce6a3868227d78852fad9f62,674121017.9599353
d82f743ff414299f8c222db9,653142165.1234065
9b2c7e6cfb2d6c66e1ee8a6b,867010265.7565439
6e9009ad01cf466e8f8136e5,579176066.2285951
a4bf0c02f139c695845c9507,670594464.0103099
16cf0d7977ed97d6ae8d2cc5,665986357.670876
d96855b0ec427f041e7a36c3,926089343.7973648
63613a9290bcd9e1bcf2786c,950009272.8156717
32036c1eb131e6cc4f3bad3e,546804657.042207
ad47e82c9efcfa36ddac0a95,526993130.8858091
d5af3041d95f5e89969c9868,539540624.8250132
f2387712fa17435f56d7b102,534747982.05313915
c1c8024bb6c3635ff655843b,529483004.80636287
11e4350271e9cbb37bcb75af,529124582.9554036
d012efd4a77c5aa5e8d6e508,620391908.994673
6240b85a47c079cd0efb077b,546343713.10155
85e332a999931ecd0e04475d,539005851.6962771
4ec02a406caf200b700f5c62,552534434.0349749
f3270f2ccbcccf3046346809,626170199.0316656
bfc5aa443994e3f3f78c6105,619907716.2140121
aa09cc29ab2f2cfc79e5bc7e,618880935.5390548
6eec5b03718975e5137d5e92,764908009.8091241
6974d82e41437d61c627b16e,784675306.0714812
ae3f7f428b49e6948ebe6fff,756102417.5422394
a9a710b78e776c16eec24be6,772555366.0111382
249cf6f96144f769030d1b4d,666452748.2312496
645f3c4490ce43ed68c7df10,656351666.7792315
3413f37549869d2172b76d6e,651079343.7205542
956600c9a4ed31e588f8c593,661659417.6459353
00ba709f184e70be13e5bf9b,601938870.9425342
275c8bfdd3fec33752493861,634680512.7096355
3206523e850b5b5fbce567a3,682258749.9873277
9c9ffb3401ab6ab90fcb555e,697246702.293268
4962650cfa3decf487ccbd0c,883715152.5568318
a541b35c62878dc2c425235d,949981008.6215328
2112e589911b979db6e05a6c,917307677.5959512
c9cfeb97323bd6a0564e1903,559779383.5511043
30e1bd4619483b0e896b5229,760923519.379057
48aa146a36aba8a0270a8a1d,680820703.4390966
678a80840673787b3aa64228,645558192.0147138
392abbc83cfacfe87c401e27,550305192.5466939
51744814dd3a7e60c0791041,606895175.9712247
c6faa5d2ac8e74c26fdaad4a,726624644.2814473
1f2c22839c470363ff41551f,715330825.7688948
5438c2127072b47e3af428d8,637742769.7585062
32e182242a654ac03a8f3ea8,536868611.4439673
0a45eb817938241ca988c2e3,673928020.6612749
e74d815ad652f7046ba33295,580959368.8930775
2887a0d34994d284759db20e,567689446.7401623
621c3051ef29e8da01e6bb2a,588189258.3202273
54de2275006e273686ae5fac,713134832.1775196
b0a0cc38f73c9d90bff6ad92,688822773.0917987
f4df4ad4366bd794594c111f,614605438.7743914
763206de4c26e3825b69f4c6,788889818.953153
d5ddcb0a54416bdadb4bf57b,590570873.2269545
bf17eca5afccd9cd6299b9a4,600008826.3801907
02888257efaae858fdc7938e,555179914.5413363
1f8ecf6c089ce6168b3be52f,801432032.7589434
fd7a48744bf966e417f34a51,722927061.4419507
655d6eafd78be856479767e2,671919224.9690442
27472c6c6a801eb749b9719d,748224383.608536
18fd9bee381e7a8c29a44c4b,749796015.5439583
da5d47596a755078a2261328,604539745.9363734
737c83218f0e486ef4feba40,527772426.0692435
2390c275fccc98eb4fa33af0,525827607.40731746
35616923c84423b44d1d1438,829469020.9020126
22fcf0650753e2b5a2fa3786,640615400.8956031
9d8e7178912841c2a1232ad2,542737761.0392971
36c2cae6de0add92f32d29f4,804936961.0505236
699b68daa574a0f169436ccc,558315311.1979064
c3bd0b8277a37832f56be54b,496878426.1072514
6b3411cb8c50c1498572e681,507831559.22938937
fad4ecc419fb64b3f77971ad,573841575.9394712
4034cd9a70d18fe0c883a0fa,575635209.468274
8f9417de118ef8486538955f,687378633.089421
33f4f9988387bfc237d114fa,560924487.7947526
40c9f947e826f89c6ff3f898,519723448.81074435
351701c5d1b821253e2c8c42,512149429.29078335
f6b405af32c398147475dc9b,570892663.82182765
45750daec6238508791d0d4c,566219647.0594542
eb85bf9ab77f59615960fbe0,608675070.5667053
0ab6e52af85ebf23432d7698,528950187.9638519
9b13a371ed4724d2e2966447,575590104.2800918
081bbc273db70f1d2cc84ed2,558697512.942461
e113c48e4e1b53adaca275f2,539109546.2724397
4bb0666c55d174e0280482a0,559175948.6588093
ca516516b33dc09d712b3154,575590104.2800918
631e6aee6ec1f720f3c78775,561323394.8518972
c7746198cb5871bd687c2538,607030532.4784037
58a5dacf2f664512c2b00ea2,702347223.3017652
6d8998442d831addafbc878f,911455684.7071921
7d4ffe0038b3ebc149d8f4cd,852829768.793993
55ae7bc854658aa5fa49d368,906472703.3358971
042ff73057dce4d92d383cf7,537438501.792565
807c04729620ec60ef18598d,511141545.804511
5dead94ad2dd86dd41448994,557431455.3937975
bb90c874275456d5fe0de83d,548965333.2640283
6ea5fbf037ba7e5c74d7ca39,609559280.2064167
86dd7931177df94a649a4d62,550145034.5245839
58ac250fa52a1ac7ce39f70f,550130961.1530473
2861f1a224b4c879b845779f,546098940.8862362
8d06af8e439c45e0e125de91,606716137.5210404
bb2dedf6198be0f3ce2c4ffb,683022661.2671942
57d8cac189a13c180f08cd2d,656579730.7160395
db575f8a4e10a29fe81b335e,589343927.0443671
e8c79fd41b001fb1da0d4fe1,534775492.8031118
b81679b32ea288e9665dee49,667885893.5025582
841482deb90d19ecb1ec8a06,559067724.5709747
214df9371aa59f68e5740212,555230315.9093789
bc52abbda9027e10b879ed50,581302511.8543934
ce8ce41a36b610be164a25de,692598773.4766359
a67412a01feb64ca6e772858,618730790.0165958
d87896f889ddfe1ba210d74d,521812045.72028255
556a39ca66e10ba3545f2234,538853187.4442835
50cb893af4ad0e21a69f05d5,564783001.6755159
3b5a5d6536a9fd24f02e8ba0,526601064.2911928
121cc20fd81d6322f56d5c53,585449604.5412078
b9c893f3c3ac4dce40d0ea19,583421699.917466
47bf8d322af3c13e8868ed0a,564783001.6755159
a4325969a50a14c948446f9e,580256917.4357026
4583a6b01449530079415768,670375013.8103951
920e2bd03c9d34e36fc38ad5,670375013.8103951
0a59b506798fb96edd7681c7,648712629.1040057
e8d2cdda77c1d885e21c7bbc,663631689.3222176
8abe99f2b71b13dfe7d71616,669977314.9639207
c07e98122103d1546d995f9b,659808097.7512909
29fdab43da21ed0d22c9c71d,613096364.6317769
f2ba7982bed03cac394ef87a,524981265.6499399
eac89e705cfd337a99417320,539812483.0358762
40713332e88c6d3a393c8b2a,622537953.0773519
a9aad230d22f7dede73acc8c,775361333.0585474
3b7fd4008e14e394dd09a0e9,667993384.2341076
098327587a877bd50df27551,563168882.4198786
0379b6a001e4018c34e944da,549132098.2034323
45f24dd99d362f49c0adb875,519503190.3964947
dce1dd028695bfc5a47aa6a1,527336342.1200958
cfeb702df06baadf29f12eda,530367851.4702932
9ff5828e084070628ef2ad96,532473912.4983731
6920e6d7fff656d66844949a,627123905.2661324
31ed69311bfbbe000f4483d4,621887761.2771354
d300473e3d2ced1177c9fbd3,568549493.7045934
2cb64650b876ccbc7337a0e4,537106082.7716124
3ab2ed6d140698cfa41f2e3f,529620409.5919972
9f8697b55cb665ebb054f9fd,548130655.9633034
7e844f8a24422ec3b833b4a8,530158152.49737394
55a615a3b3919798d54e885f,560923284.1334686
fd26da8e62b5d1155962f0c5,645960279.4749365
ee9171c496fa78b1461acf88,794665633.6226918
d5182c47a954c964445f25d1,850353340.0551925
e064b4dd7b4e64a3e0016f0b,614107963.616146
36753a5e31b0edb1eecb8bcc,801826449.5914503
c2ee475efec76c46efbf1b08,645178490.9129846
3baeb28cb33d048bcd6e42cf,528925721.18534315
6a6d990b9b1bea0f844d3065,556528148.3030765
e93dbc804920c0bf7bcf8cb3,550104686.8439628
b9ea1b9fc0e46ba0724cbc0c,526732789.1549573
95e98113e39820523e95adf4,516905853.52987015
942ed340950f02adf9749a36,536027445.1562791
8538a41c0e0fdcb3829364e8,557516482.1260257
804289a128775f7d1652cb43,532642870.398978
3dec1da01706b06f5d6a9266,551337712.17212
fe004acdfad6ac6b00911ef0,756410001.9708315
6c679d5b6a1c1b74bf483478,742702991.5983447
ba54b5ebc5d4f554bc56dec3,619884660.0588453
5b9469c3ff6b197bfe3513cd,734883079.7353806
2ca6ce8266afc6721d179335,690266219.3450308
94160aa4e5c54bb479b1d0db,539532298.3174739
eea6a2137473c3ba6708b576,519259857.0706017
9969f6f4bfb29e3a97c2fccc,562493936.4924802
68006626a3321fb0de032307,540220007.9355817
2149d04442f73cfc78f93bab,599207100.577626
01cac7d033166094ab9f87b0,576815677.9902649
15515ecdd35e9f175842a738,575652369.3624096
86f1d6fc54152004e69027a0,597348788.6707698
0bcf7987c4b0ba485c44caf9,566593718.1729255
107fffd601a2bb7a3e4a69e8,577473245.3104504
5a44636153b1d4a74d58513a,548098268.6434181
5ae08e5999ca2ba0a1e2d8a7,548228666.6966263
369e9e64898ea16b7ffefb7c,572237315.9729706
192b505186d0bcadb46b7032,757559313.2548425
6dde6686bfdff12620f198d3,743286199.4205561
503a04e079773a04f2abe075,668547616.5460908
42b5ebbca90572b9cea79177,813606177.6161599
0b6f2534f862a7ef551a116c,654397763.2448736
05e06a93e9f01dd3984a85ab,616134373.5626637
c6706db3eb4f0bbb0510578a,657511286.2766411
2babb357d1d828c49bb89be0,767352219.7241983
3951171501fc51e2d830cc82,715655804.4463583
fb72b8e0457c0199e158e599,688951620.6441009
df865201353bc7b915b56ac6,646932882.9403725
8d1b3071f5396359c0b6cc62,711264087.2362357
c451b61851c8ae1e6222109e,629108996.769598
e1c33552eeab60683f2f89d5,815282596.6194984
1d8d51cfdf78f1361710708c,644398556.0635533
bdc8e1a1e06d387f9c7b026b,644398556.0635533
2b36d797d32013a126e15709,576533409.28407
13b3a55d79b79ea89a73d21a,576181729.5468366
e57ad52764215c3d54740ac5,576533409.28407
19e11b2d60326895b5e6ba01,576533409.28407
f6e1752b9f4a0a3c8573910a,576026238.5690428
062efee92601be294d7346a1,576142059.5662824
e2c3acee51cdd03b1f211278,576533409.28407
9390ae5c166e1a976e53e16b,529637332.0204694
db3aeb3a96304f3c255e8a22,643945300.4215316
d353be29e7ed2c35b920f7c3,928369912.2663875
893c1b081e383de73b9f2e16,896746045.0092928
8302e2afc48d6eda16784da6,569800964.4230219
f1e9676bc91a76740f4e9b0e,784512861.6082432
ce86066ad78dea43089d25c1,704122015.0414919
c89ac55660cee4608bff27d5,507067910.0602214
b183776d007d85bef0f6671a,586654910.8389468
e8872302ba40e4ea413689da,551314820.772097
0afc6cbb60f34f1cf00fdfb0,715984022.0843999
a811af7cf12afb1dd9b8eb86,660160352.8075436
7947f71467036449efb99972,679220129.0795999
2ead9549bab6f1386b7a2c77,718314281.1935838
b54e8d557263624947f979cf,687572825.8994938
fabd2201750747891eb6af77,765117144.4013739
7c3f7b513bb20c918a51dec6,655893403.2737235
0dcc222d83e1bf05f2c2c090,721918039.5541595
3ee3ee47bfa21462a1fd455d,815251278.9139043
1dc3b6ea53413ece15bea33b,847804102.3583038
f44362b932a8b70ad4b99a29,574397952.2131224
5372f93d988c3c917629f9f3,544725603.258905
5c25ccfc7ae77f1d85981a79,539502874.1901195
4df222356df121a41adadda7,530137738.64416075
bf38bb7a2a7ea663cc8f3d57,544725603.258905
ad0025f5b240d00936c82f9b,547636864.7343376
2afa66b726ed0b1492b9e01b,590248934.4862871
a528312b77b7f84741c2bf29,638909103.6046748
1cbeccacfa11843a256b2e2e,578209205.7057302
d11eadc78d95c96f50b41a10,648178295.1539339
c918e02b3e6d80125a2db1cc,541119173.0253083
b2af005e93b0242e0f62f298,513939818.02452576
ed9703ed896c6118a3458e78,526427017.7775073
8ed11c1d4e7aa1ccf0ea0508,490888347.4768431
9717b066e135a82feb422181,557373581.7542442
294985765f4d12e51a68a451,680836380.9444494
edbeef6a08dd17a941634d49,621287192.2141582
26cc292628ce4aa87cd287d6,557368453.0189723
47f7065118bcd4c3878e50fc,551607919.2657391
e369c63f83c44329ddad488d,562540380.2432355
383c0948aac71636973507f4,574545084.1982288
6bd1a412c01387af8810ce57,615941603.9192852
4b92ca1cee4739104e620871,673415098.3991712
0123237414f757b9c3809f88,641070195.1264833
6e36550a6ff6fdb2711a88c1,828430065.2890056
1b5de74aea685b506a952f4e,528530313.0055537
d85fafb4d5ec056e6db9a79b,514335619.32282156
cd097f6cd92275ec8ace1f20,526136320.53623086
ced1f52def08143f0b2b6849,583133829.1394131
89a03e25c43a555b47c53864,556720515.9647503
f8d64df401009704c152bcb6,581273493.4535075
2a5aedaaad2d908122f28f22,622471809.204711
edd0b57b90629fb00d036e34,562642180.8890382
f8731413b0d976c03b7e05ca,627009045.9058298
01abe3cfc94be46c1153c82d,652643841.4534248
aa7f5d0d2fd5474cc67cc70e,750839575.5493895
4912c91afa6e4aff6ffdc6a8,718835271.0458175
9d805330fb0df9ae73003ceb,663133644.4011889
7daa9115f755a6c70411b9cc,649375209.7915946
f5896513d1cb044108d23785,685409578.0479122
3ff2a2fd905d81f0422c54b2,510968739.6340429
02ed31afcba033953c79d95d,568226994.0699239
c2164829374d5e880c1a1f31,600739902.7287015
3f6eba5c365508ac192f2b82,519414986.28357553
3289958459cd87f24089cd14,568680384.343134
ecc3362a649cf08afef96fc0,522726953.40554416
264e00a64cecb861d2c05b1d,642556798.9792838
d5b5bbf927f763a43190fabd,669387539.4708321
2691d7125e9046e597437f2b,846433281.0613432
7cf183ed411cf82df26640e9,536349911.6557999
f81107599bc083fec4a13ca3,552418228.6754025
3c2a535f1df831771b859a86,528694134.99041975
9e871ee8a61b183aa9051b72,602239247.450859
e066ee04cd3a597dac8ced59,549839310.7352397
2f4ed160fe2a21722e6299f8,543984120.1795402
e0ae53aa3cc9e9ba7ce65f74,538498052.400328
78d727d0e61a7c8b1cf6fb1a,672681506.5226351
b42f936db049a74c7d24b0ef,669402449.1532912
62e9330888566f1f826e1ee7,639311869.5575491
3fcc5ff04edf753621d6cbb6,626764782.0892595
d4ae25b207949fbf0df3b404,590830287.0539719
14bc234ffb3ff7f974afc8e7,542417639.2216945
64fbc9cac3f15c0f1a16f4d7,523281833.6336744
5fa1c8237da8fc7683bc10e0,576276252.0587016
7bf4beee26ba81ad0b884f9f,515923021.3585565
72a47f70aa99d42320e54787,517195904.7134142
07641db461323a5cfcda4f98,651585193.0043921
3af2a1ec9efa6884a8254d28,662723964.4642148
3adca5eeda4939a5ea11444b,694116005.092801
37d39cb7d3849a784497ed0d,668529896.84083
b9baaab70cb83475ac3bbab4,676579279.7583967
74e178e2398895d2288e6fcb,762576405.1253021
ec15e2a131d9724b012d68ea,534985747.8374808
ee042a4b4a0bf9a1dcdf1eab,542412289.0151005
35381d7a5b25317d7588ce77,515725040.8047741
18ac3368b1f6d8f7171b07b3,589424305.3926628
3dbb09358256bae5199e1318,669474618.1513028
4662aa1c44351dfe271e3a9d,649052327.0588719
034a30994bb2e0e446e35957,763956875.4608271
4cdbcefc434b48ba3d51a498,792233442.3566527
3d3317303679a6a5a381d0ea,677144788.4040772
68f4e3d4355bb71db0f35a65,654239213.9282497
b3c77f4a398b61d9c204f8a1,868133345.8518969
3865974fbc1b412f24c47eaf,884298497.5576
84ab3ece52fe00ee50f057aa,570605621.3727589
dcdb8d97ae65daf55570c88c,737614001.5986174
7ea01fd99b389d08ca50c0a6,644723395.4107949
51df325f026f4cc5ed2e9a65,683993706.5818205
1f11cd977996d909ffacadef,670038296.8834925
5ae03c0e33dc7d3e0e0d54a5,667435335.7995687
da88bf5bc2a7310ff382be4c,721623519.6151112
035de58d60807ee2c272ce82,667497484.9088494
0cf82b1128ebb8d1087b640d,654615874.4947661
bd8b005383020611b8922147,648619405.8485123
f5c79a564600bcad99c74f03,529285892.58172643
b11672f22fafd555f940a8dc,545689805.0986211
2bc88a5c4bea2bd00fd8f13c,558052601.6247594
b2b99019a929584b4904b98d,622763525.7069042
678d0e011f710cefa49f6465,531120889.537068
f7de22825945329521642f49,556247757.0629762
79b5a037bea858706838a62d,584431570.5541215
9f339d547d83b4ef956a3690,545336995.1575878
127e197a2f70e7ddb5dc92aa,550562966.9790398
65b8c48546af394a924decbc,561100225.9786462
cdc0c282ee62c51e3a20459a,622534385.8155011
ec824ecd0319e05d1ca6a9c7,558428450.9672326
95f27bf0d25bbcd0d1eb9cdb,729980175.9678603
ac0ee54bdc08632efc0d771d,659401568.4997311
904ad71e7d108930d69a7332,652205839.9549054
7f4e6f790de012946197e0df,652900975.880459
473cb30713e88ecf782651fd,607591712.5521593
59a309a6af425b2028a2ad69,752517912.4141513
8a1b0f59f86e33a7aa7c2c23,643347092.6524236
1e884932e57cfcab75ebbacd,664742845.0679878
8e273f1dde4801825fb19742,653514789.3361288
1f9c0f9c3c6460a323171d72,666155090.7321982
5dba98aa20e371c3947c19b9,677870531.1552837
51516e102f8d43a07037ed29,611021457.6978943
6eabd14e55ff090e8a93c727,835356306.526417
e224f9ffc7bd70369a5e8b68,663308376.0976634
35cb50346289f0590dd24d83,884296964.8380113
2aecb598de8c74d9d5108d8c,669998270.7107728
69c7e97037c747b93c33251b,594696402.0049585
b9b95c89c988f68429822e81,556041986.4378434
fa2c5c19c86087f207c379ab,545441402.1486152
9bcd34e7a974c977f65925f3,701993629.0585896
3611c89dc71078cd0aefd2cd,584414509.6567091
9ab273eca8cd5dd4b6339ca4,530594414.39875335
4347966ceb1770f758cb6e37,651848547.8796976
2a68f627f4dc8060484cdb18,756019157.1767964
55ff644abd72eaff17d533f0,660332607.286218
db563e5a1cd9eb1be832bf5f,666104404.094785
a0e9310061ff0084d63dd242,650262616.8950471
7ff62b2f8a28d60f6c4237c6,641983158.9031439
c42c59e8a08e8657ab4201f1,557728746.3920708
de28370454624724128a0688,551113206.3184959
514aefd8a44ca048a8088c51,616378858.4022803
3d3a318662cbe218db0878e7,622791096.4723125
2714bcd5c0c503c3bee0e0b2,663876981.5278852
5461aeb15c7f826f0ce157e8,511630217.0907163
db352cbc2aa3066ea9b34184,731078374.3029504
22b066e6dbd0f2562a0554f1,661645366.6454403
daf8d6d3f4ba21513341eb3e,675549033.6463419
523605d1fbb75b0c5acec5f7,556574322.5991637
c59c2a19b93ca666b7c389d4,659748323.2820545
61e57e5539c40e5ffeb77997,556574322.5991637
c1fc25faadb151c73ff254ec,565403494.7481078
63e73f1b8b385d89de1329c2,524940063.41492033
80ded3bf4f2973a5ceb1ffb7,538127813.785978
e1f5f0e96e5865370423c142,585581276.7289338
3bc1d407f7e7c8e67f7dd27c,737871750.9958115
d87c489d3572187e3280965b,652731721.3055114
110d49e1d79a3534e146b300,614723944.0033894
7baf3723bac87b0b393ba52c,730349579.5507632
8e9e35321545774dc1f85776,558442440.6613668
e0d6155cb3cdac98f81d44e8,660766945.5253594
bcf775187c0f5ae1cc0e8ca6,552315704.1015533
a792122a1b292f482caf25d1,530795842.5924255
09fe153b0027697e58bd08b5,525905860.97443366
a7283f1587ffd80f4723475f,513733935.2435978
67a10f161cf7215302b6ca1b,519427314.4461295
f403b20cb52d4ad3f9469ee7,542328204.7353338
643e13f00dfe7787a19b1254,532129325.3555617
0eb7c68fb7ea1e58f3e76345,574433119.2857772
cabf47337c2cd619f12fe69f,524533517.74190587
55c5eeb4861e8cd71731274d,708605123.6818471
363c96b85cf07dacbb10b92e,552062103.1978575
49b59d19432dbeb8921e57b8,585394608.2785395
818ee3b0c3862d4aae6e7776,509693543.6799966
b15c662c56b19d3843737dd4,520274844.6654312
03243195c467c67e67a7823e,534395278.98452395
5db50c50b523f3d454e94dc9,559942215.684603
0798af235e9926b1e7e4642d,551477030.119611
83852e78afcc4127481adccc,614220959.2042685
7fe25ebd70b89f4602bee6a2,576631925.575913
175590951b6f8c6b8b4af9ff,543779986.7160957
d4dd48521efc020762ea141e,659744673.7806125
a681d6e9ccc7bc60eeaf7e3c,795005591.9619379
e137b5003b8c8f18892ee9d3,654159004.3472276
90dfa0d7be06e7a1dc15770e,650221433.346923
7fb856eba0ae98a40eac3efd,649144832.2883347
9f52855eab4ca5161f1fb492,721430377.8742512
494580f4974c33d7ce0cdb28,671169460.2777948
d972dc3dfccf2a48a6384e54,786489775.9489483
7cc8772ebde8902f55e14b44,550629041.5305603
deda3ad684384ed67711ae71,526623496.6015162
b288c52e4d0fab9f579122a0,893710787.4791555
0bc16b384acd3f8263e386de,922068514.1713351
b40d1d2b7c1db9cc57c65fce,845242823.2555282
c2580329ee6d7a03925725aa,877418859.5110047
7e73516d57a251061b3916e0,690320877.4907111
7749f3bcfa8339444b0a8b7e,535508141.72892386
557e40fdc93c1824b0bed769,535508141.72892386
edbb5db63dbd0452c51047a0,519339743.25103384
383af3a5794a0ec3efe78b2f,527285880.12719154
90ae7af091c23957b88de5e9,568242358.4849579
b1d9704dd39c6cef28ae3d17,560119720.0833712
44916ca9b874075f55949f87,548955405.6407406
0515734883eea12cdacb7aab,626487768.0411057
faf9f8aa50d936c1465e880c,656944711.5800327
f37c9693e058492ec3715de9,729093151.5248222
562c7846b05072561d96698d,746511665.8493267
4a629aaf60a113402834c042,793802139.7066853
ccc4e48073c3da10a2e2d08a,645388445.4970032
8532c64eaed74b64b4d4707c,763225703.5757968
528a96aa31409c32bc9f1f63,628018598.5789516
36fd9fc1f1d9b2e10c1c6463,520711262.60613763
91561030d87ff5bc0a497f1d,547517895.1646688
eb09010915ee68091d6675d4,543074994.169565
56c41a58ed5b9864b68fc910,536955471.8172544
bf6005f6f71da582a6fab8c7,546435438.0279893
86ee80cbe81724e6919bdb73,516993039.44643736
0caa7856aca178f826fe90c4,551700050.4058332
9e41f25cf2e77f3fbe903368,629817299.0318327
019f4a25794ef01294845b51,635785341.4315046
d6fc6059bba177ab56d85ec6,676211876.2962251
436089e2bf605d00849691e8,757332609.6656653
02a9c37b3d92a6da473c6fbc,604081010.0156003
bde81ef5ff9edabfc7e30d10,784753642.8520341
379fcab709c66fa146d3491f,652660370.8988086
28ac1562ebb5050f1492f576,830689445.1295339
e68f5a98070efada9b5538ee,514373663.7431467
80aef024b0ecebb01913504d,510352039.901805
f45161bb79292e974dc88b5c,530423766.2702755
6de3c3d53d6aee18ccdee958,515991520.6953095
5f2f7596a284915ebdb81a35,516395477.2108221
291fc50c4ffe7935b01e5d9c,536759996.314492
42ac33321bb1920fe2a78036,634626448.8934395
c8e00b4dcfa2d05d6a7fde26,610457919.3283092
5c0e328a04f881674ae1046e,589154740.9136064
c28cb417dd28fe4d4d41d114,545967469.845599
8e160f094a0425aca23f04ac,584041238.7505087
a8944be7383b5689b5039c87,667212524.878179
cb7ed5960f325114bd3489c3,672169084.3963099
275d73c7dc0fda7cbecfea89,661419289.3236778
85c24df2d836cc8addd9b7b0,645881615.8137819
0fa87864632b7bbbd161f879,897585505.0161991
c7f422224808e043753683f8,594623796.754922
c51d1eff1b6d29b4164df520,655690125.4921849
b50e8c13de383e64711193f5,527926119.19459677
1308dad458274c698b2fec72,527926119.19459677
6a1024c5da689de67bdfa274,551000536.4954906
6e426f60d25aa8a4c6f8c9e9,559549014.0945221
b80f3a46440daae51308d459,768427221.9997996
f59ed9b8ef1726f1a55a4dc3,562710913.8125957
368eddd8b6d39bcc7124a41e,563168882.4198786
391cfff759030283411dfe1a,574512462.2751606
4f140229175de685a0999773,550122994.7324035
cd365053914fcde97b7ee9a8,680015015.9415476
16a05fee8dfbe78d26664c3a,536740181.58363724
c462f0736fdefd319cee232e,626639142.4485121
b419d977b283e33c0b3da86b,662505804.5789328
6eb27e2a66d08a8a60567272,705416445.4709471
7486ef139d41d91423317e0e,637669098.8849356
e663064dd77e3c63ab9222af,680887508.1182828
9a6849637f1b8332ab289e27,667993384.2341076
498de85ba30cb01e9c686081,528577666.62986845
3507f260c3c6e195fc444533,527298208.05293477
e538d52c9b2dc994491be3db,509125206.9421798
f016ba59a64f287099fc4af4,549048392.1786085
380ae516dd46442f97acfe14,575844838.6291797
c97e4d7e08db3171290e939c,564139565.3542972
f7847aaf1491103fd931aa5b,691093002.3547535
08f6bf438980d55b35ce7537,691093002.3547535
a6a06973b5a4c990d5873b7c,755064495.6033453
6e26918c69487a735a639c1c,669348377.5672538
cfbc690c55e5c2bd8dd9d89d,649337672.7703345
56fe5c13f11813b82dfb04f8,767403380.8734114
296f0158b5cc1541cfc8419e,689237017.0223352
6ed2970ed02a3e50ac984aa1,574510664.3015175
4c9f3af11fa91e729384580c,747605832.3486263
2ce779caef0637db97954912,648137993.271936
d743892816160218a63dcd35,659928139.1495646
758efd6f99db309c67cefb12,525585090.6659777
a4146ec09d782b08e8198e11,708895441.5980172
f415c2bc1bc0fdca091285cf,669659176.1404388
39ef4fb2a43fa3bba15a0b16,558964485.1856751
874ee4f1b9c6dfd3d2358834,852572264.7665108
e9d514f90ebff0de1936d09c,753441833.4319042
9f15c77d67021f349714806c,634278513.6967936
a600ed86cff36e636d204f39,562598245.299887
58f55e9bf743e2e3ad43c274,611043923.891253
af1aeb2ba89d29973f73511c,539593963.3357445
bee721e93b8d8e7cb37dc992,564603351.5538661
bd52dc8dc5398e5ca2952473,510238661.23380387
b71095bf5e80bcefafb12d52,574704620.1381698
a7f48fbdf807da68594e9ae0,526926831.82429224
50de04936770f874e1eb86c2,529502637.6740024
2ea47ef8f02712c32613fbd1,537360464.8916807
27eaac0ebf8a5ee99d143218,708194613.7991823
ee594b6bb0751dab39055b3e,619682715.641301
eba0410242fa1e8dea90b194,662336084.5053444
a619d30d6f2e2aa3b9613c04,531282345.94415385
df58a4244134d3493f3c9f30,833043316.9254186
32dd96f4f07f67806146ec46,530200542.11581045
a77ef77ffa731e8980d36b27,540418904.7415966
a2a1665a693852185673f6c1,696819508.865451
8267eeb41ed1e68144301a3f,547652845.7518849
887ba6b287a8b3ccdd5691b5,577619482.248542
1fc94e9dec93d52e0062e07e,572519457.0343754
ffd3d51ecc85abff64258e1c,777698120.2075896
3eb79541c2ce9413d2c54736,554935309.1680568
fcefb2186b13c8bc39b17915,595136900.5780737
d4a43654382201db5d318dca,576030259.9652151
15fbd295328ad698d3c76aec,626208923.5089483
7f5e87fbb4952caa0cb658e2,738874895.4520313
9d348aa70957592dbc56ef32,764565446.3300188
2ac1105447a71f68a50105d1,683066821.5887656
d8ba9eb448ce35ed404e68e3,580129139.8049152
21d42e80f6f818eed990bfc7,805959362.904555
81c890b0d7cf787a091d4081,723500841.0473051
518858c561af5c13c8aef9f9,692450773.3792565
01cda25ee8545b9fe19717ed,691990465.3023847
2c34c1e1655e87ada03f411a,583536993.9848098
48f9e9a87e7fc0a678460e05,850531911.3999474
76ae7be5da1785c37736fdb8,668359599.6697932
3918fa99179953461fe07f2a,739401254.6991416
305080502cba05a1c165560b,560193969.3281825
5c3aaf3f75d6d3ae9b55cee6,568674234.1140386
2ab263b5d1ba72fa562d64e6,679311336.9735911
6d13129db564ad15e69fd534,595136900.5780737
7de7a2a651273df62aa6a21c,696819508.865451
59f9cc9b23cdea5bd4cc3ae9,626624330.0523165
d4436ad417941fde0aed2818,595136900.5780737
80ab8d9f157c25b40f102854,764565446.3300188
06ca01d3ff86406e896b6fa6,614741486.7563719
88f36882dae9a0487383b769,568674234.1140386
da474e23f34cb63de4ef28a4,764565446.3300188
04f968f1873a655fde8702f6,545380791.1872386
1dc1a51628b8eb1bba214498,511843316.794038
e7cb4cf600b9d931eb295c71,526781332.07912344
9052c644813d546987a72305,527711636.1244713
1e32a8825a7ea79c28e27a8d,535518432.7329634
82f34c2a6644c4cb0649c44b,794214196.823696
95815bf7c79e4bff3f41b233,769254812.9777875
f64f642775ed2c9f45aff215,558348160.4725965
4cac81eebdeb45eb0e8aa5fe,569187443.461292
c6da2874d2dfbb2ebab542bf,608934295.4151088
e7c08555cb8f5c7d0f32fdda,553217363.112475
10b7c99bee9a4a21e1f32d50,567171716.1977978
f21625fb82740d6f4cf1c325,611096904.3912567
1c3236613cf95c84c5791bdb,641453848.7357904
b11c3a4642f7eee2e443eb32,667759012.682569
cd08976dc2d69110375f8541,549182659.20341
a44c7ace8ab50de7ed8e5a66,516009320.9832064
fa8f13da6d8be3bc1f05fcee,541667411.5681676
77bd7837b02bd8f2c290c9f8,538248511.5844057
11a79681fb0a3f6eedf11d1f,564783001.6755159
70c3b086af66b0c9db4b0b96,564783001.6755159
64ea18085495f759116f62c9,547097800.0809481
ebf4bda17341de806444ba83,550886764.7776616
54228579fd8812c3ea160341,534968761.2812823
dae0265a0f2f79d3dc010ac8,670375013.8103951
7340afa659775cc18d83aa4a,649353832.4755132
5ba05f67a77cebe5cda31e74,656484000.5626715
33dfb510aae260ccefa4d349,657462161.7487407
82af190e32398942775056d5,670375013.8103951
a9b9263f6aafe8531f3dadca,616488052.5218298
9a38e7293e9ad7d8462eeaf7,691471453.5070344
5852773a80f7f1b929c7dabc,918329140.5919892
52fbef3effd854b0ad0f62b1,814865906.6165417
0016e35cfd881ee2e37b49b3,571747017.4802601
380759598c614cbe10ae4bfc,764696121.3203053
fb63e870ceb7ff355299f3da,564197907.409771
285b8cb5e9c887794ed2fd1b,604483877.9957433
f003a46a1c8e04da0052d72f,510707932.8112559
a731b326a61043070c3c853b,531695595.7117755
d2644b46136fd95c0fc2353d,591468698.8357502
8248697f70c21fa361840755,673776963.8603721
075b5c16441d9d67cf638386,522398646.5911741
6bb2ac0cf2369cd8fd85bc12,563480932.5282574
2c0b3d69fca6677ba9e95327,647322902.9171088
c73ffac843c155f24985e6f6,749183799.1080879
78b57a58368ab056c11bb0dc,643664642.9509709
90b25b6b913c1bf0396c149a,622747285.533777
fa29c89363ac9cb59667a43d,643664642.9509709
eba756e88209c420d288c4be,743845181.6682477
e7081fb59ffa298320321633,696059892.1014514
db1c3ece26da7b342eb7c8a5,643664642.9509709
f9ef8fcf24d28ce11e71d758,666987696.2964367
2f854c9df6212c39091bcf28,541080895.1092551
ccc66d77e5f68779b1c016db,601715436.511706
47d288f8f9227013424d6976,528677008.2309207
3e891afdcb568befebd66fe4,558428955.7302407
2d1f036c96e92d9c557605cb,537602267.7202137
dd9d63c612aaddbd86676c34,704225536.6410404
13cf784fb3553f75acf25a4b,537602267.7202137
57dd353ac00d0e99abdb3733,669397702.3008726
ed0051ae106fd0df60a14586,643896590.4039216
0997324f14c5823413463546,668133310.1586323
e2cdca1756b1635dd1ac2b2c,735833998.143794
7700df9486a1684157527739,541526278.0710601
e790b21630ab963a65c53df0,625140155.3876758
2bbbd9878a1e7c55bdacb330,660050011.7581842
decb25b7fdc0eb259831cc71,733436669.5035659
fdbc74fb5882051327b3caf8,561362072.2842007
39dee9b1661292cdda6c4823,810700818.1099772
354e2de1e3a81a63e7fae4bf,584328340.1622926
f80b9e8c51cd71c5be281652,516621448.761059
a96b19e82d9811d5de1ed0e6,509747491.020289
5e5ca2753a908aa1b7fe80a2,607278735.2231435
495b6e61d1b887f8b4c1bcbf,535636738.1121131
ad8ac9edabcf2d4b06ba9fc1,617218677.9082655
359f6a66a407e30b40979d2c,568889043.1234038
ad351bb6437583ec871b1739,763985907.2767435
262b1c8ce7db2b4aca2400a1,776250643.7727321
6808b10f5876ca36f569a4b8,867240671.1087244
54c74b36962edcc922573792,529816198.52902305
e7fc4e6b1fdb38ffe68fb680,575971458.8789128
1c9325df5599379a73e18053,737912125.5577369
8c9bf9031bd378c1105e3f3e,684648759.2975245
be70989d473cd731f6d8e580,558217074.6223586
46136f5f078dd31170c58e64,842331708.7679684
7055f85f7749c4646577a51a,523852636.37578636
861aa922b483f9bf7884dac5,528124974.4242204
45f18e0bb676d2495a227dfb,541966482.3421208
9cca7c1e9ff65766c8dd2e29,534282306.18666595
b2b7020e66872c8d83468cec,530297233.9039053
7634d7acd4197594271c84d5,573799651.2252879
11ffdf367d817b582d590db7,537665352.1763474
103687e73b0528ec29725f1e,544857350.7988343
8b5369b126b75c497b1a7b73,561912857.0983508
b33c9b03cc12a253e4936cc3,545436700.641309
ab177c5d60492f2ff087708a,550732177.930196
05bbd028f30492fc0a9f35d0,561912857.0983508
2b9fd26383758104d567d474,561912857.0983508
4addcabbe23020d3d0d46ac6,561912857.0983508
d93ba0c32244c455e0f7baf4,562388736.8627763
92b772a38d5e38bb51a3f621,542089248.9607823
135ca1dc80ae4d9993ec46f5,562388736.8627763
ed5192bd8038c77ed2e46f0c,550440896.8284619
3a878d44356885ea61bd882b,562388736.8627763
c29c69bc6758d5976024e455,534339601.6610571
dc486a3d7e9e2e608ab2a7b0,562388736.8627763
1a34acf8e509659534a56b63,611063964.3378168
5716ed7d678cc2575397174d,531453239.0944243
444c68a7a6cd0b794768d5af,541443709.6837074
8a724286cf661794084aa87a,664385696.6069175
ff9c4796bc3ef18ae7bb724e,649144832.2883347
35984f749eeb84eaf938bb08,692721920.7456845
0998999f12dfdd50c597c6c1,642217773.3040019
58bc65fd2e0e4430fb353d83,644013532.0168539
fe483817d899e0044abc3787,634893507.8090785
183a8459fa248605b8b5bc1c,652982172.1910287
a1f0d61cef676fbf798b5473,772707621.8604386
d7d3cd587d291f389ba2e8d1,634454658.6169014
ff8e7294270343a00978dbc2,658899127.4502101
0996cb112fc3919564e87c37,627251954.3672463
f183e3651c485e0001e64880,689237017.0223352
e28474959994ea9c0c2eeac6,678225303.3857821
682c0a5f5f3130a61b5214d8,683228952.4978577
245663c600727f7c214063c9,618057223.9971472
dea79d1b25bb9c78d331e3e6,646704919.775309
ba212b5f12959e34b4887315,665903695.1864895
dd4eb14b56cb00130955d021,912353109.6172673
4c94103d4366bcaaee4b550f,819745684.3386997
7bd9cefba3f5dab498ef926c,961578650.9513123
1d7a2572b466070f08c6e564,550899114.2393574
a38e7af984a471331b2d758c,666281235.4442234
b6775aefafa4dcc161eaf6d5,588305712.8676083
8654295684292e74d0245238,526721572.21672195
f0ae62ce6eebc4d07415c48d,699745851.4919671
969219d7b193ac92e7a008ec,552677829.4421126
651d6af0968fc05584cb3d25,542437294.9356513
4f992c2a0526c0074bbcd875,527667702.89879864
9536c686b6ec514d92493f9b,543804261.876252
5384587ecbf956275d86e60a,515147758.33501387
bab5690da7c42909464cb9a2,554975701.268851
bc91072d808fe7b43e972f42,543808375.1925274
37cf2c5c1c6fb6e601d2f76e,525570201.3972809
4cdaece5d1dd4e089a99f47b,515365334.044337
b37af80bba5adc197cb51649,540246924.6063985
552152b60bdc1ca16d2dbb71,625174408.9271097
32354bff9df0267a5e139156,558880264.9411938
fe4a6d7d7ed28b85c5816fa2,980534101.2549913
afbc7773755043a40a7f9d6f,523070004.9287664
daf2efda70c6f3cd9257d0dc,547200760.5815722
66fa7c9e82a2876216b14b1e,563628737.2115031
e34517b1563d829104e230b4,509693543.6799966
222a35842b0bc09f48e1d0cf,555021648.1050153
c5a64fe5ed5901734d98a22b,534649646.4878736
05db9fc492801eac98f69c7e,540119756.1850983
6e4ce81e713a571601d861a2,576521461.2307453
79fe5105ed7a7861d3c0187c,533994110.89215165
70ea911907d320da1f7f9c41,546621719.0089602
e60024d6e0b5aa52e27a3b5a,534533770.4302728
bb63f086543cde77832bd4ed,534533770.4302728
b3c2187fa96006fecc6b8ba0,529052925.80618536
9499edd83df77bd6a90560c8,529052925.80618536
a947158782fe2832cea53040,577056900.1459631
2e1608b8c646a102e27df16b,593460427.87084794
77fbf1f0c35c1025ea4803e3,550084617.2115996
f9e6a759b069e04b0cbf0182,574419385.7386674
1e158f436f2a4caedd1563a2,559942215.684603
67af004f80b08fae38f472eb,523011035.8271635
386ee01c3f7bd8bdb91181ad,623937580.5993518
36ffb5566bc35fbce9e42679,542088239.4738629
b58533a6850620b0960db713,563321896.190735
41353584f956b9e316c6c67d,540841386.0159408
b1d1bc7ea83d5c584988b95c,529805671.4771503
6b1c0866e6f12f7fa8de94b2,565590222.4139627
fa4fd8380dd2620c672facc5,603904234.3295643
44394e66504a4d77587ee105,578102381.1522634
d841d6a82425710e36460f64,552045638.9277805
33501f96ba3b02da073d586d,525678917.04149425
831693b6fb81df1359e45db7,581106704.860289
7192b9d32e4ad55f6af9e241,581154816.9619707
4f99b97100d003ba3a2ecd46,562911134.3611907
83d969bfc020aea27d2b829b,536044490.48829985
39be6f994f2cd3d68b51126c,551555792.6000143
712f16cf2506710d7f2a2e8d,589961954.8605897
7ba618fdb1fe8694eaecb64f,683022661.2671942
d8735967c942d1a7b0cff7c6,731127360.5800563
b4ef40e00d089a35d750888a,795005591.9619379
7d73a548c2a29ef2d9655e1d,659744673.7806125
63131b8d125073c7dfec72f2,726809819.7279369
a65655a4f42564ac48bdffa4,782248926.1825243
033d3f8ff56907db4c453700,654159004.3472276
05e8878bcb68d03e3b656eb3,635675019.6217343
2ff0775d2c131d19804f2a2e,647536070.2886063
9957ccd807718945178bb847,679985325.2395166
7bcfd82ced5d6f1ae390d388,656579730.7160395
adcc03f332b427be46f118a5,769133172.3254226
b5dd038cf35169bfd0e62eb7,775788451.9393494
35b789e1d63f8f25980d21a1,815976128.8562707
c9a215f284e095850c809425,662094986.1279601
d26efb0e1213e19c378edfbd,656695582.4113238
9990217fa4eae1d1c4ed051a,696709005.3838078
2e9390c4423db604e1c7c4ec,751387385.7179254
6faf9b6c30b176e36f2f1d32,626906936.5152682
5b83d91f4d6364d3e4be1428,628896072.904518
0d9616f0ac8b0c2e9e0a97a3,766228777.9705288
9c9fd309cfb505b628f84fab,661713932.5144726
98b77fc0888335702d082f8b,621709580.8211168
051d68945b95562009d4029c,621709580.8211168
eb8021804e63016fd934c9b2,735874469.4048213
ed6c8c45bc8c1d160cf0d0eb,730936637.9523754
9fc8c3523883947769b2fe6c,718007564.7921188
3e9cdf767389ee551b5349a3,614220959.2042685
512effa47a1c7a5420bdcd6e,619848403.1624676
0768e70fbda0e09b88c1548a,615389822.5693043
acfa7a1cb136e4474b7efe32,604851388.0411717
a343e6ec6eadb287711d3834,771710387.0542924
a698d80ede6cf6243fd9ed99,840565266.527632
fa5c81237a94f2f78f05977d,823115944.2749481
999c8da7dbed7412dcbafb70,931282952.6109895
c33613eff66948d1bb8ea3bc,897956337.7427044
a642351076b7706a733dc52f,923777243.0994022
c69e08214cb1fbc09ced0971,541174208.2845833
48a20e676a060954308c9ecf,519010878.14716375
304ce5835e685778b1c2b6a1,592364410.3972502
c859144477dcaacbc1654a8c,538047939.3823694
98865eb2f40b8a30893cd351,566518957.7131529
68dd15c8e9b71171348ea24b,703686672.0699466
3c660885ddd7e98ba5ea26a1,893557000.4056567
c670315562766401f92913d0,524215225.3611104
777a8d05edda0a335d89e90d,561564700.5918322
81f5c32a2c2d3b32329a645b,661810167.5710902
40525fc425906c9485f1ddfc,519502860.6421548
8b6efcdb553f6e936bd90f3e,609414453.5907477
94dc108f1d146641b221cb81,611747754.5108317
1034ee7a5160fecdb5e8c27c,557451028.6572845
48b34600046c903f0ae4e6d1,624426218.5124156
edca31377b4f7299f8b45187,675344745.5087502
b1586cdf68f36926c3bf72a2,522678966.8624478
70b15c2a38c404e62ad05171,523065264.56464696
ce18358366157fa869bf3833,526854528.234205
6883fb90099426e6f3922909,519921873.2187889
1b7151cf29b565b2f1caa559,525138653.0723603
f2ec3a3598c99bb8c38cd680,528719831.83075345
38026eb43ff9876cd5767ac3,503244099.9262365
9f68ff98e302ab06df4fc672,499437389.43370765
2d2ee255ed2144b9fa1fcc39,551568611.0203547
029224b78e8f358aa9c38e94,525794391.0142937
88da5851280dbe750968c565,562529157.0632119
1c67456195075a051513b28c,553027215.6428266
9741ff1b895a038c32205784,589427017.0050584
75fdbee42ec89d428143066c,512430523.77527064
9f27627b9e439fce085cb01c,702187052.7737232
a4a4a57cf20ad739291aafcb,688421364.1974742
84a074517742e09a7eb6f320,750588813.1392171
28fd0437736c1b17c7ea1f33,665000526.3160473
beadf1de0732143f0699895d,730316671.9686465
b027f75411dce9c742c5d0f1,686500522.5732023
182077fd9c5142d503309490,740193984.1517073
b1df92683a593edc3f2b45ad,651200919.1750695
38cbcd7f88c1520fa083af9a,739892227.4647092
8ab5eda5b66a6c2becffad29,711470149.384436
e68ceeb098f60054c19fda0e,773290790.4222432
e6ac4d158437142c15bbd4d9,673873186.1656084
a448d8246781ae78dae61619,736333520.9443156
4e878e99ad2fc34400381c3d,773849093.8640363
beaa09cb49a98e8025fd7e8a,641334375.6516151
3df855d8893dbc62eabd95c6,747889597.3162928
cbfc3ca911ca23517da8c2d0,684112984.4730272
a020e479dc5db78794a5fa77,658778381.9808598
6247fb0e5261d4225f6c9f1e,771924926.037731
93822a34ec8dcf104e7f49c4,728299765.1869626
17d311554f40ae8b40234c31,612133193.7193937
762e044ce9371d7b8c7acb6f,759881542.0422989
2fad468e1c248f40ee3586ad,770285854.0213449
fc25df25f4151a16cf0c90f8,728570371.0253118
39c1613acc0ba4fe622c1f31,837308300.2228782
2c15a0733cdb932ba8f2225f,846098737.5535097
1db68ed64501f35c51d74c5c,849677166.1392223
1d968cecf268a7f14def1af7,914244278.6919287
77c886207faa6965238b152c,524718059.9697791
86242b25bcb2dd775d25191a,547493798.4787543
a8b457cf82926e25cd862af1,622811726.3571217
fec1212eae4e6369d5555d8c,570972466.3156238
8f59ec48e38092ab01c23e33,617405256.2753662
490b89e972abd7e64b5ba6c2,577664061.0522653
f8f217756d32f31faa784c2f,662339732.8842853
1c2ec62e8ebba12c6146a04c,686619913.3153186
2afa1699af46ad8124f76e4e,625908399.2138631
8c1695c9a31de0f956e4ccdc,604663458.03603
d88bba495701ae7a44eecc64,624799574.0585564
00571815d5a7f208eb3e7737,651457911.9201664
d626a635ee75c23aee2fb327,669195166.0413964
7e3937cfe43dc906983fd321,910711893.9371787
ddd8906ea4a22b782c7888bd,599101392.215263
258abe0fc321f6b24d37ad86,554952988.9433877
f637a4885488bbd499199148,690652611.6064521
97f5e6ee143998e0b3fc97c0,571784918.8452797
be4b96920e3aa5c57baa13b3,537346618.6580081
6e7f3a0cb6246f13656fc95c,668866779.5356293
0cdcd8cd52bd1967dab88a5f,558709489.8619913
83da19e7fbbca11083090574,548363189.3638253
f0cb484eb3f6e04b5b1806ab,584358225.7173119
fbf8b0f1159e89428778c847,525708118.0254998
7c316b981173919b6cae5516,568159577.082604
d6496a3215daad9089fcd5c6,814786155.7790542
e104567c1cc70000692f502c,601246037.4560168
c4476befe0002dcd0c315993,579732313.919501
3008e821640b33a8d70beec9,542265546.628203
9eaaf577807d86ab64fb14ae,554110038.1182877
9db120a76af04028d2f0ce68,533610170.1603013
81e1f8b1c0e3b15f2ebfd84a,539559815.7808138
9943a2530009f62cab6b466f,565977938.5853838
a8052c48a500926214eb2e1e,526284447.423706
3335313b9060ff29782906b6,579560645.4718359
cb93bf58a01eb262cb003061,715406680.1403843
0e04f84529d92f2832ef986f,636042430.02899
807d7f5155bd299afbb6491f,743918683.7961297
76558d67def95bc708039f05,652725971.4336095
bb19983466b1a1184ee7ea1c,732996580.6020849
34067d9b2b4e45be1e5cfa32,824332417.4338993
1c4fab7d9cf798617fa90a19,547580209.3351085
b4d610e0ecfe007c133a5ea4,525430138.14513075
ffbedc0873b99654d10188a3,514502751.9663795
ac413fd87de33153899a1d04,556443376.188106
83349bba5fbddbfa2db5078a,561387075.3553762
0a759932f763df64a463ac18,557471643.5844426
fd9ebf37acdbb0e4bffd2fb3,550716428.273611
f725f6ebcc3fdeed22bee385,526933500.8003484
ceee9fd6e692196b960443d8,550716428.273611
bc10eea54e4a1767881a2391,568725186.869027
4ed5718470ffa3e5b5f40bae,562083798.2187418
debd031585e9527fe00f116d,609333659.7257744
23b5f2af5d39edd25db6a522,575005431.6986468
f51000446ab65417942e535d,580166581.7620901
e6ed64435c659f236cf213a8,542249333.5636314
b160d30961ddd3dac16184b8,547712448.1925879
0cad79296edb4b18582dd77c,764170385.0955386
7bbf8e16cc32dec423afa6b3,665753659.497976
acf98212eb702c79f16bb058,762551387.4543284
1747dd033c2c2769974a06af,718180318.0954764
d54e80ee72354c70cb84323a,718180318.0954764
de901d3433ade456e9edcd79,718180318.0954764
3fea10126c0c651f02de7167,718180318.0954764
f823f6d95b4340e8e4dd0d57,718180318.0954764
ff6fa86afbf9da2aa8eb7991,718180318.0954764
a966f298e8d4d3d580a72d99,718180318.0954764
5b0918cab84af6fa6c464037,627283256.9144762
bb1ece5366ebb2ef9d52708d,524422229.7256563
fa926bec03068764c8545d41,552404806.0850936
3bb987adb4ff573ef09b8c12,515291679.14939255
d7fb188814d4c118ccd83989,514842751.47404975
ba511b37b4bda08d191c68da,524181013.4854579
3c2f62f464aa5c48c470bff2,762218399.5237122
3256c6c6f30aea9cc79b7283,680424455.6219525
9844c3773f7a50c71f218e99,632518480.0330039
23229e392dbd8fd9d80637da,630738269.6780345
e0f47a028df2dbe9129cde7d,683147135.4263953
a12f0f00148e564ef78838c5,636162260.0388783
d3ace27450b980262ba9bf76,652374694.6823772
0668a4a4521c783a2d817413,750417675.1732007
768f69f0241fe339b6f52fa2,875203104.639497
e78ef4d2b165a8e8781c258d,533259667.7028849
631ecfa47fe167bfaaa967e5,564109486.255228
954e3065b1e8b31a68f6d4be,557757243.443616
e81c5c1b820636f691e5c5cc,644677312.0198898
b4c779732e827ab2fec8e8eb,596315704.8601617
b58208759ce1402501f68906,583059124.5946968
59805e5f4080246ac1d92b34,577064654.3399057
a3fd38336516b98117e328b7,678608984.7226552
c0bf06891690188e17ceeb8a,557319756.7685908
efc8ccaeb09a5e1bb0bfe011,694484201.0083668
8e604d41e0cfe9c93ad536d8,690008793.0512216
f770b66579bf2b55a714c43a,553151499.1159436
4e01f07ee4b1241360de460e,723294779.9108189
dba1be42bef913f35a95735b,800833635.6440489
d839ca90c5df85e5cab54ea1,625077363.2681538
ffaca67ff9f0d7cbd5bbd295,798030060.6371812
6f17875bd3ecf00566dd5c1b,596686322.1076989
10d01825744060a7b777ee4e,534416558.6778682
185b333862e7420f25622efa,595436607.1518027
7f7141f5e1a7964ac6dc688e,694815798.2569511
adae78b82caeb073d84f02ee,667623286.701943
4c0f9275581b5572635613a1,524452901.6980786
9d6810aa1035e91b72de6a26,565320752.3310723
069798704327652a899a189d,557360709.6959454
2f34de2546f13e8a9dee1edf,560860927.8280717
8147da5e5f53a163443e8506,586380073.0815424
6834b61ee23cf04daf4fb83e,704199709.9179724
59cbc0e7dc6e6922feffab8f,670718861.100046
7cfe5c3f5cb1bf095eb2c503,629071597.5934455
d916219daa90cd2d99edc609,561415882.3852862
e78ad3483c5aa5a7a4310720,534735331.9299765
d048fdc255a5a7f474d48c0a,601538962.5768542
b76a3fe6a49dcae6e6bf5815,551898361.212116
75fa60dfb737ad50073848f2,629136829.9778248
83c1d0e2b8826844416abd9b,577150302.610269
8c02948b66db263420c20d3d,653748887.3981755
33ab442cf58cfaa33eefb6dd,520142914.48348856
d379dc03d78685ad14c647c0,561516568.6239694
5e36efb290bb265d81706bd4,578774073.6581055
db534a5f57e92d29b9e150cf,670953943.1020645
5354a816a7da90e205448832,520271039.87202173
f0862f57dd6be5e7659c65ba,552128293.3306482
7d58eba13f418d890ef563da,549132098.2034323
c2fc3f04c3870e14b89d5fbb,583093709.0738659
15537000b6806ee84d4615bf,601710701.97808
e82508e88e3f62fc8e67dc16,673032319.2368777
86ee57ce617b2be312a9efd6,619093520.124313
6bcc29a0afc735bcf3621595,714089389.6643634
d79e2addf7c11180be222103,666868167.0609106
adeadac88e573824f08efa21,915998221.3532405
922c37e46fe9e75e73fc1f35,543571975.9182699
5d09f2d1cc5fec761ac4372d,573943890.0569048
8c5aa3c826f325a9a6c6f524,573943890.0569048
fd0c010fa0c4b84dc75ede86,703374583.6280909
c23150d0aaaf932579561998,679807763.1433457
163405cd6248bc3e832dc93a,789892733.8399628
eed12d0c3e65e9989fc4f4bd,517870262.6249605
e6fd53315e92a55c6b67405f,548185588.1070702
7a3ec914a15b47726567af96,551123655.7417027
7f02f056d5eb4aff92b44659,565120472.7707237
2d5d9119602c228b333402a4,613505163.1641653
43fefda5a3b0781578d9f2d3,674075177.2363535
513211d9f07fd6645711ae31,512149355.9774755
c3e1e0d2618556de7df13403,553350535.7225975
b4a4d705930d9afe896dff17,537664997.6883079
e44b023e39910ed29f4dde2d,550266174.6573305
4e78d095988a92642a1bd18c,525576056.8504979
92507b623f039b4ef5be8870,545378002.444778
e216fba4bffe753a527ecd4c,562607302.5995303
24a4199c17f9c56f0b3ed12f,554557947.1494663
6bbf09c3bbc3e3a000cd2afb,584506688.8612827
b3d45812baa819caa1400255,572125184.8110276
2688e4cd1fd441d1da455504,578763085.7697362
5dc1fd6ec7ec8c8af71e3b6b,568984938.3609127
f7b7e298ca8fb75e11e92999,566747599.1331873
05b71daf88eff5ae8cf5789d,575087232.7504871
e8a7ddb4e5d43d156692326c,705773823.8204486
632820af2a0477aea5ccfa1e,707154953.7166749
43a3fbb8218e73b956ca50fe,723557660.8198236
398c195aa41ace34a16b0d7b,598273821.8618953
ef3887783a12f591198d6c27,573874475.3872
e6653cc1c94306d4e56ba216,566516989.8348985
166c21ff83e97c6e74169d92,921099118.7007282
d0fccd2708fc7def00c72317,696527025.5208496
d66bd7e4bc7b51d23af57de2,713576824.5824307
8b47b76193159a21c3580a3f,876833632.8875743
448d159391c38e4ffcc405b4,549906904.7088174
9ce7fb3190866e6a02e01e26,541055173.6223391
c25f892c01420855f61c3dd9,644202712.1686711
2d5ccb12ebb6fc7d4ba462b0,809533629.8903133
9eb4041ed9e159ec0d890de6,621880422.4204172
c342f6492f90ccf623e8e8cf,566229279.0200689
c3a78d9bb10165d9be188394,552399970.5984254
1978d8fc2031af21e98a4e9e,651884777.7442571
d6d581e852a025b61cffd6cc,614233672.2570875
ea28f68a1d1d81d29b88531d,748749846.957878
a3cc0422a37512ae124013d8,619260169.4735736
073a3ae443f3333f0f526f7e,766647791.0699519
57238dca767ebf3a842c5f10,692138704.3776773
113887ac25fbff9d30fe8d35,766039407.7873659
fed1a50c562ffd7f30451adf,581357589.4012451
b1e9075645f4b374c7301346,759998403.3366703
6517c1efabdea4c1f93078b7,565309455.3285947
b966fa606a3b50d3ac7249f6,683004514.3568007
e0ad3e9588636f454e9e484d,731927141.0800008
d7ad46cde8eca723de6510d7,613122278.7610611
447f51e37fda773ab748814b,581977238.6020155
a6b992c9bf4eb32ab3d1df4e,575347904.7208964
3a9c7ec02f3e7e419669fee2,532525737.14400405
c908280d0461c3585af94d53,613122278.7610611
b3616a055e722e3720cca48c,632038751.8556125
45a8f6d942533794501d775d,549248188.3008897
b6da1db3aa02debd11e26edc,587052476.4560944
6d12669907d7d80d0b458a93,744956403.1730562
5122b2e9638d3438434fc56b,698013394.7809017
6367a127b452cfa27043f74f,771292994.3300703
fb3d29813052141c015669c2,547857393.2587558
5fb76f2095eb1a5cacc2524d,518770444.15088266
95632ec6578a204881694dc2,530791590.59628576
846b75324c0f3cbb027387c3,595729294.2206652
940dd8311f2b49d4ec212fde,891382402.1457329
bd0261ab68cf56950ccdced9,586377564.1163955
f79f0c23b5cb96b5d022582c,575589298.0437924
795cd68f9a5ef45902712524,566822002.2324946
d908973d90db91f772890c9e,537814492.0359327
d670be6c848b1e92abbf415d,530222816.91122025
87b940bd3dae37b9fdac5d4f,535990941.48638994
8a7ddcd0c452e7993bc5087b,547493798.4787543
8925e22f8511be30d50545cd,622336368.9702399
1342c307971094041c9c240b,577664061.0522653
385488342bff3d3587250c84,626136549.8878068
f8e25b7d7e93c45df1b3a4c5,655389811.0808907
fa4f331f05b1488990a69ec8,691471453.5070344
a71d187784b309d65cea0b14,630719506.6417034
0f44b84024412099f27439a7,629349726.083561
0ea1a5d32324d270cde1993a,573610903.766351
b13cdf9314a34852e8db4221,559768233.4528785
75e0815e2ba7269a10d9786f,521414788.7680897
f42b6680baf774d27fdf1e48,550886491.5835644
5cde1a59393643d7ed4e909b,597691235.0958761
8736dfe0f1c6e2181b0ee31e,647359256.2404724
5859ec20de4a5036292ee947,602203825.3438021
1eee0ff52c53f04307cc3216,640455311.8694754
b455979bc938acd34a580eac,560452109.7584348
6921133528bd6fa3675ce8de,758850967.668031
3d266736d0307404a5804073,523270901.0367575
f4f6e48b618064ced466c302,510916442.18446964
dcf606270a4612aafc5f9f29,576517305.1170297
5e455623c380290e0a8e4e48,515923021.3585565
ac3c9d9357fbe72959817602,762576405.1253021
f48fb9d9c42b0ebee72cfcaa,535543514.01652426
dc99f2871bc05ea7e8a97d72,560447054.2259955
b5cfd5eba0b6297cefd6d3d5,632107078.1793877
0dd30227247f145bae82f96c,670254106.4951444
9f347bf53e4ca4d264a45241,535222768.24533355
81406ce289219cdab015549d,614446072.1206747
a085fab6d9b9d8c24472cfb0,696540240.0818262
1fce0e993a57a3e3873b8d7c,670038296.8834925
af67d51867f382dcd9cf34b0,671247814.1563395
432f082ac51bb0d39ce45b0c,721623519.6151112
b6281efabdbff697d70925e6,609282084.271594
9215d29512b14aab6178da01,667838291.7447162
6218a5d7267f02c576e5bf16,671461564.8939621
d66cca2c8e08c89af26e7622,589424305.3926628
ad3b4ae81c322a9f91381bea,526973243.8855198
3a40bebb521445fcd32cf033,866257688.865319
c1ca38f941200a9d666aaedc,809350639.095443
a1da74ec074df16a1e8690b9,748547451.8323859
502154647e351af240615b98,774513167.7849735
b57cd3eb0290984f061e1053,666658103.0651133
4db632fdebc000c9e64a589b,590028668.3686414
e380184391898aaa2d3dc540,581219059.1699228
dca45f1c1a79ea5ebe639920,634402874.2348999
961de1cc8601447b03682e1d,627948445.8908836
60a4f09c268e61fbbe423ff1,528937386.8680753
c3191b6b40191009ae9f4b7f,711264087.2362357
478ac408d2a5c603aa23cbd5,654104942.5308795
ecdb747ee4a3ebf958252309,590830287.0539719
6c36e346957e336a33a7708d,605332969.544476
09b18e3f3cabb7d5469a8d51,574920197.9325366
f1a5856ba56e7b12cbb9459b,520795984.7880037
c378ef33f40f8be9263e517b,518572768.7056693
b45911f1875da543199e97b6,631984582.8436587
678c70903bcb6c90e3578d6f,792233442.3566527
be22ce55ba31cbf7cd285e5b,536315938.85004157
2dc58e6aab9399e9677265a6,680648333.5807561
dae55582e86b1f514a4ec3bc,695328348.75046
c119f62348e418d9ada13362,638542364.2079831
33510511ff07dc7354cca7e8,558181282.5036497
16b79a8af9d6376c73c2478e,689032891.4935594
714f90489426e80933ef31b3,655811836.3728544
6c8e1cda487c9841c8d297d4,776125985.4719621
6d9c4bf994147d8892d27f27,618961564.7903363
1b300634b71b898299c54671,662878117.3237948
181caecd269e115cb5cfd75e,566040898.5038382
059516a91f938d2e8fbcca0b,667849785.6730821
c42ce8f9f62f7a315e028e3b,550429089.809983
bc23e25cc246ced4731ce5f5,625339722.2717617
de44f54fd6b1b62f30956f5c,536339185.4858705
2ef897a38b95d7b769856e78,579759578.6107664
2280b5f7c47c3b36924b84a9,573929104.6849474
16ef7eaf29eab571e229e537,699677657.2026587
48b1f800656bcae6a9e70802,547041101.61221
b4aa025f8813a3f0b132b7e0,534280626.33103377
3c6092e8458ee81aed0db0a3,577828561.3867648
d919dc64995903c9120eb61a,741933349.3674468
ef53741b01120666a08db213,698754305.6847415
c3dc5ad23dc8cfce0671adde,687425718.8852555
a270fe47ba30ef0056ec6c4c,516585978.11755925
f550bc7ab5992a6fb48eb60a,674184941.1025033
28f980b3c741866e0db5b761,607945754.9908167
c2ebd39857dbbacb99e6cc96,632623663.7319189
bb9fa21902daecf876c0467f,560576388.7649654
fea142787b18327108ee8929,569244113.9419643
a1647603f732f97a99f5ec6e,625447050.9437251
775f25d8144580541bf2746b,573915717.0756822
527a8fb085995119f846a5d1,735319591.3793224
8b69bb9fd7f0f19a248f5cf3,565400360.343789
3b14b48188fdbb0917414039,550448917.1552122
02259637b8ef1311c69d3d90,571075038.2437003
50eeed30ba674cb079689afb,535746219.4987084
5fc3634e1fcc96b9215a6cd9,908041528.3596048
23cc24e23a1d74159ff78464,753926333.8614866
44551251fe345b31ed71aa5b,575211545.6159632
82ad984f02ccda30bd60da8c,727668744.4230784
5734cd4805f5c055d36ec645,583904060.1280258
fc7ecefb27bbb5c3e25e899f,552868665.0117943
5ecbd5b92092264f4e9101bd,571456086.2036561
83a8d9df3a535fd273b27c15,528913002.14545995
d76fadda8063e44483aa024e,710869109.4589857
a15bf12a6b8749ac8f9de19c,527260503.8718454
a3f32d81f4cd99dc85a16bcb,535044299.20650196
4029115038a899d98dc93d3a,651533674.1111962
2326bb628b4a571921eb7345,600564731.3875074
471d6fb8037049e1e4d120a7,636635172.4837725
b73945103f07da807f7a30dc,634680512.7096355
d6f4479f9226e52c93d70eca,581930623.0234398
420b03095062d9571144a276,615378380.1760715
ac0185c8f724ddd40bc0d235,571517294.9811323
228280554ba149e60f81d639,585266083.3578317
8a44e15417d8e520a99454b2,549499136.748
8978ec4c5b2f02fbc1f57820,631166896.294352
2ab88dcecdb565b6412f5bfa,578641161.3614666
1dd6f560c804c4548561cae6,706759446.0802299
90e94b7e392f84e01a5f1551,700645747.2218882
84aa7d1c2590f37f0fd6dca1,516011302.49583054
0821fde7debf7cc445434024,546532392.2682841
b9973b07c84b99dd1018050d,523692574.4330705
169013bdcc2ef214e0163ccb,757281672.4981858
3c8eaefb3f5dd8d4c9f5386c,544916700.3402135
42d91ed3f3615247f57ebecc,659574222.1745944
a7f1397df30d6521c216e331,726720133.9369369
f6c6ee12e338b1f9730b6e2c,531779233.19273263
8f4687b666256e136148c3d0,726207347.323352
925f83e20a153a1e094bc606,586856806.8456408
cd270a11dd8257648d1f0444,664269715.4595431
ab11db71265771ed4d9de64b,529656708.2886463
ec199e33b7557dd669fe1aa4,539596020.4978039
b47fe4670c6b065a9e1db429,572841889.0072901
918947d51e52e0caf692f22f,510159306.8150384
070543b03770991d65cc337f,871682884.1718949
f45dfcffe189327cb0d303f2,591467013.4870092
d2e7484c81358d4c79f040b7,639570757.2159129
73ff3a6b0cf4f7ffb244507b,667212524.878179
b0cdf05097df437354564bc8,567280019.44456
33ea5de5e8f5c639a213414d,674679073.0951897
c94056bc09a4bea0e853cc41,541341094.1360836
6d5a91ae44cad7849dc4e969,740998525.2881112
b52e0738dec9d2f119c75a9c,588038293.4278368
0e35349077490a01f25e2ddb,608897940.942417
9a5fdeb5f389590eb46e7aac,654318419.4059002
337c81be4cb14d494ca69db4,616765274.8173832
ff28f1a1ea72e21acb157f08,766392607.7528793
e83ef75473fefbf8d7e52302,523744211.4070726
6d3e508ff42615eb78862723,668054633.6499591
3b7ddf527979726fb8aa1683,539283322.4659462
7b08cade91e2be20656ee856,568936416.4855763
59cb7abb39785d5263a156c3,693537590.4749722
bc48ec7245297b4cb85dca1c,775683462.0472748
0f366a36001c0766521b9dce,810245351.9106907
6ea022e53741adac484c1798,667249055.1793367
aebd6304298f84e7d440c379,708346024.5771658
c5b333e454ed6e93ad32d96d,607804273.9993916
bcd31d201096351079cf7ce4,562291708.4959468
46cf5b18fd7bac0d3332d70a,644021258.9830127
1dcff645d389e7b687a498f2,578513879.2202346
cadbfbea1d03e6538af648e5,556192567.4709692
9dc0c6ef8389978be58daa59,760544061.8496864
fdc00f6ebd155e84a387878c,523692574.4330705
99c1b39476ee8e2ebfff6ffc,580815239.3143058
8930f231a5b9d8db14e9c656,535690144.9351637
2dee15f1b082bb986f8d9513,772287625.7773006
346c734ce163296a07526a35,807294166.4651173
6079fb3769f843e99b47988a,554930620.0901694
f5802200af1d28eb48466c1d,521540444.7142795
1f8068ab65469ba56a1f0c4a,521540444.7142795
1ee45a731b6f0242b6d2936d,554930620.0901694
56b7a6da82134b135fb7de2d,621940360.1269825
340c4d762f830197fdaf0977,653108931.9739375
1bdc0d441e63089737ac4c27,619605024.041602
b3d82ceeac64b64142286375,561104917.8868705
947421747f33db213e6b1326,553636522.8173335
bfdbb7aef98d4855d459ac94,543950475.9782801
80e88d50c151d5534a57f61c,676064775.4019318
d0f6e19e92c03b40a5aae3fa,782288695.8633889
6e2a3e49dd6434ed01eb5e71,728689463.9179139
89e2d612654b3c792311faf7,626697376.9328343
29425249fed4a74ada083dc5,504872050.24104804
fe0182e1795e2b87eef4bf41,632653441.6341566
dc9cd30b760a1280e0318512,634727992.5323482
d22313a06e43b8ab8f6672fa,525837144.2979524
f91cc2e5edcbb704c293084a,822569240.5823128
dae776f643e809387148900f,802624315.4115493
e55634fce84f78466095e730,619227127.0199518
a507a938532411f06c57ed8f,678796611.0283275
30f3b383f2d5e4709c9304b1,628428892.7593262
aaa43db51d1ddea564d1bd2e,547465978.117033
b3e76a0a1fcacd0218c17908,545257980.945306
e548ef7a5650696c0e968cf3,561476091.5427241
939afc1f6250d528b0be8e3a,595236380.0541842
405baee61afa4b08dc25e586,713326611.0158963
0c4781c598c06d538c5fcdf7,581437398.9227245
fc321e2d9b4e954e80805be2,638820146.6220812
dce18d258c352b7edc60c304,659647385.0390245
7b0a2bd964c04d01387d78de,618608384.2314806
43fd6b5cb01d05c9b1db0e65,710951599.8929591
cf0152b0a5e886e8291ef4a8,581367690.5957288
d05030b0eb8931161855450b,619597022.9058925
281ea3a3fab48c028721ee1d,552722937.5583224
4fcba82455866a6931590dec,755362038.1743678
ecc5e3781d5e004ceef8cf76,577073486.6828209
409cb370961c60bacbdf7416,539234931.145007
54445913b2dc2d6ba35abc66,579233333.8192202
51a8c190ffb673d4fc27f4e1,607014239.4411256
80e7c6b194b3229e3e2b9aae,601893312.5137595
bbfc9b05caa647bd95b3c88f,561890223.666513
128cb9247755abf5f2801431,526338320.4516623
ac180e846fda5cd7f1123f6d,588054527.0395547
1e7173670334937dc61243a1,642110076.017417
c2555955d5175b31e5f783ac,596504981.7167985
d87bbd60fdb8b84a9fe23ba7,625129692.5884839
825012911321d636425cd0bb,711471631.8308749
54561e6ed5570577ea97eeeb,694653340.5221552
3a2a2df4f07902b04b809125,746708316.7477926
ea7e3ba584cc5ee45ff8ba7b,689200445.8604023
25093735f186b70beb018317,895162137.4520298
7fe1adc0a5873cbba4b021d1,915374124.5160838
461749398bbd48d69b444d7b,555246623.1741666
eb8f668912b70fd554c8c723,572469277.2848442
e2f00293305c464b361b6178,628076126.5633427
02a0a38b45e1b196165b0098,587752726.8885299
0e6dc789744b678028e74d56,549511566.9098302
58954e79191c62ceb1ead100,844272590.5312184
23aa0804aabdc61650b8562a,680400783.2090825
ef64565957b5278185b2429e,533248345.8928458
253725ec3d7939088faf71b7,563964070.6214173
a9683df184aa8b4ad5d0cc5a,603315409.4325587
3c38153bc36b364b92548965,611078273.6737235
286cdf6dfcd95ee9edf73a93,508154795.5556213
df93a6e36d9f19e252fa9de3,600027433.2836081
586fde402c82c1eb5a74d634,526560270.47271186
5fd3b0299c0d52e48195fbdc,516701064.4765895
06d33fff99a62c330ef2d585,533988087.4171309
df98fd10dd8ae59956994521,553949385.4470719
361715cb422c5fcd9125d5e6,540612931.0964901
af68665ae8711d009e8810ff,576829422.0165594
63f3295df28c02953241e2a0,649963381.1646862
62d338c26b44153bb075b234,931141910.7765542
41a269c661f20e443a7a25f6,624044866.7580847
c5a8695b7aeba06e46266959,573997068.0816913
17e5796a30da5eaf310d02b4,531756558.4907885
69acab4a6f82ae943850b9ae,533127040.8701957
5fc3ffb33090bf75a81aad8b,548510783.4962115
02d89daa77bb313328fe0c4e,553465709.2569774
6ad1fb94accb91bbc30449c4,567608515.2363164
a1cd215fa99b8776818d0b0b,530145119.53802353
0553a3aa7d961ada6dfcd52d,531059919.0586887
c6ecbe7b57db2db74b0d788f,614223543.936139
a4b23fbdbc7bbd45c5ebf80e,778445962.3940486
3bb15c6313ee70bf4d88f4e0,664372712.4628855
e05c52c9c8fcb792ace06b61,618956567.6375278
5fc77edb0e5bec0ed8e72a60,618342817.6462858
85e15a0a63ffe482c68ec474,685961694.22186625
859025f2f41efa521a74a00c,556487975.0626829
1672a21e6b2d8d0525df1759,546412954.3381759
7d4097722aad95158c51d24a,562270821.5394083
174fa597347f2b1d3e9016e3,572036914.534781
3f081fb77ad08f8370569bf9,560258551.1774635
74cea4c9dc0e00dbbcff8b1d,724376216.0144672
4f5de1bc90694fedd216ef40,679436680.9617001
8fa4be9ac1ef719dda1f96bf,598891764.133153
3db3b80a902c10004cd3a3d5,665470388.1386445
bf02fad806fde4e3575e75c7,776145264.3181168
edd2afd07fa1305fc3126078,549047271.8293353
bd5d2030639ef16370cca032,572224287.7524161
87e74ed42a2c8c97f7bdd239,647211020.5126936
d1c6037d0750bcfe47d425a5,521759435.07889366
763c9a528d0f99f34e5b0031,611504514.8239057
8b674605311d296990ec72e7,534466670.3906162
d7cc3d199e538258fcc83f75,529481415.945634
ec6ffe86e9ece6fc03556ea5,542997058.7088575
9762ecd72557ad6728274e1d,601868938.7948972
49a2d111903c77053d44573f,555532861.2502434
d06ab7503c6deaf9cd405f66,698805268.2925991
23e7dd821ec2601ee2c6e353,672997909.2964187
81519727c7ad9f60d2c5f224,668890739.0454335
a4a5b6a844c14b4eca92dc49,672997909.2964187
7e647c5e0a7d95ce87cfc8fd,895318147.6380465
7a1bca1ed03e7cd0e277fb95,516701064.4765895
03eb8da7205428e61bfb2845,553281454.7564166
82780776619be0eade3d72ef,516701064.4765895
4c03afca943c3f2484b8db6f,516701064.4765895
85d731901b48348f57932240,554036140.3801004
739de8928aab4ec77a1ecb0b,583521795.4668481
7f45d3809b08bb32a45139f8,563195845.6811689
cd14f8aa1613d754221c4735,533988087.4171309
537a9a2dd0ace0d0131722a1,599097827.9982533
2d4a781f969a4fa2a4f04a7a,677509555.0487337
e3676f99542f27c9037fca29,622979131.5555762
bb33aa4f1a7732fc8ef19039,530342241.4992783
9f11661702873852a3d65ed6,536692684.25300556
d7f22a4e6daa572583e02640,536541794.68368715
f6ce37c42fad91fce47758aa,534672423.3245609
f57cab248d2d832725d78135,573180804.5934232
9d73758bf7569cab4837e49c,589400563.6125898
322bad590ae06fb48f80c533,536650362.4172965
5a7b67d4c79ecd83b7ab66e9,589290601.6500844
8dfd846e6df9a040ae1188b7,542509832.0679294
44a587fc89d6b6489157ff49,732926788.7318785
f9ce5b7edb104d4e8407a344,752398294.9816272
73786d11f1fa714aaa9f1f90,630723720.6162914
cc72295ef156cb2d60d6b10f,674829896.6797969
c9851396352bfeb05fbd7580,708520692.5004123
b3561144c745ae3d329dfe1e,662330271.5548787
7ccaf332cf87e07b38b340d9,777736425.1186281
d63fe229354bef8b02b4a934,674070187.0276505
2e0a8235637e98dfea862909,648077673.8469986
0a1b14f320e330b405b27a6b,797443203.9447546
db41266d7b500a6daead96cc,590705180.546709
364b8b8759e3c408c4005021,551586724.436727
73bcd7efb7a25587bb1c31ff,757903027.1044682
17060f24d81fe2661c7628c9,639154453.739236
98318f22c00ab335d8aa23c0,563583883.731941
c926feb307c493aea729001d,536996925.0159907
58d92e8a26589e37b7123716,526182580.28818905
54d11dce9374378326f7ac62,510513925.8107456
8e79eebcff019c3362a76a26,589001283.1805239
02cb957c3db9ded3691a9004,567771625.372945
561689dc0f267cc5011ede3a,698105227.7595015
1533da89d388196f19e2c5a3,668744499.4883924
069ddc5d1f3c855e6498ac50,503846401.70406646
d3aee2a35856634eb710efa9,622726361.9926884
4bad966abb5e8c4121ec69fc,863684374.5983217
f059e39d22124eb9e7e8e20c,719189862.6243458
3360f48c1ec30dd1c3175101,577896113.6822561
2218c6bddc994984cdc6e567,526470812.9654058
c2a9b4b389ae6f20140e21eb,575521204.5971738
d135cfa351ed6abe4ec2033b,756223123.5910462
668e5bdda1f4011578534f54,862843154.2422115
d2aa3386ae240d7387424e07,532439920.97262675
e4f2ec7e2f4389c1efa52c0f,542310519.1259718
d4f90a6b73b1e179d3f8eb70,526598288.812437
5738bc8873b341bf92ece0db,540165671.189439
2906d21b1d96a1ec43bab50b,592637285.7448506
4e1bfbbd8689a95fc97fabdd,549138417.1887623
78410b0193dc989de2d24da3,613579760.41921
fd7f194d9929a6f28ea57cf4,529479272.85610193
5e7ac1ffc0886c27471d1a54,587268930.899243
879d9e3b4ef9063de41ddaed,595191330.0220068
4bf620c6c6d4c916bea70e81,753458025.4937693
573bf87f57db6e037aeb94b1,651013408.4961226
3ff7b739ce65f0b3066806ba,798049621.384621
a456f85bbae3f189ff424e8f,619735988.3579439
6683685692e955a8ff172c89,729789117.7635328
82e1ae440b386c7da3a580be,644764358.8770198
efd178c4aaf3fc9d05b8dbdb,533988720.3380764
55ea155410b001104518e992,533988720.3380764
32a10e550bf7095627d17da3,550413041.7529818
823124264778e5ed64d8664d,541856933.4900341
fb01d990afd25ef96ed048da,669189483.6366413
df22426db407f4c660681c7f,667943729.4138666
44fab96fa2ea501e0b94548d,878256969.0050817
871204bd1b3505acfa632954,623001133.4762411
3d63320260d150d134fe8648,739954574.069598
b8b9b90d5721a9ed5e72b328,528305117.15260077
926d12cfe05643554837664c,531872912.42969257
cfba6db03f0e38d1aa0802a7,541455231.0668106
97b12012ece8a740944aa547,598210677.7282003
8de317591cefdbc375a41483,565709662.051557
46d34fc9a8edcc199a537b30,674521122.7657456
262e3b4091dfa6b71af020ea,654164621.6976005
396761edaa353e0828949bbb,558041403.0887929
8c18d3417886c150136a03ba,543445866.6347938
f053d3918234bad409410755,601932024.6071917
8f5444b81998e52ad76b3ddc,568125567.1615411
0daf89cf494e0f40a94d3e5c,603062072.805536
dd8c289ec872be3fe3352313,586458088.331038
f02f6c5b97b8e3cc5d5a74dd,569929256.0334301
5f39cf56c4e1bd43f61ecde4,557032297.5272292
5e187b07578d582ff3d8e189,544507109.1778568
bd018b302f732baecd085ff0,619231208.5595624
674cccf4c7772d6091166aae,888450303.5980556
38e84c560b0455548ce186e4,596311806.0709465
d14173913bf5ed21e3ab50fb,640807931.9469986
cb8844cf2070d8697bcccf27,571187847.2744604
6b44648a905e7f4c0de6c855,537644447.6736807
148aedc984c7f6831c7f9601,555816120.1004643
ff9d1cf7bd90c5e47a0bba3f,546421656.1246053
9353136b0c791bec58f93ad2,546495339.8612695
de2137c70bacfd5087bc5c68,736585716.3810432
12bf6b9badebc2902cc11c62,542778679.9345677
c0706c78d5d98202dc24e46b,901769467.9907707
4394a27b21889bf78927ddf8,532131136.7773371
0ebbe9d3831727f90d677ed0,730185223.2905239
caec584b5b6998684bbc6a70,674080830.1206803
0c302f1c924f8efe0b6bb58e,759498239.8511201
e056ada7a37336bbe878f38b,661745231.7045509
905cea21c0ce1cae97fe86ab,701251000.4288273
e286b12e5aa7929334322842,596424658.5677704
6cd4e68300a8bafb9d22700d,565505835.7397605
39124b1ec419566a371af8d4,635261194.0161608
6110b5bf07cf38c437c7ca8a,919111139.8216599
6f8a22e4dd21f44bc6d383af,682370371.2262142
71eebcb108c4828b8bd5b84a,538293735.2450786
5d61946d53efdd9bd0af140b,746546395.7293837
c0620585c12f3d9f1298696f,535994210.65541315
d27283e3c941f8fc256c3f4f,545958562.2617526
2acc857ede19953734600dcd,543174497.7873065
32474481a0f8af34a4edfec9,522480284.76578265
6720db016112cd2a4a5e0358,548821929.4604205
959d0cba47f650933b9a5168,668032341.2773882
32d2c5f1707b00c93407a19a,570333340.5695777
0ffdec8eb5272d9fe4775251,523608100.3306476
c77d7a08d5b9abd4d3082fb5,570333340.5695777
a3021c7c465dfdd38cda9f9c,555361097.1061288
aa24974831a0c608635bbcea,608042347.1514438
eeca3f5c399785a1cf15b1c6,620654899.8197321
0b51fb3a65a86d7799f27264,544824051.7079685
1af16b7f14dc04f05edf71ea,514314904.2606374
e0d7e4dffa0f3dbc40c7da53,893603562.0575887
cfeb42023e2737491b3e4283,650532624.2146094
dd4e23681e00fa1cb9a679a1,523608100.3306476
153c89081fd85dcc66a02421,651445203.545532
f25b2ce0d988bf5490fd780a,526619550.3381998
8700c9b62ff5a5c3394b0bd8,572927901.868367
a53b105919c7b46c0cc1b003,556189840.4281915
1c835128915211131bc561ab,521899762.8618425
a0c6e0c6fe41e32b3bcb2b26,622054206.4582381
4eff2f2297ce85a0a3964d2c,559725971.0652018
57062f248424c47282d3da30,588000310.668107
99e860bbf3033ee4654d393b,559725971.0652018
db8912c5c5e5e49431b2c85c,521148384.12363744
3151daf55106dd159f27a8b6,564838692.2932904
3e8a4318d93b1fed4c48f48d,681507843.0870415
4c8ca73cb51a58933de61f0b,786855741.5102091
925754da6fea9c9cdc06e18e,617084199.7074473
05119815bd72ced29391ba87,689796895.9954962
aae7cca10bd7f041c8e02d23,755953799.1746165
4890edc33a555cbbac71795c,646181707.1106565
902fbbf9f5037be8759775a7,681356139.6424764
d013a0e910b1fe2e3913af7a,633111438.3680904
9c38b9798313a3091d13b340,857397943.6288124
f04d3ee8b175c8f2f30f4f39,671083748.0186847
f0f883c45e8470e74280e8ca,664818820.3041097
af820361d5f20198bacf839c,845702053.182394
01636da0aa2bc223af023a13,615019684.488849
cdef6e87c007bcd9b4efa9fa,746969564.6355013
1d45332e2f04df18cdac590c,554810313.9596497
db3dae76fed5fdbed29862fe,660717181.4508998
f36a379e0149d4800e793001,574441137.3685571
30d2ac3ecb8150e4d4339d1a,686396443.8910847
7f78955c480d050f2c8ae3c9,556239306.5106462
cb1dcee1f4ede0877be1ad15,584093156.4734315
a32d2c51f2bd5f23bb519d12,779949773.6567628
bcac2a4cacf13a91805557c1,563664325.0412897
a21afcc258e50a538dfd43ed,550802773.9945294
7202b83b651382e2630359c3,514307009.5488185
77d6855eb6a30d268e49eb1a,573951545.2311534
204ddf6ba4822d55ba80f713,535804930.8615943
e0587d29cb717f725e991ef3,548913567.5103627
c606665f3a3f70ef61fa5cf0,631840895.6034743
44412a9e16b2824c4a520a72,575648735.432457
313abf19d78b719cce4b3188,594585322.6218243
99ad7b36c3c916393e951507,591287327.6838961
c34c2aabac06323fa180b24b,555324492.6782871
37f39916813a58b844e17833,611087432.3790154
6ab7f97fb9880e48fab16a1a,537472767.8538735
0e6c74a0056ee94b10bfa86a,571864865.3922446
7fdbc3fed9c9607e6d01e958,577355090.1159616
01018b9796a105be650ec802,627597710.1355168
16ede6f8833a93677d05a131,554088311.3298645
0a53b0b7c365879a6d2cce39,587321467.7966113
a293de027279019418c070b5,514204357.309967
973ab56a202e039f5ef37353,559165828.6672546
3e18c851788fa8724ca8b7cb,549680738.9005647
0a4b0a004c894654663bdcdb,640082657.1426948
55d4b530b881abfce2d03e56,687300538.6686445
405bc08707001684d19f6edd,686676233.664899
dffa1057472b06bfc0fa7a66,751292176.7951434
d061615fcc6355d79665f9a6,634617974.0238762
6cd96d73fc58b1502bc6ead8,615015277.4406455
db78a3ce9c6f6a7f4ecc6853,766897413.0372686
1498ce1c1bbe2e89b84a4a45,662464799.3284737
3035d7ea4b71d204b588dccf,640778397.2231761
2b8e9560dd58d880dbe77c61,667676333.9213839
e8948741a987cbb3759b7a44,670908758.0454012
20718780218eac9668776956,647060600.31799
c0a9e3f5c57cfbb4aa9b2357,666856505.1303897
5e9e9339fe1c3a06470cf7c6,867679094.6703045
f852e0f3fb8563ea6918164f,912550172.5618403
e38b4072ff8b856487864f31,872762344.4094548
8cfa1121fc87d9483ec63611,844788515.4970143
1a805101f78cbb783e6f919d,526370256.8602336
98502628de3c4fd3905000a7,654304697.5817634
ff7ebaf86962fd0ab6ff41f3,660074649.2164938
69442123283ab024a911506e,664201160.3272876
ce6e91b53465250effacca98,693772624.9015065
5d42f42059617a5ca7ff3a32,764325873.3480381
01edceb6c5afc2af1e129e86,528570202.4497954
fdad0c86eb89fe93633c8571,561070787.7586927
831725656d9df81b63c0ae38,567097749.5000502
d1f8eacef9bb4d300d086837,692762330.8320165
3b6d88f864f6c1759f957c73,721846580.2270385
5a38f908d8d75c5810280e12,626340461.6079367
c7c835349181bd3f0d964eca,650512844.1344117
edd4d560363f7575aee42d39,739721439.0902923
8f3924eb214f5194d21499b2,691162774.1285651
466c542d7825d36d18a86486,580979469.5676428
0b71d334a6db66cf6f1a8eb1,677948647.1995598
7a91cfb02df63e4396b15aeb,589907547.4959008
6140125d2a94efe499a6941d,535307709.48042166
080df3efe1fe81f97e74c4c9,530918105.39684707
e148c2b109eecef0175b3c5d,562767464.6171196
40aaf6665b489033ba0e55b5,661175275.312017
05498e49d0b875ae6aaddd83,665222909.1468692
397d0f6319465fd7fea6f710,666146704.9387685
7e6d8c4742b38854d819696b,661514917.0715128
9a8d13d56d677379ebf9a347,693372075.167187
06bbc353bf62fda3b3786fd0,652604135.3385302
09fd7896d5445f422892b196,660651503.5762954
57c63e412f3fceedd3a7e698,580397579.1696999
32cb6246cd94f962f780a1fa,529242782.02027386
b0f9bfd521802b0d2586300b,781142881.2477173
2a99204f0a53c4a4d0a2393f,822142380.7540449
7651626df0e2e3119b801466,742487561.7139721
59e48259a076518d929f5db8,554668294.6398858
e7b721ed96269bb195906bae,527005707.09479
61c3c304eb8a06b5a483efd9,620126079.6034402
3c26b2954be250bfe239db68,532016669.77046657
0df87025a6351b435958ce95,693444786.0994889
df82719238ea0e102c282c09,616531479.9484943
57c74f7b9bc5e33cc823439f,579311421.8796949
4195a9d13c0a526d7cc959f8,629307070.1734728
0d00fdc440d7612434a6b91f,652310067.303101
0c91369119a06c40623afbb4,511910590.33959705
5a6b30b4d33e068d421bc2a1,585002590.8868022
f4beded3c5ed9fd6cd5177c0,555419986.2109638
95e561c7292d64305a2cf4f9,680682880.884357
67138978493b84ff42daad45,611512152.3254408
7da10de45c866c7d066d2586,578119925.6852354
3c3cc027fb179e91a46f11f4,525388977.22110903
df3ada98307fc85428022d00,610737484.0980906
e029c89d59f2caf4af4bd908,606733796.1435938
105d05ab3d5334b976e448e5,610958841.2556175
253fe7aef58ea97fefef922a,593542180.6003033
43e11f10650837933261fa7e,532669879.9229961
b111b17ae1fc17e3491b7a5b,597432663.4373369
63e1ff737ea11ec607ecee08,665071364.349544
ae703276c49b6a6a9c39770f,778972121.7945819
799bc0f95ef9a23fc16bb1d4,640382786.6375812
bb9fe73a8742dec9b2e79135,680970373.7949228
a9b3d963a14c2c7435f30fbf,756099944.8856004
7a48bc2c3f4aad08dc7fd5a8,496184403.28251785
7621f476bc8040270958de6e,563765723.5985128
c49644baf8dc51d3f76d7e7c,888945594.2664729
8c107da7487ed0cd409f4daa,547482049.7931892
1bc8874a13914055c2759a35,560811287.8651009
fcfd6f08490be39064aae41c,543509180.9641259
23178c72b063ecbaaa04b37a,557843934.0304208
10bf1c2d1124f6d8f8b9497b,588135004.423383
c29b30cc5db2ffc273e4cb14,576529797.7646892
f7d11c2601959921f536f804,763046584.4656905
acbb07a2c7a0e39c0102b3a1,677169597.6306568
844e127aa7802cdf75db074c,633652681.9430134
e2d88f49873bbcc5476f4ff5,630218702.5830439
42aa1e6f6b8220a63fe165b2,679564473.4444598
ab1c43d6fc4f08e315e322d7,931970869.6540083
9299c976b1afe4d2c0bf351e,851951578.5633705
cd62ad28163c8df131a8f2fb,644837353.0324639
e5e06913ec3c851340d7c91a,533542399.0513214
d9b46a34e48e04b5a3e026cc,530012498.8281561
782a6028457ec55d4fd5189e,585863845.3170195
11a905e4e01e7d15d35cbb82,563567731.3613629
3b3e423e248b23090a2897ee,732944203.1839269
5915093d458d4b6589e86f59,634305983.0464159
3d162a854aa05447e2cae0c0,613629265.2456957
662a3e343a7e207ecc09d6b7,760578740.5307624
289db1292d4ee40a1ed6e518,688029884.8317865
d43d2bda7b6e4d5177c0d032,575855365.4128668
b57ebf09cc691bcf009ef115,682060894.3694859
21f5bac85d5eec57acf501ef,643957098.389772
2fa288389b3031d595973793,706562407.7668641
c900d19cade1443983274ac4,778601464.5706607
67bd5b20df7f2a9cf4e04358,585300272.6222059
e111bda6d24089dac82907ad,528616508.93192244
7910ac9782a1a315f68799c4,583473083.4230629
ee786b818284cb382c755e9d,612654251.4614697
f9b0a27bd3619ae88ffe5455,611914317.4533244
ad1c32cf75ffbcfc842e3959,531631476.2733565
5648633b1f92de1ddaa7e7ab,550086045.9844362
1ba481abe0d3890c42884d97,585300272.6222059
ce60e2ce2a420052e67564d2,547494541.0933619
87e1b1170c163689d60bcd09,546810956.1038947
bb4c7900162be66534d17541,704977102.0131137
68340674853f0ea101e32b46,616839397.9562876
d10f89691119d4a4a2c1e650,863863195.6344335
d414907e75a1c105ad2b74d1,552373046.9214432
c9b6d3bce20b7f528fff8123,567378420.2051493
be1695a7b8d3dc68c9887abc,559098807.7914748
debd60afab03fd1552719270,625546210.6972904
de060e07dfb0a5494c5550a3,535941695.88377607
3d6815fb68ce959cb95e225e,540358842.6512399
d93f6d8fe212ee3c0f7cca95,591639924.733628
1ac702e7c265717b34419fe7,578475335.3947662
a157596804522e03efabce48,590826092.1142226
069c529aaef7d7e0774c4a66,572710756.8247844
0669fb98aed75d79f8decb7f,605349404.4597458
7057326ac489bcc17d580883,574515813.3636371
e3d6fe5d97bf4fe851aee9d3,556449663.4827659
f80b20e0649dcf1c16003255,552698332.3236495
364256d0881131148655e006,746192917.3105401
0f9c26956bfe983c8c7fc227,665506079.9094416
9756b47e9dd47f99dbb23115,691349165.2673175
27d413eab7b562b984c5a682,669889300.7594483
ad17072ff24e0fc0e61963b4,627522980.1513969
473a59415b6214218a15e363,789706359.8110285
ef72df5586ad0cbe59e36e07,715844342.0905743
9129b78a741bf5e24df5379d,533119206.47234255
964734d3430de94d22c927cc,538153392.2155561
530b25326f39c347a35a8caa,543878590.3847984
482f57e65a3f4c6792775a05,532129107.58994675
738e86beb569a7bf51fbe199,547459359.4601907
c5788cd5507c577b7b585ffa,519186051.46395004
be164f9025f346390b986668,574343264.2714185
ea2efa1a857332559120b823,598068333.7170482
f3dd24a17ea51b7a2b0f037e,565402277.2775627
7aa8d04246d3e84e5ac470bc,589850514.9230223
6361330195fa7cdc6d5c603b,554823505.183586
6820ee22d6fafc9c030cb286,735225551.3169723
472601b5b5719855ae3528af,766134777.0069282
3ce2c7f1ee7569e1b916cddc,580827080.148993
afb03f7cea99023ecea7610a,534334856.42583036
404364fe956884368e2f8300,892697349.9567659
c658639b590415bc6ea44119,583643069.2330674
42f1a529f5ff3a6371dccea5,725572863.2149452
e2e4641b20d81a90033a536a,550501976.8404348
253b34c2c5ce15cbd8b5826d,661609781.8164465
86ff8f274b698e7757ced1af,574073089.1026548
c4aef1d92cf264c548ef1f2f,534157751.32659954
e8603da6012c2116a70176b7,598265948.6994779
52b52aced4853a3e3d7fa058,553261736.7144806
7d9a9c3b4442efdb53c24448,575763319.7546307
a7bacd6f783756c9e7cdc068,529760323.1689826
68a00651ead62911f850cacd,531960963.0644216
1e7e26077db3bca2821a9b45,533792392.71212983
8aa21f48a83be25f924f85c7,632591955.7239966
48107a1dd2a3b027637f250a,611078273.6737235
6bbb24fd1b9df3df4e939fc3,563385412.97532
aa45f8fda8801c3b4923f4b6,680400783.2090825
ce164af02f76ab3a68b0f980,564660468.2384527
c32249c7c0819b1a29fd611b,533799996.68898284
f8d4ec209ad5fa5ba4a68e56,568405299.9384363
cc03087e0f18d59c521b6ce2,603315409.4325587
fa631a714774fc22ca15ec10,744638094.232993
c310efec13e312442f7e1a01,758359918.5501815
534466a857d28dcc598e3a49,755947762.0256478
4a81bdc14b5bcc4c84f5ce4b,558464186.4587233
79ac12d8436c07b620190b9c,562160213.9353827
f69962045e9aea6b8200888c,528277682.4751262
9752758072e096fce6f7f4cf,568105148.5958548
56fc1855dc6375dee0506133,689256827.8030455
2fc19f73fb877ed8b88a5250,544220304.1389495
63a25d279fc5a9e8fc1dfae3,515798955.92107236
71978c139faf2a251db6ff5e,528390447.54682297
f4dc67569fd340be3dc592d5,541667296.3612643
0b829c23806ff01a0c84e9a9,596508377.2772712
a23ff4d1b2e24f537a75242e,578532834.7803102
3a103803cf9cf0451582d89f,553713475.5347383
eff8b3fe996b6d7db10b0263,583029245.2557287
9d53330b44c300e396cdb402,560131780.0341507
301b5da33d32c0632b16e8a8,689905285.1948774
357e653c4bea02df1b08c62a,743225983.2928803
9af17837ac2bbe7c8ba16e0f,547778777.9853473
246576e24f66d495fe0d509b,579836440.8506708
cb70f4993947b640317a07b9,561198228.1858523
949292b23ece12b655122038,552485480.5431517
4bdff22689954e5b1e575d30,587845599.476527
7c69d43fe2488db51e6c8da3,572439166.4157463
6f543782174a964402b64de4,762284355.9787064
a59e7f0e0596ea6633781335,736269920.24486
767ae7de1818d645a33749e2,898957143.9663467
e667133c29f90c8fbf30ede7,532109955.61175305
3fcacd1cf9770a2724a5fb01,556884599.0806285
601193433c99337fe806b158,531015888.2196691
42c282041583e6e2090b50f2,641890607.382731
3bc80c56871193dd782696d3,627779487.4447421
bee9de3e2817bdd591c02897,577015456.3924614
0f761aab549e7f6bc025ab0f,680623515.8474157
3b9971f91bbe4b8dcc704ba0,775984477.3691546
8f428b58a5189effe993ca4b,513370761.9373401
0af466463f2cf50d61315da4,575307418.0985012
1a486877c62f2aced41a2ca0,694401035.936577
c9fdc3f80534b32f1a75f530,577846440.5207188
97419310c7e696dc8ca61f7e,857394004.18297
49d9cb2bcc98d69222b03165,855732896.6064044
99fa9611d644cf325e20e603,677363232.6319371
976d317efade1dd77ef3687c,523734056.6443806
b9bd63208716e4e0f2dedceb,517727654.25192684
834263730047f308d71d4d8c,755753071.5485531
d6bf8bfc752bf4580e99794f,655215387.1286135
58bc2b0acdb0702732894fa9,525809588.0798195
c3b8b774037044a2524913a6,545867493.2768933
eb339d562b72b3bf51073cc1,554238206.9143544
c8244d916b0110b1acbd38ac,744608336.506118
65bb6acd9be0f8d95fbc722f,739166039.8383852
5644b84ee2edcf7267b2189c,778496149.2108771
22eb737351bd0958d3e60efe,735334452.4347914
0e2a5d040f6361adb9927388,625749520.0353842
be9f5ade682aa1fced79b068,771332054.5454195
8445e5cf42307960535a3b11,699497615.0657725
1b002164d34a71bd06e0445b,713398000.0798331
c80f897787541816ad63bc17,944476332.2730411
673c72783eb4f9a02c511b83,874156263.2311102
3b29177e99201cf4eaae612a,828783772.944958
91c5967cc1acb3f108d6e0f1,549573962.9978158
334b5b9fc68a18387ae59ebf,534012276.60853606
c9d096d4353b8eb843e793d1,545224044.9731615
92cade7b5347d1c00a48a1fc,673403496.1374165
1d4bbb5b756033b4be28643a,672191307.2604668
e1eb183eb261b6de96e20a56,709569834.6020895
7ea8da3b1481993b14bed9d4,522671386.7541991
78bb43910ad6ed105610d9dd,581344131.2723048
32c1f617f2b1f537ef703712,680738858.8583219
a7e6d3c76bb5507e00ccb501,601041085.384804
6c75d7867807d942c975079f,591380351.3837808
e9182661e36239f091259232,544066711.6652626
c926ee21c2bd9da7da193514,502348078.8585304
27bcae7ffb9f79b8f59fe1c3,558600230.3449785
6cda1a7622d5577c0056ba40,678741148.739732
67c945ee31cf1fa0a874e4a6,560229693.3284065
5a8638c17d14ec4f6d447b8c,534520141.9308418
82bef17c2a4db1f6dc6eaf01,532119952.19065624
09dcdf0b8b37c1d537b9fcf8,534686787.19537807
2cc9f2411f98d0fd41511211,545261349.747133
aa1eaa63043c5c29ab6a1323,567135929.3357186
35b03ab66c19ba2049ddb9a4,697845982.1071435
90470cdcdd2b813b39f28ab3,642888641.7242984
ba187eee3858263fa664812a,615991396.0491277
c06a1d212fed896b6ee4e1c5,724850421.9346373
8a8c8f5aa68c4e530d62776d,610628192.1616846
662a221bbbd961c285069c49,714281167.8837832
ee796b35e39c7beb6aee2b49,685494553.6062245
53de17a986d62a44d7897200,629143977.8247037
68925fb9f8f0c84fa0ffa9fb,669256826.9602184
6a6d4f8251ff961609019ddf,549511998.894111
3477646f548971044f8f0494,536083012.3063498
c82434222f4129168fa82e5b,565206507.9649636
4c00508300f40d74c79f2596,628046819.2856256
27bebaf73dff207d7f6829e2,565219560.0982085
d0ba7b90f6ba3392a165b46a,707626933.7077049
61974f593c799e5d5090c067,512644691.6592853
c08b016afc6a07105d7703a2,712812155.0291696
011c2017b63235bf0ed3f241,526670421.88610315
7f73a8e83d41ea252ad61197,569744639.48236835
0c25a552c34e114a1780739a,523843058.6668283
21e96ca8dbe2f12b55723335,601164959.8162956
30f6404e8034dbd513aa8a30,527996156.8393895
f2fce80439462bb9231d7fba,546867316.8663882
40d5384e2e8f8fef2032928a,564843261.8606002
95f17e64d2222c904a7d42cc,600331848.9598229
59374f70d5e7da97e3b8b35f,618824760.7495261
ba30cf03fbfb0e36e5d415bf,726365257.3110214
c2424b4861f2ef50f8876c0c,754807586.3207338
e7def7d0999433ad6d3ea412,725211548.3005064
7f1a4e79fa92196101baa7eb,676558744.031155
37e0fe114a3c7406daa57443,586925576.5209053
897c0578bdc8d59843bcbe38,522624679.01989967
7e554b821e6955ab259a25f3,543282165.6247473
23b0d67dc2a0ae6e5ebc9eee,534255780.26712865
d43f045d046fbc8f5ecf465e,575119396.5381832
498d632cf0868a8e641cecb2,514868040.62559474
6b9bba3c6afa1f999a9429bd,531015915.36215043
12db154d9d29cafa574ad387,536720595.1759631
61779f1bec05260cf10a0d2b,575119396.5381832
986defbe9082519824ebc882,612644908.0572361
f72992cff50931d2e19b3ccd,554377738.3771094
0e2d6e5882fd3b4eeb9ef286,569628190.7592865
9702737c9e4ecb12d0f9ea5c,596282564.700408
c36cf907ee28017eb1b40674,536515692.5003669
a7ad9c8b5bae531abf68f8d0,554377738.3771094
6f3dd53b0935c9593a301bdc,527277896.15313435
11f8f836e5626605ee4b41c6,596694247.0904247
16fe92ffdb7e1aeefcde80f4,627731945.8876863
c1eace64bd2c9f6bea289c4b,746276143.992553
fc2ac43013ba8ab17da28041,671100290.7304006
5e6b54654c98c2517c2e31d7,685187904.5171763
f0e8b39d2e4644dade9d8954,655783183.7228912
22796587bee45b8f64ee6e44,637708407.2485337
dc8c76f5b3977f90839918b0,741898038.2571242
27663c0e271e26dfdbf4d289,621938219.240684
2fc96ec5fb2c8dec0a5b09ab,685187904.5171763
49d42ab711abd95fb5947c0d,692346682.1735762
b8984fe54819f5fcc43860fd,796332930.8015018
8d3f4ec0c37443eb3f953584,592135065.1693244
001dbdd202e9908ee42713a8,596223827.4956924
fc5f41aad1b4bdcbd8298037,567197405.1373649
34926bd7f9880e277e75a447,913243562.3456134
00eb120ba4410ed8efa24a8e,552112954.1418693
eb0c6a8231b38b2a1e1f789a,567305192.3693333
0f059b39ca45bbbcb996fa45,627713791.313305
06a5364639452a9d663a2dbc,540229429.2244253
cd19dcd4aff76caaa1cffe54,537088174.1810396
7272c3521b7083038ff0a690,601367517.72842
a480b654e1b8b7134091e613,674082402.6910579
ba24834c9fb0e87c4ea7d1a0,580827753.9395902
ac46e3eb688cb1cb17da2545,614696236.1264656
3053732169b2260529f90133,564311702.4833268
ab0c047373b5d1810fe42bd9,544302285.2320881
698383c101fb784f8e1b1ee6,532256737.7518574
1b09c89b546d0058cb09c1a9,637956709.9770147
64edef308b6a9805f0846cbc,585119199.3461144
995a5799d9a1a7e4dfe4fe34,644750323.1514624
d4f1fcd4c20dec55e977720a,723896921.6738639
21264b5a73fd27b85a4e2654,859935365.1710145
d464858ed94a1a74948f479a,556862605.4337765
dc420bf2dd1759b7f281cfa6,701448400.82084
0a268e25a5f3a0bfd8898a40,512590493.19028026
a3460f00d48816ef66e3acc3,558956956.555068
9559637fc2bdf96defd2438d,803687666.2769301
421db6a58670e53f563eb9ad,534380458.487849
7b6322fd5810990820167a23,548348921.3905375
17fbebdfe6bc0618ecdd247c,603031980.8258255
00f2621035b1969d53f03fca,576621120.461794
e97c998a6a0709605432ccb1,515896484.29644746
39e306be57a992bcc75e089a,617086496.791807
55d0225b44a81e82eea3efcf,599733555.5048894
c7c5ee499c712082931032a4,681914653.1808728
f15f48d4cf4f85a3cd68dfa3,577959686.2510914
01db5867a69f8ea7849d69e8,689616518.6698542
7c29fc3861c9f074e3a89449,767086119.3457657
5ae2fec22f535ec2490174c5,520848307.648088
a6731fb85da65ce14468341e,521723955.96640414
4e327acca2e033c3fb305c5d,562367653.5897641
37b8e8a194e4f2fed7ddcd96,531791982.55974233
a8dc954142c54e570bccdca5,550731454.7508634
b427d767b071c3e5ac2a078c,537061302.6082202
a9407f510e67bdb27ad59b46,756032312.9114196
ba7120c89c8de0e57e30646d,583646373.4784603
4f5bc448658287ffb3d49b75,716557800.2271645
758d9f47824eb74d1b486024,682719879.6512109
84fb7e582456d7409f27cd2a,664418877.108767
0a6ade3bea1768aab76680ed,610375742.3816164
f6e74a4b1e026352e5759b2e,756637688.0146236
639b98d0798b5670e7bb2569,675313190.187125
32ecec7d5c47d02969368779,579911837.5406824
cac82fdc4d960947bbc590c8,573990473.2536588
c2b880a6bc90cdef9dac52ca,588219614.3130555
dd8eff6162c32ecbc6972509,567831164.7733976
6e2f79cf68ac0ba2b1a6b0c4,681525187.3904266
a904fab9fa4f41a11f673fd9,777894528.3058485
bf11c5dfcb321e020601e9ba,685692138.8685088
488cdcddd0938ad0205ab8f0,699843558.2343785
b92929668e884453d3a0d633,497894010.76377577
09eeb116cb0944a28742d282,599189328.7552907
c16e9d9444f85bdfade710a0,561620185.4943498
c15cecbbe717e72f09a84271,547611214.7526656
0bbd23df46a4ea4e4734b680,561974932.1445997
de28e62bd01870dfceb5d78b,544611296.4756327
92c4faf0ba1fbac44db6d1c8,656049782.4693568
91892eac5e9565b12b2a99f7,621158865.8308953
ba72421716765ef6aad9b4cd,898414625.7393383
a99df3a2cd4f2346c6e903dc,520905975.4607148
59a3b1a44c35ed4936cf7843,587834024.790361
cd74b689350ef612ddf1b96a,530821020.61095744
5664cfe452394ff9376bcc8b,532602317.9924553
d4c6dda51fa949743a46e835,745376238.6109183
b7f47484bbd8113c62cc8c1f,659942036.0886899
d4dfddb6564c9f46b26e7aab,808903591.1492726
aab240140aa4b6602234d88e,624245387.8526496
29671ce02e285f69afeb3fc2,808004155.1861434
5cd742ea274b4a8832114080,559250567.2365037
c876ed979c9127674000b740,769377624.9281727
45269f56121b796d0392e2da,739880878.7752516
e981d4fb3a33f372ac26901d,659780984.455615
2f13a428281ffc425f2c2e38,596380724.7264153
407e4196114b64578beac143,555198422.9138682
342027b17940a0cc5cdbf8d9,664799290.6238123
dad2bbb0fe138e426000a33e,553141481.767129
e77da26aa7ecdab5505fab60,681842346.642322
8fddeb4ca696706f6cbe573b,631230385.2499852
fe368a7d2e09fe88b1b972e4,546306285.8728614
6fcea2c6b9e39576e10581ea,565821832.4996557
91d35b9421c4982b54dd520a,594584181.8936787
eecc82010ce9803ebea6dc75,544469873.0218823
b957548768ef014088a61b5a,557297469.5092447
5790e4cf8102dba35e184ca1,640004841.6595796
cbab68c32d78424452249d9d,679877540.2812207
4e0b293ec3d5eda7d9fcf8b6,597565815.1932763
1f8742e662666147955c9872,563251335.7079965
aad38b9f22ccf36b0fba4e7c,575739123.6619912
44e9224b9735235fc7271672,540941916.9411901
b61e9e4f3a2e894932b58ed6,819375697.106113
2b36d2ed79caaccd687f2ab0,528059335.8646911
7bdd64032a4f011bd4fe7df6,554385075.6064981
0890a0d20f33b9af2bfe488b,527147984.2004652
ea7c9e327eab66ca286f6726,588953550.0521871
98510008e150296ca9d27d0f,551874572.2997373
41abd8a2cbca609cf868f227,589602754.855179
83196bef0e5dc6c981bc57a9,672362319.6407962
20289e986c1959f0c83a6a4b,653019890.9295207
fb39ca089d05381b3a7ba847,597788597.4338855
d2da963bf6c2f6fe724be23c,717918620.8509009
670f7dfbe2eba87e55176257,652854670.7995439
469b33a6f153ec334b6123d7,629667090.2564621
c38ce4f3763795c61efee6f3,556557935.1068447
8553a05c2b30be81c64a6295,687831980.4850484
d8b3a1d0cffc913ebd05b931,688834403.4993273
f0fb8232343d235741a20586,714952664.5135465
887d749eeaaae288b2818b86,524190426.32899946
126f4d890004b8035a7de091,807268488.5399666
7d157359b413e107f5f9cfd6,592590975.313157
65010e340fa495d060e32f7d,551427031.682604
8164023f628f550f322aad61,578959140.2784846
8c2423c14aefa13d255fa77b,597595154.494717
e9772a54bc6638c723dcebdc,557485443.8028423
171149ef76fe0a2074c5bf69,589646571.0216798
96448fa0eb077563a2d168ca,831502027.3944974
3bf1bea2a835d7fd11e47ce8,554687055.8401538
2f4b0b1b81c792f43f4ccd5c,554687055.8401538
086540702ba0876c0c05c5d5,615212206.0238053
57d17db2cc5ce1aa889f1f50,622088309.9988145
3b6cedd9966332f0722208cf,548652407.260982
351a3e1b62cd51d46913a8eb,661691259.5377953
33b702ced6de5f7ab8b29e7a,541966945.3458619
e0e6852c6d6393d6d3719131,706443820.0959893
bf5e687721e030639ec81416,576829422.0165594
314479aa7b73ef6ef44e1c89,757137137.9200685
822896f609e7761b58e7f6e7,563195845.6811689
5b6f21752f3744ec6e529d74,599097827.9982533
5d91dd63b6aef851e0c78389,583521795.4668481
0a369278a1ef6f5e9d79e2e3,569995747.0294878
7523e95fc2afaf31bcf30979,613092388.4539471
cb9de5719b978a78c71db699,677509555.0487337
af8c90983a23ee15c72b8e22,676618954.2471288
e35d8f589e6b1909f5e4132b,663696271.49003
ecaa5e38ff6cddc14942eb7a,934592100.3791536
d2eeec3fb1ee4d686758534e,700626668.6131878
e97d03ef9638c8e1d270ed2a,584533145.1872561
cbd78f55af1db4d89b53b496,558291063.9995477
1b2fa2ee5927660313569617,767412851.7882322
f7f00e13da4910d724aba4f6,563378495.7987984
9a6b77dc2c414f0baa11effc,550991367.4078385
bd4d0b8799fa5999c5d2ee3c,679275255.2778525
bd6b68abb113370c35786557,964771376.0616188
4da8ef54252a92d9cc62c174,635266071.0790241
38d6c2a9beac610279bc110f,651057285.9927741
32e6518755191bef743b28f6,839654856.0696064
4fd8d01a5c3abb90ad70cbe6,537936488.4351209
5d9f8f380a6434096a0cd906,516230139.6902874
724c854b1a991f060701d005,545986016.1910578
1bd78ecec17b584e827dd0f9,512965107.2614905
7e6f68184d84e09cc9ebc09f,544848038.3261992
c0174ef555bfdd648acf4346,540034408.8074667
6463505a740324c7aa869d79,542034398.2907187
f239b7fe0de40d208c01c45d,594574486.5648085
bd98add659faedc1820f96a0,543822887.4334971
ad662354d28a9b2d65f537f7,608052331.6841401
8e8852450fd5556f748c98cf,591212814.8467306
8fd5b95f5808b4676043de35,548833155.6757118
73a23c9d154fec88d396d2a8,597096265.2131008
374ca1a16b8eba42b35374ac,539195172.2188002
ff058f978e97c389e7a31f6b,535098911.41853684
9d7f2c004fd359136a662c9c,544847688.2219888
2cc0129b386acf9cdfa4eeb3,552551347.7875352
c139bf6b72a93a73155e1f5b,528122443.31755847
0c017cf9740cb67d530267d0,545964245.6480976
44ff213b9cfb3604b7e4b66f,545789321.997709
a09c957598e6cde56cdba03c,557035892.6802379
c846d5698bb295697186555d,644240736.9113457
a84cafc064a35cc0ad698009,662288973.540067
ecda0d714f52da919223a520,735478493.2741468
b9398d6bec5cc44fa39b8bdc,642120947.6387805
79d230806fbfe96368b83dbf,710054766.5548377
a28b1d82d3f7dbf8746d5742,666189122.9213431
a6555836840c7dd496ba9094,750415678.7833884
83ce7c2d2823f888f2e06ea8,795743410.7126946
631f4c509de8dd64f1c400db,777067662.9885488
2afd31619c21dc537e4797ca,687407257.9968454
0be57099d9c3ad8a16984861,658683244.7316905
ff29f12bbd7ac4b860909966,713596232.6863838
d955edf16ddb9d3f59501a9f,649231679.2051069
96298da2f44ca873f345867b,747595774.2707
e6396355c1249c6290906b78,650542799.6516973
39f9f736d802b166ed688224,699850958.7809813
38a0fcb41f0dbe8b0ef7af8f,725503623.613333
79b955adf84fb2c52381921a,744653894.1431868
e335b8464a61ea0781f7928d,671376412.1502767
71a929d79a6cccbce6ac5d79,670999613.5151005
41454361857cf70c44e1f5ac,666307448.3989216
a16ca6293e2ee2969f3334c5,935576433.708766
4083248d3d2f2bbf9589b971,813488275.7498205
de630da5e1c9e27bfd94efcb,872662859.3516366
f2a4f5010f3da37e27505ece,580004059.4501069
53647abd1d1b10c9226eac73,540451791.4082316
e51873d6421addab3b539dd4,537078159.6728654
be8fbefb8e06fe169237d4bd,601580143.8611524
257c889187ad5de900a430c9,539332475.04094
3198c4acc62c1a2276bf15de,542604692.8412461
b22350d505b87dffaae3a5e2,570912047.2851123
49ad389014995f0187edf726,538642824.9581026
025d96090a8e5bd6f786e9b6,551980709.8273528
4a7156189e1f06b0fe87a7fc,578890782.2667985
e91425bd357561183b935d27,578602886.2795396
c9d996f458794961d9957c1d,577555833.7957511
084de965e32a2a65bd3aff5f,577555833.7957511
880bd21afee7038459b5847e,559187244.9347697
2dba091723891d8907905a74,653129116.9847
a39f9fd2f143b8ce1f7e1277,576076928.1838113
37050aba3553f3869d59f809,602734811.4186312
35a39cf33d16f8f5ff75fd6c,576096371.5393705
7c463a59e7d2f2b4bbd07e12,579384588.9906341
035d955df5a765531d1d0d07,611226696.405763
be706475abdfd64aabfe45fb,577695649.6942967
bf41b26c090dbf0a19252e43,642292762.48225
21aa860fd839233ed8b82653,554413149.4970303
b870c8bd8f95426a7e1f9c88,577862027.1098514
c5a5676bdb1698f8c38cdcd5,592070003.8505143
3487768de3a13b7ee3df0254,751013988.8763804
dda7a886135a1fd8106d04b8,866311397.0951244
ee102e9d0791ee82ee4da2e8,560978138.5151808
1d4891dc27e0050efcc6c403,546724605.1793604
dc1fa8fcd0ffb8872d434dbf,528193263.54702723
2a5f727304ad67d1cd269361,669047934.044469
2b10af4fcbef695b327b7d0b,620486137.8040427
516881e914708f6ea6062ad1,693226648.2927499
5a428139d5ce6bbd9505945c,666675818.7213292
38dbf1b9c5963e9c3d008340,679278395.6398096
02c6e8c7f36a2c68851600c6,516583724.92638856
d2684e676cae87d75dea5ea0,528141882.17573494
027947dd01dc991ffefc5082,559770337.7413088
0af13e27cfe9b8f237a9949c,623717632.708532
32421841f7eeda76160d7959,538359792.1473379
96ad0e75433cc18f20ed83f5,744615181.419635
b387b5eebf501a620f352504,644017778.5704542
8ed95f9bf057114664ea441c,545265834.5626565
114318a8e5822ece53ad897c,519993935.68741137
3bdd7be0b5e18d266189d991,534928319.70697576
0d2c4bbd8a4dbeb6337b5c14,557708526.6814524
a98637742a212e332cb5d1f0,552383197.2418994
acbec9114912932b9cbaf0a3,512938335.5086795
fd81506b0a00fab1ff680b64,533792392.71212983
49e531941384af389b0aff59,554803496.6282723
8f221efe392ba42b519e5f57,603315409.4325587
1f33395df1e4f6a185c507cb,563964070.6214173
fa823373d2e7fc9443ebb6ff,578786520.8743794
0a6966f19bc2c303886ca82c,611078273.6737235
15d9a0353ad54798ef95e0d3,672596633.8697687
0d95d756b838d3a319277424,624714052.6077269
d644b23e4bce0e6e50ab9356,694898235.4756225
6dbc77ad8c5c1e39f72cd2f6,633363676.1454471
2fb5206d246ee7ab22fb8143,680400783.2090825
f1582fc47e7b8c0eb0cc9949,753228342.531807
8d7dd9de4e919fec5916862e,576529737.5821114
0b67da6d74bb3998c80893f4,531970314.124511
736d25efc9e570379d32c089,763225079.9105704
4615a8a7af9d7cefc7fe4c4a,682010442.1450564
8b753628bd37b9759dad06ea,530867036.7964923
5c7c83526b72ced12a08e573,557897997.2460108
9baa578a930a94f761119fdb,536006036.8792174
8fe1a07cbe9b8f3498cf74b0,521301947.0035373
67a7cfe6e95aa5200c064717,556790772.9217408
b7e3b0c90c0d3bfe5befec54,546738119.1845416
e6a547b2c0d126c9b6800515,578325923.8714395
b08f88ef973c9d1c3a86695d,634647774.5040787
5933c18b8cb17cc6e4ae91cf,690340528.6874565
64a24372d58a2cf535c3aac0,762447922.9174433
e6f9288cdadc5851d29fabff,898301942.1145447
71ba2f992908a5f91f832406,727880937.683138
3af4b54bb5ee5fcff80f1e53,539814589.0197731
40d3f1f00de86e74e0304bd1,624391894.1372391
3b758c26283c2f11251bfb89,877784334.3906262
70cb6337c8c3f5225fa80026,881539730.0643926
0dd510aaba8036e8fd9d667a,657408450.5961412
ef6ac2a5102d7be910a3e4c8,551344276.8492306
24c32572ca6161a603a7d0d0,541510998.2642926
c7be09a810b9e54d2dfba4b2,588110864.1183002
01a5a230e8a808d844e64397,619808729.463752
5ade8e9c79288d511ce1fd79,580979444.9267317
7cf50019422bc9569a985736,556792196.4123167
d4716e228067a7bb0f30aa30,581933391.7096287
cb79e02041eddcfa9225346a,663581960.7113078
b059afb753452ba358fb432e,727786030.5707043
fd9f78fb2d2f4d01e462bcea,575232871.8065943
6337f924f515625e7fa638a4,725898199.6641645
3adcc2c662c8c7c9db5f0982,763763319.0189277
6b7aff233052b9bcb6b9448a,681569400.4771048
cc51811e23409f4d77995768,576352359.9355085
e3cd7b6dc0495d5109086407,557534183.8246487
e63f468e1d9f86530d47ba4c,541969813.1731774
8bad8a7faae115ac9007b13a,613933763.903795
d563312854016e9115d034aa,739333840.2338141
57c7684f8cd8d78909711b53,551933605.3211994
76b8190137ba3daa55db33a6,589716369.9174399
2bcc6a15181273b2fad05e3b,762560349.5552944
b998aeafe2cc93bbd96dd9fd,527162426.1906238
eb77734d12df7528af57c674,521062601.5984134
e8df85384a1f51c31015ba08,633379408.815172
b0a03d567e287bf4cbd7bec3,526178596.27065134
dc8bc7cb687a3a42b7e7d5fb,698223559.0306983
147de03212e554abbf3fc3b7,578275157.9231268
c09b8c236316b87a92a620b2,678817417.6370872
f5006b435fc92111d55c0603,526620161.2094926
ed70b749e030cc8715c0eba5,557558227.199648
2a9bbd878f3f45745d76f059,632065587.0670877
503f33d11f75b6b5102ba4ad,529922925.55434
41479709513815cf5fc1eac9,635159567.5680292
0181972aeb6bf451012a47c6,611142045.4378608
0b35c4a3f20cc0eb751acbac,546271000.6064477
e5de98822287c2caf8b209da,760642264.5984251
f3d82ce1c6fac06e4997f7ba,548622503.5088397
8e17d7d78e7acffdcb04d982,529455093.49154556
f1e7a0c7804083963b5b6de6,522533019.7741466
918dbe66979d16b147bd3322,680140904.5181333
35dedbaace193598c9c438a7,547583298.8186388
e67fa931031bed13c711ad00,543988266.0396117
eb2bbf82cb615e3227305b55,523124815.1716063
e8d83f7dcb876d5d05ae3e98,592025458.5953946
2be93bf5132bb788bf045c28,555014091.1749332
ac2b1b560e8bc4fa1deb6f87,634079882.1391399
674ea6932fa9e6b7581479dc,611400449.5003932
4893b21db2d6aa4417e1cd1d,575707554.4255847
2dbef742d0c59d21ad7392e3,620089053.1480851
fc16776abc877decb82a5954,568386329.5735966
6f84d405f419590075610c5e,546931369.6450313
52cec2691ff635031fce9507,533339071.3599182
830b1a2d33f7754b9acfdd82,567255734.8460194
fa908c8dd43fcbe9f721c0d5,670181384.4134831
90c3b93badfe7231410e95bf,668145867.1306697
60a495b86d6eff1e345ecb06,611238745.0443658
0468cf58f40372acb9d5fefa,716744807.8662456
c523380518164e1e317cf1b8,663642878.5455283
142cf530f13cbccc3cc9d0a6,897667639.9065152
e0432ecc0c1fb2b00b5435af,535593866.957604
3af3a702988bfa0599727982,568251509.498656
99fad8a7877c57c0af05b318,633078930.1093684
b57250de388b7172a39dae8f,631080552.7510887
42fa0158217c9cb820f2a06b,530583489.2453151
8fd452d3f5f1dbb3b65f5274,694208948.4797649
27881ecd655786b093349ab0,683993838.2903683
38029a1aa22c0a5beb065edb,680579873.0403614
6750be41e08a725705256b0c,794246116.0634557
90bf218565cd67ed83240033,673773040.38824606
c6a089a9bb326c22e3f3aaa7,562729803.1518495
ede08c77d6090e0900654eff,639424982.1729628
2f7784465c1c69c8f786a0a9,879723331.5552727
5943151d9a76010179f6c297,594766204.2712444
82a3742862a06803242b703d,592198614.8126035
b815204eed4398e600b366ad,708174263.7273585
11c4dba68fb47eb9c49df169,549315379.4496666
4ae7dd50c6b743bd47340f20,585786694.6839441
d81a040e22d541a74122f3c3,519957382.08783376
34c84d0a410920c303ba69f8,544060514.2543216
6b0828221f9cdf5cf39e7c15,504049576.86781365
c50d5b4e75f165eeeb2eba97,532457440.59330654
572488a9a75f64434dca5dc5,520089286.87572265
0e67ae9abf1e2b2f66a91a28,538384878.7063409
cb00154afcad81df60ee58f6,553297962.333109
75801c34fb510d824a7d8366,557967536.708915
98f2d7810641693c44096ada,626122727.0570892
1fb4c88bbf995f77f2f29b7e,533887621.21539277
0abc98f7ea1e477c6fe3425c,571064264.3276652
b3401023d3097815687d1160,731573755.4565167
f1ef14babbc4123c5157eb9e,760934286.4989861
ecf47573fe1ff641f6914d0a,759284799.2571878
0ddd21dcfe89f72e2246ed79,526976315.73831284
402f18888d480f5af146daab,532305149.3636992
61b3bd442f6fc8838e2f45af,564637762.1162295
c4eccc400db2dc9627c9879f,581381143.3605144
ab38b4fae64ab90a55b5a403,654957749.6459485
7f4cdc01f9086bcee46d1d6c,767420611.5459945
1be9d865ac8d01f0378bc148,638177092.9918134
f2f43244cda8e2f5219f3db8,527983753.33255875
89ca905d858c7731313c82e1,629372241.2756488
5bbd0476c27c53e2bcaf9462,639289589.7427081
7e177acdec9c0fe684d8fe44,764548107.4709208
b764bb8ae8ba0d736bf54f5a,529017666.3834059
75f6d6beb64d846d965fa9ef,657992346.1499865
b5293710d0cd75f95de001f6,523359375.0245327
8b8ec04a78d3826b2c8a5754,563292393.6907458
e35579e8b9b24dcccf93abba,592612266.1816752
db5e320f51680100f1ec06f9,524022765.42832446
59be3c447844f31267366cbe,547237011.9552387
0f3b424c398a8e8b53162c37,658287783.2259104
57f4a3f6fe2e41ad97116002,548365941.0453988
1c6038b67a40f0749a72e6cd,540962580.3524437
e5da0e3919341762d5beed25,764703657.1126165
40efc0dc313284d3b57492f9,579622000.4556575
601da8fc375ba0b3df3b38bc,745744200.9892746
61a12496ac1e6f39c5ac5d3b,690374678.6419038
8635edb61b1dda6f4742cac7,730299060.366026
ce12b48120daa5704a4c81e2,528598938.0769077
acf4d60dad7953065b59ced3,611026016.4131907
56e3e7d822e13838ab9f85b0,582906513.8411324
7ea2c18341f69f21b523906c,626736754.7150342
dd2396a42097b2e8bce52a72,662477308.6128992
41f99600339a7afc8e386e6e,670873779.5808342
b2d160f54ce5f98f46818e4d,679936764.9919243
00dd36caffef00fcde85b235,715383353.7006443
471bd64a0576aa67f494eb98,641325608.1736145
79e307acac5f42f2696b0436,735359977.592475
e65a4eec62e2a5bbfaad5565,769015896.4306909
4845ca0d30483b36bfa55061,768533136.8462914
6784e116d96e03911e2a07f7,539503536.2463877
4184fd9a546823ff1fea0b74,610395133.1079841
616a5485bc7721ecfcc21c70,514185440.5434599
6ff3186df9d15b65dae5bd17,514185440.5434599
886706f32695891af743f986,783128503.8229798
daeb02020f23715e663b4a38,582993617.5898794
93fa1c8ebb75b77dea76ab99,599251585.792089
ab25a6737b3ee0c4e9cf4ae6,619132325.2577949
c5641447732d3d1269965ffb,697364577.8057201
86b290218a62d0c51b099a08,578129519.3619945
d7b82133acf54bd3eac338c1,758414009.2146515
10fbecd8de540f1fe4c57b7d,526443941.33990383
137baf1609138c6ca2715c7c,514200094.1537783
f5534949a53bef05de31b07e,550536414.9936231
466d4240af2cfd09a31cf3ff,594696131.2136041
7478693f3e7e8963e95be8bb,552655225.8152243
6e537e91af0de67558bc1ee2,522861360.0243874
f5b0b51ed49be034c290efd2,583996812.1320765
a4885ce6808ffdb878c41f97,531169229.7905787
a14506a4800c27223fc34728,639897063.3246486
e8e97b7919856f9cbb9ad02f,703952422.7971355
e16685dae2bd3b0a4803ec9a,703647107.965308
044b8431b186eb022cf6fc24,624379376.2873129
60de8c37c9eb96efc432451e,674119895.1956221
59b88e154c07bb7c0ddb4e8f,778849584.8587012
71590ac868415f3a185dc15c,652676084.5674043
6388b4cfd09e2b1219268cb2,571649406.4990424
f865cd15368fefd8c9d6aabf,724219505.9146869
ffd916080b1019827491de0b,677896564.4599417
6b8ce573bc2ee68ace26a67f,582993617.5898794
7ce704ef5752dd496a61d857,599251585.792089
6b1a1afa055c15908a855e9e,549035248.3397216
2a9338f62c99dbad25aec5d3,867458998.8309444
c2282da3ece2dca6e8a3bca5,801499359.1939592
5e6324cfe41c3676c7d0a5da,775299885.14389
f1a4afc2e543ce4260f1d781,619574831.0391303
5d17daf3e98cf433267d978f,640831960.0342062
d5f41dd3258aa346367d7725,537877072.4124482
da35c757f211ecaab20aeb3d,638165635.4320501
8d9cd237c737f6e62092a08e,689844603.9408625
9dd98816533e4ca8516a5474,662051762.9480586
27d14f352b2983177e836e3c,794332128.7390298
3dd4fa53bc59e5852f9fee98,866842878.773625
3ca74495aa9adbd533ccfb96,672960958.1172514
dc93d8ca60d60a118f61390b,526355484.6424118
dd7b4c374bbbcc60bb090fe8,577016424.9022763
f925a05397ca6163230f7ad1,749156255.338253
66a59937c54eff29ab14b474,605398709.9168309
077db8e0877b924d1b57ab1e,624466725.0536892
aebc3c6079c1a80f8b2f1c7d,662193433.0864614
ae41a566826a10d5a6768d36,681928496.0585169
489fca3e6dc044412d00cca1,713097146.2141837
fc2f58cc289d29fffe8a5fe0,583998443.19131
59519bb6d5d299ee0b767224,558807669.8377502
19921a97a52bed6c6b8f4135,710871292.1829742
ae08b7f31e69fd930ef4c832,627300323.4805198
1b67fbd144a4a3ef40bd9824,571666498.2199274
9e142165bbde850d4379a49d,658304538.0383838
d3e971e2e224a20530ee295c,737203843.0728484
a672cd6c8c284e14913222d8,559250567.2365037
93086ab3e32aa9599708382a,569782679.563284
63773145b1a896df26504b0d,527057546.4170918
17707d66753c1eb0aca28926,527807374.3739059
6a2d4d9a257fdfb2ead837a1,528102437.71877694
f9158cf51f5e9f644349a774,552061955.3638563
c09c39339b5bbd48f349a430,780162785.854017
d470d84f5d8299c52fa24499,533694299.4064828
9d028997ff036c154c3fda0b,777115991.0909575
40ce7321869b706210eda9da,543418344.2992781
3fc826461ec4648e4f7877da,597344953.211647
0e7dbec40eab1b3e5c6bc665,686037043.3542074
81b3256980dd7d7f49030c78,677207914.806794
fed2e1459e9ccc06943a05d1,716562015.6736743
c535169307e21e5df7ec88e6,577113867.4131062
d78d84e4e42f145e02e423c9,557751590.2625163
3e523ee3a6c2d89436539792,557751590.2625163
5f2df52db15d2e0ebd327a36,547212092.0876249
1c1ff56435675288e78c4735,574071097.6263262
ec4226205a38a45d97f35828,616529081.9786794
3214488a8fa9cf8b3dae877a,753864460.0364815
4a4fe76c58f5735ce6b018aa,675367517.9427139
ff3696c808d4835d6c7cc9e3,552764933.4524713
1aee9081ac4a04490eb3f0e9,616999356.1031535
8dd954e7312e6e6a07d6d4db,555980537.3858781
daa52a91f1fee77f75550246,556469825.4451902
a4ad34eb244e48afe23a780d,540398224.9891704
0b4b741487c001323f508d5d,557751590.2625163
cb383b7a746ed55b21a8b245,645718279.0533794
4b092d4d5885cc224f6775e9,523713816.0747308
ba12305002d24055c159ed34,519968183.812648
bd74d43d99a240ef4190ecfd,567868136.5091918
4957e0b129c5caf47b026c58,556417423.1626917
eb270972f0f69f1671a0a740,567350538.1631529
d51d3ef396efd4760c979de4,570376256.5140204
ac65d147ee69785195ef7da1,724314750.1969507
53ab42a93b6deb152951f82f,675680952.6647387
5826567e12ee3192785e36f3,587461150.7992203
ab64918f2b2b4646e87297c2,673748315.4921234
88b0d688281db2ef0a782921,666021757.4953481
dcceb6a2073faf9f89f3431d,658641528.3488292
73bf75d5762e3dd30fca7b3a,719509393.6456826
a45ba5d63cd1971de19c25db,646276200.4232113
8467eedcf9a48fee0d72d95f,610265557.7297317
6184f12f3a903658f3319290,556571641.8308264
92ab018394a5398b832d0b97,556136305.313318
e8e215437d023387c4a55515,535640724.05335236
7b8a6949d55b5bb27c3c6839,570577455.4100839
33f1a7739cb556a78af083de,662723202.7498827
39c6bd862f908b7e8088f0dd,596283495.1647102
ae556ff5f318b73d3b29142d,526265843.2879383
e2fed68e0b614e65c05200b7,761327061.5519145
c62a4288a4a0336b1436132e,747108203.561838
f23b32fa4894b6d59f73c151,635951998.165043
4ac4fbcacef08524ccbf3623,510312724.10515195
5b5bb8156b98eb51a58e73bd,542923855.8906096
53fbed4f9680917f0615ae7e,527910275.9927616
730b528617c2841eea5addaf,612856778.5578235
13d08f7e14471fcf517c204a,641850849.6042519
da273cee807e254fc9aabb9d,660622350.2722845
b8f7bd85b61951ce83d7f57b,699660507.5289793
4954ce465ba712543bdf34fb,531137995.77001333
b7483c951d2c19de665f07b6,503868931.02444434
913cdfdd62e35472522d0a6a,564519644.4953374
be28b90a71e2922437f25110,564519644.4953374
b71857f1cc385219f114035c,531137995.77001333
a72041a40ca87928c695b2f8,564519644.4953374
65a626faaed9d9e3b172415d,564519644.4953374
229bcf400e309619268dda31,564519644.4953374
367bc4fef78a9800f8616d02,564519644.4953374
dc0ac888f1e87924e3994b4e,564519644.4953374
6996e88c10a94d9ee7d05357,554752932.15762
cb8fbae1b4141461127c97da,593914666.344389
d2de34876a7a6914c2dc479e,669052200.4308541
c666974c4303d43b87714c62,656164114.4151783
e8491a7994738d098a7aede1,696486775.8178669
9a6440e5318b2de28b180a2a,686480068.271854
9ebe11eba1a88fcb24fcd141,539543898.1633197
78b0f0bd0494fba0293eb0c3,537153957.0908611
047b0ded64dcae203a3015eb,540975512.4599493
7b95396ef4d0e97de8fb4986,735950562.5932267
08f1c136d5a456c0215ebea4,627831049.8344682
0880b703bf2064f59f2bf20f,706312871.1231877
cfc069bd55e152e40b3a1391,620425057.9214654
0a00771ee714a2f3f96c31a3,561279512.0542397
06acca3d0ef4685dc055ffa5,523530134.160566
f802b026db4bf9d68cf00b16,526606409.27182037
4aebacb9ecd0a117307c7841,770090259.424134
81ccb7e0255eee6274f5d930,835055298.886751
cd17bb739ac79f80d6f651a8,878615500.7962304
917829a0aba571cbe794838d,659983956.4651786
5b83b73ec31031582aabc527,515902864.29063785
5e18ac352e3f3119f5f9197a,783856753.274017
b7eb15346797508f47ae094f,743377460.4947251
5ac98c971b9293bc6a8a6aae,659372942.030562
e196b7cdeab1468d5d4e07c5,683601737.9982569
0ea201bfd515584bbf72f902,675805300.7065624
d2e6ab3b3106f36f2c3fc119,536310138.1257013
59db28ba77489750903261d5,570147251.1289446
b348c76e55613f53c8bbc94b,589290601.6500844
a1e38854d6725e9c48c128b1,546446629.101577
b86c526fed01211fdbb62815,608205784.8347763
1d2b83d973547da8c168f743,551120351.4895843
0fe3dbfdf25d4b013b842b51,598369489.9574366
71a20a4daea6d31de942b2ce,674686458.346532
35352b370a31d01748616b01,736752637.3792483
27942219389ecffbce2e1d9e,681520014.3242698
62fbacd4e172983a2a998daf,623417176.2821518
00c1165df93a4cfe679f54e2,592960919.2975209
207f669778ed0db0e619ed40,570018973.271667
5ca0586ab7d20dce5e9ca8a0,764786949.698683
cc27435df779f16e6a62b0c2,702266678.7498269
7a94d3d31471ae313659aeae,779024950.7464123
efebd19fc5a2ab30f2ccedcf,589125173.1659671
8037e40c0c8b20ab6e0d4b78,529831256.51312196
5ae3359bfe2a704de00e8801,588333564.4130152
a5587c93c012375dee920f71,619500317.8783779
ee7f7d547af56773a4b0afaa,562359655.4997119
9ed988dd6739eb7ad7aa5a06,579052096.7446817
26c08d7331ae19e1934a22da,720401410.2334942
767024c66d3a88bb18407b6d,562004913.2108018
6afa85ee6594d1c8296f04b2,532628872.2403987
551ca6ad1ecfc7ac21f8ef0d,600449219.3649131
1f79204a8f62c29b0a1b29d5,513225963.85147053
3dc0fa238745fbc31ba88853,499884259.3945116
4bc3f597867c6844e9b47fc9,552785218.8509926
53973c17ea7e89fbee5e6cf4,529708804.56974787
05397b2087e5cf381809f169,560809504.2321427
584990ea9718bb5598495061,532329323.17721987
2e7c6a89d2cf2d835839f5f1,569105107.119717
5c02d79c59fb636ca4cbe86e,549930879.4224614
114436e00c03b44096823522,585579348.2396089
60caee98c3cc8526d16d7f44,534275359.1710338
8207612808b5947f2802d2a6,566125333.7545383
31a73382ae20331521bf2e6f,687329471.298293
c58947cd4f238cfdc0007bf7,703954635.5842054
a7ee02ad2a4fa122799a2dfa,681144693.3463002
c77a63e92b9f727034913d8f,761846886.7780281
56c6bf831d3c6737e3844969,697000818.0898592
73ec6f4da3c277958cd2c228,754965276.311403
7dcd1916c0485e0b80f9eeb4,759245589.4729748
cafa94c4a56c23ec73ee9071,707240255.9272244
d5ccfaaaa739b2bb2b3d46f7,617291312.1632906
e6d2e862f58445084b2980bb,861167768.3611752
62f96ed5c1e5f28117949a23,549608467.7421407
20d8980a4fa8e094b7a5f00c,549608467.7421407
0172678cb0737e21a317eda4,555708432.2295982
6254ee88812e303bdedb8767,736769639.7161446
a812ed43db71868625b351bb,754377153.5022353
2bd1c70db60a44d4400847ca,659270189.4517323
b057dd8a9c2082d1a78cba88,530768736.6787181
2fb149a70fa14ac05582ae69,582872717.9121156
47e282cb12ae01243d713178,531632741.28536254
ae47cf27964393fd56a52d7e,613702267.8129437
21642991a20d6b0d17dea2bb,554231892.4453654
43b10ad2660d7552ab6c3b10,588521352.8006914
64e5093d6bae57e8b4298123,595921279.8660698
9d8d3e6fb432174770c74e71,530869013.8968495
9f2498c12d7b41c213bec0ff,538841336.4784143
6461c0a03ad3ecf2f8112759,567769030.595635
09b15382686c42fd89b24285,773791959.6905128
da846b08fe2205d2e2a3dc71,609464361.7311912
2a89ac6511416d0920f1b9a2,704945794.3576173
3e9083411c44213130b2ece8,574055428.520534
0f0df5694eb388d843e1f17c,512648645.75715077
ee6a288e644183bb191a6526,528520454.76174223
8f570610ef199a3ecc49a0a5,529840828.12009156
3115e2391cc3a078b5e6066f,573739740.1303208
c7e45098251c687efe670815,567300914.8067726
8a3b7f5a8da339fe19e8f138,599116757.4661155
2f801cf48edb712627196b2c,552631850.9810195
a147a8c29757c5d0c592d347,562084467.6354417
86b0aa633bb16582bab5640f,548369046.7210662
c9620e3e2dce92bf95c57c6d,536216235.52819645
b746e4a5c9d04cf4dbf887da,608631422.3292826
915842a8a03914c08a6607c3,540148602.6965417
e9e6e054c1d09a22b7efa20a,560760896.5082822
4b6fb9b705d80ff350bd620e,546221136.432688
9a51784f33b0cdfce8312163,706992553.1638211
176c9a90fcbceb91569fa3e2,665669692.9945055
c97e70a767a3661c4869bf86,662880474.9422337
a6bdb6221b88a24c9f8381b0,678846695.2962044
0a1e6a95a0f9598150c121ce,644579151.279166
37d12acc69d0e3e92420e62d,766407405.9415319
d433ad6c3cdbd707e6839082,634982146.3073817
36bec92975612d091a3c78b1,668813437.0131786
3eb97ecf8069775b9104af85,649505925.0889932
9aeed339b2d916cc89f38bc3,601169521.0889485
f404deec9ec16a8460397815,643554463.1642644
8a0114372706f30bf6867a2e,684867422.6799694
681e772045fbee930fcc9ff3,682325723.9684836
0816f29a68aa35abd5978e7c,731841761.1675488
670fe8f7b8ebe006885b2777,630692183.491229
d36dd340e5875df6cba999ad,656429217.0624262
8ae869c5033c248f881ac313,897067317.4816946
294b04da3eaabadd55da9c20,844082099.7755243
17b360d57782208f5afdfe4b,846597707.2291297
88ed5ebb575d026f8d440c60,522750701.87284774
e611a37562f88ebe07bb28d3,531342616.8204432
e685650979374c571dea2ec1,526856942.6076842
10d47d2c73f0ccbc97979bcd,577285494.4363328
fe96a7d758a874b1f0c42145,551881361.7123382
a7634531887e969c9c5469d8,528439409.63910836
42f38b1b2dc077c88a746c1e,531709593.5757633
25e832098d9e6e7c2f9afe2c,660628832.4730053
b7dc47c641b46ca99fb83a0e,663867332.9402785
0391d158ab104c5cdba31872,577291238.3732854
a3c4d0ba7b85b9a6370e131a,668890739.0454335
27721beb237824844adbc289,747831612.0752761
6e807e25b64bf0de81f51c12,896646043.1318209
d2637d64e4022075c8f539e1,828982535.1874312
faedbe92e3296977872a4aeb,720926066.2859256
5bbc190cdc5ff3296801ac0a,592876240.915347
9b0abbbbfe0bc85686304ad6,555274009.6661069
f8263893418eb0752dae48f3,542017372.8205575
1e73d6064abab2cccdb6610c,538195219.9082061
c0155096575af5fc8db843cf,509819042.82990015
9c7f7b0ebe440f60d3bd478e,542017372.8205575
25187d9f4cfe89a525ef2493,549959391.8943821
85815a09bde2a30e296f65bf,538329014.3871057
fd45b984efcdb0b434033fd9,562365655.4017259
5dac2d2027b6c81c1b7ee3a4,538195219.9082061
7df538c0c831520e6d36e39f,545309222.8644753
14b81320fc31c7a513242171,541942078.1277925
8026e480ba395cfe1e09cec6,542017372.8205575
80bbc51dd90d131d091521a0,559018786.9287337
ae6ac510d3e46a50ef24896e,542017372.8205575
06b90d41ad3ce1d0d389fea9,574477693.562695
8d911c1a195567dae3cad99e,540948952.1886005
2876aa9ef0b44e43084393fa,561094741.2664267
76556774906f9e12b319c232,559787562.2970275
9662cce3c4b92d1c99849899,579052096.7446817
de3d078e5d524d8a7b65841c,554335727.2474974
547c8638128424b89d602f50,622192467.9567349
c8a3dc3654c53cf66953de0e,552726302.6845157
21c8b93e50ac884e63514f10,594846502.6359845
49a0715897795017ee0de843,677615022.708214
5d646ababb10f51c141e0d8a,704485287.8406777
da598f8a82b1ad1b02961cd1,660923724.7637459
84d8f7109615519f2ab0a48c,682215844.7954742
0d027b81f8391d73fe0046aa,686265466.3772136
079bc331430e94ee76f8097e,651011386.5376741
61055e6eb1910507640ce6b4,671248302.4536182
3f6effb8881ea683838437be,735953268.4599501
92c8d6ee8496b91821d7ba3e,729558555.993905
78a08f21f7d7c51ff4d5b8ac,659114379.9967432
f7ee7282cb9edc77740f392b,675874987.4089139
694b0a500f1619c4ac4c85fb,814951146.945354
13d43933e04c3c7a9e5071cd,843902741.3601668
5abb555cb9d65db8e6c28201,548045738.1065847
ee8103b958673c589b9cb27b,645330208.9975277
5b3a467a3b0feb8ed81be1b7,840694630.8550096
e570a5157e02d440a78ca008,679551436.3643177
70298b5e8fbd66aee975ff14,744703081.5962536
2b552d7b1a1488dfd618b120,530973881.4536839
f4ea9c80fe71a1bd0b692475,635190151.6090759
e6a9d5c9a82ba73e76817a81,746458060.1585472
9b58b5c993540ec3ab1e4a0c,559734840.1796794
00858277a3cf4f31b8e3f738,545403499.9857757
d937ac866f671e4a0c090879,659821449.1929928
7d02b3479cb2d89d55bd4fe7,595269230.5837806
bf79649b531e876c5f03883b,534769241.68557703
66a2ec5aac8969b2be538c1c,595269230.5837806
7637c251618135e082a9e2b8,818987701.8737688
e8c9070ca596f88bc2e0868a,551516719.5507587
64adcb2941e9553ee394caee,527691664.098209
0bc8475715e42b752649b4e6,562109658.7538455
956ad3b1dcbe8f236efe2d2b,532798140.2393013
dc81900a751b64dedcb4ac39,572773238.2330484
02e52d3895522d9be85c4544,565703009.6541696
49d6752dd196e7dd583baf44,546369457.0036883
8364aa431b2e267e41efabc2,587948238.4924133
1b59d33f9000d2e1aad46239,514746873.00999224
74a791baebeffcb7e7b917d0,735768950.8667033
0a3911a1a9284f2ff81689e6,560002485.3131888
6276bb8ceb13d174b8e405f0,529625719.45209265
d573d2caf8c67aa32bbe592b,527878099.84116524
57cafce17dc4de3bf8a9ba90,686780530.2088617
1dc9e5c684c831b204d21585,610067988.4873081
48df432642971a97d3d4bd45,649950337.4970073
4902ccbe8456d3f0a29e5059,622519079.3515916
3a810dc80d3a63f8cf106717,620637887.4574738
c9859204696f3440cdb541c3,652331478.0256616
349fa9cfa15d8f8bdcbe863a,668977469.5236104
d0bdb51c8020a37fe8344650,675801081.444111
7b037e6e5d110999e51b79c9,573258978.8403754
f677c51266f5ada9e23f20eb,522192205.88943195
1b85d69a0f8ce1d6ac4d4475,549512039.1286578
4570a3ca0571c70657b4a1c6,639403071.2956804
de32ca7785b71dbcc76a50a1,609087751.2361045
4e3cce6b581e74879c2dbc4f,562514297.8808347
09c4d4b5d1c0118d877d5734,613150532.4804641
b9809baae395914981a9296f,802202175.3279239
fa56058283c975be76d7c990,829665322.2464962
7b32938ebf0b1b167a3d2d20,775947502.8733784
bb38c1c17612ce593e5ae7bd,617125481.133336
bf0485c2e267d06b9b1d90c6,660888311.3029946
0357d0ee6e0646113ea543cf,664642816.1167694
ddf5182c482fca7d881fcba4,625258959.5088087
47e6a61fd652a3dd37556ddf,899269729.3880774
a9054883a22542257c7e778f,519663897.2740111
d7c70d831e88d552da09ff29,656405082.0724022
d4d138bbc80a0b29ed28a4d6,555255533.1721928
dc9119767bf4f21fcccdcc69,561136630.5862412
e8caed8cd754b0e3d43e6954,646927828.7163861
033307467830cb865a785e3e,574554737.8834994
5498b3e3ca091bb81be87166,735763776.0414329
bcaded180edb36336c2f5b96,713386750.9200186
ee4377ff95580b93e80ae08c,673271367.3104101
c25e1e289cac1bbbee489122,667087653.9975144
7e41d90a838048eda035fb27,648204984.2353538
f418efb887a15127cf2563b1,641435980.6997697
93b27fa67eae8cdfcb846772,642133702.9542353
6a42271a0b03bf9a856d1acf,662710767.102677
2af9e271765438a47fa7e7a9,617034503.1028789
11429e0923f804d7dc5d27b6,746493050.3230603
c218434cb0b05ebcef935e5b,619963157.0340573
a98e4f4db7afb8a6c9f69400,556480287.8546658
3c35c8993bb937164ae4a880,584383552.0355259
c23a1372c81ba03e6dabb0df,569204126.2625785
cb332695a296899d1c798426,740452571.3391949
2ace3da2fc4e0c022f7a8755,679866971.5168389
14f1bf9aa68aee1ac094097c,763105364.9350634
649a2784beb9b821d36179af,535879317.72671473
6bbb8f89bae38eff88c89c46,544584407.6761148
1905b860a8d463c3048b4e46,547872618.8076438
3ec50faceb434f716d73613c,904522806.8021
99543a17b33ab955d03adfef,659873382.1558088
edbafba81b92efa9b1400987,693684446.1251011
9b3846c7abf642e0a6220e7a,559988946.5445328
691c35e98d0d5780aa82aa06,561739652.8638232
395fbdeb9f0c0586a2b20edc,557564384.3987184
4803a3aedb6c20eb194469c1,610376667.4924958
bf95acc88b60a3d531fbd42e,524600584.1182286
b936e36ecacd7cbc3498cee4,579047759.0420791
293c8a0a4a358fe7554a4ae1,548550697.54978
5a72e2a62121158efe59069d,530159197.36130244
605276b332b5e5984b83ea8d,545818585.3584118
d3de7e975a9215d04567e467,557726345.1611332
44b623f7fca1a306560172ac,544610092.7552998
9a6a8802cbf3549870c55031,523373870.85094976
f43c684b789900c58c8b5fd4,557726345.1611332
dd7ec9d7dfad5364dd303f49,555347840.547387
506f2b1ff3e4e7e43a5596f2,595826682.4534211
090d371309090bf83b6fe0f1,569830201.2677828
886be9a1881866ab1f300533,537412432.8425239
ef34f331871e8ca6573981e1,541219958.265611
53bbf1d3345eabc2a8b7f5ff,579292508.9402354
5bb87c8d49ba8ae67a659b52,744386179.573021
21dd47ac3c4e1d6bd0ed2485,658060280.7715697
f59686ef2740247394547078,707971656.9726638
8fac177c5a8b4faa21b33138,619121588.6065344
b2bc172a3ab25b8caef50189,663955998.1645255
a10055de743532d7b7bd29a0,739113544.1797248
c344e3be381326a1b6cb5989,660884579.5700094
3fa4ef366575bc72ca5a0582,770941477.771413
e9205b722e624eba0fd36145,720693880.9710739
e75699a7693c678786ced75c,821666658.4215735
23208132621583ce4a46de77,937806303.1867199
558d9e4b57fbe6c7e0a09a95,971455991.0234313
1a6ecf722b2eed8cdc19ba20,603850291.8434552
11734add51785f1ddb999c5e,537720337.9362724
82c9ce0d018c1d620b7a6689,588540223.8874462
80d95b058cb11ec829b5ec96,555217307.8266032
cd89201cfe3fa19a4eb14bf1,658060280.7715697
d0a5f33f0689445e22db6626,617784885.5324153
c7c99ae9259b34bf9b8ba799,530650156.40898854
73806685dec82cf637f19384,530959911.696827
83007c444fa52b34482ed55e,568719809.0078533
e08561df5747246d74136dc4,548410343.5776787
5b0219cdbb8ed527aec91659,651611215.2542772
119805b72aeb50f05d3a5bd9,756364034.604707
fd20cc372715855081e24eae,639981426.1398108
e4a021b625f4ffbed391c6e7,740227665.8918295
902d4fc2c44ae5ca2703426e,783225213.0849193
71aacbd62d72d3eb29a744dc,759574526.0729512
7290697f96d8e2101089984a,599708182.112659
314153750510e92ddcecf33c,701104090.7756305
9d576cf721ad30ab1a4fd554,611803226.2025177
50160783a9a0503df5a38dee,764473298.5237784
0f4abd70b68453d3500eebb5,541031392.8171597
42cde300d741cb134a529031,556521510.4598938
1e9cb258a0b7e08244d7fcb1,571951237.5937942
febc9a1b054671445d756cec,661687818.0113245
39351adf139f820864dfe8f4,748511396.9967605
b4fac45659e67d4e91fe65ff,519607612.4301203
fbe555f6bd0edc1bc950d9ea,673458833.5984741
67308f6bb80d2a203e306104,531018829.98363835
799cb909791d43a1eb305eaf,577988501.8941042
4354c1b6b27a87c451ddaf36,532501473.2347243
0b937a3ea4864896b744108e,517115555.5190649
b96d8b77fb5ba71ebce2fb26,528517148.2274532
f4b1645da3f4286e39f2fe4a,664539959.4748812
a2d1de4211aff373009809ec,568176616.6045665
50b619ba3e0b2a4c6512bc97,585863845.3170195
3d57abd322b0077efa1091df,617201746.9830631
652793275729ff3b69e86072,556616440.4353964
1e2270f9f49aaf3be01dab49,707643611.5138705
99970db787f55a4d1963942e,543750165.421725
801d821fd6ab7ee01b62a800,605245796.3661852
2abd46909a251b8ebbd37133,515230565.7909557
20a783884d6bcf1aa5697772,542375311.7450429
2fc38ab2689eb24f63e32efc,658828423.8920323
1f592cc4ed728909040f953d,579994989.3684696
d1dca15e36fcc5ec14dfd870,579994989.3684696
54f7aab6b91b48272a81fb47,572187070.9195399
b6d84e7d569d8d0f0d0c9066,624261478.4756616
54d10cb2a44179fd4d726f1b,621822800.3393302
341c307eedfce3f735f4a63f,528652171.41837597
1e057cf20757627d1b006141,524954940.8483253
798bf22408ef6814759da1f5,600462775.1302947
9ef3691cdc2bcece41b47e78,641671899.7959514
fd5793113661540ee34b8cb8,678487951.3774722
9c4ce4e9f12764544cc8bded,643754786.9233485
542b5322e59a3273e10dcda9,659765283.8488592
af578bfec5d84cc2f4ffb8bd,659097593.8008113
a310528e34207b5dd813df8f,662698704.3167436
ecf5c9bd618e3976ceb5697f,661290927.571074
d342a1ae299065045a957767,880512305.343156
f5dcdfdcc8f414cb7a38309f,567089275.3735313
4090c1b86074c8e769cc72fd,557629186.220471
7ef2d4777310765d0c8121af,571719414.7482599
39222ab30001b3cf45b7de65,565361195.196514
91a73bedc30e0c2acd95d6eb,732423654.273943
d1e6d6900eebd9ace65d6c36,643817340.0114521
592c9c45c07388359f663219,654468666.2459882
738111512f5e5052927468d9,662910900.0859029
0db51d4771623f5fc1026d74,543157337.3239434
82c9556e19072558cbe3a7ff,622477151.7360283
c1e51ab95336a51885b4c672,606493967.6340464
0eda675541a035b1f620ccc8,681716694.6747792
cf379b41b70374ac4cf82dc4,666454827.7346623
d90c961aa01e51d63e50a2de,586535287.2487674
990379c9f9f210206c6f1916,863339520.9017998
f8189811dc639d760937df95,879007835.0908484
3d1deb639d94b292552a123c,527748054.0439257
43041a793a13a4171f22e492,532003359.1739983
052d00805b2602cac76fed4d,591753838.2067163
c76207e622cf8a208910707a,553372995.5574737
ebe33bde2abbecd6d1fb0cfc,517953889.94314814
2e23ee2beaf5293f57a5c504,526979236.3142381
abbd422c412c2d57f5df62ba,533411981.3354075
648217f4d8b5e0e65dea066c,592760697.87524
52e7657a539be5f36f48bed8,602539675.6838675
3a276f0df8c12422e14107c5,700404932.8526211
dc537b5973d2b94acf6f23df,713358064.2168067
0a41279a5ea9b92bf8cb79c0,714451501.0411484
80ed77aff62d4c57ede6ba94,754331786.7150037
1fbc660f780245bd72015f07,592808617.6902463
df1f513009808ebd46ec0847,539155797.2984806
58708fd9e83147daf1a80c48,525091203.09409493
52b699f9900d81ae85ddc7d6,530012498.8281561
98c5b154ec80083bf6f51835,677896564.4599417
588400f7829874f9de919e39,563567731.3613629
46a2a88ef09b2aab932ea02a,562526437.8718574
31474c62a8f39e250fb2882b,617804746.8924496
b40873d316de1c295f2a97ec,543677234.772742
bf4b8b23cd87377169684e98,591905092.2030762
a34b3b037805f2ec489a95fc,571613173.8414068
963985c57392ed0423d74caf,540923890.1406183
a93a37e4cc75c069e14ffa00,758078935.4354174
071f284d07719a3517c55567,758984995.299553
5d030db414b00948ec10d18f,547071129.8326057
6e57de8c4ec2e42832cd4b09,619050034.9975213
d9ee40ccf461ce3e9ebb815c,542692647.6958684
ee13d186a24af238d06e0c2b,657945582.3395646
f27397321c007765244e56e3,758073885.1235572
959397711c3f452486ae591c,671509365.353731
a41222195e5c7d7987dc3c7e,547105163.8915042
ad14cc63c36789bfc1bac0ef,505250738.97461075
79ea72e7b03cfd4fdb5219b3,557436797.462992
cf68e05962a41395844e9c80,521817153.4504526
4a20d03d09fb9d0ee5565ec9,542831046.9001175
734c9446d0674b8d6545bfef,598778834.7394418
d9706de7190ae64c83e65769,558619708.0394744
b778282fc4b9c43055629e44,665420175.8669063
a4d4d6480b56d6198c0120d4,654440219.2579876
7557a9bc12cf0f2901c00264,680755125.0445731
41376f69b086937257387f1d,851993585.3884903
2910f3631d1db77e4b61f8b5,553038267.5717832
3a8a506c99ede47ae2257e87,655835095.6846563
25d89911e830697217d460f5,650528381.0632858
365a227184022e99f1d2a816,747403864.757315
c6e34cb4e79a729a5df4183a,655835095.6846563
c5c3f06bbf812593d1b95a40,693912598.4210199
acd6ad0081960c0f17b144dc,664841819.7361223
344a104d2210954497a5a388,754070654.2683889
c0109086d0f49aac6c3f3f18,684895023.742756
c42c99f5da3248e7bcc73fa7,863441319.5364169
8e1e9ae57400052cbbaed9dc,666062550.4047494
8cdd55d191f206b0841e56eb,564555957.0382966
c1e0b47866cf4a0120e4b3d6,560426554.4973114
45a033d121ca5afef24161ba,602117165.6571274
bc834280fb45fb308d957640,542688343.0503213
9ddc14c8e7fe7ffb078e0019,601127232.2407639
7d66238672def6f73c25247a,656574873.8977064
2c12cbaa1f14553c1d41b958,522835905.8861916
196969a98960a68088266261,530012498.8281561
a5a3cab55661982b7d30bc78,531104150.6100167
6464d5cc161ac659dd963897,537239682.0023028
e9f44786cf982100af0984e4,615423840.1575389
6302e608d8f37e63f4e5cc27,541120494.44501
ab614a5008d68aebe34aa201,735129602.8877555
06bfbccfb3ec0b1f65f4b351,698882722.7859533
f7f46ac9158f0a1edd01709e,641217135.0086417
6e233ae6294318baaeebb59b,665455084.5490674
bf6e713a689f574b532edd4c,617027269.5203569
a7e97bdf2d4f2f62f9889c3b,555836594.7464231
784822ba0060eac9358cce22,587542675.636735
13c51ea93d19df6c273a1502,577689369.5627724
176e00102fb65cba56279287,687506140.6025516
52e5904902e4d75ad87afde7,622501663.3197296
728ce22c8db9bd0abe3f20a8,763405570.8466114
e8bf121ec117e383c843bc51,977481154.3781993
878ff8ef3c862929bbb19ebc,592359080.7383105
ed80ba018de35d5d76d50db4,699194469.7739288
9267fcc93ae3b6df8c12d9fb,553610231.0472785
babe27dc477f5e1b7e438422,546133594.8418587
a4173461aa676e09227559fc,535038616.18331593
f0b2a0602bb5a83f0827ac75,552085064.1647725
2da346c00d6fc39268f12b82,565798535.9805428
9ec5fbf8767dd0d2744a79b4,613544434.7951636
c85e9bd6e20ee2a883d0a7d9,541397229.151467
191cb509fd44e580ee32486f,581362960.8029919
053d37bf1d988505b5e91809,515140661.54656196
4d3a66e028dc8f3e9ad9e9cf,801964107.4458357
c75b265c0eb946ce77e32ce7,587984153.3367742
d233eb8af3ef7e325f6c8f9f,522652934.26907414
7f7f5313341b3ca499968716,592616098.0032904
4fa51848638f4437a3e31682,740077615.8721781
9090236db3ef719edf72a330,710276191.9041971
4dacc190eae91b059dacbb00,742121200.9434228
ccd2f6ec8e9841f1068b7c76,693122187.7602383
a354cdbaff42acd1a0b5d82d,679643737.3199646
da8d3092ed0e085a83a7d67a,730959272.3666838
1181e18553eafcf5edf6fa05,581144363.1298338
5b146f1914acf2ae78360fec,586433947.8945793
a0fa0aca2f6c2ae65a98ccbc,744848200.0896937
038bb35043651579f443c481,675501134.3395352
430c46358b85ad4a741c7187,545678336.6147066
4becfb041b0439429f2cffb4,538042217.5203617
feb87029d5a2e8125e165bef,520239353.6921499
61ffbbc24b30698ab8f735c0,551349283.2005476
0e3067f71dfb9dc2e03bba59,578600893.6305872
b8ec643c66478da376153333,558994878.1557533
c8bccdccc9186136a332e995,656219744.4988818
0f4765c8929a87746217e957,581843699.3331857
68c145df0ef91fb4d14d001b,528276725.4385799
e5b92a0c67c506ca6e92315a,553835469.8576901
a482103965890c922a66eedf,608957227.9583764
1d917f9f5a3cd44cc4dc8d2e,553505458.8989512
4cc968db25c2cf03991c0041,576062571.4785004
91ba0c5b21b52734d1e244f0,556547952.9483191
d6a8f4abcb02142c6dd15b30,575322904.2262334
0587e7e1f03af8ea6c46290e,794894033.1106509
61e1e0c49f3aafee6ec9179d,627031563.0059303
797da4e993a993ef80277108,735573791.1749219
b8acc8e72f2c498fede3fefb,713771629.332068
ef2ae24039bf2cff1caa4340,764917727.2528037
cfb8d15c6b0c0e6ee4b92109,681623678.6679903
05aecff6fd8d866c6c157a9a,690389887.2507575
b2e37eb7cde5cf4290649ad3,646569619.7634938
b7ecbd35179a7658f3c11b41,874258074.8532642
699095150a7f3f32c40454fe,868985879.1017003
989a4fc1590097414d7c3fa3,515854548.648926
b6853999c45e21646a0d1b20,520116771.84406906
6ddb6863958ded0d72fcc6a9,530212620.5854693
f6fc3807b54d8c69459c4f64,634748683.550546
6528ca87df8bb477f4b6b8c7,552475580.5881037
7bba885503ea7716ffea503c,550257970.4199551
846e6f1ba1c94966314345d8,542794315.6162977
04e6a79dd3e4d8d17c8b5387,727896840.6671308
4d60db10157fd0b5eab9a23f,577188940.8005677
0d7d434afcc5e93050e0b86d,621515516.5263902
bb9ffa04d913d06846d082a7,654265101.7490324
80abc4c356813c1e4ead1e1e,534908455.40600276
df8979b26c9971dd7c3500d8,648328041.3938186
6ea18874ea84b5b4840f9b85,655597379.5193298
aa75ed5781e6e8584143daa4,753860973.3270795
c8c8d083c9b9600059a8b8d1,596652016.8748302
5c8f3b7ccb4340263c255d00,552348388.4713832
79b943894c4dd68bfd8cde7f,557152951.6504391
64f36d32a3a64853227fa69b,659032259.0273129
d7080c3742cd9d72e9d0ae48,566152570.7726988
8333d32b98625a2742cfabd6,721612002.1975348
bddcc7fb72bb973f84b864dd,726799968.2226464
5a80dd0f68dc2cf9fb1b0c03,519185755.6007987
5d82060575bdb7be33e63ecb,580894455.4743992
de416f239b27327e0f78b862,756982560.7463126
816f93a2e035e4fcf61ee4c9,662224534.0340036
aca1776ef24acabe172d573f,674015725.7815824
af32aa018cdfd081a81bbc80,506640505.9358661
7d133cde943d189c9abbb6e4,561636550.9069942
80035ad5b3b4a948469800bb,651528854.02744
95bdebef7fdc2ac0e9541c51,661100411.9791292
d038e5695b32bdc6fff1f72d,566299268.3159049
2979f2d91d649a8c14f5453c,566895721.7102176
a0be286778d94153d3b22ccb,870993293.8574812
57e8ea351ecd1ff0825b1324,567988713.2218236
c84f96cf4570158c3832c3f3,626740548.3463709
93ab279de0b7b414ce758153,742998658.5417025
2018131ad3f6e5aa8f4be704,866841304.978652
eb055771816b45213df3ff3b,527832092.59114355
8e3700ec731701361d7bb7c9,520826031.2255949
422e994aaca85628ff759004,585908436.6933507
569e2cad5c18a5f393f80a8d,652789230.8703327
7b4ca3a8d09968e48c185260,829348178.8956621
12785f791e04b3a49547fbc6,893788102.5552987
02ea72128a99862e9537718e,685063160.7258636
fd77ee8ca0551b5b614b40e1,694898235.4756225
ffbf6a54fb00029ba24dd3ad,548978765.9837087
a295b12b773127f15e83e174,574501946.8866513
90f0cf22cf9c8fcc290e495d,540047523.808206
220d466e3737f1f2a8ed06ae,530741794.1240087
235c56f4afd6d87f1b3e199b,575155247.6256291
eb0f3b14782c9a484408c606,718402277.9065565
4188712d431ba996cd59fbe5,557015071.7947179
3dfd7e954d6f7f40af60bc9d,514084140.40495557
00e80be4feb1e8593b7713fe,554758949.9309434
eabdd1bad2bc4351ba4a2635,759363399.5908898
850342685ececa472945f7ed,724139321.7408762
ecc4d05489c5ffc8164d5469,496651960.4784021
2406d47133763272a965ef51,543742269.9991707
b9430e8c145c2a0d7efab2a4,646007536.0474112
4f8dfb8de411b8a05c55dbbb,541667832.0725662
574b6bef16abb21fd67db401,562760801.1043683
e7ef0d61e27de15f10b0d643,743811142.6607432
647ec3f486cedf045cdd3b68,537823995.2630582
69d83d8492db7ade6c37c3de,552512267.8794463
6c07175274fba6a0dc467cbe,562948580.2783676
a5a71962df1b8bc45bf5547e,767456024.5172237
ff61abc1e7843e20b1bf8656,554554035.62787
540c4d7a79864885d73cca95,573029776.4296771
17d0f69ae2c4f1aaa1aca9c7,530205125.39344406
80de6a9303eedbfd1c69601f,877530512.8295007
7cf573f273b14a6cfafa3ec8,546361861.5668344
eb9ab213defc2de5d878653f,733743695.8999817
69f7ab8608b5328f106b42e5,652010629.2888695
9daaca90887e5144c35daeff,607916850.4043467
2bd08c0964ef4a95295db843,784371684.2662212
34f0542a538cee9f3624d897,539883508.1538931
847a7fbd4425fd2fbc4b3edf,875698715.4750541
22428154baf95870f1d83fdc,647067613.5948477
18e89f083fdbce3da0a82a4a,666641436.166718
63674e7ddf6f2b4d7c6d5c1b,525789903.17503834
0e97f66cf4208c1a57d1fb17,505543856.9971037
a90f7cd68b662c87d9fc2d5e,573841680.0709741
2086639384041f3a9b519140,750578508.9523623
d38353aaffa4af168518c6c5,627108047.2205505
d994f3919c3c8fe0ebd538ad,950589360.1009
ea9d6dc517c77ff8bffd596b,689256827.8030455
ff83788b9f8db0297f6c0148,825788078.2002743
9d9564415e52518c2817f66f,597623836.8199984
9362189c5d784741c9b0f8e7,923082351.2678288
ffb510bd3f847f4ede255fbb,505542312.6139402
7d3e4ead63a869bae978027e,637476047.3566388
5dc404d1c214abd2d45b2a0a,713135313.7295007
64335f6d4c1a7514377be77d,552412659.3925835
b81801f02a73feb1db7f5e83,915518156.9073035
b5d6fe84ee7c6a703891112d,669937333.4813334
af0502ae1fe341c2ce1b5325,545440651.0518967
ec43b2789c9cc266a8e0d1f6,541982825.1477305
7ff8b0b5ab4fd12f3be399ce,884182362.6278207
d5c8073e3ceefbfbb547eee3,908999598.3776993
66379c5752189c150954b4f0,525006631.88134205
6a3f9046cfdbf4eefca3ca69,526605996.6191979
b549a72c938d767ed504bd83,773606158.9125912
f48e503ebd3908838c1f2ae6,576606193.4963082
e58ba64bfa5280630bfcfa97,618768176.675107
07edd16680605925192efcf1,580925806.2910395
70b821bc1c7dd846a8be343c,520820508.1388753
d84d7edc4a4896c4a8722328,558325307.7461481
6d592a69209ef3356e656c44,584738795.53667
ca9b2ef10b512905af6be620,568607766.5036522
bbf16146922556095f53b5ea,717763877.9586945
86e80098f5a3e7dbd635838d,747340928.4014918
dad46c20f9f7d834e522fdd1,721286557.0914246
e2dcb036931bf4b2aa030036,928887199.9398061
aa7a25411bc0f9f93dcc40df,573823770.8806765
e192181121fe58a8bf94aecf,550675702.8494828
5aa715bbe2b178ad0c9e4b08,755327964.8191367
43b5b5a9a1615eba48ab8b66,549554295.7651381
dc91e3fe1b190fd8cf2584c9,562162485.8408248
1014341bbcd2fd5775631f78,595214045.7917197
7f2e9d302a6ed1770db9f7cf,685792307.6259878
73f4074e5e09e52e0e03598f,683945823.8534682
0460eacc73398bb95f0518e2,676211737.3053117
5a44be6fad8878eb2c394ca9,650844980.2750667
936cdcce007bce08a72112b7,666806419.6820155
8334a4cc7db8ed5c0071fe95,563101239.504901
e3e9d1d073b129c697c1e9e9,766547484.3572186
dd9a60c3d502ca3cc98d9b73,627589681.0028642
949184accb5878f82fd5c10f,574752031.0711122
bbc675f7edfa0425c78c15ea,516279649.28376865
7436750d73f2e56b4f29e98f,661887917.8549765
cf81103f31f74edfe0453de8,590995664.806955
620e467297aed5c47e22735a,546424969.1240622
41037a3f8625082544979179,535096578.9326
6a2db40e5f210a31b2f7119e,527755661.457374
0083ef74db679d22463a1afe,576921883.2294405
b19be1ad7f60717a943ff0f7,616287764.0668198
0906b6a88fb1eb0d7bfb6bb5,546271626.4017385
f82adf71d17c261b41a5231a,543165510.7997245
bdda694c42c52ba4803d482f,563658921.3915293
80f633154b6f94b8fa24f213,577131106.3910508
f69aa18a64d8b8494fd9fe3f,540693564.6383144
3146f3ec9b237fa0944cec7b,553430547.7072251
5db3d671b5aa03dc33f258dc,530629413.0501642
d5239537894ce7f2a9cb5a49,544746271.6765419
bc28e66374356a4fcf9b62d7,562403870.6794792
3697e556be961a16a621f3e5,530026745.9684796
bb6f66493fbafa76d70b0a34,676792052.8084806
e78a4111d943044a9a32ed80,655838102.3159056
044e2daf937c0d8373f2e914,877926759.3337348
77668d4325802de9d63609a9,735877024.5123264
a85ba83751915d8d5d1a0e09,651219861.1018368
429460d5f5c5381e945cf449,636398032.6051972
a53dc5c58f7384729ba37a21,566457907.632511
a4dba76865fbd14aa19c0286,571135383.5818411
7573c18a79e5e3ee0610d7cc,526648221.23501587
f13f72c1cb469db92b25c2fb,623945418.3446071
45dd7eee4488e88d71d46783,629000105.0928942
dd4fd04b9fd80818bd543f9d,592446658.038981
500a3c5953f89b431184fead,578075194.1738421
d2e737461b916ba78030c76f,600867464.9656123
e1e69b5a90431b8a44265487,574319548.5905117
49cc8164d94a2afe8b750af4,556260199.2467809
e9b054016b281140d2566d88,973949050.834763
32161228e9c502d2c21beaa3,528032738.13154656
9017accdd4fe3229fc45280b,509830015.2825973
17fed4a312a9b773f64861d3,538166145.9443069
8632f5681d04d9c934675409,595983954.3024338
8356123e4d10a479a12e98bb,607509237.7003204
70463649ffbda5fdf3c10ec8,545349647.9870725
1414ec3cdd3f6ab772fc7584,586116429.2339848
937708417ef2642b7d05abad,575057930.659458
afbe90d764c1821cdb26e38a,543585545.0076746
14331a3db021936067b15890,580301513.127337
793efc460dd25b67c644e92f,549974342.5607309
0a9e4dd0eec86037a36fe769,646838426.6215208
e5168779de76d99010e37c7c,658143358.4714673
016dd08801ad1a1e7f6e695b,690947099.2905979
ce509ce153f452ff8a997538,671955540.7246261
66d8ce8e6aad18a4963275fc,762440615.8684858
8398e3b96d1311c7264f6603,661654806.464624
e9081115ab418ef1031326c3,627990817.9621246
5c8240a1ebf6138f81dac715,680719749.4250395
18cb1adb2078fef29a613a96,647625224.4687426
4167fdc804227ed43224a32c,788637286.5153145
b5d0ae257748ea92c47d8fc2,624329334.8773828
1d17f0ff708e6f0b93a990ec,666022332.4807795
764f506bb2aa1ac4de918a71,908117794.4185911
7a861f1e3af4dbbf55b2c301,579038982.37460506
1562a23a312478d7a05a33dd,532492829.729122
0a040fd24e23a77f0c58495c,731460988.9787169
7f0f5931fe148f6187ebf512,563896747.9711487
9fcdcb2be94744d00e734a3a,876100770.7317688
f181f74e96a93820a23bc0a0,557171047.2125952
5193b43c32a2bfb3aac6b2af,694401035.936577
6cc7718e834ba47a429d6874,566099631.1158978
b8d06f4ce0d6e71ba0fddc26,563989296.4534864
30a30e4ab286fd822c68ab5a,551055046.1182814
f99bdff027d28ceca0caacd1,557460712.1835182
f46f5e911c6c595efb5b7ab5,547003749.1639345
a7f0c831d82505044f370b1a,547585458.4627573
17069e9f4ba45c93738b109a,552966922.8396754
dd5c910c2a3d63b8fa92096f,542453407.0300696
a33329c9ed11ee8b87aad6b4,549078476.4502381
925b457b5df270a68b84753b,539219770.3968123
d206aafc71e8aec2afc3f8ee,554367855.9336475
f8232717e74332384075dde8,510938051.54445213
f60d9f0751a14efe41be383b,539715923.7054428
13adc7946bd4e6e3e4416e52,515672400.5453874
230cdc90e6c825d391d5025d,563488812.1642816
e98cb170e4383546988c6829,542453407.0300696
5bc46671989de2534553ae49,574194399.1517985
3b98c8e46cf8477a1968244f,579940429.0071944
f9f5fa4ad495197a5c9b492c,538185984.4047173
0bd42f8ee9d36dae4cf35886,520735045.8841682
567ca46ac91cc53e3b479547,524921099.04012495
f0ebddf2bd5aac661e4945ce,882901353.7358803
eee841bc785b1824b6419a73,560725143.046051
004776514ad269b380581066,518827337.9637748
bd3edc7854cffd6b6debfb98,744224248.5925772
0b42bbe66e438fa81a2ff77a,653685169.8096721
a33bfa6cf99e26bd9c49f8d8,583568008.2341309
8b45db8a4f2c0f772c8d44cf,526779134.7833902
262b5b0bb408d7cf53073832,545996125.3336099
5844c83fecdf7e09b188c2f0,551276015.2157812
9cc3c05f0e81b8f6454b80ea,515953503.9051179
07c46b493733d74c4f384b79,574296237.6266419
932ce2fe93b8e1ec0e7bbc8f,519586585.95620435
559fabe06aaee537322d0af8,524668487.06788963
f4da2c8dd901cca9cdd51025,551315180.3788416
84eb4861db0816bc8722f379,583539880.4379649
d0dc69570223bce949a4c17e,659664228.014702
abc2ff9d0e7848169fca170f,537000671.9175258
3e3880088f0df7c447e27840,510489325.3830558
3580dcbd0a6d7d6d3546dad6,588033441.0349897
f123231ff18912a3dfd7cae7,513499569.32978934
78a7eac41dd672cd1863e3b4,704843891.5368004
97def72de478566ad58020a3,600342240.6283636
e3e2e3080cc309d34014e8fd,533141951.6617588
71be583d473084bc0608d066,658584144.6688455
ac6a4c672dfbe20f5bafbd89,583288478.0711902
f4fc081a112f5ee1b3a09e70,546284585.3910296
d8add8f5e0aa562a63c894d7,585796781.2483995
88ab887e18e38d0b8315286e,587230928.0270612
07c8af84608e6c9206ad6961,584401226.4379413
2b352d996677e67156391e25,555629754.2543725
ced624c6debaa01c732e9f60,693260390.913381
ef92f63b46f27ccd2151a21c,756903832.5735745
f4022026c279a9b77a894ee2,585139398.7806634
e2e2218086e6ef5377c01b68,620152943.6305627
4af83eb7718f5823ae69fe47,580859264.2386222
ee98e745afca6de4550fe570,583555802.2471597
bd1fda425d792fb0de7b4499,536539161.74800044
86b2d3ad1dacb372734f810e,510489325.3830558
98abd5139cc3ea136faf7c8c,631609682.7893507
4582ec985de48290c5f1f5e1,579614811.352175
312a6b2a57dc6947f95213a5,551095751.9872131
86a47522586da2884181f128,736877251.8482609
b41edc115f6b439caf392941,506486823.6894106
fac682b61b813044a3e3ad01,635604291.8357563
63f4e57fb2cc22659e80d6fc,623264482.4042938
4310c7a552b20afd46f930d9,618450288.480374
4f18341de355d2cf57a03983,504873531.4244472
a418dbb6d04e505c133c6c1c,865747512.70806706
afce1d7c5576dc49c80bdabf,716002650.0972172
5ec12159380f4d1a85e8b0ef,536311349.61745733
78d10967c36cbf346bd58f63,763530497.4377924
f995364cc33c431b3c93db45,574254827.4784217
99b31d0b5d5ab75a2653b1a1,537357415.0779871
42d42ad031a2c62be9b5cdca,583193984.9150399
73d09646de4e0ab46feaceba,526428917.3870828
bef4759bfc25c7d44a8112af,551276015.2157812
c038742e427830aef3ac1c17,516134041.9420801
e96a7f5424558193663ef6f4,607381568.2619163
1af243eb63d893b1251f44dd,756903832.5735745
a083fd17c5e7c9d33540b922,536141470.9320697
549024cda1c093c9f8bc2ea3,547184136.6055138
164cf5fb9a759f2e4be67b6e,574194399.1517985
65ff6cef76efb4c83ac0611e,568578376.4785346
784b1db005d39c2f57666efb,581342111.4101781
a2f06081983f748fcd74652d,578329764.3392199
66e4f010db2febff23b4a4f5,564519644.4953374
9702cf3039b86f97c003e20c,557147863.0516926
48de5d43e88caea594ccd27c,555354376.76504
6732c28a236aa1ccc0cb2c86,569347671.9614056
8a1d1f70adbdeb233ed3ec3a,634691832.7908788
c775d4f60fea55d5511da4d4,644416414.7926219
1f4109e1a4b47a9b11c2c019,570869994.1503649
31ef69bed8e54b5e1fb245aa,566689621.8445828
882907ccf178b23a02ce262e,536147174.78252286
2868ac4225657a13f6149e6e,724877967.589735
cf6f0a3cc030024f4e9ad06d,555665160.7005507
0a1cdd0d5c3c8b973ab1a98c,926527044.2603675
0d099b1e1a314dfd9aee5293,617026143.2243352
898d1eb301c92ab6603e0b81,646408685.8745378
9fdf7d85fc65849cda3afda7,553814110.6479385
f5ee97750fd4e04eafa9d1d7,746658861.0276866
ef9cf29f71434be184a4ebd9,540010053.2372243
e4559824c3390efd6282960a,804574739.4605454
f8dc73052c66ab334cb7be14,722301079.5592145
2e992370de3eed4ec1271589,749805178.883778
e2bbe9221780d01a265e2ef4,661365023.0059305
b65a2a140ad5fc6e3e26b6e3,549572485.5809653
3dea0748459a295fcbd2f0b6,612246953.1499989
7a1cb1f751cd36bdb6412ba2,765552980.20151
1381c0399ebbf19db3a11820,549572485.5809653
479b2c9c12602551bbd0212a,645973450.5645623
d463fae95232d30e0f78f93f,549572485.5809653
d0df2748d371d98d76408d66,614808144.4629266
9551dc6098b721dd495e5c57,929258325.6204871
fa736ec3f2f066cba4328908,643811093.3049502
37fc4ce5dfff7faba6bebf8c,703207201.714993
f336d60e41c8bfee91d58728,513754570.6771802
65e1a61d984712e76829c821,701884977.6513666
65eaf65f8dccb8e49a93b753,667493159.9064677
36eb8139a5ca1b8459eb52c1,566506372.4721195
c357cc3d2f4b45ca3e1250d2,581300684.598574
4b75f2b374e8674e8b55eceb,694055743.6717474
9c20784acde0823e9479be2f,915628084.2372693
0f2aa0d9fdcfe894caa8fddc,859623781.760953
23374ef76774d4f95f022473,703752984.0396284
4224e69acf9fb071d4cab498,828782564.8936177
a41d05f2ae3e022c16088bd0,693087710.2890338
9b30c679d7da9169580773a1,835651513.573843
2795cdb2f4d568a782dcfc3f,714163539.2659175
5399af7ea98c97b5906efe1d,762145808.4191426
5e93ed2a9b36625c4450b5bd,695344565.0451643
d04d42ff91707e3957b4a29c,857172624.3171296
f32ea78bc5ea15d700d3c118,737905950.5009305
8ce2d6e505ad1da079f34a8d,751823153.7406311
014799b9ef7d5244fb6640ff,874437057.5581623
f50a72cfa82f3742189b7fc0,767358318.1542549
8876b38f90f5571639b7d879,758235639.9904908
239a2dd25f604c730136c720,680562952.5114919
db297b6ab332cbbba338e7a0,688898496.2160627
5aaed76349fc95f6c12ced7b,791870292.9316663
10c94f25ce3f7532bf4f3152,580294323.4100528
d0ac1f63c75987c92038bd30,698657887.5781956
db5ea791b33be91840a6d045,741577965.5529665
8627562772d9d63bac507fcd,647258988.989126
b1ecdceb6ac00b6b047c241b,951154922.1692551
f499c1513abf0b05aa1f460e,715511801.7845657
0d8b0ca08838d1dac052d51c,668585713.0566021
c54a573c9aef013dfa2abeff,733500149.0894322
f02865ea64b156bf4cf4cfa4,626888457.964673
087b564ba475edbea431d4e4,848593453.5674115
2d3236cf646f19a25932676a,733500149.0894322
68b547621c25c7418cfdf5dc,675218437.1449794
097a1a08a389439cc2c760f8,520411167.94535124
e9c905ff64c7e2f8c21b0a9c,501315910.4811363
464039bbcabc650d659f6683,588391894.9102241
93c24fa31fa780d28ecbc318,549643288.9337225
a73206cd21136b209f25c7cc,538887942.453526
852a11f12646f0a1121824c2,529999166.4614188
61953f4c9bac7cac5ddda5d9,663742063.5459651
5a5377f2d087b7bb183783bb,571893693.2158395
0a85c354c48921e0ca202d15,686780530.2088617
12f9d50fad58e4e40a187d98,734875748.6788703
45ac018012e7dd91d41a5876,564375152.0870605
28f905e91295a47d106a3214,716360180.4857222
395e3718423aeac3d40494a7,551249137.6360452
1fd7e9b1e717578f751c21c7,756501479.6124684
e8bdc4a088a6b99a538a6f0a,540543626.1473578
45b894a8b028be29ed137f1e,879594292.2206306
f5c866d489889ab2f124799c,668807359.1615958
3d0de71d822da8a999bb6222,567452909.4426184
ecd0b4bfd66fe04c278dd4ae,588503596.2398187
9a61bfe6ba2b8364a92e5a97,634055337.8733906
e8b8d0c4cb87efc13344bcd2,714042302.1454556
1f39ea319382fb0e41ead713,680743212.2338567
d61700c4ecc128290bc42d3f,536362810.3102401
d87cbdc4896e0e0160999520,543239572.6747422
d1281c9f037ea5c4fa683b84,570954616.4094362
310e768d2e8836432f8b3e97,548918804.1767688
c5498cdddd7856e99d21f52b,549098191.0432162
d3169d4a467cb7eac41849ff,540731121.7073601
2eeb4b0d7afa57b63778b69f,716208459.706873
7b3621124731bcd2e543562c,714140374.1569293
5703b4ab6e77d88f751bc6e7,666284992.5810839
2c567face144ca714454abf2,800428720.3575348
7169b5a3b9a796162de685cf,870825456.126256
fd19e1b2e61f5efde879f6dd,908462952.7435582
55f0e95dc857256aec65ec1a,646600861.856108
ab03c034e2a420f395ca094a,563200000.0232269
ee3c0c7fe3fe73ad0449870c,805748335.7906455
e59afca092e0ddaf60c9419c,767984150.5537721
99e48a46a1a599471d3260e0,505880896.3989493
419398139a3aa2ca2be3f941,562076785.8962834
54c33befb89cc873771c3be6,708283714.1468172
cb29bd3ae3d5da88c99d3db5,638538085.0738268
24258361a4ba8f772a83ba7c,717818289.5953511
539c12d2fe8cbf950b75a0fd,521069839.11584777
7b81996f3abd287b50adf8da,688967795.739886
0d9e73c14529fa3f1ec8a56f,549068688.9653744
dd178fd542fc716e32b4136a,568142891.6907202
9aad22f3d25e46538e1558fb,648871044.7205831
93df4118ec3536b312822d90,585077764.0111194
7c6319c04025c4ed6aa3f051,549068688.9653744
98e04fd660ca1276d1510a72,557466638.8488834
4a8eaccbde5a4a6747818d29,593034938.2272456
9f6ae3eaafbdfd8d5c0e64c8,696892549.1546922
5929c81cfde8ae068a8b822c,672618209.3111264
b94ea2b8b847a47140d04008,666062159.9478892
ac1b644a8d2ec042ca91f89c,616715019.8147038
8df9256029f526ca313202b7,593746072.4201804
e029511780468f4cfbd10d3e,540853640.9243847
0878fd8b66aeb22f6af2d7af,546690617.9142371
76258b7b7e8778cd60d3435a,596389102.1851225
d64a2ad3297e2fad8ce66197,557779733.3300661
8af6bb75c85a2789156b3696,539527031.8474826
40db880aba8951909e6e4ef6,689015194.7584898
c9e20cadac540faa59d9aa3f,528431438.4466672
7d5459e48101349c75d43aec,570846320.8826185
fb0664d59b6333ae1861f343,748791893.9168141
bc6b57600fa9edfe13fb3118,663688083.1552287
d309cdb5688ff7bdbb682d17,722237736.8947209
d17ba799e68d7775f2104b3a,555377602.6460356
2baa6afba131b74487c94d74,572949276.4518667
0b7c8732558fc04f4fc51ec1,595973449.8866948
0d8cda2859d9903f6202af54,568547795.6066804
0f2913c5aa681a2bd45a5484,658942188.6218212
de6010c57fe78d975be38c2b,615723199.2292184
54b474bc7cb126bfe8e6c144,576845234.9247965
b1dea7d384760535b770311a,574068964.4807062
9e90e02c8ed3ad137e4c3abc,625519341.7023408
b59711a5971a3b482db4d9f7,685063160.7258636
2c37a1280b18e095b43e19f5,864359635.7873436
fcd7c10d81aff25d9233214d,565473923.6992495
c3b8bbc492a7d7bdd63da22f,679815124.8524969
42aaf6521fdf1dc9bc50f88e,525364074.34117746
3c268e9119b8027f78f91954,598496613.7377532
c8d5a0e9614dcf96a500206f,631247305.2739698
6c778557da9b5d99f90b1238,799432508.3697292
4514844d15690b7331fdb6cb,744386343.3639144
d8e981acf77bb46a9dbd3109,713515429.8514358
b940ba03ea60d4cdc5d2d429,840135338.2803051
4fab4e66ead1948498d2a4dd,564771997.6070585
a5620899d410af623a3ff4a9,859043100.6382257
f45e3be8500d7bd91cc8855a,526418042.8175003
4b82eef445edeae7a55fd019,546639798.8186586
29881785ae39aec014c4982c,650540592.3311609
0d9f91cbcc9339146bf75bba,557934708.2682414
b839e76df5d73e7d53691707,659467742.0267887
7ac96f16bdc50ee7619f3548,675729997.8153617
a102a0a268840439c2c8f4c6,566069747.5335227
e1132006785632e4ec5deb02,576812990.6786367
a041ed3fc0b60fc4ce3cf847,607897025.9226032
84b758716f47bb0f4e4a2bed,562700148.9670719
84394774ab45e0c8b733bed2,540013759.4811456
2c1c91f2bb4d9dae38a44360,547188251.3946167
8ba9304ea7b8d2b071bb0699,612456601.5744257
9a76cc7c650230c670e703e7,631470311.8067347
9b0833992397c6e50b54715f,873487391.7320873
6f192e6a537c1509521e1e8a,673588432.9656705
d1668e2d35a939ed126a3f8e,878229574.917196
a17807447696896bb61ef8ab,938805868.2601824
d043d368d2584ae95ad3672c,618222060.142591
7f2e3f2eb5abf86b56897250,747102838.2215374
fdb1cffa6b7346fde667d72c,530338843.060116
58a3a9f44bc7846ae26413e5,531676385.6823044
af230af0c73a5f2b72787c1b,680612942.6198796
3cd5562115870363ed5d7558,617417819.757444
cb9d8fe7c18dba6827836403,738621838.7047107
742fd57dd463c1b5cb79f63e,658637915.0416219
0d30768d188b6bb53d599ea1,651396884.048469
c455b8a15dbfff94c2909f37,646019340.8900192
8541eec88f0dd8229b4fb041,544826354.7939557
54aad3aa4a166d2d50df48cb,678773917.073918
eb9a59d4e85a3f124e866f47,634780758.7713395
d65946f9c27e417e6bc60057,528458888.2929153
dfbb0ed74ed85bd186f40ccc,518696727.2775108
84b05da6a859ff5384f37ee7,606567558.4686333
e2da7c1bb33be76b86b9a07a,623532186.77398
456243bb3fab3e74df21b5a0,633561773.1449262
a947c2ea296f1da3d10b0a06,621725466.0547118
3929df6d73b3ba01bc018476,541731982.4125348
ce44699aeddaeb77f23c9b9c,734978969.4739722
3cd3537b5f9475657060cae8,716285252.9890432
4520ceed2e5fe3458850a805,678858308.8980645
00dea98fbfbfeae74c513bb6,684078286.1732246
16da41b1128c039ff8f83919,758723136.7585224
111d509185303ed970d710c7,869473287.7747338
83ad1ce7ef6d70842ec986f2,530170292.1580543
74f8ffe35e8d3bc9be725d7a,538780543.8891275
f5e7ab7c2edf566fa22501b9,606079132.3311868
2e1f3fb2323fa16150f8bc88,535172372.4580766
f8bf37a8f81a310e299385a5,538926918.2195158
7b71229680a50bc26677a427,767913258.1411308
1f7daef9ba898c4d8ac1c81b,566362633.1118242
415b68c7a5cfb073676c443b,545088344.9446731
856559e93205dd1561d8ada3,561665568.3292516
6d534e4baa1740d7839664eb,532163302.9362244
9ea78159ad117bd9c0b04291,628449654.6552864
38faca2d6e338d328428f986,530048463.5017525
fcc6c3c10bb52776accaf06f,547920914.4282262
9120f0e5a6f505a2553bfd58,669328872.9771559
583a8d8c5d7fa63125f62155,739899752.3187902
3d04304c8644c81114c36f98,645209750.8696716
21fcb5c7e497f0580b820379,674766133.722509
6542b39cc8d2d13dc828772d,617722721.4895794
091f6342ad934f4e7f84045d,667821835.4396908
fe8305e287f6a8e7899c9459,582756167.7989433
d4492ffc4aaa4ca9c4dd2357,675837862.5172551
319b9accf9980ef2ef81099b,601467903.0873399
fa84c07cc90e2a2058b57c9e,581128276.9162155
c4749eb8f59cca469236df01,533319495.9198789
b8a5928cf1f7e704e9933bed,650768009.7724888
c2ffdd10fe424afa1b09f31d,557537603.0186778
f221dd5d745def063eeb7258,579174196.4220254
319ba1ec06c9b6ca6990f4c1,671863371.9878064
29e7796eabea247af4e8a0f7,535358714.9554431
ddbca69ad74877086c4110e6,676580676.2121083
c858f0f3f5594e7bb0f3b6a4,683492742.312352
88ae3f4a8ef76675c66e925f,658127700.2851127
27e0810a702796d97878c34c,684587546.6807222
7450139ad1b39b2a380472fa,672539880.2568519
35ae7661d8191507cf9e7cdf,630600555.3425789
93b8ea95ca1c1ff3881d91d2,508776917.63818604
8e4709859d50a75dd08b03e5,610382674.0450424
7026113e0cd7b2d17f8a3459,610202669.2520776
9af956dd8d83bc715592b97a,532461732.13565356
df10ecb67d79e645f77a90a6,647514813.365358
14feeb619f409386e6eaeda5,523830293.02961546
1a6b9a6d92ec5e905ac97cce,556240322.9828162
057585ba19d6144408d4e2da,555092611.8417877
72699647b590d11ed9b2f2e8,533347492.6734751
cbc99d6202cd3a31e1c14a16,820301954.9250628
ce1d63bc4411a615b816a76c,607909271.554243
04f0fd25e2456759753bd2bc,627512173.8282269
8c0154eb5be437746213aec8,647211020.5126936
e23017438478050a655f6d67,692739525.192901
8f0b6d6dd914911c7e90d302,718730747.7636577
4b38595746dcb78fbb459781,698438590.7907028
95aebb36dc0b4ea86db49492,718519635.9490929
f900f7a9c5e2ea51689e8992,697983560.819473
3fa0d9e247f28968a5bf8476,536064437.31832
1240f50cf2d8ef1d8713e671,542778679.9345677
14a55e5887af840860b41ddf,522899514.6451902
3ffefb3f453c54585fa6ef22,778248965.6881899
c3b357d17afd631df02dc39a,661592831.4053913
a15aced0fffc97e219f99545,530251118.054349
cf707785919dbb92cfc7b5f6,656070954.8790514
70ebbf6a402f0f707b893979,587012051.1020753
aefb3cb6ad2de9ffa90b9534,595675113.0478995
b2809471a0164e3d41b8fa60,691425245.6416383
6d11001f164d81734a82ec1d,542114099.5379913
ad71acd782a4fce4d9af04be,573768557.0551993
ca86f53a857c23b15eef428a,591483215.5743237
580452a616b4f5170eb628d0,573779436.3809227
7dc609a3c7a3ab1f9a3146e6,754832878.8494529
e8fc9a1fd4b39f946b914398,635122565.1606641
0d3bc6532812ea618d154bdc,669366457.3315269
1ee436f045a0662037f9d2cf,647651856.8272853
8697b1d337145af0ef8e4619,699976121.9424983
9a08127164a0bb61cefb3680,533579566.6855681
e08e1f260e5c3231c49e5a96,542395833.2451266
b96502e30fecdfae7796f1d6,560229693.3284065
a0b178016cd26a1d2072e7fc,524224033.6698266
5e3d7da3cfe55ad1fe609579,592788253.6449851
30f77637dd52e728efaddd6d,610978124.0583432
2202c5c9a16b771d1e242c18,668532246.007239
3dc8277f29d0a2406fa25ce1,642124862.8091806
a0f86ac00934b57d85b44dde,730124551.9627397
9168a08b1fac4c5448626ff0,539871556.8191204
cec8daf847f52cb2845a9f58,744800671.3737459
ab7559b75b340275587e50b7,671490359.5344663
a392f7f9ace844d712ab2b4a,648215650.2621379
dd21c6799a32ce6ef27f5281,564914865.9201202
275ec6bd936600c7eceac599,735092780.2715985
978195f1745ab7e3d69e1f50,784735192.626084
0e3f82238c54e85ca4229977,560321136.3348237
bc168cfefe964762cdf8755b,762911254.4674611
d22d5776b6305308c9e774d7,546066149.3936067
94d3fe901550dd4ba77ffbaf,657933069.2719477
63717ed97f95e32b2ca321f3,629947419.7360846
a7df0496d6ce217fadfad10d,624155454.6014991
51a696388218fc2e412f8806,612895936.841803
a918c218ff761315988c6335,673049573.4542356
d3609eabe59175fcb4441ac2,683944280.4987931
8af2e264b801b3e155e52be8,699274569.7061304
76e4ebad138d50c690f0aec1,525598924.01921797
9a9553eb431458a3e30fc672,630780293.5459234
117f37774a78d65f9e68f906,545809664.0971456
0c8b133effcdbcd49d52add5,631119180.0894496
5e8b2528c1c0a5c12a476919,637627423.6732178
38d6842c2807d54f386bdb5c,641325608.1736145
55f747145222c070fdd50175,564577432.7601886
ca7d715827b39c417e5b75ad,730252697.9538348
b219848e66fb065d4d2441bc,755864529.0007749
a04d3f4eb8810a346fd29ab5,668890739.0454335
0b06da0ceff947975cf8951e,702766003.3755077
3f35c44229ba13940d8a705d,673574959.1288706
8bdebb8914fbcaad625b1764,547306457.6658534
f4635193372f669612744011,671202280.1625621
611a369172eb6e3e2e4bdbfb,723160034.7672799
6689af92cae5d7c9c3e2f215,894543870.1220939
e382002b0685aabb01891743,577889862.5596238
edbb6dd10f8c9e7596368225,563855710.8167676
89b0592a715c9e135967f947,708675155.2170811
a67c6f6400a176e0a07d6772,649178016.5218256
5c6e6dae74e39d33621c7119,671141714.2923391
0e1c100d8e57de8296363d6f,521907895.840407
e2e639b53456889ab5350ba0,551953817.9337151
93acd9176ff299221e0d2152,750948775.8186702
cb482d76b3b4904c595f2dc1,530373369.8779493
a0e15809e0a284fde27b16ee,844554996.1866187
9a958690c3947f5a8f05cc80,668725167.6952882
889bd77c8271961a6e4925ea,770670904.6114721
dc082fe46a714afd43b9dc19,569814285.517145
99f8eedcdc31cc0ff6fda7a6,531097087.53394544
dfa744f733abef97d82dbb32,663104643.5038133
d50b80d68eb3b928e4bb4317,534110343.9282845
a58acad50184e66794d8d704,665855808.1111985
52871480f7bdf5ac3d785630,744291702.1555035
8b083d7ac086f52fd2942a82,566269443.9987351
301ce25214ddb4b5144373ef,693640734.723766
6d76a22793aa9b571da64572,771941686.880108
d7c48db0385bdbf7ecb7088f,853014640.6750393
874e2c6f3e9f90db80d243d0,524021270.63356626
249667af8d0835c9830e2b37,564403864.516282
75d3c9e0da9a24f4849f2078,657411589.7604351
9e45b127ea0303f973bac9d1,540971531.2387023
daa0be53e7a1d7ff76f32955,640737288.1550809
bf7463534babd284da6ca671,519186051.46395004
0283890ab76b10547b27e634,643707175.9781268
5fd213a5236154ae5206c372,916750221.4160359
317e95fad7d399673719537e,629433912.5081582
fb14ddcaa459b49a3b30eb3a,736637693.5496198
4cb5e4aa83c476a5b71d77ce,622339252.5619032
f54d358d26af89636906f686,645726580.8678449
f002603a6990ec405d82cc47,708283714.1468172
e3b7dc4e8990f3cd436bf738,591064737.8930401
97c799300453ab511bd06361,758112036.8690675
3c1ee7e502c6bfb20873b47c,609437595.8326076
cf7741583fc5315ba70b70f1,558948437.9115062
36a0a1f0432c954604825b6e,597689798.1769825
9836bf9b64f27104c7863b79,596455822.4076451
68a3f9ac977f56cd39a6a1b9,647051422.7415092
b676ed2d0af6807cc2b28ac8,749504564.4720011
430112bf4fa9324f0149a879,537970381.3395329
fa00e05d83ee890a38c3a686,560045112.9732829
7d503f126b5863fa0626d4bb,594220170.9381162
ec03a01c961659f2cfd9c973,672008245.1755892
6a112af84d5a81f3d16dfc32,928220686.7593435
4c5d3dd8802acb9ee22ab912,597532190.0802983
d029158b36963961fdcc3974,584260447.61012
c2071e85fbffa3d2c2168319,670017404.9760444
60a04215bee81d26f20cf0c3,545069799.7696171
6d4a961e099de1939adc6496,850517246.9730713
2383b8bc2cd3d307caba34ba,520129770.3246337
d9357452fcd193b6c5284bc8,636759105.0989249
863f8f2aeda01a9fea1cb3e0,753801056.6369785
d1a6132098a4bd640321c7d3,571137648.9701228
6edd2530070918074c8e7d07,632003727.0499475
1cfe7df5431f3dc6a9289551,665682699.4577557
c617d1f15d294f0b0aea8ed8,663821280.590752
bbdd78a7ed332e679c8e526b,536815851.8673238
45969f25857aa7263927b400,645316245.1673435
cdacddfdb6ce41a3eb752496,558476962.8727375
3f87d08afecc4aba03587848,657434210.3974408
f21d2c0802e3858d493c1984,547096366.565264
660f3f9ed9a72d8875a9efcd,642145258.8852367
04e29dbe2175919265c82463,646711512.3987358
e4082fa99f92fc7a89092fff,795406820.0379984
05402dd344c77623fa053ffa,567347036.4528575
c5f7f0323f554a7419f78359,635617250.2595168
501193fb57014ffbd7bf218f,567817289.627858
0922cc27581d9058e55a2239,511763446.23283935
4dcaaac494053749f30875fa,684554421.9977771
506763d35b04358fb0e967ff,705950134.3780712
8c40078231bf7af2f3a06457,515804083.45443046
53e14e867f8b02c6043ae02a,526795266.15085965
2364014bfd851a68a824d1da,664476313.3814434
f788ac4a8b2a6dc11c458c90,538992021.6486019
093c849ad2bea8292c4d15f9,776035350.861023
71a8b68f38fccf71a229df76,574346815.279862
ebacfa0a8e569ab603cccd11,522923501.5135152
c963faee3ac527dfab08f61c,770156384.317011
ce3deac5963eeb96826c14f1,633147443.457454
5607cef08511dbbf3288a5bd,602655795.2656866
8a9e6d0839f9fabad2fc3214,581604334.7876263
ff03a8cc833d067d439b9903,667685052.4995092
d3e119e8fa4d96abaa8c43c2,639290621.0701448
25b893f6073bd66258a9cf03,695460542.6292552
0d70ceba3aea278cb4a2082a,632165674.7567296
07f9017eb4b8c169eb9de536,699738262.7390816
7cad62cfb4fc3ad9acb09f1f,546921523.4165
41d174db6f695472063ceef3,620614844.4456624
4ecf579a5d5e70d3b4314ef7,742612596.3469293
41df29e27c0bbb52aa8ffe49,553479435.1462625
cd77cb445eb0f72df89b9fb7,585771567.265836
65766c8572b629744f00b45c,577669666.310867
946eb4523f76bb23d0348309,591854659.9899437
453202a234f5b370ae9e586f,616285481.1253394
4e1b5798dcbed1842f260b17,718896600.4355772
f1cb3c0b97ae1c6819fb86e0,718633839.4324285
24a89527a6744456750baf54,565794047.866601
a281d59b685eda4978e0c84c,583554923.6213048
6cc9d912370da36c38ac2cbc,618361059.7181104
10563c278e7ce8eb2066d398,666761827.0462387
a1b0b8d18cd78b7cd555dd55,622335534.1864296
3cf9282136fad24af0f7ebb1,623788265.5960944
077659c14c3cebbe192f8247,604605987.950012
c372834e8e7a4279f861aa4c,548864078.802709
29daf0d5008fa9e3f0f30132,514331277.59497494
08e1ad8d1f0be0287a395ef6,552663218.4556283
19c07fc2b01a0edec4784e64,577637793.2194271
c2b5216a8050ea0fe4008f59,671562416.868942
29cc054742b256e6fbc6da1c,756544075.3923036
755a3e09dba04bb6ba6c9851,669482788.130251
c98157c582392cb895071f28,627931070.5838878
84f47e531a916b7f7dc1f1b3,761560879.8090665
231688922448e4d64622120e,554033467.8025556
9c7c68df14c238ce0b497dd2,671848740.18513
d5e29042106130114cf3694c,539469677.1471608
08d4fa42a34c74c94db5080b,689827079.4039111
e89fbcbd4d3414e30c30fc29,581174503.129337
22af7bb676cb4c9ffe014506,545317128.3049552
b20d6ca58e91ae70b6e0a1a5,886599072.7800899
5c372bd1e01f3243256e27ca,539255199.3781933
1242d7e61857ba8ad285b6f4,645266468.8806491
196ac46f656726bcb8087ba9,872220177.0645264
ae513b65e06b69e1ff2ad8ec,545785774.2166935
bb26b45df6a70b6414958912,545785774.2166935
9425283b41165156aacfd43b,530104801.7020973
689b510fa99bda54284cfe7e,629056995.658703
c57d333e383039db0fcd2620,663746744.3722991
86e98ed0bd2565b661b81ef4,580884956.5861949
0e694269bbff1e45395190d6,594031959.8338766
6511180e3128e083bbbb6940,756953604.9498651
59b271bf9e2d29ed35352f5e,545785774.2166935
a4c324b1353d2f7ea3ae9727,545785774.2166935
193ff8d291a9f163a4f3301b,577020469.4885762
8ee4a7cef562d388b8444c29,545785774.2166935
53bdf5c3cd800459acca551c,675509563.0554535
35ef99962cd5984ca87bd326,656339576.7936978
dc33d5ffcd2aa2b7d56d2ad3,638997308.2148257
05c47739fa4c4f00285a2c48,645410585.2865032
a51d415712d8d6c8add7009b,651773191.7866263
71493c81121558b8ba18c1c8,545785774.2166935
853a14b680761098d4bf6136,619595307.4514593
c9d5c08973c493f3acdef892,546400629.1795682
7dcbeb0aef2e2cac0d73315a,524514514.17209053
ae5a4da0000f79f12142e2a7,889756233.387007
1f6050fd5261a2d21d5a178e,528639348.6462706
e3f39c6e4a41fbdc4bc30e0f,623299172.9897311
9d157878dbb41c14b52a956f,574918063.4888804
e1fdbdecc84b991f582a2e00,752853143.8632438
3a26efe201689493724ba464,549098304.4338477
6670cde3fbc11c263c6c3163,763738895.5859219
780ae52ac9eae675f6fdb312,515597138.82409286
24f22d76b86498d5c3563288,791300585.9477383
fda25a0b6b9f62f92e3ea6b8,716663924.3795838
678ba0c80536dd27e385b31f,541620363.4696288
ba0d0663943a118228fd12bf,540934190.8416395
81ba4b47e9222c15c4102992,550257970.4199551
d9ec26c1c3e1811e38f070b2,514070077.48242754
aa850af0c6203104e6ed02fa,524182305.0979117
c697ec00214cad882d5e9812,535381258.5002065
4b193d78ea6e3740bf37b36a,526318766.29851073
08c61259a756e617d976e8b8,735780208.2165024
c1c1dc8df6996a94ef3c7d33,530875180.2015858
3fdfa23ac43d1df0503ccf1e,680599326.4781522
bd4526ea5b404df442892788,608604806.3919753
1062419f9cf94418ba88b6b8,572664375.7873545
1102f91444b8e1abb636f1bc,663277413.240485
b96b4bf38bdbd61d4dd0bde5,638849895.7728165
45ee2db87e9ca0a1a9faf050,633069493.8653394
556cb23459a9007127b3ad46,662477563.4998636
a613b18945052b4576595c4c,603453360.1939412
fce385656705a8f4389cbb6a,562041119.2871916
bdac560af3e155db33d13d57,651241405.2272719
fedc2418db2353b7c97a260d,664973965.755652
4565bcc95c54bf0c8d376eb0,755064741.1150976
5fc559104e0ba1112ce00f5d,590704925.670887
74fdeb4c56b29662f13aa8ca,725685131.7363983
fbaf74ce4c2c6e88950d3fdb,669240497.2981712
5de0f045039122af0052c544,689636313.7906812
e18337bbdfb106a3f1739960,557997428.097879
e1b9ae3e0ce3da16f18e1079,656370447.2529935
a57435d71ccc5f032baee302,616838109.3481466
fc5e8e45dd0a338ab5835428,551280213.539488
918bec54bd7587daafff66e9,647330114.0566779
86137b9624049333f7e0315a,542762367.8204968
0fca6767d8f442da1f8bc6d2,565384326.1566898
3ea5478270517f299b20bd06,627868300.1472
dfff73eccd591bb26453eec5,554259995.2363396
e2dad5c148ecc797018439b3,616181133.6109341
b5a62d480bc544f891fd8521,619583091.4088515
cb09a84a1d7b929607d01ee5,594004096.6203545
af067a8546e1177eefe24916,555359204.2142798
d6f9abcb58befa3d05373a72,698187094.8548812
ec2f16aabd36fd9ee2203276,726136905.5263543
dcafab7adc7b763bb934496b,735382762.4700589
ede43dcb1715b959ba34a37d,624681540.8971769
40dd67aeb6e9979211c9345d,740366251.6393114
31f630c44db4be5360a57640,662833569.4886667
ee8651631861c1b94283a953,728763729.273224
b7d245742eef110adc91b5fa,677342864.3761414
ffc49242bb0edf3e22076501,622286042.305022
5c5963c17bafef1a1bfd5e03,574743183.81356
6c589b7e6a3cfad34e98bd87,643252031.5486635
71ab3644da08b8cb0a0b34b3,666563188.7491292
aa668782ae5d0c16e57193fe,629673451.0106459
46673c69814a0b3f25818dee,686193338.6208299
b2a417a8d2440f9124fd2ee8,650525869.1175708
3e0ccd899ad73579898fe73c,714318888.2665689
e6f2c7d7317fd433e26878e4,680058921.0986532
2d91b3a8c62b890fd246183c,679102321.4315696
fa653848d69ce620a41a73ac,663739540.1208277
3b6c94e3e3684eac73b3e7f6,879766281.7661953
a6a07d35b3834bc6f81beb6d,722549034.456892
a39617b7adfeb6ae7d5ee5f0,556002864.6223571
95e5e774dac6f0159e8afc0d,567055645.3860582
995362e3fea8e54538ac135c,593247636.8709397
42525c57e13abbfafe9bb395,681914653.1808728
1ae6fd60628e7d186a5e0174,586610539.9503772
082293a465231208059c5d53,584340918.6583388
732615f6d1526ec9bd519eda,521839698.8141856
99e9c4f8fd7fb7929da10a20,526008552.0493044
1a75e436fc23e7f48e639b9c,526017903.7702096
54cdeb67ca9ea56205e4e533,684550412.432911
c412ab869616d6576cbb8309,673859708.3282892
b17840ce59c9d9619b46534d,732649533.5835478
a14f071d8e5c338d9ebed23c,548080292.5813938
84d8504f0e860b0760c3592d,677006052.3518081
a3d03a25f84f4d50d2a308b0,530197987.8260931
bcdcce01d86d648c4502d42f,554004871.8675654
33379968a83c8a90c23e77dc,538227126.8851755
ecc36a3a4610829ee3f88993,554961446.4852712
f4eca80958b7a22922b0efa1,554961446.4852712
3b4ce006ef95420847da20b9,554961446.4852712
4fb644a95cc04f7bc6cda786,554961446.4852712
f8fad48343ee5134dbae918f,554961446.4852712
6e8e08e09da8dc598b8a8b2b,554961446.4852712
56ff1f7e81fda0c8491c354d,554961446.4852712
444f102b4d54503044154ff5,554961446.4852712
e0eae2174807cc7ada38c726,541107212.8279643
afde90f91b01b0282bb94335,522144470.9970631
1d35c364daa0f021ef263c60,540128285.8545494
8c47395a28f8177923d7b75b,566871001.9200699
98c98982020ba42198aeb45d,602675652.5689955
ff424474d2d10a2c2a1c1892,564141581.0747298
971a322e9087b67650689ea0,558800904.27899
45a7517c4d29f5bc7787dedf,555000261.257732
74a51274abc8358d628ecfe4,607687693.6883159
11dc32d92ac579720303c019,602069402.5636315
4c25d939eb3ec218403dc4ce,578935734.5076623
55597a7b8637f24198415ed8,586779403.1217538
eb7173223a27076d16b87f33,572886003.5000038
709d17b62bc95253601f243c,603664771.6988683
fdcf0e439ae8b2ff5730680d,586970886.5618167
2524e62e917e8a1aec5c9c26,574563944.9934564
ba601c13d20602c988d57246,604094511.0107341
397a7d1cfb809e34797f2bb4,543045698.8846529
b54d3ce25f3f03cf3fa0127f,528570333.3106089
d51bcf03d649839ca803c357,665704825.1680942
e9fac47a0f02f27abc96d568,681210703.6287588
a52bd93aa6b0d965914f1101,688532520.7375754
16601a92574531c1fd57a359,665162583.8283672
0e64230b70f4a227b444115e,685842461.4788107
ba2118c330e19baf4f3ecf94,674916258.1872667
055e29f236bb61603d4ce9eb,674912539.8117931
7c5c0f2d9a0e355069fe1c64,645851449.7196424
e781547cf6f8cb4ec0742b5c,669853217.6284442
8caab74ced535ec5e75acdfd,695764395.0952177
9d64345229b60ad1853d94ce,666785067.2133131
d128186867f91603af4fa481,686625351.4791381
f8fb6d1b0dafc28920393dab,686625351.4791381
33b92225cef255b0e4b4edf9,644556161.9099224
7eb78d4dea434674a230caa6,716844399.5283703
833bd3c8ef9d4da2f304a94a,656072180.2356744
331f0957d55d7f03df7fdc4b,656523773.1036566
cee124f4b9031f59c4fbef47,671312353.5383462
8a9663cb622a55f2a1a8e3b4,690053228.3755976
25d4a0ec9301ba5d53deb780,705777147.1542995
38d4b1837c595b6d9a23e994,691641192.2052014
a21923caba05da05449d60f6,692422073.0763144
63cff4b5ebb2b6528ad34cd6,629524941.2335727
948c392520e1cb3a030ce86c,675638095.55692
b2e7fd7bcd93309664cd225e,678277826.1269081
9d6be7123f2c6e610971374e,651736782.497104
3676e34e4824101f3fd9aa2c,726419014.7085234
f849ad486e84a82190675b89,646190247.0047655
2fb8b2990751692b8ef1ab6e,666089325.9175173
5155f70c7f8978e487e71479,646497063.7317834
4f076c220dad47bd9bf248a6,706411793.6435063
480041bbef3a540df2a36ea2,661492196.888893
4ca66e564ed478d06c471357,686719897.3449564
454e4126257189bcce9b681b,928510189.7975246
10ce9c7a0a58aad19778e5f2,935490525.586146
dfe8e2542755d41d920e28b8,524818940.03465533
5115b0da9c95559dcee9e58d,867239363.0893822
8a0053376ffdc75d0bdde77a,714230211.6216624
5688288ee38f1a69894ac77a,565667330.8974667
1fe514ada76363511cc79105,596812965.8481418
885a312d9a5bfa8a8db5279a,564245037.8556608
c716d4dfb5a3c2e1120bd84f,611696599.5894693
689aafdc12fd1610c2393a6c,604070263.407488
c0c4ecc8d3aefc53c4c06a38,766709848.5803984
30091c32a5046d563597bbf4,525215462.91767037
2e58c9b6fbe9c57c83bc0aed,593857324.2266656
3f7c5d8304fc650bf97247ee,689948171.6265395
56334a9db3ccc24faf138edf,699161432.2675976
6d0680692396c07afc1a260c,604333583.8747497
9e07dd563b6ff4572f5d9031,625421088.5394381
1278c9fd86258bcb435e7127,551817688.6069391
acf0f98cd8f8c8ce06f30ab9,724113717.9643642
5e3785bd517f4faa2bcf43d6,640910015.6053728
cfc61dd41ee5f5dcb76bacfc,532136681.23725826
2f171883b97d9c02b90f93a9,511583184.23305243
46aa67b5e0abe39dae442d76,511583184.23305243
50cb49d65d04a5d166f96e3c,644112179.2236407
06c1673c4a7444e7aa80abb7,611160706.3221172
53881f29c7a6bef0ab537466,612286335.0219461
2b028932adc74c961170a4ce,629119510.9429696
f3a1bbe01d265470a2d7332a,593597403.9673471
b42d5b5b38686929eadd56d9,610915955.6485637
bafc63f23f097c24d36c76fd,631461755.6890877
f164514211012e3a1686b148,598904256.1927344
82b90288bffe8c1c0b5a1259,585370092.0859356
2fe64bad1bc8a43fedfe0700,714028628.3202966
da5b958667b31f4f9a1d84a9,819211111.6109177
b3bc9a04a3ebc1b911326735,647998751.333014
9ff3acb07666d53f00d1f1db,680991807.3124797
13a44ce5066ce00846b59ae3,651098907.4589823
bb45c98dbab56e5abe20ac0d,682730616.2070343
f88bade1cb7ee0fa643f31ad,585202942.1323274
e9ab6916a79b4d5182d33bf5,650893662.6041646
144162ecfcba71bf09048dae,726129170.0560583
19466034c2ce19c24a179fe6,692717474.2852342
3787f6da3e961c0e10d30e6d,747367040.4393617
908330b0d2651093c0bb6719,713133844.8729124
66b7baef9c6c3c7ad24636e1,732813378.2828858
69cb0f3d422c2c78373c2e0c,847456588.4065127
1e866483995b30ec7f79d9e8,808072831.9599104
866f2a55f42cf30c4105631b,808072831.9599104
fede7e1a7a6f23338af6f40e,745378161.1609497
7447156f2967391975d335f0,692717474.2852342
08451af5a81fd6a63c4012cd,820757374.750069
f63608198bfcc858abe1ab0a,682649794.2507834
e9a0dff7ae48bd3fa2ecfcfc,703856095.0697207
cc97f62e2fb9d3e31ef1c00f,716579323.3700067
ed40f198ace8a4405cce7a1a,964763022.9521561
bf17b59bf2ac2d06894bd786,659995015.0138376
e118b149654cca1c0b3a58a2,704054149.0311344
7f9bdd2157f6c3d488c77ddf,748669467.8431499
9350225547486ad75c0b5ab3,747139366.2978747
d1166776fca47427c77fa8e1,742951193.3407671
f719b387fac4f688b57dc646,950477651.3312544
6ce8991a39ec7b9883f85000,952599823.5106965
353743db4334fee80ac08d0b,940509073.7665212
372a3934e8179422b5cf5729,888870217.8635894
81516aa72c98ded9223db098,931930731.0017757
9e80db4c35139bbb18775644,733792010.064923
12ed2c22a923c840ef616a3c,737243549.3570354
7bc57b136bcec053cbd073f3,863657309.63475
77a06084509952c6cfe8f501,552774771.2183567
73578b4214e2eca83b1e70ac,774466041.4735141
527e571030a7d8fbbf1a41c4,670368008.4362113
961baf163a07179bceba67a2,658745733.2862996
76b41682fa6953a3b20d3f27,669611649.4841565
cceb25e83ecf22252aa92d2e,669388596.5804085
210ff5d4404ee8578a5ecf9f,634579790.0034447
398274b1c46fd88151420c6e,570084009.7566819
5b328b80dd844db2e946302b,567003423.8358289
4195fdfe50e42e9981fa2f4f,561796567.9239165
2d4031f171f965d7dbce0ef6,567150339.9953223
fc1b713d5605b0030421d5a2,596330552.0763348
cf6092df1f22a7c4b8ff9d50,528820391.597403
8dbdd7c8971a514eb7cb4d3f,680936380.4458055
c197faa8bdbd51c075a6d3bc,565816732.8537484
1985a2a5c3b2b0c7eca22afe,729429538.7973642
92a1a8b617b6d2c3669167a6,760120789.9043853
2a330fdcebb247d6a6fdea23,602717282.1471056
c3dd975d0aed59a65a784e47,573188430.2648835
608a2339d558a6cea9478756,897332254.4639392
c0ccf6d535d1316e37e1024e,847519664.9502994
229a7640d41a8b8d6d2f8f83,681558881.3652269
e3950ce025371da2b4ad9db6,657895454.7626021
a7e41393473834db30f2c1da,673879955.9655932
7dcd1597e11f83093cbfd7a5,771308357.1845009
71235a69058912dec1d355a0,843912028.7969588
349602317da0e456d88fe24f,622732830.5633678
ddccad3e5a4eaf791ce3a7c9,542171767.5667534
776d7d1326576f07762ab3c7,677509555.0487337
1b88c06bb3c1bc2bb39d1b86,713190997.0956318
1c5c4f4c731545aa3388c554,534841306.18198085
aaa67089a753d255215c15be,541874354.5756534
d6d5717a4b7e2edaef162b6a,587875107.5456227
0ba20e953e8e76add161cd6c,530018576.72546196
13c39860029403ea94b5439a,704575981.351142
d5436eeef04e1a8e51a38912,529311140.346159
21f00ad1214253dd5bb97817,658958073.6879642
5a3119efc021fd0f102ab958,546681090.9354453
331c515e7f0dbb4460810999,797648379.4598619
9e360588b18cb15aec3b6609,539682814.5145801
a7cc7d2ceedf4d69664dc734,596424707.4990493
4e78cffaea2008f3919ba0ae,590535842.8476998
452e0518f7164287e47e6354,587691537.7890198
74286242739391c4eaecefbe,580884919.5381798
df06b65985649c7107b794a4,762424003.4630271
b6a21387674a509514fa5518,736764177.7827634
6752fcf8f1af18d61124e32c,767781356.5773722
a7e40088cf53acfc65f4b3f5,749909464.3014266
61b9307a25be3119effbd0d2,549205140.5026952
3061729865dd2d68858600b1,561435557.229156
ad38d5660b6f1eef23b76039,533993030.71228355
1d493f3954b15e84c41afc82,526782708.5717171
57744cb947a923584fc6bcc4,531547163.8570994
16f60cac352cc0d668d226d0,533037817.4056397
accf7bdeeff29ec7a209c509,499749422.44661593
a694b9ab05641a6325764e63,591130018.9886935
bdeddd3f84cb0ffdd1fc27bd,560281566.0387
de9ab30042562789601833f6,493551118.7762072
1a95522f43288e32addff2ba,528106447.43468094
3cc722d5c764ac261611c2b0,530312387.029493
aba85a8a7ea2def1fdd18587,803933496.1103941
b272c1025cf5c1e1df47042c,571369210.5159361
5c449356b8b2d7e0928cce59,700881547.7971276
a56d3b5bc13c9849cf676750,653772307.9082023
942c934c0d41ab822d60c795,520397351.2722883
b0fe09d086490092f1690fc2,565387357.8075304
7abc8a11d3d6c905de3f567e,549462256.7620733
16716773b2a43df0332622bb,618228193.7484652
98fdd3fc6c9447d0f05eb1c0,764490573.5097324
a59f39373ee368259b441de6,522351864.42982954
cb778195c5d61a7c4185424c,649524834.031937
c0277899d5f185cc78fc4a79,575828696.9295677
44effc9574c74ea4ad98ede4,758487981.0922749
e2d00e4fd93a02ea81895355,724716725.7197644
ab405cd390c0681c3c67836e,631749189.9138428
86db204f7ef6e0e0e6687246,605940038.2763038
97b791fd94b2339ba115a75a,607096076.6205846
3897d9b5fe3a0cfaed7c18a6,521459527.6575297
ce206b82f2de3793156baadd,546664000.0620581
2c924b9d45667f7168bae6ee,548654817.1197019
358eb586d9649d20dca9bfcd,648216284.0008037
71b1fe15c5bffb750c99f648,530860019.61103487
eca500b92ff96f10ccd45e54,555963561.4987978
7b63445c5e1ce95bd12c31ee,645928066.1800861
97d64459dfb368b1f6067ab2,660641911.3981185
1b09874d5a3e4c9e0d544198,738798163.315937
54fb79bb019bfd10e5481ec9,648526995.1708277
b3b63d292523ce0a925b871c,696932861.278543
09759befd8899fc1e359935f,614481699.7384149
62e0110b1c8dda16cc7da89c,621812735.6175984
d98ba43504fb49a4f0bd9c05,658605358.6105266
48815b454dfb64fe60e2cde4,663554259.5340029
40a65310ce666e80a9611d4c,577479851.5544592
a8c5674b5d110d99a1e097af,745692275.8359216
ee9e7dcede0ffc20442b4407,674623397.46793
9e858250fcb7320b65bed9c7,659731696.049446
bc76b078832a3a81b6d637f8,834709748.7382165
b06d3ee14ccf3d46fe2431fb,547271853.4194626
87332a7e03cb851342667b98,638235067.0595031
faa37a79a1d72e4b8b0c80a6,628245456.0534049
0821109831351eb2501e362b,673075521.6850084
8d01d6561223272181235c69,845901659.4328934
a0f1c94cd34fcba92f59a59a,857453474.3736502
f6a5c88d1bca87c1e89d8084,708881292.0556792
55118881731616058c929b1a,903927062.4936031
bed1fbafde11c156b655e04f,623623582.5286051
819d2a7c3330480b7217577d,664547856.6777307
e1967b56ab8ecd035bf39534,544922193.8272595
08d0615cff29645ee70e20e9,901676981.5938216
2e8af16a155fe18c8c6730a2,717808812.5808841
882e8e77fa1a71288f6b61cf,697071728.4498724
7930bb0822caea5f6451bfa6,732763623.8602139
993a18ae04d78d374f854262,868219036.4119327
e5527bb25c85988e00da339d,726001812.557294
07bd45129563bd2fd974deeb,497605875.32962644
83727953ecffc17bed632d94,520569305.86310124
2e2d3f42f4f8369733b3bcb9,646551950.6495183
3b23a71bf40e800a66bdeab2,642875233.4473318
894f346e0ad39c57fc0f369f,866884170.0333874
d1fcd31555048d043cf084be,565425105.3485419
8d48f73816b248d1166a09db,641062497.2008243
32d5a20c542a8194a6aae965,586116429.2339848
53870de54350a8cd7c13f014,667283536.292961
31cdb68dc6476128c4bb2f5c,693713324.7071774
4be6d93d8ae1375156444f05,535676586.6363681
33a7f6aebc3e2d480d287199,658755694.5485504
e1e188d3f9940f9dad98488c,649457022.1711152
76167f6ca3d2c404104b77fd,684182491.3105276
9297c340db8a74e10dbba148,686464103.8605387
0e001ee8f27e1a2fffaa0225,749693685.164218
ae3868ac8c44128b8a955829,760816834.7925979
bcbd20cfc50e2f032b174b56,550086321.8055565
253560c855216bd9eb102595,566348336.1836208
c9c769e7ccc99016f61269d0,551091219.8893044
7c07ba1982289ca3abcbece3,727522637.4733216
c5c024d11b3ebb2cd088bf6a,579627510.1380408
f0a8fb06fcdf8997bcdcb03d,563395190.8515737
806f9ab2a016e774689ce2b9,533306111.17213345
4491bda913188aad3c66ef20,627292227.3353037
0c37c0d27631960f9e0fda1d,631451305.5078452
b50b45bda0905a116f238c1d,643138860.867708
f0f8e755058d48542b9cc4e3,615875383.7207779
b3005057f48c1794b7974f4f,649457022.1711152
e1e5b0bd721a67318a3848ed,526766971.65381473
d96155b72c02bfa04f7ea98f,574146327.466352
3825ce5030d951ef0fc2f7c5,525516297.03132427
99587dcb4237fe90acb15b5e,502762118.8327232
452ae373210337b8008ea2a3,659100683.2558132
09ae7df5577582ce7e7b0aa7,661692149.9114205
b98967876009fab4290736f1,628346056.4524971
24a4a43ae4c687bda1066227,732434880.3175215
c509f2036a11b7132c633d2a,660381031.5472659
bda914dbacd42b2b7c6c5179,934369239.8881075
5a681060eeb2fc8f1b3261da,596303028.4129996
016bb199b12846ccb0b03191,748083470.4869305
ba94676bc0385678ce3780a3,661719271.3449006
b2183e5bca67574df7d5985b,514902455.58923215
baae43ea29f7e419bbecf998,580258290.7190506
ff1a7adf260e637bf316812f,570194845.3852594
8e56b5dbc4cf628ac12e5bef,760999866.83202
c8941b8d7626f7b33628158f,712290603.8344375
d504ed869ece1b1d6e724452,538965800.3339838
1acb5576ccae1f0534f614df,576516529.3149707
ff228869121d053ca7bbe431,759055864.7471235
ee4dea05e93581750d613c59,566375066.6841292
5d507cdfb7c233cf96dc6a83,662291888.2980748
faae4324336f1211ce4c7809,548383486.3904371
9a8e471c8f4488c3799483ba,543866083.6238855
d040e15e50d655f4d19bff54,521525816.2871688
efc7e89ddf3de559154d8e0c,698523890.1611421
e91598736dbb7319952f0dfc,553981232.7778976
4046ebeeb7ab85affcfe337c,686040738.588365
d12059af22bc7d6ff170430f,664218704.5848457
99d39d72083d7485e8944a3e,572249390.1446923
b9ab2dcd8d1855e4bdd540c4,698336111.8688697
97106114a8d353ffebbd07b7,625102887.167654
d5c950db90c92be5fe753189,614981601.5195389
119833a13f3f7df22d2b270a,588063707.3934578
b2078743e33e1acc49c2d2ca,558980981.5860968
fb9371f86ca6f4e62ae374c3,524292475.20795673
6a39a747417143f0cd24f3bd,654092674.2402126
7bc0c9e2760e4b1488522768,601998510.2206233
3898683e5d24bab9eea24d30,664664993.6744804
be0e466ca7d6942282c8626d,549163320.9511229
2d65980024ded46854c25260,680731019.9885135
87aa28825a5b8ffbac5f2e2f,551936713.7477211
918b0d900ead8267aab4cdf7,619552352.6787311
0c85506b301862fb58b467cb,549475931.9376034
4bd031478b15017efd41b2bf,670380091.3310803
48bee96c1f65b8e283d67483,569315255.6009502
7618cb8d215425c931f47886,512835098.2079591
a7a219e7cd18f3c4b83649e0,510758431.3998592
9d3f5b59b9735da05588b3d5,548986690.1598848
6ac5f5f52cfeed2f0ac9d018,672570713.293555
d885902c923752eab7b619e5,538852509.8490776
b183e2562cc4816244ce0e1e,770552034.0400366
88622b66e6c47cc62c3824c1,595879682.9476453
01230eede2a4a74ec4ee5105,584658072.1612958
060451a9e3e0416ff41d253d,899108785.3650078
3ca0e7723afebbf53e390297,631316660.7650628
e2ecbfaacf11ed16fd71abcd,571284171.5201641
1f0d83013ea5e4c3f4beb583,669573065.5939267
450c4eff7e37a271fc24ce3b,599630585.0440958
a70d331be751cdc3bd0aab29,525609708.1664811
41ac76d4fa450fe0c377a0e5,518730134.57738215
2ef8a530db816223dcf474a1,531527200.7264613
d09c1af87ddad4ad11b82626,549475931.9376034
35b1cd8020e7efbb9ba5adde,742879383.8197565
6714f846f2fa3527641ad96c,712905963.0644834
4cd5338bcf246ebf263baa35,542360091.7164991
0878a639ab8e6b6e69a3df41,558832443.5866854
f4c118396d781c140d8c9b08,535275018.414492
27151512d4b592014137ac1f,913752842.9586378
8e5123f5ef1da66571ccb600,669651616.1931884
c491a13a87fa1ef595b35826,660795360.5098823
52d6c4bcb442eebdab338116,870144332.8460236
e23d93ade25e73614d7bcd77,708904623.3992473
43059ceabe98412315566838,705659942.4143432
93b7fc7c4f07a7f117e687a4,506821718.3378352
09caddf25db3ac8e1a98565b,545994462.2741599
e3034ebf243b024cbef83cc9,543820711.2585552
63cc884a9c5c888de176461a,564564059.5429529
069fb1f8d0f06ac2fee87314,550216399.6878239
059aaea3859c4b9662ab4df8,535569659.33123744
148b157ece514d99be0a7f93,517210233.1870461
9c4f397c093dde7de5d485cb,677155792.439437
e28d8dac5c1c75d295a9eb3f,535569659.33123744
a804849802cc0820d25f955b,535569659.33123744
fc43df7f26644fa464ecb090,556404238.98021245
608b26adceba64d9ebc5486d,535569659.33123744
be8bbf40db0dde8ed4cf338c,535569659.33123744
d255f73d4066fe559065266f,498523396.7580978
c552cfa8e6b8c8be2c963ae8,527650597.5728822
5ee020d4adc767b3b16fffdb,536976156.635561
2a01945c2ce528c02b391c61,579701980.879899
dd7ee555ce0b2d58dbd8a9ea,521957602.5404736
a732aefa7ea4715325e9e80e,554187836.805011
c6faa40acaccc1603c29df96,556404238.98021245
fd8caba10cd4d1df27605358,544054460.2964792
788c49c17df556bce0abf6ce,884581660.6257719
2d0d803cdbeaec6e2626eebb,553043501.8040013
0872074f7bd512dbd4609c85,524709190.81324625
3f97341f90b11e6a7a7f7c2c,583533698.3507109
2bfa301ea435f929e6c0d1ba,540010001.1200817
1d029020622a600aad4c2991,659966927.2323644
8a100bd7f5da66664a2680e8,524410576.6576136
1441a28c376a20c90d72cfac,523132358.0855737
495eeef459e80680720a0ec8,541334063.4358771
df81d07cc6e8fb0a01c0f404,656215205.3323445
e23ae41983b9f112f05bb703,590161851.3694277
a2ba273b099221390bee92a9,512911252.803041
63dfd58a5c43cc7c0a468209,504196029.7548209
27aa789e29e52ef8d78b9bf5,673583387.4926361
fbd613ac06b6bf20d76822db,535843133.11444706
2a805135d8030b614d9df9aa,610241653.1199614
22c9b57a67cbef0920d09174,526846537.4992324
fb76da6072bea5801e407990,552296297.6471524
9050b1061469970ce28742a7,837328774.6121229
96f5db1dd0f36d1087172fcf,577230024.993585
38cccc333e2c38bd608e1880,786019912.8490701
efede59a47d17737f90f4bcb,708175526.9124157
bca5301e6460eb859b7ef34a,549697709.1041151
a23a13e43f3e08ab82c6ef82,536255463.28282523
8437a42a8e7ebca46eb088cd,533668504.04512626
6e3cbc252c449fd4b758b97b,646527630.2919314
6cc6b0672aaccb8909f3a751,532768889.84795237
c60c2efec3c12959d86fe3c8,558820861.6911381
d0e45d520227ef8a1f53ba28,544963505.4659382
e45293f1e6ceb2fe79f6e0d5,724882062.7162575
4202dc3f8255586e1ccfff46,552490826.5289441
1d04d5450762d664fcfab674,668541540.1498442
a3f969063f78dbd95e6ee795,562824672.9345121
2e3fc1d628f6727880d3d4e6,656506866.9932234
22ea31eadbd3a54216443137,504196029.7548209
6490a1eff73727bf62458b0c,557209526.5916128
49721aafec7123f6ff4d8010,673223455.2594763
bce608b4629b6c8512ea2fde,728411151.5677671
a7ba3ccc4831ae7e539f0cfa,650055358.4522885
959b2293af0ee4f7c9fea7c0,580106930.8748268
bbbf74a3abf9cd8718384a65,533467989.0726121
680a71ef7ec15bd919c06320,621148783.269113
0bcdef6d56052acd2afad93d,519106634.96900517
1bb885a07f57936b919629b9,568536547.6873611
8a222af682e2d7796643ccf7,549020378.7034727
3370a48ec22302456c41ded9,525247691.7235024
46fb04e7578da5741f6da4b8,546884522.480421
e9da7f2549d914aab6a30e10,528237094.0965866
10d0506d84d778da572ec635,571341547.6655214
966e8fc9af08e76f8b276245,534504788.43801534
0da2a849e0f83b17b006e50b,544066512.4300774
f7101a05db93cbefd6a3b31f,505657814.86361927
b74fd7f7db38ec233c6ad71f,542564699.8233346
0d63e52a47fa884e36f10810,545810341.844257
77fa49bcb52539888d481ab1,542156915.2625304
6f412fbb33519fdd31e741c4,507534564.6789214
6615da422a3864d415b28fe9,530718295.35981673
f258fdece395f0c4f4da6a96,576186103.906067
c54c645c340f59dd5f47bea4,604864572.3297923
bdd287e9de82903f210878d6,552936966.7605044
e110abe74ba0ad062c9b575f,559540401.9349842
47e5ea8cb7f5ab6703803690,604894641.4885131
e71c6f7437c633e2d9da643e,561197728.8565847
783161faf2e3501c38c0aaaa,536007378.5061831
5fc3de15eb0cd87be5ed2e6f,632869222.5651594
4066155e224520530ce985eb,530897143.68846846
7745863791b5cc6d49f84c8b,789273936.9748734
aa7551be1b8d6278d38fbb00,633658811.1805694
d654c9bbda61c4c0ee1ae2cc,513466483.8149193
d224080523a2bf2e81698d15,820669498.9224838
5f8d0a2ab1f9136de446528a,850331338.2491254
405fec98d5a3c8981173311c,540363817.2901018
2a9e77fd00aaaf773d130914,528867335.6212824
279b76adc4bc9f8dd86759b1,576078879.7532007
f815ec1a63e980717c9c3290,544991348.9998467
a8fc825e34bd9bd56ec5331f,597730395.0657722
248ed6abe6e528dedde951a3,520659431.7863113
2bce6544d58b6970192a1838,510765141.0402888
352a76b301243d22d1b31f79,526703597.9083639
bb9991da696d6e1f13a32d0f,521629903.1540365
8e88e6cc55ca769e472aadfe,560696182.8132566
339ca7bc687766f517ab3274,504689814.77955
93375efb2e74f4913d21d94f,520714405.41685927
17d7e6d321bb7394546e6b7b,526941086.34198326
0f601f5ee798174ea9d52caf,552335301.658022
8ec8cac469f2448654312aaf,949881135.3379753
affb62139f02e524692ebc5b,614837566.2272264
c01199a4b2fbf0f6cbdf2a65,822851841.2582749
4d1f49443787c874ba19f968,687791775.7537899
035c61042b7dbc7ef888d1a7,723517622.317243
0fc7d98f75bc1c0b782a328e,698637190.3489981
b1924a5697dfe829b5b8ad76,604939912.5503535
d0100c18dba3c334327b29e1,542380574.1342075
add1a20e8bba47aad2edec69,663762861.9822581
fe8a78de9ba7b59a112e0046,628588908.8147188
b319d049a3a8e4a095940106,537194491.9399619
303dc73dc1130de9aa2f70f3,524240482.1622668
e471b2ef30c388893119a010,620404244.7713817
9309d812688d0d2bdd33d830,820929132.7803482
fdb192e57e3e48f70a492b87,610998099.6046354
c514c9a35632e5a9c0476a31,563788237.9464263
3bee8a9981a1e9e13a05cafd,557153400.1914119
9c942287410db3d0739e182e,640301461.8641374
f59b9c03bcd4e0e06d23fb47,622229432.0869858
4c11f4ebc622483532c24a06,534753540.2555259
1f53612f7029a21e2e9f74e1,771612050.363197
1f4b6eaf52fb940e666c1c93,710716103.085315
dc65f0bafddf39c6c4b2c9f2,645441956.2308441
344823ba2777540ffa2a8fbc,676742625.2098352
8cef9b18f20e9c5a32e7ccc9,611450689.4762518
413d6e4fb772beff60f73e2b,646853936.1651607
15d3ae51558bfeef80b9e97b,884620487.9399122
b81c26f2ea6b66c8315d1146,687057982.0331825
c3786f81345d39fd8b353da3,553379187.0749974
6c568d2287dcf12b2aacd388,556522467.483641
e6482f3b6184515453d16bf2,612417339.7941372
32c7b848ef60432d98f415c5,754201693.2904922
1689c3e3982382e27a4ae074,725664720.3549088
3d0cc51b7a2392f3be3b1666,556838953.0574714
1dbec7879e793ba9685741b4,750230732.5233856
82ff2a63a863c089ea90bb5d,746915521.2586386
3d9856c3ee0a4b5a833c69ab,613631178.7001728
6f293451319bae38c71b8266,548424959.7371866
dfc817b569fd71d2dd47e980,675653345.0842023
c34d46d83e76f54d53cadcb2,539480233.0324738
e08ed8c82d05dc3cad8cd2c1,562079780.5966984
e21f2a8d9c641e45d442686a,671422933.0094305
f1793973b462cdbffb1ad648,666120315.4046181
b15bcd6248958d98867ea585,645229173.179993
e640424f3b7d1db403c36ba0,596038330.2558063
658c0b009a09339a3f312145,727848105.8928896
f01fa45466e2730f935a4128,590536550.2052993
b4d69c7bc93efb3790eb1422,673775531.5997512
c2242a77d30c0abbed667ce4,663187814.727536
39542105a7c46ded0cc373a7,657327217.4267875
13f42390057bd294cd787822,612435943.62816
183d99d88d1e7d995180918c,548045542.6205568
60dd7dc49139e7816dd8b143,723092674.8217288
6d2ec752890a2f1c4094044d,617480890.8620508
0e776964ba3733f3ac18a7a0,659253212.929253
92369f73435d1ac3fa95f185,549393901.6364598
8db285eda04ca37b86dc9724,671642042.2345248
a7b14faa46e7b73ee4e95ee6,716390840.1769174
010e676743f6afc01fd0838b,617035811.6876849
987199d3a23c08ca887b301d,769019334.3618288
4fd8643e1c43ce9a0c18a19e,661123074.9745922
4d0985935e1432b3916d45be,543378272.1115429
4623317e8c9044e314ccc4e8,745535460.2297577
ef8430c4d15e5887b8103bc3,617035811.6876849
cd6ecb0f77acd93cc1c9038e,683189665.5923783
b0962bfdb6a2c79a0ca84e48,628367601.3133061
7bf592c5c34bfe6a5df3dd40,727923102.2880535
9337becb0628955b47e45b98,617035811.6876849
9ed0bcdb62b2223d716d40d3,632344446.2417302
4255eae670033d9c9e9a6e3c,764004444.2559556
c5346c37454ac2b13b92240e,686388012.9101688
94fd4bb5f41087921ca12b58,532085036.43288034
ded674ba9c7b76cda404bac6,833678182.5774899
ce25e9fd3bce9b75050aef5d,663578977.2490065
4e7d3cbe3c62123fa7e2d969,592132124.1621857
dcf5b42ecb23800a458562e9,698247396.1735352
0d53bfcecf0397ca27e5f78c,719476688.6234298
f4ecb15ef992a677e8b4fee7,716279046.5445336
46eeb8f186f86f7859274d4d,668711707.8761444
b5a7d4288dc7a7868678b9e4,673813596.7612728
34f99327fe595ba6e32d89a1,608052012.6580161
9a53016fdce3d3b5c2baf3fa,579534878.7451708
26be10d0ce8b763e9b457e76,569317694.6263602
2e111ff939191cc6df2c59bd,766248568.2889618
ddcce0b9776593e3ef3ce21b,718075146.346947
937c0b6350beb0f51e53ff8c,632012024.1272987
f50941445773dd62e87e0416,620404244.7713817
93a1aefcc4ccafe4866bfc76,615878313.2667578
70c0a72b31dbc1b97c102c13,617035811.6876849
8aa9e1e89993aa49c5c3eced,849795434.0510422
2a5ecebe40fc09b45d6ee5fc,816902411.307725
5f798656baebb094a3c83793,667036381.3147255
596b6f435f76058493a16cd6,792805333.3615113
1c510a71734e955f75187106,652080831.726551
07de14db9dcc2d4f9eac0dd2,671759581.7879866
29503210dfd57bfef8f16802,889595214.6727109
89575a90c7b9b960c8f4e052,703602167.8301847
bb5a6045d18e19613325dffd,697496973.488966
f984d34c8f27e3cdb7c2a44a,733428078.5469649
90822d4e3a369948cdc4d998,622526416.1141884
5b9a21a42d5f50ed4b10581c,824527642.0505606
1be01d052c6a65c5ed286bf4,638811252.9707384
b73d317e1e8ddc3d5d0743ef,894635870.9635427
bcd302e3b5342ecd8cc056bd,677457738.843902
eb8956f0c4a885619bf1ff79,588048765.3662596
d5b950c5510c19ccb926e7c8,751317109.1389805
1e37ea0918a00bcfaded3453,642415279.6867306
1d55f4694f3e000ee3ce47b3,637528615.4310551
cdc3e114698984145df842c7,819013182.5164348
9c611e246a612ac6906abe8e,680306049.5510677
c0c820463dfec602a6118ed6,746848322.0062743
6302d4fff078a118c3211794,583690862.5002066
c98807fc596bb2f505b4da9b,797059266.4071289
cdde8657b5a215915a04126d,710821285.5107592
3b2fa7905fd8fcb3e11ebcf2,746848322.0062743
59764968800501c68631aea3,860967108.3690509
9eab02171cb5f15963670172,709085484.156773
61f84e5a07f37865c31d4a07,682430020.7931498
1494f223c9d3ffba26e42738,646714747.8428311
ba137cbd10757ad20e5991c4,529545668.65893376
d2fb81a477ef3690cb11c93f,897333413.7148255
ec4f7794cb756b995d5d207f,733994321.683098
ea4add08aa912717cd42f9f7,680472427.1292709
f11d7627e2f18c9a75595501,684527985.7144697
8095589d5e1a55a76281e13b,663132747.2444412
f5add08cb615eb18b3153bf2,684843121.1806005
1894346a27970572aa703cd2,733500149.0894322
805a491334f865f06ff42329,768167988.2328309
062d5544f5c96db90fa3a526,705905628.9505273
332201e2583141f3a02dcca4,595919858.8306252
4baf1bfced8e85013eca94b9,746848322.0062743
8bc002e1f02beb4d83a6f6ae,645630104.4758643
adebafcf3eb0d34ae31718ef,716585745.1613977
60b5b0aa0c1319557cd0cc85,866240457.937132
3393fece8a6ed311ad865e66,826343490.0671903
df4a1968046eed5326119599,854453462.2698046
b044b9a587b2c6ca00447177,645256348.2645147
005ab848b35907e42aa0f4f2,676874996.06551
140a0002732574ecc516e9a8,648606796.8224963
bd850d1ccfc4b21a72f3ec44,852386692.3448609
c6dc8c201ce38ff2ea49cd68,868597542.3206861
572ae40f693551547e13a196,746524001.0284331
b39d1b2637dd8e307c8ba13f,844882277.4777765
2ad02d6d56b95ff3382b53b6,837522753.4241554
5201393754f4a5f2a476ef0e,863570173.2234021
72a66bc6d15390eb05a5c688,937349292.4976887
1f1f3e47f3593e4b2824e628,659135981.6356791
bb7e14611ea6b5e4abb5b89c,584409522.5894657
b82f8abc8001cd6731c4ef45,542974114.265389
6228854021e72af611d2e59a,573583892.266295
6d21e1de9c880bfbb17350cd,648430495.0433968
7cfa0c98191ef9b7c45f0520,548493119.3228424
a739d80c3fb6b166a2c2182b,532751117.44838
36f85981124e858c157f83df,583025795.8178685
3d6d51ca99f2747d6b92dd19,583995863.1619784
092b7b5bafe25bf485de37a4,770810081.1974413
f2e0163fa07f89820739dfcf,779949773.6567628
ba47346e7a53412e78363ac4,654916964.3066685
f86e80b2a831572b85b04e55,659698976.7267478
199a6f7df516a685f086dfa2,530104813.4326114
81f6d6790aca5e9270c3d1a1,537542472.7923759
74f099ca0d949c8042569d51,520845584.6964624
4df3717406f9852284576caa,679356173.244465
5246f7d8023a4c178af6d10c,549597445.9821467
69d9908e13bf7c8ac4c30531,523079666.24368954
e336d9d892441c7ad886a98d,842913239.022688
f82e1c70884ee1285e1bc491,528204216.4706654
0ffbcf7d58378c85b4103c7a,564727153.231161
3679e1844a35c0c87fffefeb,536823189.25038654
955a15a734e56eb287555307,538049845.7361922
722f262a44b2bb6fc05ec35a,521327020.9851539
48c346042d9cb826a3714466,526936120.35601735
bc4b7bbf5df92f476b6be103,612581344.7230366
667685f89a61aa2ad5c9ac7d,531984719.8057168
8be5fca8f4339712c6f3e29e,819624428.7027595
09a5fd22f920267b464e2a00,629162301.5689632
f6d2d31af94a6a73912dd9f5,747979483.0018308
0e9a5ea81f6d91038d8711d9,828470514.776804
8b2d8edfa6788ddc0c7b3eba,706106158.1434414
2f48a73bfcc91272161afd39,553783847.9542873
a78417c74b8c99279912e427,825322960.0277743
4d69f7c7e0e837879abbdf78,788083950.9814537
926a7b18e48cdbf6ac3b396b,707025860.2296642
a06733f7b3ba964c20ae2698,776089277.1818151
02d598a32d864c289e3ba6b0,741695677.275769
3977cf1326ff502251f78f66,551576229.7061491
c3cdfd0733404ec885eb3edd,568229451.3598303
a28bb09e30bca82627e595c2,671564044.0124819
0a2f8c8ca6094e6626d4e8b1,633556675.3934416
ac9baabfd96d58e376149a7e,679216935.5406867
700a052900adbfa149dd5b6c,681885778.4603633
4b30968cdae59b4ef3298f19,664661582.7220103
c673d94552bc3e451672939f,673922394.2369665
75392e8381e1c891377fcb29,554567494.4009455
a55d7074220aa6a750297c08,561571662.4486995
81eea19e7c12d65d21e23648,665203518.8635435
69df7bc1d82d9723c70eca70,561571662.4486995
815cfcc4d26738f74cbb67ae,839840440.1586106
5ea150753f8d07c71af45cd9,739222765.8750744
f851b02d18e74610a900bf14,680441514.3666179
76b9af8036e38d5d30ac4c7a,687565788.7616678
4ec5ab39cae4afc3b0e69438,679569595.7463644
c74020c85c9fcb2a2cb3ac74,562409714.3996176
6d6ad5e3ebaba1c11dec0f16,686660051.4527378
acbe4eb98668ff4967a8cb86,743557302.8692342
16a40e3dbfbb9c703e04028e,555604826.6564626
ee5fa0932e098cba28d950b1,852867820.0037016
5f9fa56b99677a489a9966bf,584409522.5894657
4045e30cced205e8c5b2373c,586944786.4724288
eb2c7a973d4d6ce8e6ae87a0,688161091.513016
99c69eeb96e1016a7e53b33f,556604267.9847784
aa7f56d05ed29183b825d61d,523762313.0155506
4630a9af58fb79c0008e5fa1,551125402.7627563
ac003932eba3a174c5b998ee,539328378.1604834
56a7470ed14454665aaef75a,879766281.7661953
a4e4f56336e07304cb946b1c,662477563.4998636
00ce045307538da1b0bb7972,763738895.5859219
cad720be1395e2ab5869807c,560423559.3059281
344be03236aed65e74b14a2f,545206471.4610821
58a86bf535b4c16b50dfca06,521987209.5600773
d52c3915fd7d2ef8c92a22fe,545206471.4610821
8a4b7e86a90a296e10a49ea3,541044828.7611446
e1717a317481b0765a7a6a0d,554210008.4131227
97fc10f5ce4a6fd7357381a6,545206471.4610821
428f4bc76d4cd315ba8f89e9,551459840.5623835
4d882ac2b82569f74aa08824,501089541.9962852
948ba87dfd7993460c967cb4,545206471.4610821
1bee6a5aed5417181a3db77f,528546138.52410704
63cdd73026431f5566fe246e,547149001.554891
013e2a07f94a99323b64d370,627212477.0066197
ff56b24cf15289dc6d14800f,567694926.0855343
7bdb94165857bcd37206cf18,522157468.71474826
1d1e29d9601aa0eddb4d6c2c,573541484.792925
a8c9489973c54b93737dfe20,531733083.4050576
254892c6b84c59ff5ac4f354,565918894.3174068
c6e9772058edb2268434d7cf,539999905.1708978
916a413537580440c4ac6028,568854685.6243045
bab8e472424cd57faab87ff2,584444432.0820154
eae5eecfa2fe828afbc94b0a,552659699.0480124
da26059a2cf36e02b8702320,557156897.1438954
e18fecb7e40bbcaf26c863cb,596198262.9798446
a55906464634558b94d9298e,558798040.0785964
3032ae39e739fe46e9e198e5,575637433.930415
663e062b85f16c2419f8456b,568517806.3218856
aad0e527c4bf6283f76b5bed,651493991.5888276
32fbc0f1934f7325a404a2eb,575084095.0706427
07d1137c1f0aaecbbad32f7b,523917077.1042869
3058b792e3f6781e438a2e9b,555537570.5336885
33d6b1bbab4524c3aa03756c,521883301.76624966
c75d43b8089321e359e14264,541000817.3914235
29ea1796aede16cab8a50497,543866841.2613012
bed21c41b31a3bf2095aa273,615517269.7442431
ec232a7ee3aeac713516614b,564378378.7949766
bb7c68c2652c7e124d88631c,543627912.297097
697b6c6f7666391fc689cfb9,543555171.627055
d912e45dda1a3a628fdf50d6,561059990.0608529
96fa88a07329d3988b6b41b3,580145424.050662
66019487c37339e9354ca999,614521522.5539893
fd2dcbcb8a31e97f31d22a53,583419718.3503224
1a309175498997e1b8f0aae7,573904228.5373509
e83119808dd08ca090f5ed85,564084325.5151143
1a26960e24de046588ca7837,536121374.95116407
379c4fce87557848548b0944,533930020.0167219
b2d7355eb2aa975900776275,592574512.8076606
3b05e06aa0bc40b9db16416e,538989444.8768998
4a5405b1e181f5b10fec35a6,778751470.841774
aff22625564f00844ea2610b,793054388.8421427
b40addfc0da42b0e530503f0,672416098.2694584
9200d647b6ce9aea67ff8ac7,624450292.5813268
3057660e38fb757dbc8bd898,752585899.83418715
799be2171dae4763df530e4d,663206717.3850464
819265a930d32a97533d132d,714878493.1577154
9ba689b29d0696fb7ebc44d5,695537690.2722577
0f7e28b6efb9d550ba28a1e0,736541558.5516653
57551742fefae23bb32571f4,743568167.2224486
9569a50febeb4163e28c192c,655960137.8257583
1d03efada56f8a70bdae6aea,682455502.8185538
bfa56d6230b858591743473e,734500322.8802803
ca54914a1cf1028b9c8b681f,643505609.4488384
54304b6117b797791d266cc0,719007855.7495059
166ae8e3d0704209d6715240,634846984.8214908
b56659e70367566a4ddb81b2,655564057.4682996
2641f220611056a1f5616dae,705046128.6191663
08a82bb9fbe4b7abb50cece1,726157369.2130554
b40a9888ec0379fbf85516a3,700738399.235241
d35462df6c686296a3c7bb23,769334926.5205128
db244703ce223e6acacbe85d,759116091.7495304
a90df94f959030227fa015b0,767187677.1595749
d97d462ac4f5d9cbbf04e9ca,675370134.1934718
7fe6ac57e87b8126ac4f8530,635131785.6801146
69c28dce8eeaa86605143419,666813006.138407
2bd6682ad8343b69fae1a59e,625247010.3809946
2e6fb29cbc1ccc3d97c92c72,660471122.8524795
9eabba4531191127ee91621b,700697364.2137243
d0c411218ffa7c3ebc10783e,622366517.2303579
0c61a011d7fe0227be2b3575,662144721.533222
2c47c3ef9e139d8c4513a090,627121294.23615706
f6503aab62a68ca16eba3fec,704501422.5749053
e7dc05756684b070b36d681f,716499218.084437
17484950b143d0395907ae6d,756303914.5262457
3d997123b33373024bd2cbe1,669200482.9633723
ddba305c2a3ad29db24a0658,640908677.0168586
b65efc402cfddc0aed4e1d76,745114421.7285548
4a7ecb05c9886bc35f6b9160,633256486.7192626
b4e14604b888c994b64f94ba,713796384.4483656
ab37764e5f4e00097eac947a,662181100.787152
764da64c41700da5ee80b8c7,744082024.7335792
8a84a073b855e37a12327357,674925817.515367
5a6878f8a47f1fa2fc1d600d,666497182.1146045
505f3d545ce83d0c848f828d,867359890.4823745
6687a2299f38c15598d11eef,873783490.3174373
533134592237b2748915eed8,827550211.2046643
daae80933675e767b50bdd17,874260742.3188187
945f85a061dc4e95e779e27e,873042301.1241403
62dc69d80cd6ea9fb7fe52db,907459376.5538876
153436858070f7e724f0cbc1,862431089.4684104
7f9875a5336a32d73df2402c,827836191.2064729
ac11141115d391be44e6426c,843521330.9437927
f8243b7b679dfe8303180d73,919308816.4307392
1376106ebc19c929df27bb62,944277578.1893862
f591597c9a1ddd9852eb3cfd,630700341.8859676
a748841236a7a7fb33138845,541183545.3132051
6ef43ab43841696400d91859,588451724.123974
601310d800d88f0d387235e4,660912477.7272316
db81ec58863dcc5d12839883,561153631.7004094
68d35dadc6d0dea61bf4b513,578745891.4241711
ba9be0b67571b1e9242664e1,584742195.3719327
1690af2e30b05da545f1576f,682255788.9125093
fc72ebf9381496067101da61,527197757.01730406
3a2e95f5eddda4df84b2e2b3,541709575.6709036
a660d5809085b4823e287a5e,559432775.4801933
799301c01a3e7fc2af5a14a9,588246855.8887388
824cad597aae34d7d59ac939,562465155.1038871
23cfc154896b93bce4356ae6,567719077.9083388
a9b96d2a23ed155043085e87,582969986.079716
f5d529ff6a35fa78ab14de21,544871883.4765116
9b337cb1451a8fb078dc9a07,574460213.0165529
cd1fc7362660bce494b5117a,605644137.0488794
26454cbe44a07cd0df12ca07,730748041.9098138
cc5563550bebb29c83ae3054,740824961.6660138
109bb36f29b223a81dbfa340,682997710.7466981
31081c78ce92e1d8dbb315b9,746685464.418542
502aca1a1097438b32eb362e,769244085.9155655
4c90ce573f1d61d11294d05c,713312803.2255424
87f1e9ca16a7ea48de04fa73,695455803.2040223
224f6e839dcbd91491f3f1ac,608625663.7600656
8ee7d2e0692e49bf9d308b4b,658681415.161369
a3ff6a1fe37a1bb736b1100d,697669453.8356508
97d49e61c1ef55451e52c8e7,697669453.8356508
b6514cdb1e2cf37e3ff8090e,901483884.3987486
