property_id,price
d56159653f5d2abc5ed5acd7,809002856.3074627
45550aa81c0151f1fd9fd8fe,801330670.888943
735deef3382aa15930482f3e,797899901.6928608
0dd49fa8bb7be52b851c6dc9,775224469.4099165
7d3220a91e78f8bc2924d1cd,821460966.5084982
d3054072b2175deec2c1f8dc,655771697.1014826
b7574b06d593fca4eac59815,658760467.7458488
79e822115c5c1a4531366001,592251249.0966634
d3ed5316a463d38c1bd321d0,949032846.9047443
2f1880c9b8f7ac2715e1236d,893602906.327904
dcca1c7f109175760ff531c6,682182003.8415906
dfc4f3facf91bbd93ee0fa4d,711486558.8449697
30e134a6cbe61d7954d0f56b,604052665.3373218
385fee7bd9ad7722d45dd034,781996443.9524438
87199c236bf22903d1aafdd0,790057313.3820455
19e19ad0cd6b5e84d8aa970e,549086898.9788125
907f968e78d748fde69dd44f,706673006.4921702
be094e5db0f784e3aa013aae,695564353.673481
7ab96f83915bc84f8c03c1bd,628585501.9031007
07f4aa9b9ff5b0b05d31e6c0,881914496.9197445
e9be8cd37abed8ab510ba1f5,916685786.2203285
5f6ad58df27b562db077b5ce,695872308.2634108
ee96d947484aaace40f9b77f,868948816.5640548
15c4aef8401208054697b81e,1083208895.0524297
22d6cb11333f2839b8112b89,983456546.3382592
288c09c33907dadbae495c11,973893080.576865
f71d2bca0c5fe2720a1544c4,804826612.4284849
451744cf3ce55a98db8a3562,780328731.047574
fba9ae05a6a8a9e0c6268a9f,750183482.3287562
1338e58f7dcebf5a1ea59388,870403289.9426565
a817e8da0ada143ac87277ee,668980472.7658912
46d8bb3e9a0ca584d3c7a317,768262299.4053516
b2506aa9463aebf01e1e00ca,590601225.5146147
7ec025b9b6e6f33bf65af41b,701650671.8690126
2ff531e27672ecd2362eed55,892257211.1492443
9b3cf0d1b91b9c6a2a887647,677486923.9988251
7db5291ce4602d9b2b266872,553354677.98807
65d5918e826c33bb950fc008,630588227.0301329
395c34e4b8f52cbdb0522459,888148245.2208694
855f4b67d2bd6d18fd03d8e7,840918783.7295817
9ff06409b37e5b5dece4604a,711991901.4577463
0508cd7bd2c77ebb6fea1e56,815392160.0704608
b45fff2e718e54772d46a3fd,725235864.5379915
cf4d2297b73dbc357d21e31b,736755468.847758
0ada7044c5b29925abc90879,743763456.2131739
6305f02255274ab5fb6bd39c,712191187.7815716
d9a94194ae1350512beff3e6,792032466.8193312
e3896296cb80d50d9ad3f903,980532816.9318352
6514f355887c64136edb5595,754630999.5511138
f03400cc18e12903b3ffbe5a,748698545.4165437
4e134600155a64783b3f8c3e,1005643351.4381133
d63ebc63c82fbf66d8b6ffd3,728900442.4427011
1bd64811bd59706844230198,909794948.4080501
a83921284639eedd4a511cb6,764597053.5915245
a2f3f7a1cd573e2a33f52e2d,707006290.3697606
47344a66471fa51f61c64652,780166715.4627997
78fd849c9429091347d7e5c9,710692388.9603207
c3daf2abea55af99c9579319,691913993.9148465
52864916eb1984abca41ec66,694570650.1011176
c62494a9d7aede44f2f84023,913783445.1090329
a2b576643f7a032371587e5e,965503041.6964028
e53bc68f0e97ccead24f3e56,629854142.9054899
fd82c710aad91bc90af490fe,793373122.9947827
d436abc2ee37ba3dd561e940,740247752.6886456
216a598114a403676011cb51,836519823.7841691
ea230d5eccd2b687888173bb,710121680.5999098
18bd0dd7580f2a7cb19a90b9,763809529.50815
b143c8ca6d334f6a73c3f2a0,692060353.5509487
ab388cb4fa511968783bafee,621343844.4855628
6a4f08cd04d558a56af732d9,834165029.5995543
7216c895aa047c4f405c4941,696462803.6814357
a493488dcd906dc74cf8a604,948376861.1628538
7844b0b2bc65dced90a355c6,784782959.6938378
c1976383069b6b82ab29d092,916192297.1524353
e5cfd99e2308b7b73581dbdc,606162743.9097447
c18c2ea88f4ac53970b53d2c,656005134.2586911
842c9f0e4edf1e5a672ce15e,844177545.6016126
7dd1e46dcbddc6bf5ef694de,910600581.6104827
6cc4f32b39180bd1ec7e117b,708042763.0353202
79e643789a85dc4ffad49a25,930294289.6315664
b3402a9173d289d6db78e09d,935139370.9709002
a446507813234e358db8b573,634818956.6837811
c8ef57ddfb35061d1876f94e,801397156.6560216
360be0df2c003005e3db080e,911375855.6978953
9ab245a4c91877cb7a8661ce,917907981.213908
a57a34c7486e7a40e8deb316,862760579.0462062
ceba7d0f56f6cb03538962fb,685164372.607078
d5475993f9db58c3e4baf7a3,775156024.5205758
d37a1dda09e30da13ff5bfc3,634865140.5225718
68a8b8d077a8232723bf37e9,696691520.2754741
e1eea7716ca6490b7640717a,673002243.7876005
4ae6d75b10848d259ecba576,774064121.0477614
17afbce5c0b56732abbea936,895494792.9207838
84a2673eccd3cf3bd7fd3eb0,693478367.4183664
f2f4e6cbafe527b155707f01,976214888.9207215
de2e3a592cda5b76c9573c5c,672157896.0892981
fac651cf404a58f24dc7d286,915344446.2557856
e6f312a0877af26b69855a3d,983745557.1998768
333a643c623a9bc75f3a40f2,895885613.4303439
64593641e470908ef23b46cb,723263698.8849657
ce9f2f0071be658ae75ca6f9,980532497.8728545
9ab385e399a4673732b6a799,768526852.8726172
3429c774b736cefc051e2c55,849853819.8496608
a51ad0372758b2bbfe73f8fd,808215910.6809155
8c801a266256e3fbabe7e3d2,664294474.1582745
ca2f81b8fb6fda20aefb0ccb,789773517.4002724
3c1b1f86087f9b99380e387c,914911841.8738906
b0cad5d612954b8cab18101c,879948123.9782059
7eb991f4c69215377e4dac8f,846087771.9271942
0d130b8bea4321300396fa34,918291428.2167435
8dfa059401e1dca80ae65ae1,880341964.6318433
3e3f264cd0ac7a65ed2349a2,886670116.6643231
112dce80bf512f3f24391d23,671853802.4472065
ff25ded6333278149f8fb68f,642492477.6820953
d555b82c192794e87e9d536f,653198767.4741687
a787382d96ef9fce8f27bc70,895937280.1663108
8c3aa295f7bcfd9a43eb2037,831241094.356027
13ac95652fb3cf6c43dafc66,571176809.8814095
42fc6a80b882c32f6264ac10,600997784.8636286
1e9c53e09220d689a0210ab9,628809028.2954216
3348706086aa3db5c92259c3,728155906.1306791
66d402a9b7d05f29282ddb00,803813259.094339
cf88be51d6f31c10e5868ff7,653471792.805588
30b3f38716be209a894b0942,644771206.4704771
0a5908a92d0ba3e36f54b1f3,688755006.8047831
dd206b6ea2d7f6555109ea39,742612513.7496573
c641febd8bc2ece3e4d2d8b6,664201973.305796
c11fdc02a288af0572a2bca1,750520158.2116312
35dc60a65969b264ab283d6d,639965013.3546915
d9cb0f637cd4feaaaf8a21c0,837890413.8175929
7e8dfae9a5f1faf8afa706f7,583189163.086107
a280fe7610c254b935c9dcfc,627244056.9596741
85524880fdc4e4daf90e96fd,777323218.5069361
f361109d06f6609c16724b39,631134368.3715085
3f6b2f0c0876c21755369cb6,712737329.1229472
de26819064a290ce78d8fcc1,733811891.2378801
91be1260a84ab7fa3521c495,962888393.896351
18c8dc4549d38c918af2972e,981835364.2896688
782b0fb8641849c2c34291e6,638239062.0034308
54933f8b33a4fd6f031ed5be,1002214263.4967322
953176c9a901b4f61c030432,809312378.067358
357e2add3d68167a4f3ce15e,753734964.4062274
90332d50e91925eb9b614bef,883115388.2590451
11723d1d472bf1a3fdd8b72c,924664362.0368012
01f8b6799e2910f7769db175,788089205.3027563
a0d5001f7dd42d7f0c91d2a9,646403675.6419122
d4439c35bcb88e1490916c67,688220656.669225
4a73dad0ff8a5262e8b07c4b,659720789.5416973
3dd8085a65f24b497ea59557,801098815.1541852
39ef085809bc80e32e7b6af6,991743395.6357886
b98ee16e8fd7d1c75a9da13c,986779917.1564584
16deb26bf740fa61e258f545,915860293.9267831
732a3bd457d7798e1fd892f6,810284421.9513966
1376058cb128a1c7729cd2e9,979699500.0791588
cac7e7c3e13af91bdc7107e8,710311248.202701
9f3dfa6e1422f6aeac527c61,520420828.880561
4dd3d1288ccb66ee4fb9c097,798501446.8712053
15fb97d6a43731d61e95d004,896987957.5966144
dac29573163315edf99e0e7a,889301242.8113273
b93f2864087d41c3c92d43c3,745818733.3587692
cd4656aed92f5c0a0b6b7c0c,745818733.3587692
556210496090b42ac10cf1b8,965503041.6964028
762979729fb21e56a32ed14e,965503041.6964028
ea935b76abe664d5e2c4736f,630588227.0301329
40e9ef1e7c6749b7a8d04ea9,721279066.1086589
058265732a484ac8d5497f5c,696183199.3950183
6f52ea8340cdd283f9a79720,844637491.1358027
cafe7c1ee67458e05c84d5fb,712191187.7815716
3f45ed2f08a2b03b738fbb5e,727826214.7753934
f203b18854b75c4564d7a17d,767472854.4124714
d5333f639d11bc3ab073ed72,846536230.055656
c14f644116669a160446a945,648951842.7651962
de585856ff546e00a5a4672e,653595022.4365649
7a80663cae7c191b5d025fa0,801881919.7677345
71f80198e68fbba902650b1a,670250653.1846491
f3523e0626df8cea803ead0f,672667182.7497984
619abd5f978b1573761be86d,576774328.1495011
17a2323b855e93533a9f09f2,677626145.6293955
38e8630f2c05ea38e2257c21,704796991.662735
1e3798d739f85ee0e5a314ca,628001412.1817986
46d0544f411bbfb6b452858c,721786556.4090185
605e7a71eecb13b23ffca0c1,738322858.9005817
7515b37b7ae7c62f3dafbe7d,749225100.6925662
28be121ada9c9303be802474,615970606.5481303
331d54f8a1bd3dabce73d6d9,829839306.9034678
22d167639ccaace593dffa31,831148129.996252
36cd68fc3ffab79fcaa340ab,707985373.3998853
db924733e88c361cdfab874a,1082959675.5088725
64eea2e9a13a8edfe8ac7027,660331880.0799723
97fe6eeed892111bfa20255b,875129572.9764849
b54e6757829ac95e2076d954,785053898.4443017
dd59b8122458557041903207,703504563.055031
b35c58fc1c05a77433025318,825384603.4192545
c41964afa164d8b75f8dbe92,661314649.2778006
96b3ea80cce599b68f96f86e,722798706.4074075
a4bc87ad4f1ad97c0a63d843,743721258.2291763
16e62269e6aa2ea052d05f71,747950130.406176
518b37b51f824fa0fb5075d3,926279860.6293585
e083d83369cbc93fb94842a1,793794368.8196429
57deff02895d5286eda10d89,932619385.6905041
7ed35835fbe694bc237abe38,684209870.6549283
b48efa9ddf36e85164354f26,898805156.3262012
5910c9b29a1025bada93a5e1,750977332.9588132
10a650e8cb5425c97f08f68a,691636316.904876
9e0feca2ec3043ae6f840631,887596806.3264183
35ce37bbecac6b164fa21e6c,712544253.1558053
c4955010d066e013812a85ea,882589760.0985155
d5a83c31bec18d1c3eb9af7d,741796067.9730885
70217bd08583854329722821,910100996.2622056
28e748e7aa0a447731e06706,766324494.2457875
27929c0a3e0fd2d6d2969e03,778041499.9654846
5c5ea0d8bae75e0a5c88414f,898675192.7557058
2233f50cf7b04791cf1ddeaa,739838782.9805284
bf430621f17dcaf17fb91ac7,775799521.1636734
d8dc9de06461e0220bc55906,691732976.9827987
d988975f8c4e6ee8fd8dc1e1,844136724.129263
bab884e0f99df269805e83a4,768551487.9468303
8fa9b20af1508af7a01e2267,1053336783.2483029
b6f195d44ddbe10b78b97191,697548054.528815
2ab0eeac4a228d5769fb4365,693529165.0650134
347a4deda03bfdde6d1c163d,822805762.3078637
17230f18b30b94606fea047d,564967567.7853793
eab4ae491bbbe7b8ab107229,966774361.488188
07c753474a847bf2bccd55b7,727922462.8740896
b7ce05400f0261743073e072,641815302.6055131
4a33d213841d2af537aa967a,690624541.8172224
04eb0b590ce7483c615b043b,695631541.0850738
a01a51af09a3dc387a18b58c,615360831.9872817
270b930a9e22d5016ffa4019,911638334.3216935
5ed1320fe84a518e267ff537,986230035.4528712
f04b574dc221473cfd616e22,730870065.8635309
6f7e390aa6135019dc5a828f,685722458.5595658
776d4a19fb3852fe6dcd3ddb,685102159.0410273
b7f164b79658952248866c34,824004508.8888581
aafeff5826516e363471e439,602883706.3086953
eba6a2b80a17a846ae560ece,711710176.1612737
90e62f8656ae504bf6175e0d,798131974.9533435
dc4331d09a1e36baaa6bde53,781264415.6491638
372d67ccb9d251e290891f0a,671221694.942477
a7801c67a0ddd71c50ba38d3,629404713.9151642
e4d6b81f169cab8ea0244d75,616220313.9124418
cd5c6655243a4be0912bc92a,862760579.0462062
f7a7281a19733251134364fc,751128955.5272801
a716ec25a219961fbe90f367,976214888.9207215
8bd45966c16d4eafb49ee2a2,928182357.9919708
baabbdaa5e8f69fc90d303c1,794150078.403558
8bed46960db1b2a7954ffbcb,920917106.7007359
dbc123f9502159d660f375ca,957200422.462285
a4683facc81ccda10e9ae388,980532497.8728545
3a576586fa1aac85c2ffb75b,958590553.7297256
b1fb98d0ba25b21c6647d423,810271817.2627609
97fa4be3ed93c37c048f507c,643871884.7625185
cf184cc576effe39c0f857b8,781970144.5758666
784f67fcb2d009d352740ed1,671433927.4431088
f4d6ce332121f814aa663fca,921054037.3837988
c87ae84ef029febca1e633e8,720106158.4079058
e876c6fd9c161861fb92ad5a,857153570.4235255
9047c4764f2c6b1a10b87e99,1325452024.1742
234c94e9a248ae57bb5a0771,692858784.7115198
a49c2976ca4f24f3a6b622e3,592538898.0487621
ffc171cf73514bed077339a6,686658914.7373483
fba83f5feea2522888377066,748265560.6470569
1a593800d5785ecc36c25ead,986505559.4717059
ab157c9601861dc387a91b82,869287330.5469807
f87f8003f15b0fbc12609514,731317317.2223916
f44d035ea2b15b2c69d4da50,635237002.353065
fc815b59cce7934f816f0502,835766280.740739
32915b77ca68000ba9eed6d8,688133030.7976842
cb083fa7ff634f424a351840,676631883.5043675
4f3c7b9bc78f882f858b3d3a,790264886.3464879
53d33316e237830ad463a26b,724215428.6025212
f5d852e25d51377686c43bc8,626737063.0787994
64731b6eaf4fd2bb6c155013,965488315.5640308
dad7e45e4706ab2564ef9cf1,637517610.116043
255914e9b13ad94efa6ed365,841648670.936998
5a8950a64b4aea4ac13dad45,677806337.8782985
70f51b4abf26651111305b1b,951872073.0107262
8919ca18fff7571002e440ec,825322696.3180218
f776a4e0c8c82b3d29756b34,966049183.0377781
7ea4af39a7e577ffbd600f0d,731148881.9283408
45fc0d46c7a4df7ff6976fce,760901366.7008076
7cdcecc706fc7c79cce45b20,916994678.4706808
3503f56e09e639be4762ff2d,856289447.5000633
f70ac0d227db6f5333aa821e,718195503.5941495
20db610da64f80afc1621b12,819856746.673022
c80ef212c870e2f20ed2234a,619222367.9489641
7dc68d5cac1b7fcdab35586e,542793466.5524364
a478fb93a131fee4119bb9f9,791731311.6593398
7749b2b534213ec7b536372b,755832128.4151497
43e59f5312e304fc21c1e052,1040709934.3242077
82a7920524816f3db7f5a4ca,1253683003.7581744
1a7e331d9ff88ae5efafa8ea,900839820.8910908
a57350d4c79a415137281cb7,669218747.8546625
f3a6132006d54d0e22a17e84,766797344.9609137
14caab87a129f51b2b70508e,719794202.835902
ba2423d79744d763aa3744f8,822028015.9746752
1caac10c1121a795a172889b,897913956.2223071
40768729f2697b87ed6519d1,747218281.6216037
843234d3c6c20bb60a17fbee,877207295.7393612
cd2e4dff930a1c7a1a569992,876688280.0498304
5a6eab133b7e95155f6a9012,945428364.0871074
5bba6c40aeb129c433d2c58e,876716692.4104165
ad3c644b506498127c7beef1,777789866.98044
a379656c49f4cb1cfc5b3f03,927792943.5825257
998c1a6ace613d8a7468ba5c,1005097210.0967375
dd610d7ece83bb02dcd7a22f,667920623.6912229
539467d04a2b3e78c592b11b,684982791.6684337
e40fe4ac43cabe82c03dda59,558911690.8272545
5561eab714583013b422e7d4,785329101.0352134
d9110b2b5b1c02766da9e24e,741341977.5575045
c72cf05b93b9c290c063b08b,743171516.1732191
d71cc157c0c43935989009f5,673055053.3280451
4199eaa19ddf8ac436bb2ba3,935685512.3122755
d23d12bd86def2657038a481,751675096.8686557
ca438e13d8aa6285858da0aa,694024508.759742
a173eb804f4bcf6bfe889417,976761030.2620974
9b3677d498c2ccf69c756ec7,964956900.355027
f8c787390e4c6d2e99fc7c3d,846851759.4649292
a188aa896d1b4520ccd6b65f,712274630.8159742
9fa39c9eb4b10a20dda6c3c2,946914474.7659456
7bc9022fa1eadbd9ab39acd9,855296914.1392962
46f0731f62232b32eb733dc3,749034713.0104654
b6767d1e329ff5e28c42f632,727756586.7303629
abde4b06769fcb1d5577fa7f,807396698.668852
1496d159d31717ce254f67a7,910092992.5077803
1470749d0d2551a93827e441,628513484.873275
3ac517f74dbf8cdc8feadfe8,760257361.4487431
fc6616c62030a53d2aa46b12,1008535166.4578849
8497f34947cb4c0ff18a0eaa,806633629.224679
3b2936127f5a4684a1d3de22,788269288.7421492
dab58562904cd13a93d913e1,794036960.6103697
69d1e47b6bdc57512f1838a5,693544077.1306174
23c7f9a0534a4ae6a24e38a6,799009557.2746701
640e9fe41fb79ecba89d8951,843776859.4204336
31f6a25d56f3bb36386d07ae,808862971.7536389
bfb30ae71cdca27f5a5494c6,815969901.1980118
baacf0dbd690644d74f3a929,751789811.4043212
cdcb874d2e62220d12230632,779149245.9208205
1421bdbd9cf7572b799b732c,784837208.6105968
ee9e5adab1455d38edfcaa6e,726887284.302214
1fae43a9450fae02919962b9,899416165.2665994
5f9ee280509afd55d24f39b7,720514929.312825
82902f2082dd405ab538ff58,763287724.2701099
eae52c81f779a61f57cb5b58,689289498.827958
4ec0aee1b202642d2739068b,875026590.1957761
f4c6c3210a3c2eb935c6d5bb,901962086.2503102
14a14706d405569501327924,630918735.890096
146a5a4f3d111dc7b955ce42,1031552109.5521615
99bdce7cdea643b0442976f5,841047762.2781532
733c7cdfd50db77066a67140,541849243.1785265
de328410e22767c66d919423,792690288.9832274
d0116b53467b3081664fb268,839740062.5991814
dc722ea5c4d62773f9fb6bbc,721545658.0270313
e84605e3aadd50b064c8eac3,941798173.6980927
31a3719e57ab1425e7267fad,922900266.5640533
34993717af3f861b9735df6e,874384584.1786553
543822711986a454cfd764e3,913544557.1416013
5bbc4ff9cc3ddacb39469e27,831952772.7155032
d7ced905983af0800c19b7fe,893125942.7332962
02d5bac2567ee9e19041ad42,1012979098.0494831
f4897a8a0a911a2acfb8e8c7,977580242.2741609
4ba19ab08d1fe7f72d0dd37a,904255805.6869006
b7c07f8afe037d55bddb8e41,555651158.0147685
40b20b5a3a986802d64f7675,716402695.7010751
01fb5931cb55f5308382818e,813303310.5580739
7cd0c7174b957df1f004fc88,800667374.3508719
ca13bacbf6dc8d1b09fe4c67,992506386.3516269
0ed0dc77661be57aab63bc83,809036984.3418516
d03558acc19951a882bd568b,649481228.8453825
b8cca0d70fb46f3a31473e98,1277624810.3452299
f665a58fa8eda69547c1a159,823312939.9240841
8aa5ae4637ba83e672cd3ab9,647248909.9055405
a6da1996f66e545041d920d6,581086083.8829193
b828609eff041a68fa243a12,851111026.7317376
3f39a260b81dd7de1dff2b31,839883708.3227065
40fd167916ff071afdc44792,948937644.4908204
6ca31945172976c3a11732c6,884013517.4244491
1437d1f1601d26a3dca7594f,660603065.0178701
ebab054e5f256bf4e382002a,965229971.0257146
0838d0df248d723da4e25ea9,772739493.5961597
7a134e45b9ebe710c6c6efe6,799475582.8078833
6e9c7f27d6b89c5f9696fae6,622163056.4976258
bd12c705950c46e679c34bf6,921736318.7127994
fa2c1092f17ce021964f8953,718000326.83322
e3202b635974f7a3367c0ff9,935958582.9829634
49bdf0f970af03d83a57dcff,892579801.3919206
91af29fa680d8033188ffc39,874358913.8592937
cb626b981c0997d254388e76,685255862.3391213
155a8e4186d1626fdda4d0ee,794219923.0572412
d337476c2cfa780518523a6b,715084686.0840486
7c3ea8523ece273991a190da,807949210.4166416
674c02227165e1c7189c54e4,892485033.157566
17056748001fd65cb961b384,994668473.6712933
f56bca5bebfc765162c8cae0,996721598.3555841
5f4b0ec9c7452b888b33c3e8,918500707.7275375
13dbc077e552640736267a49,707949305.1129372
cb645955c851790e83e696a7,990149927.4890217
649cca8c83352caf7442f20a,760009036.9689448
fc8836e71725949c5f3fa7f7,985094970.3623862
4f431d80287051ca323f2c08,801723910.5651041
42defcc69fa22e4c858f3c24,990149927.4890217
291a2f9022933c9d81311e81,1007784300.2275299
d48a061a2040d851937413aa,1015845169.6571313
55d2ad80322427ee3426dceb,704861572.8022437
8c41bfacbc1a6ab831b26fa8,998210796.9186231
c7214222fefdd8d2ad7f8f8f,759044641.9868577
b3d9a095c9c73004643c9e78,982089058.05942
d49aeae19e13909e75dda2b6,1023906039.0867327
dd10dcc52d2549df85f2a8ec,852542432.4824394
6732b448d2e4f32679f235ad,710419318.2896328
f08a5c2992cfee4c0910f68c,982089058.05942
e3a62f080c25f404ca995e06,982089058.05942
7634d584c3042533942e2dc0,806410632.005836
ae58dee872922a9c678dbfcc,1088217344.0480492
5ec01e911785dbd5b49b166c,658555762.1912098
9bc12d9c9ad95064412c3413,758269940.6988487
7acdaa0cee1ee62e15f4490b,712020466.9748912
d76d5b14d0acc5295b8057e2,772502914.748102
32f3364ac1fabdd13db1cfe5,685436237.2076137
8cab957b322f1aba06bae4ad,752769987.3228657
e3dc8b417819e9afe3fc7d0d,619302640.4078559
c71fbecd8f7310c201adbf40,821339684.84777
54c9bffcdc46819f67e4b3d1,746551637.1548208
4d94a2295f612b96264a0db8,871653877.4717773
874f4a836cb74be301e068cd,865315285.9497199
a18925f908acda4171bfbe36,765889003.1711651
a587c7419568288d68c46feb,975972379.9847366
19994da77ce4f2db3efe6660,702018251.3553184
9c4dece6127f1f3f3bc1e0f7,698596460.8052305
09c28a830f8093802384071c,781055482.8867316
5766f7cfab59c920081e3046,698596460.8052305
964b7d9de17c1ce396fb83fd,656353229.4109664
44f77a86369d6607753adc09,669854260.3048129
7f25471be85adf0baeb8ebbc,661271247.8268839
6859481703fb0cb34c1e564d,637688855.5517048
7ba0c14dce0cb09ef5735d9f,642971319.3509216
62cd6a29e98a5b7a5ad38050,617276077.1828119
9c6d7e6260e4fe83d43706d4,655102179.8609153
5dbcb55dbba823dc31b041f6,887216258.0056987
85abc5c0353c5b678f087824,654763637.9937664
56dd1bc39664f8e9f316851b,694869081.1627605
b23341faa7307d9d6009c6d8,875763356.8437008
2af941adae2e8dfd66542055,711648341.5646932
268f887f25d416dcd3c0c9c2,829228851.9785146
9ddc7272fe43f07035d3da63,929251046.8010257
4002635ca8b087877ad22d5b,1117234978.6606214
b515b1caa608ff42574e5a06,642652673.1236207
710542343cece039a279dbee,801434080.1775179
187a143dbd6d4bd81d6d9c32,728884549.6996917
26db92c003c8e67d92d88aaf,693921265.1669827
641ac8f4f60ae2b9cf6add93,892038503.6271154
784714647351cb6745c867b1,801434080.1775179
5fcf1e2ab4edf13ec844decf,730875811.2576531
2575d932e98c421bbb38b267,925748502.8225504
af9d2f5f62bf74a7fa9c74f4,901865332.1051979
4db8d529af9f718e6d81a85d,684982791.6684337
9a3368605e5f563e29182f3b,688081844.1903424
5ff696d8369101b6dc60e2ed,724843932.5114028
95ade3ab8dc04237acd6441a,736340257.1813127
607ed21e896eb5ffb50d5ead,575033429.6864575
40d9a852bbed67a6036c6d8b,706360731.0366014
97badba651a94721af5df3f0,673055053.3280451
b2f089146c30929c4836f0fb,730506983.2924073
936307e2f478c3ff7b9652e3,800344268.1764828
b6d5cb459999de084965e993,951758084.4870534
aeb66f808982c6308d891f55,870699434.8868847
cf8418c60f4e54dfa09b1e6e,817290094.0971675
1dcf71e8fbfef2c6534576df,697237661.6168497
c78b16f05ef58855da0d4f2f,670181489.7051954
19ecf1fc86396ada203c2a19,672696114.2306428
985fc7ab5aabf1831ce3d298,818988243.5761214
8aaeae6bcfcee5ad928ce28d,816915070.1825285
1a93cae134c79a43b13ce656,935685512.3122755
ffad647e8ee35eaea6378fb6,821441053.2196008
c21a3eaa136ef8a912ce7b74,1019986117.4868938
fabe0f299a4e4bc6f51d54b9,714722266.2003487
5af99278b1091dca9b0b0332,759735966.2982571
3f0c845deec1c24472a35efd,919329702.3325205
c10f25fd39dd36287a6cde73,984821899.6916986
f37d31c512866b575780c4b7,981078639.2142298
5d34f871e5a5cb3a655a0b13,801450839.8944165
95bb852a958d7b16fd676e3c,710146247.6189449
24857a7a80d5f13a52eeb054,801974151.9506533
f9796e9d13fe1becef435e54,776518555.0516322
1c2739878e452a340a4e8972,1022414209.8333338
698f3f1929a2dbbc69865b65,733691505.8835032
bc230105784ca8640e499ca2,840156778.9933944
622fdba953206a65224f2c82,564441691.4441323
6765fc17d98c08142d3d7757,808201122.4796256
6f35fcba4ffd6a58bce85892,863817748.368957
d8654c08e95b39e3b4891cd9,617852863.3775687
33305df46dc2186c7e3f727e,996994669.026272
0cec193a20d720af010383b1,773012564.2668476
734efe04fa6b326ae1d072e8,594119765.9099406
69190139558b2ef3eface18d,626614658.216937
bb084299ad23f245d7cc5b69,691448768.869192
d4c7b3372d70b898b167b92a,821987194.5609765
4a119b1bbf04b4bd6051c5b1,863852861.7289577
f844345b6224bc76bc3c6f91,600121993.1368973
052505ca8210e5e651fc0b63,819671296.9615958
5731cdf8cac0b8371d786c90,823586010.594772
594d8d78af90086bf8cdf09c,686142288.0494251
fcaddcc78938f3a234dd2d3f,690159814.3458207
1574958978c9b5d23d9521b5,856745484.7103591
55902baa0ece72e2e8c869d6,909041700.831607
46161effff173111bb6c3a32,952679714.400081
b3fcd9cbfd485e4e1da6c89c,678048714.5025067
213ddc1761cd6b018349786a,817800792.1174126
be3b1df5f008636e14bec3fe,914965348.4760557
dd27922be5b6f730f8b4e058,581559784.4243864
cd2aeb1b2649ef421102def7,680276008.4236604
a226b4af016a772dc7e39ac8,727730137.8908868
dcef5b332fd31d0ed8d754f3,658216114.3697555
481492907baba4574d4a6f35,936231653.6536514
10e5e54ab66b58b3f41ec381,903810632.6317694
d48866a153ea0fd23a858cd6,597154687.1732814
d273a2075d28e343a657d9de,745743746.2318357
90a711f776d53cf654614649,784562166.2282226
f87c76eb5071c5b309e3ac3a,642758907.0620246
74df03749e60c216a3e1292f,577120492.696927
03a84af05df0f577e09d60c1,613699407.0144446
78682041182f01ee4db04e8e,922009389.3834876
25c76b5a1da0c2d8158b3732,693151909.2271206
af8f09175265e1546200ff86,618645833.725962
c8d4ffb290aa9cea002e8d67,632565258.4651299
cb89ad8156c3428ac80a4db3,659205291.150786
7602cb1e6fef087d8ee81aac,924727642.7549101
00c75d59ed4777481a50cbd3,748027858.4840871
fd36cffb856c2a14982a5fa9,676424871.5348492
06ccfa37fa6b011ac38422de,651869733.6553535
257b533b6a66b40d0f097c55,747105591.0975902
736eef4bb36681acbcc3c41b,691600833.1357523
e1a4437b17f7bec650d8cd97,876773304.1978102
ecabfcb8ce9bb47ec3089c7e,876773304.1978102
a5a46af0c9fb5c0a03855660,798306955.2050399
920b50f4355cd2674ceee068,685058798.8199744
410e5af026805ec8088f2e71,712528430.2235161
efa0c01632d13ab59f629ab1,713238195.1139613
5965d19a68a8414b0419bc68,770106239.7371292
64955a117f2d9264eb59fa82,667691916.5673859
8cd46b5c9cbd056d3712f155,733691505.8835032
65f736c3fee3d14c31a57d1f,786193980.5871024
66e9c614882d58c022de7a2c,823586010.594772
8c787c1e6161b18601e6d7de,602692446.9782145
29a115ba5b198689fce5f93b,573279498.6118593
de8ee990e70c8e5ad167dc89,801107849.9381263
0b65098a19c2fc1caa6577ed,936231653.6536514
70ea0403b722a1dae1ff9b18,821987194.5609765
5c77e242474e477513b60ad8,587158464.1462808
1655a92b20740a11a5889519,590176535.9733568
1709b1446b20b21482dd2d36,694570650.1011176
e5dba7fa0cfb81488b0c331e,693408770.8911691
d09dc3a3270073e5f1cb353c,863852861.7289577
368e740cb71b9175fe5b7b6a,996994669.026272
b8a8ad4c0215077d3e5aa472,868195896.3478067
1f4a78e094987ce29f054fb8,702981677.0031673
aae3a99ac764b8e9bfc562cf,873383830.4384367
a63ecc5539e8725af4128cb5,761877881.6050724
a29e18f37ded2e901181d7d2,751690513.9491601
14ead7469d05e5eacce6a575,705418107.5373195
1cbf39c44f6b0fdbf9554845,742443011.386575
9012294b64280c565a88a1d8,773915705.0793548
dc0e9ce44b9932c6e48a9390,832056733.459237
a4f272acb4b3b4f5fc72e99d,839791788.4352595
b0a7295da89516be1c44512e,840188154.7183812
b638b937d4f62949b9eb9fce,967710445.8488469
cadd4a6e1075b57f7b74c63e,924368853.2533727
a88f4eeeeac5ccd1ba9b8a4e,737248735.6830629
29616bf14b5f1cd42786a91d,771572623.9481012
f03f97ca55e9a43928c18237,779973532.8836927
5fb9bd3aee2e1320dcbea448,639520092.5321473
34bcfc2f0cefad790922879e,981289222.948293
8c9849cf3d20991e5126420b,740860412.4056541
ca7b9296080c9fc9fb232782,1015380892.1533167
63a5989d0dad994a6af7734c,670250653.1846491
7d25023ecf668945c87e0666,846536230.055656
fde3d4a4a819b1fa40530238,788330076.9965105
e3338ac993873aca45755dc8,801881919.7677345
bfeab1b12dd82efa96efac31,648951842.7651962
2d564574f0191164ff1d068b,672667182.7497984
5529d858e9c9e3e92ce8a95a,662882276.33552
2755af908b841e9024718b3d,658141846.3649297
623df36ea9610ed5c58dbd8b,653860054.6538305
77924a3c7880310a4822e5a7,653595022.4365649
24fd0b7f75feda5db89a4127,657439235.7954409
c2b9a3b2747f32d26c8219fe,576774328.1495011
3c3c7861a9727bedf5e3cb29,787710327.6868473
822ba8fd3c7392bda84461a4,704796991.662735
4625168852b335b223a05bb3,773567783.0580199
b732ff1637ec53286e890865,721786556.4090185
706bddaf0b87e4f076247450,770708557.1114278
917218fe1425d2c222da1ed3,677626145.6293955
7ac0428c4b7197ca14f3b86a,831148129.996252
e828e83be8651bc2e07641e2,654114402.6270901
4d069f925100b6cad0b657b8,707985373.3998853
a50640d13126880a423521e8,829839306.9034678
45e92799de1a5334c3d2d72f,628001412.1817986
93ca9e75cbeaceee69b4f0e4,1082959675.5088725
8fc4070ce12262679c381515,660331880.0799723
63182bbbd5f94cea67de2d8b,775799521.1636734
6e163c3a0e30e7bf1e909661,875129572.9764849
3cd016f68705e73b819cf74b,722798706.4074075
3da41d55a2b9f78c2b10c75d,691636316.904876
0eb8f10c9d5ded1b09f60baf,910100996.2622056
330c37fb5065311564fd35a2,747950130.406176
b849cef46f19e13d3fc9d5c5,750977332.9588132
7bc034984b19479f29886cc9,753706331.2413886
5cae4522fa829a1614739b64,887596806.3264183
bf6bd06201e60a4c98c8623d,751125998.5572276
549ebb2f616d50ca778e92cb,971784844.782626
448ad6cf4b43298a39c7b5e6,691732976.9827987
e9a37a1a4150461126dbb6e9,692262282.3769255
1d4c50978603ef41377af057,703504563.055031
bb71a24bc5ea4051d84ecacd,926279860.6293585
286ab2411118455780314355,741796067.9730885
045108344bf09b01b597e7ce,793794368.8196429
d714e15ab5c2d5a2503bffcb,919966994.7303956
60823c81f0b98e8a57192a9b,684209870.6549283
dfa988a524343181a0d3ead5,743721258.2291763
fe8bcbd17b16ad023a202843,898805156.3262012
69fe76202cd89637a15de1d4,766324494.2457875
e7cf67cbc08fa04be9f0a3d4,712544253.1558053
670583e7a2ec6e337429fbf9,882589760.0985155
796935018bf2b241646a2dae,661314649.2778006
5f5856dd16c0e5131835e650,778041499.9654846
ea2e380226005bb55c724ce1,932619385.6905041
f40defb11ff73ba4e3db7611,867330181.7364295
a4b2dd2771f49951c027eef2,825384603.4192545
a949ede7227c8f8587715029,844136724.129263
83f402857435d4fadb27fa36,768551487.9468303
36ab522893b5f01caea4cd0d,1053336783.2483029
8e4875b7ecd0898571f0b1ae,697376963.531911
7ef3f8bfd0368696369ac957,681492409.2615268
73ec13a5687c542137eb9a41,688042327.5453007
6334eb4a37d102ee00c6e2a1,766136424.0461657
fab91f0b03598c943fa425dd,879737494.3337578
c57c3c7edd591e16c0b7c1f6,803182706.5554998
03aea1b6ff072f117ec733af,725788627.8229908
91b57e8d6c41b7afe949bcba,706779977.1087261
ebbc5fdad817b304af3585c4,683318696.2760228
0232a50c9afca03cbf4277c8,718191874.1148195
05b12b1916e51a804419c654,689186963.4837908
95c9cee9b36fd1d68f647aa5,758507690.0302843
3d31144a77cb51647f3deb02,897419585.2733803
ea87e3259c2b0d6263d39a2f,759919454.8808677
61f634438de4a10a861f42c0,881294531.5091141
c3ca43d0474dea2f2dfb9791,738031587.6788139
a13a3638569b89ddf1260470,702938369.3778849
124959d1429de095473bf5a0,786656268.9056983
4d85bbc09ae56cd85a8f87c6,928714149.4702948
2c13f29a8b9ac9b464e3a582,695169184.4716392
70215712bdd8ae7585520550,657870684.1878251
3352469ca509e8ca652fad1a,632095596.6405745
893caa7433c200e0d43e9f27,893606527.573016
767cb14f03c909c595c2a731,741301750.8180933
11433baf7716402e8c58bd33,805375665.436703
e07ca567b0678126a1aec803,814469004.0176823
b2286067a73bc0049328b55b,706301518.8096269
c85d56080167254c7bc19303,759362563.777779
5b9ef8d6defdaf13dccc5ae9,873781293.4576913
f7972b1936c6d9e95d3f632b,897880994.2067331
defd03ae7d0c0a44baf80abd,653021885.9716257
6fffb7958a58a73b0e16f2b2,959957079.3327935
5d86a1db39e324770ae58efa,674153145.9477844
c56163e390d9e5a7a76e77be,774213432.5684513
fd5ba2795eb7b5fe338d6b4e,875674168.2588044
24d6d85cd0e2dc3deb2db896,928409725.2985548
feea3a2bd9f643219de51c46,809922336.4664266
055d7c66464d7e327711b497,996579498.2514429
046aaa4162cd410e92b216d0,778850350.0051049
b6bf2760cfa26cb28fc989fa,720105189.8996288
3a6262eed8967d695182e435,756851306.552137
cf3665f24927de548639ee4d,773506928.0742052
4c243fc50d5511a1288bdc0f,728682049.3787525
d753227b5c685e93b378baea,730164640.2263236
149e49c22fa0eb163a36c932,945869395.5692683
8baa01b8c6d29c82a6108cb8,850235305.3003684
2d437a09b860d9d46644ea23,693045869.5926988
66bd80fd26836fd426be5733,674244329.6421742
a30e69524af9c1bddbc5de34,711876348.5259788
fcc96840d952d32a7300366c,759963154.295639
659bccaa707b94f303610225,738225509.6559253
df1c66d8dfb9520c6818a32b,762803367.8711271
dd1dacc0c90022e5b40849bf,694562890.8456312
1a06bfdfaa9d9ac754ad07bb,720309411.1810998
a0ecc8ce0592a40959bd755f,733276651.5638009
739c2b9be0941e4c126d2f3a,920395461.6938201
d723eb2516802250027312b4,746049194.496708
04cc75f46642efb1192f1875,775600719.9051971
9f37bcaa95fb0044aeef6075,683642489.9729687
7be8abb5d23794ac47ceda32,695307186.1536417
c06c737cc0cef7fafa3fc4c5,782931091.4805665
48e71c45f41778f8dca24cf5,613436169.8803735
b41f7c1cb9cfbd188f8e0233,923482067.1816298
32ce96d8adc8e549b90b4a8b,816154172.7457621
c6bb4ca5a0c839d38dd8ce19,924656220.1397992
1d91edf33a141fa2181abc4b,772372669.4677521
aba4e24dcc6998e5020731c8,816154172.7457621
00af33cff3ff7c6927306df4,750549739.8765872
6d2328def08bae481705e20c,725151633.5028874
7815163b8e4a54843d121dc1,825804720.6075436
c9f92088dbdc0d81412968dd,772882718.8639703
8e1bd01ce4b7910d42f59be4,821698356.2632905
5fd89a857727753eae6632f3,937146844.2983006
332e395d4ce62523a2e3208e,669069593.2032385
4fc89ee51cb0e1b9d6459819,912730133.2886443
2571fe181b6ab939eac19d2d,913465784.7996083
af98a0e223a825cbab78ae49,746117458.0644829
ae187fea3c46c3fbee7e6e8f,726899672.2771183
c681519ec1ee1a28f6a3607b,860070311.091023
bebcca3e75e747b5a01f5485,809349985.0459057
0842a0730545c623043b1d8e,950970350.4156322
973afa2d67c20297aa108bda,800447487.8294892
64a9f0bf04f1c890cc6e31eb,735652578.2029845
9e92b27f554068b7dfb640cd,821694462.3630675
57b7aff18c444fa3c577b079,654114696.450916
6b23f191d2ccbebf9166926c,846961084.4697895
b80c961aeb98d24d968c71d3,1011631739.9749475
064c1cd5e94efdf8c7262fec,802382698.4876447
723078b6cbdf02c88286c596,876137970.4957373
e239ff5eaaebb287beaf76fa,989751917.2457275
b3b30d8b869eaad2382c5447,975511523.4702365
3f295e6c14e23cff1468bf82,752452289.5694342
be78bb0e06d5768ac1908247,708882241.4201013
4daf52564456895ca7f4429c,759686444.8383808
c832701653f1e7f01913660f,893695816.0722752
82433a009defc21498037127,713886675.9934835
b53d3d578b1d7d9e00c8a00d,740784259.7200351
36fab4c38cdd91de650e6abd,782707424.7562586
bed932e11a599f7cd4bfa31a,763071819.978575
1d9addd835c9fe8665e01500,684198089.2372936
d8216aa4e029c0d3d646efbc,895849678.2242818
c1b0ddd3c104ec4482d5025b,690345958.2150326
bd0f754b0fd9b7af284419b2,883332657.6041334
01e907d7672006fa2bba8b0f,642283378.8585764
7ad046b20064565644ebfaca,624782697.4418496
1ac2b23683ba89e9175d1b99,772996663.6548622
ab4c55e78eb83d80c153f50e,622092161.4123569
2ad54bda875fcf8c6b675bf5,723409478.3859771
07e76c765d1137cdd7c2ff53,553948501.5744985
5531b9663c5a37a2bdd97e9a,915131362.4445953
c740655aea4eab7066446c42,812056974.690258
3b6c37e7e6ff1c03ee4fe995,912516598.0572765
1b5d3ddc71634099fa1f04a8,670532541.7945347
1ad916edbe6fd38f40289a04,811762040.6644304
a1368aa4d3ae850bbfd90bca,923795007.9880853
0f728f676325ece6a001b4d5,743535922.6789696
0f98c4e431100aa87e6fa6af,653896571.5752481
91a08474a18644c43224c62b,692759283.0936306
185dd9366a6dd1e820880917,750411836.0162688
e364018f4d994cd15d4af374,818364646.3130956
77348acef84ef77f6a076268,710651454.388948
7f8f506137780f4cf12e73b6,888678251.5862863
809082a38e6fc3faa66845b9,854603855.356641
2072a783a44474cd0dd10d7d,779859563.762488
b71905255273cbb0af1290a9,653937959.9762528
c7d5f021595b58c507f47d3b,709428973.4474546
65ba1feafecd7efdcf214ed2,767359786.0526472
72eb64cd02ad2a54b65083eb,979241465.8495346
35d79b2ac92083bc439124ac,686929037.4339129
2f7d36523df4a5eee3edbe05,910007783.9423978
b0d20a04106ebb87e2cdea37,992226096.8176403
43650eb8b70dfa256ca64979,731148881.9283408
311fa1bf3c405f9bed13b38a,627244056.9596741
d12dc721a59af021e8ac68e5,627244056.9596741
36f9a0ea831710344f468bba,627244056.9596741
1eacbf36422a54f1327fa291,627244056.9596741
9567966987eb1d3117677cc5,724244215.2408345
e5bc85e227ed7dabfccbd005,627244056.9596741
d1f39f86c82916524273bada,736249431.4377111
deeb837c2c6bcbd01930431d,546944553.140106
57aa22792684debb8d4079dc,731317317.2223916
5b0530f544da162b9a8ff772,820700807.3719128
b7d66c5f1ad06dfcae5b33ff,603238588.3195901
bc353a421fc579770e432176,688133030.7976842
45ae1e929b0fc88718151191,686490547.5198257
b04449c499843cf46ccb695e,721553528.5414788
e4d89c9d33a0f2659df21185,675462143.5738902
b2a7a8ccbbec39b63e4cd028,761051798.1918197
3be69554b1cb31ed5732a836,678989707.9121357
de7f584df6103e8bf95f4a37,607105441.5247715
0f4de499e5bd2c57fcc75013,631134368.3715085
b4fd0aa09f993bbfb1fa8abf,699961814.1586696
88a83e58eaf136a82ab1fe37,761146844.3190607
379429ee3675d1adbf816cc5,699904534.5176446
c6084b85c8d95e0ededc25d1,1006189492.7794887
8eae4346936f8c6c67be81ba,662717010.3350582
a13fc9e9b4e47340a5d53bcb,832699752.6070652
7b8a4d701066372dfbdffbec,686153653.7316735
a62a6094ffed3ea7a54fee73,677436645.9544857
bf0ad098fbccd3548d834ff1,699961814.1586696
0a231779f131c36d8e6910f4,693402973.9137014
51ba7338f5900d8ef12206fe,808488981.3516032
81b14dbf863114fdddb38579,835463262.4459171
adaa406ec9ac311e9f9c0bbe,786481667.8729125
4cb11f32806c0e07b4251984,678426109.5264509
3fee486268a1451a7b9fff7c,759373338.2339356
5666f3c36f0ce4eab2c39299,723393337.7621226
8a8dff62516671aee2250cb0,886722401.234637
ee4fc6a146e888e993a4412a,762424022.946448
5a16b30f4d580352710e92f1,713425109.5808796
424bb491c71e913e900db76f,686635369.2607793
100bdfc998bbde3d00548bdb,938591567.2679887
d793efed9a723e77ca8272f8,858705301.5421541
725c029b7c5807a4b0ba2bc9,981835364.2896688
b6d3345346f43dba053ceccc,913817627.8122892
888bc3c4ceaa108e048ad28d,947512155.5909996
267e000c89d3416e551462c2,836583219.1751909
0ab4a4b8adda35f634812221,924847420.5350689
823ed628bddea9b56792d108,712737329.1229472
a189bd7e4eecdd18ebc7d353,904953410.2924206
da16828139a19aa11bd94ffe,840337929.776635
874102a58234cc7888902d42,751880355.3973416
789e5d19fa507823cc4c5296,766538683.2222354
174bcb77be3b7e408e61d7e1,823909176.5302442
31a1492e589f317a58a79df7,720787999.9835126
0825f2ca4baf5b34231ecfd2,921290356.5079963
ebc96ea800887a647422b8fe,758981435.0923804
969b956eb7769b6f509d3ee6,800940445.0215601
6ef9135481d8fc882a1a735f,822713540.5003198
5f501c4532ade3f412359a1c,917656821.3232174
c6d075772255b1efa52317ac,822689182.2123147
535bdffc5b79d62aa6179c48,1013252168.7201712
e95653d504208e8da19fdd03,840337929.776635
e4e529e778dbc89f854252f1,765082165.8817949
ec5866fcdb9afffad2d7f5c6,943671607.4538023
814694a725a50c306d774342,877745534.2450056
1cd6531d8539468cd5f4b315,858218097.6415057
0c3e734afaa6b7c370754082,713425109.5808796
f80eace37237614562f942aa,810134682.5924736
3aee70815bcf6effcf0e5fdf,981835364.2896688
ea21ddfa37d60737492509cf,759002210.1297097
67c78ce1b8a64f36ddf90cf6,773558705.6082232
fd2efcb61008dc9d11756381,785929491.293348
f51658b9fea670bd943d6db7,659720789.5416973
b83b0a53ead29faf9dffc0fe,912361115.5856705
c1329245f57c5d9019105382,753674809.1530749
98665b825fb3a06b914d39cf,961368086.6373978
24e90a7d9a2bd0c30a4f661e,752767379.5514069
6e64677f8d730e1f9ca240d2,723841452.4775113
a742819d8e4cf8fdfda6e094,866658030.7267976
ed75d1c40109eeb51fd636f1,728867217.5148104
cfc2ab56604b4e3734d7cbbe,695116791.4424932
ed5622c308bfd10602e939ca,796108205.4332073
5f537d233678443192d22642,954130907.171407
aaa79ce67339dc53b4f41dd2,942071244.3687806
5f467c6c80023b0174823d85,665198041.7074534
46fcc0d53b263beae95b8eb9,924664362.0368012
2bd47c19e5d29a3157fb8465,966049183.0377781
9c9c2f05352c92c02d080e96,1005568580.949203
cf8fb8db6f74c236cad0cfcd,971865292.1711359
f42a53a05dc90e617e0e4c38,552433878.7195162
bd612d494e2f21051556ebe7,784520629.603513
ed1c8ac25a3db5120c92525f,772660461.0152154
2c30c2736472590fe45277c3,867964388.5711066
bbe2c06e6f90c4234a7781ab,995499467.1126812
b527813993b7bf4a10c05683,894925699.5077381
2f610d2242d583654337d468,928158764.1182746
dc25c9240c67effcf655b02d,730201643.797505
c35f5ef73168d03cba1b1f4f,791350744.871365
e88009be52bf5803ba3665d3,755394664.963264
12a63d4fcb56c1d690e1bbb1,904238876.6573544
1d58ad85a82f7731e0f198dc,946634342.6352887
a2fdc7da13d098cfeba13b76,648522850.1753638
1969ba34b72e61337246cb5b,614223613.3393463
8be43cd8653accbb8fe8a270,830213106.5289557
10092cf2f8afb3658ae475ac,690408390.2968119
0fd313e5a0f02df07eb6b104,629404713.9151642
9b5f013e795f5fa610d03238,672126873.1178942
b1ec4b8badc955f9f4fe2131,800904698.5530409
e491adef93281c097ab08dea,582548157.7746835
9a65fe451b30c59beb3d62ef,804139152.9015951
0d3245463127143a8a52014b,917504998.232392
a0e3198470f97f6a169044b3,886943187.3350108
33e4901b6e72593513a02207,727825920.8205392
f45234a3f0aceb12341be024,774441441.1593215
a71d53ec4fd0d64f8c06da2c,709600106.2775693
f1b30c4ea99f19a81d12f73b,984275758.3503227
a52e2c893f85b49e2499cbab,841443945.3192768
b2fd7ee866066f3ae0dfb3c0,857426641.0942131
5acc9d767e3117bed0fd8464,820894911.8782252
0449a82dd1667c8c564904f8,702679428.8737888
a0a8d63b5f43b87c0c7e1fb1,696660588.4946537
03de77e22e987fc3fed4eb78,667646482.4444424
3fed1dd17fcfbd2b86e73143,709974524.102853
04fe204d03bd1c9876242ccd,836824657.4313097
32bdf33933c29b1cbf89539c,720514929.312825
3f6c05c97778fbdc86304bf4,861353083.4099085
478e13e8c1cb5bc80f1080e0,733964576.5541909
3128a4896665d38feb72b456,822260265.2316643
fba6203abad5f4b3b721f29e,724258421.5122466
b25f461b3d48d833a73316a9,941798173.6980927
1282e129e1a355b161621dd8,823674611.4470747
293320b55fad21ea3f4a5899,662264455.8945256
de2f5db1cd1024a9734871c3,768645738.348068
200897b1f8bcd7c116a85306,634025310.7829238
7023f5a68e1ce9cfd23fd021,581603447.3679063
13faa4142e9d60412abb4184,693095078.7370191
d74d0241fe5222f5c5b67222,780923381.484335
0e51111c47813a0b0dd51b64,744479663.7308872
25e3793214088669aaaa4ca5,693244509.5138689
43d7b77a99e86e8bd21a19ff,824554078.0643183
38b87cf007043b76670207d8,947085221.0499532
8fedbf13ebb7cd3475fa3074,837332230.9087124
4be510fa977b93e34a789f26,699631463.846957
8f165174bc07c28f9fddeee3,853563103.6127806
7ff6f389e364e67c4238df8a,679220749.3068603
2c91099736f3158f7f09778f,731620913.537805
7bb1bc81e6eb3b4390440165,728881204.1313434
74e43ea3081841278c76cda6,729960760.2608914
9b948f070b94c18e00a857a7,754262075.5131301
99340b6cf8f818392d501e9e,1052241760.2355647
b27088c3ccd93e7d8d5571c2,671739475.5513391
4b45cba0d601f29c2b7db97a,752493960.9050766
362212de783981c9ddb767bb,772131138.6087399
5aa78a2bc8ec5e2be315fbcc,895041149.3787309
92fecc04105a999a622ba3cd,770707196.4736178
5098115b26f2473c812b70ed,714147680.7072958
e9860f6b4c3e6699e62f6c31,573158553.5255349
71273ae563da6bbc66aa87af,677468267.8511951
6c6e7af42a6ddf62b04c35fe,639381575.031744
484922bbe02cb218ced0e779,710545149.4547077
76745c2648b66151008f6399,616595085.9715616
2100201e0851e80488371b67,474193780.616499
5885faa4aac834118c5e4351,768561444.7381588
f340405bd7f2c4bf524c50d9,734544924.4529043
1951c1c8855fed5db8031e5c,752472411.9035536
7dd96ddad0fa88f5c5978e39,858785981.0473461
db7535339826028d0fb3355a,771311533.295333
4317746d5b88142780e6897c,807791150.7629887
5796e37eb1a995db5cc06eea,733627511.1484766
817915cc3582112fb5541a49,782786534.512861
ba524c4e2f13109ce814ea38,769763429.0426629
c2439ab65fe194d1d60eaa07,870609075.920408
92e4dcc5911b42e7f70311d7,700380764.6132119
6bf86a580c8b510b7447071a,877463850.35067
975482a692bb98df98b2f243,560892586.6302792
336888717766096b24215b26,940777127.9676602
ad79f4fa23a28cc84487517a,810427022.1674385
d925c1d4dcb68990c7204b33,826731489.1547884
f4658aee77fa0e35a71da7f1,604760593.2754647
210d58091ea74bb902915250,734001896.4636011
186d4731b3af01bbe4d08b23,762224605.4031665
b760fde2d4df27a168ce0e80,856606115.2051209
2e653d2567a47067df169d97,931508411.0791583
8b63358f3cdf8df0eb1f43e2,895027208.908734
c09d691e4c7d7b8c8f6a8370,936332522.3813713
4502e2809bb5bd47b2781212,879538935.3801407
d03101c7f823dd7d17e49a83,711794603.50754
f5dbd7dcf63b08f711561e58,934596793.703857
9855712ed7be7e865656de13,911392970.0023359
5a6397b85f45fba27dd9311f,792338741.2421883
4d1b0315b5aaf21bac150d96,792293074.4626195
32c7a2d032ee21f8bbc6eccf,826676174.6878458
beae197df95b84881128790d,791554006.2895827
0cf7a6d43221664a060ef681,696089988.2527512
c431fd6dbad57351a497fae8,806009602.4475302
b1f8fdc8e3e25517ab80c065,655266845.8986126
7b346d5a5f5ec7165d1f8644,655266845.8986126
947ba86487536d611f548142,1117234978.6606214
8398ba3b03595704b5897704,663231168.6909521
3f895518a7fccca44e534578,582548157.7746835
232e859fc353dbff75c97cf8,774441441.1593215
b234ef225690d57e7c2af4c0,886943187.3350108
393e2e7ea1f20eb6b4148d60,654490567.3230785
668db5244c4d5b5c76b0b395,828955781.3078268
646de9441934226c2ffeff77,820894911.8782252
de53880a3299626eb6c2cdf9,984275758.3503227
07f10df13b244dc33b464582,759189824.9568815
e4aa393309860fd5e30f49d9,928977976.1303376
8c714badfcdef8ccc73df9cb,974712292.5889285
0f8ded86be8d3543a5069b6f,854129996.1074857
3e9d73530ff24d3f4a543091,841998147.8444148
076ceb408227ab2563a663d0,633099212.9142327
e0ae474a5307ef4057da4994,693043661.0980351
d41fc79d800458b1691bbb87,946419872.9082482
dc8262e1493ed593103acfa6,688624798.4628768
bd6c24498bf413b6c5adf81a,707069572.9787766
885c77c839d705ca7d04d383,674947023.1886665
b8896656cf6f5dd7c33ae46c,812229962.69544065
34a9e3ca94ac06347d879942,892306730.7212327
ca3b5cd3505049f1471c47e8,800344268.1764828
8c05c66be6008af7f6dcc10b,836748035.0237731
565fb93190cd34ac8b01f01b,836748035.0237731
6c8119e00b901efd2dd40f0b,810563846.3154535
34c92caf68dd0cec9fc383ef,1057855489.2748861
68939c438c34e79a317a4f3b,876632776.0295744
dfaba547699e319462abfd6d,710319996.9690646
dd1d2e305d37d9dde55393b0,842814543.0163431
c32df77def9978a84f8ba7f1,841990086.6606524
62103a85a8ddcfbf5e40e284,918051139.5737673
93bcdd2a8ee1d5b61d00d58a,829501922.6492023
9700892d7133ff2c0d1763e7,996448527.6848962
fca6d7455056792cd61e2ddf,703184785.6075145
4e84c5953b493be7ca96103a,701947178.4986242
42fc4101da60fdb41f41f0a4,874808714.546644
12d40725335f83e2fb9b937a,769115942.699046
2b9681901b216f2174af0089,777520271.1236483
9ab74e81283becc00a779172,654787581.4131327
8f378dc1215f9213f187c02c,698429095.4983615
4a3a6698b5490216e8f8e6f5,1008610193.1454066
0dd795526c080e8efdf8eb0e,825681755.9760638
3e7217f628a1d0fc9bc47071,857671956.3001304
157195fb2358bf2d5051c439,769608297.918963
37063e689732880621e4e733,912883642.539989
3bc68bc2d6a2b81f9e3b9a50,865898125.2602508
ce21f368495d385fbd98de73,518108967.3288766
1a6af7fd6a5b0602052c4c27,636335553.5474659
e38259adbfd953bf085a69b6,848916942.7021736
0cb6801c9b57e874102ca349,638363347.2743245
79f1a5bc0be914956d632658,663585012.8503985
f571f85be35a72b2ac358d27,697602313.6539948
163bec92a997aa8263f5a909,940219494.2944105
9ce3000cd80aeec2c5188e8e,681348373.5868007
6a6178c4cae2e92a08b0dd0d,755940806.3046398
d52cd6eee468311666218625,905618623.9854035
8eccd2a6352c33d8c7abcea7,747908248.8603303
53d3e32b1dc782308e352a33,980155535.2732017
be26f0523e5cb13846539384,876891018.7034473
ad7739088e8febc68abb42e5,877841984.4611682
add4f9dd26fa34829aa25eaf,692396762.0753429
17005d6ec889a947397ab980,659173062.8024124
3fb3a581a9a74146dcf9b71f,709061248.672946
51c4a8b438bb0d97f712af31,772432050.632061
0aa1332c56bf357f492da2c0,680622052.336186
6cc06c89c226a062fc46795a,737355152.7305843
682b38de3539b2a584446922,632182318.9103233
1cfe9cba4c2015e7b58f05a0,703639939.1464679
17d34f9cb105ca5010191142,862070987.575521
1fc0faf46f3b533f2cae2c06,884002444.9692745
12f9e1f78c630defe302f781,725021062.0884787
87bd6ee6f17d2bd5b61b0ddf,923921163.3563848
fd4ce3ddaf79d1b97043ce0b,922555530.7248629
97aacb0847561f45a5540f21,648068121.917604
a6dac56445613d70e49647e5,716788266.4794182
8b1acd29eb268fd684036180,642547595.1353283
656c13ca7a1974df58e1b826,971865292.1711359
56f72c2d672b7bc3c264f7fd,719280968.148856
3771c66b9ecd6db0b201d4c4,527934096.48499024
45e2395bee937c187e3486e2,821391835.1031384
7c6880b05c212c66b8961b71,673550648.8790755
e0ae8d2a51c771aef5f245e9,710574163.915962
3573093e56e95a982a41879c,936720115.8508722
0920b2df9df4f0e509a7efb5,615733519.6307096
43600371d44fbbc81f6b6fa3,545891184.5536342
2684f67bcc89c8a5b95e5592,652503114.4306229
ca463fbe3e5cacc152aa70a6,527934096.48499024
0935e87627068206f6d9c0c4,855003064.1481086
10afe23f1f58f96422c97934,636844989.1027795
f3c8cf1fbbd6cced1fba0930,726125997.5595474
abfda926d174a8da1d946e27,790487203.1440344
fc9fb2f209a4b5e66f89712b,654217496.6523908
15d10635d71919d0c9663fde,642956329.1303871
79733fdf8881b0d25412abcd,935865391.1607583
7254c91fc9b51e76c6fd2a99,901358118.1797209
b732021729ecf88d6297b48c,760171824.1223974
edf4e11d1f1aa6f8080c3156,922896299.6506435
0706ce398b2bd64913e68d39,776859981.5687102
ea4a797b3d73d1b2cba9d651,1415804857.9873662
6c598362e322971968739673,640574341.6965222
130a119701171ed3c439c527,685459333.7998886
849c918d78991c57f32f2031,905734261.7149949
036fc9e01b2b1e3ef4574372,916514755.6534975
e4ee1a81aa121aa5f55e20f3,677027690.8852433
de926223fe4296d96466c685,783288772.240062
340ae520163a220061bd7f28,848226623.9124124
11e36a3effeb0119b8bded5b,720241858.642137
2492a7a74edb57f784f6361c,725180981.6856163
1900e7808046a5fe89d8e440,839466991.9284935
fba35c04cfb7b6db50cbb57b,990251219.9902408
daff79365fd94d1d3a2bbbd3,744816191.2406074
51230c899cea0054bb74cc44,714832080.7523792
5e04875f99a5e4476c0b4186,820458480.4663031
542db19bc6b9a1366715dd7e,701440684.3784094
a117f625c794b7d52ec67cd4,854246233.2140288
4c59acda820b7b75823fa277,740345254.3824046
f040a167241599987e7b0967,777209591.0641651
4a016eba4744dd01954f137f,649808541.0630417
0d995f0ad226dd21bc96ff6b,623188900.6592921
3d44c742b1aa4c022a968ea2,676791421.2860042
e47aa2541fb576b9915fd625,768467543.2568134
61fe9ea90c8a777971db8384,742975333.9683104
4a611bd82c9216a3771ca7b6,857139765.8168707
0cc5caa9b48a835c92da7653,671861131.6240889
9a7f24ba55c92696d377bcb8,981670841.7882667
32366fe92222b329e3d03b29,718187801.5129881
aa26461420614755c2a52db2,628784204.8464515
53a447ad5e011909080c0ecb,927885693.4475864
9d790c8c474c9de2afeb00a2,691233973.04907
dbf200ef5f1e15211e2fc6d3,664181091.786929
b96c9e2591a4cdf9c4e0c09d,677158825.6600864
78eb6f51d94a61a967da24f4,891877470.0876038
fb338e93dda9159476b8382c,560649428.8796041
72536bfda19f78d370d95f26,980543411.7782214
7c581e2b9daf20131803eed3,765384397.8299383
50cb0ad562ab5ef4e06f84ed,722144440.7908676
a24901956dac4ee0e4b0c91f,818564238.3444198
c1b386f478152f9be1f546ea,581647099.2426549
1f34129d15f992a3b62d4b21,659205113.2231395
299117d35bcdd48afa4c2eb0,949153879.0976989
4ff6c53c0bcfd1d24bac7ad5,629057275.5171394
2e52008bd11000eb776bd80a,815685024.4459519
56b78bb57b2d1f064c47891f,739315435.1070931
ef64a8989a6444cc529dd1cb,745479827.6494899
078f7c6532204fe046b13d14,745229138.8691345
28c0649dd8b294574a876e95,917629755.3087702
6b9b9d28723c7ad176a9306e,726367639.9068991
a640228932682c0c04538ac3,716325895.9569093
b19efe9cbc26d61daff5ae90,707778279.8950742
dc69d70e4d2713fcdfd93dd9,745229138.8691345
358e85ba765ddde3ac31be33,630223925.9272273
5e6b2661bb7ba0ce4776d483,693316731.7687228
0b6dcb5c1952dcea931e2c20,710309486.1010423
cde84d2435eb1d0d4ffe2a43,655309779.335142
bac550d41b2cbdc6a110ec7c,791078282.247087
78fbb49efe7dc0d8e144ad83,892579801.3919206
606affed5c707249158c4b49,772739493.5961597
d44778d36fc789f8b8c745b4,770819092.996943
27ee3504d1df34ee8ae5dbb2,799475582.8078833
60bae7a45a084f117eda823d,690140655.6942991
98aee6a36f208227a992f9b6,956998513.9204221
388a6dbda422f886e503e685,929797188.1424011
2869a2d2689af65497775b1a,1010790212.5304961
19993833220392781bc15279,892074386.8540508
f0efda3f7fb18af1b44d6aa5,918324210.2444552
cb915d1ef92dff803c5cceae,981351709.8849175
4bf02d040efe5358d4a5940a,831373809.3536856
1382140d8fb634851d4d210e,1004782467.7851856
b8ea07763f2e1a3d635eb23c,746587669.0483541
8ec00d454698c119085cbee7,656935297.0332173
30d5185ca2ac2fcda2bcb79c,703027362.9901223
d0ea7bcd8cef8588ca50c778,744733105.8498477
fe6c19c6f54606a611d412c8,649332189.2035382
f22ae3d17c92427f5227cbf7,605748385.8490192
92b3b7d8dac6b2f6d5fcfd9a,725196778.5215342
8c44d216517f5c59e2611aac,575509665.4789349
b85fa4bc59149a7a25447537,667133380.9246628
99f10097f39b32a478877340,720643592.2925475
44f8d5ab70828e06198579f3,836474964.3530852
1f674965c913f9fe282d07cd,577806817.7836165
60e768892afb284b0e5042bb,862314555.778018
8a6d013451e46411d35c2b6a,784426083.5370655
6f953b9964d60f6a74c81226,750998928.5625489
05076b448cfbf9dede72904a,850583927.0535854
47051c25acf866250b5d3ec4,932133363.4237736
0952c73b02dd5432aebdf2c1,727737820.4008417
cc3ef2f4fd5568aea96c257e,783968603.7219863
834fe4a1e9e4efeefb5aba08,656057756.0773635
104cd052884247b14d697673,736666174.9248364
8bf61f106e60d6be03799de7,942415126.3301902
c13e387f56342f88c993f0a2,663486584.1777996
ae664789baac0c47d13c3c19,637278219.2149478
ecd1e3003c5d74a3c7cbdb11,1089609953.491956
561cf254aba002fdef8258ff,1047209421.350952
98799228c26c9e4899bed65e,1028335932.8353913
03025756be203027ab75aaae,1035420367.2728893
8997555e7bea06f7b90ce821,785506952.8527043
e91a3f962129068a3a76d209,832329532.4524139
4bd0a354d75759510ab6bb46,619367154.0652997
f6c1705a83c039f7a7d46255,668012723.5951967
0c4afcff5f5a90cb79807682,716022790.1380842
d3222a7545e302bf10894658,803844491.8848703
03463535ae93b8b123eaba8b,817005342.8088121
360e5cc9ee1282e5a6ea17dc,645790921.0302083
07f24808e42c9e11a7c20232,711919399.066554
b80d0456fba49a40fd774e5d,826131826.4386642
f865411c20924c43a080794a,784410225.226333
c578eb2dffe903475aecbffa,675482930.8498217
d639498fabe1db1236656593,708653623.7448834
e6e3bcae6ba114caf108049f,617946421.6753178
7dd9760286606c45e6a15926,698598079.424735
2c5f07a9402cc93f4c683759,880449141.7067066
e3295e732bcf306a2d338387,628053243.8826073
240ccc45a242f80f817b04d9,806952378.6232115
a7ff59863f8719590146e71c,671621210.6016732
e6477c2014ad081d22f12b9d,595634618.4820806
807687fdb46614d9aa139b20,643264315.7256024
317d8f9d18599b346639a4d1,555565498.0466003
b85acd44e18ab485d3ac543e,614852266.0623275
e61476e47d7e7be706d23fee,724255934.8233457
270a97e07eec2be02cd89a86,714143282.5187004
4c9dc4494a3428435457f575,553819937.4193995
26e58d0b13e7f7f5a54585d2,832443197.7380639
166e1e60acca831bfad07736,783696809.1354239
aa25d9f8737f142b8cfa970b,690935656.8226936
44cdcca08e1e66a1496fac6a,570172181.1274228
d75b7730e8c291ed41d7caf1,841504402.2457799
6d1534800bf0ce97197efb6f,837744225.942616
8b13054b3318289aac1f13db,596852900.5643675
c6cb6ccd3f5876c9b9e29685,699081356.848471
0356797c1683d002bcd94899,840923503.2918748
558cb38bcb8de04588bdfa30,799306192.6828592
0685f2225b939147c8482e6f,659306609.0872246
cf1ba56710023ede80a8381e,945542059.9525375
2d4bd56e71f90e6fb387a2b4,1237409686.4604123
b96b8e1d636f0c10c63e5c6e,692965093.0654917
534be635a841fe21c7a702f2,765772295.9362639
dd5b4eb5d20b8b9c813ba52b,703494603.9488811
46941e09b153ec19f86c0c2a,1084318485.1276999
9f06ad3793ede2ba7f39de43,929773471.4018427
b3df8c66475021fc04f107a6,900420097.4222872
468df200fa490e667bfaa31d,679852114.8305299
8130ab67c5e0d96a9a67fb12,639140307.4777076
f7ea437311c0d217b0d572b2,644298194.0437665
ca0b59b35225b44447967ef8,674032013.434962
90961073d9887bc1023315a0,762035499.3494223
a1421c30fb33a249bcd54394,584275021.6927395
c87d9677bed80b0fe06308b7,686484917.7901629
d331a4d58875a393080fdc48,660538308.1103319
2f3281ef06475d2114fbf9a7,677423428.5117557
487ede1f7f155194b69c531a,799617235.9101692
04308f869d7c992ed3ea646a,803600261.8455969
912471caea3c71e3f9f70877,785329101.0352134
1baabd705f72393167dba5c8,626339958.5627242
aa4c66791884ea2a8357924a,558911690.8272545
1ce08c19161bd0545eef8a16,819608524.6891615
01eb0a2c1033c30830161321,810020747.8227224
b2759de47d28e8cc05c94e36,634360033.6120415
bcdea05b890394a10d24601c,656574375.3714397
db9f66f68aa772fe29e37edc,638497027.857461
bd094081331ab259b1076261,662120620.275594
81e7c8c1894e0c3a9315ff27,658979092.6451602
7cc9cdd32c209a62908a18ad,734156528.9061543
1e18024ab7d931bc7ab5873f,828760475.3973424
baa146a6537e8630180fdd35,792528817.4319537
8b788f742021f2438ffbf528,690527184.107655
66d41314804d77ea0f440695,823518437.5280551
72dec1e6e65f6117e10a2473,706044600.2883773
4066da904062a0041a809b02,734156528.9061543
b7570bfc5ddc7caaf610908d,734156528.9061543
f6c6eb3fac9658c4951c4222,726095659.4765527
5fe25ab9cf4ea071cd6287dd,677423428.5117557
0ef36d33e6c378c946b8a65e,734156528.9061543
991a94dd1e99de493672da14,726095659.4765527
798d87a368f073efafead25b,734156528.9061543
9e8cbeb53820394a460f0879,726095659.4765527
7b5582907bf47bb9e873a513,722998969.1840029
0f21ea53a480e4363b8d7aa9,850837956.0610495
ee667413d1cc49427ad448f9,794036960.6103697
12bb70a95996dc6e286086ed,794036960.6103697
9e9e3655ffa5921889cd8ae1,905128883.7997475
f2bfe55b6188070fc5c3f59e,777369991.061123
1f00fb18ad48b32c666fd319,685985767.4566357
86f15ce6ea8e97837e6b9383,702193967.4848434
7002d00c9acf8b8a4a5865b6,905479382.5651757
3e85deb0237521f1a7a8fa84,751675096.8686557
1bf77cd1c4037f4d2ed28036,964451962.6067047
ce8e1e2e4a79fa55a8547457,976761030.2620974
73a8efbc036911954c07b91c,694024508.759742
9a2051367d6dcbd90a4d60e0,768457685.6220306
3804d5b313b742228ef0f1d8,911268832.902919
fd7b741b96080ca5b964cac4,741268847.2083807
c4cf9ab3776289a412684892,766078784.701378
1c51566c7dedd4a46503131d,791344937.0622454
62259b400be228a30a655a59,792898078.0401984
e5092b4a94f1c231a0c47680,964956900.355027
6f435cb10e5728ef45be9f29,943330536.2227455
04a071d777e60627223e28d4,619792560.2219521
1117078fa37ed101e9120923,724876324.7999063
d56fda10944b088d9cbe1162,762854711.3614858
e01c49250329331a442615d6,693550765.6134429
30ab0bbf876dfa515b266c9f,650302700.1659108
6aaefcb58913bb3f49954b2d,987444259.3545913
629a6122db92e378f0eab96e,854866155.7348169
a8549fa4bb56a2bcc0e15b11,729121764.4446874
34291b30d129222905ffdaba,678716637.241448
cd5658fc146ae4b5d78fb565,673423831.4509536
ce14bec246191176c16c4e27,797540759.476639
46529f0455fd35b2f4a489d0,710919686.8815092
52b3823c59546a6ff3de4d09,586036448.6242409
959b7ea50d93bf1c36e35005,709868566.8090478
5c6edbdf110bca5a66a51585,729121764.4446874
d4f6cc3cc6e923cd37d0fbb7,575506434.3728662
2865962bdff8929888a51341,886449330.5639491
105bcd15e02d39f70ec2ecb7,787522997.033024
b2357bf117ecb5b9082871ca,586036448.6242409
273cb73a7bdec0d291e845f1,762854711.3614858
1f4cd62152d4940990ac6a9d,625473035.9646423
a13ff325f90eb49363f59052,761433488.3624051
40871d7ade3e592560d0b3e3,699631463.846957
ad2081cd75928b8f5e506944,915675798.4525622
1508ebe40f90f90a68f6dd69,762854711.3614858
d3cda82d1fa53a7ca1b46a33,825150417.0700748
dc20d46be2470d85ad9e7e45,798096053.2774591
0a7fb26822c2ca556f62a257,673423831.4509536
40a1cefb3cbb7e2972e30d97,653247665.3961896
4c3a2b3e3d5999f747ae0d53,797277570.5708349
a8870552db951bc4e76e7f9a,681003623.74365
cc48e66185c23195cf958612,776999584.0009845
09d4b5b5c2f97ff88215708d,794427094.6840388
a59320023948e2d915c07306,753594096.1474514
a74214a0d4d40b898ee2be88,638039119.3791647
dd9f28d722d43112651786e6,745120403.9760691
275360e29bf3309e09ec41d9,641372573.513932
1e21ee2ab4ef88194cc85166,682584691.944278
268c1e17bc17dd646d1885cb,613800741.2965682
33e22ea4154e8f71062dba8b,644841386.1643915
5b5db88fa09ecd8f4b9cef6a,877615501.087549
c41dfc0b917edb6e6ef7b1c8,728256943.8013352
3ba6b07e752fa580f630eb8f,974511913.1167823
fa6db64bd7cd8b0f1c0e2453,972717919.7570537
2422ffac7337b402339dc550,933154252.5781605
dd6d47e2626e2bf24f842f21,723120267.0914347
bb433dc1bd769d684d8b3352,800825744.4834975
812ad0d57e4291da184bfae5,658159880.6330967
51a0a1a680770b625579e25b,928704905.4596499
a91fd5b9b1a791a6af59b70d,712804745.6628078
094da6ca19427f1a943105f6,825049135.7893858
7af0a604d1901925aa179436,764434233.6648953
890df90091e14d1c3a1b30e8,686064986.4847361
aac17b54a68bd216e2bd1d45,579161526.2274193
fce26c7fbf0bc93937ea5198,706752210.0082774
b4245f075bc41aa29b55d324,658379030.5937116
bb70d80b0c6ad3022160c8af,594420255.9868443
ac85c8f7605ceff58dcb55cb,644208558.0299807
520415ebcdd1a4059d18e2fc,735436378.8086774
81547b223494084af3e15bf3,649519500.6221129
a0f1496a0b4a7cd8b850f010,783857221.7473971
436fd4dce2ff0f71232f4b6c,752434491.1737231
3923f0e655615aa6b52721b8,705847885.3002043
afe03b938be9cf14e98d4a0b,593445272.5974042
0f1c472b94feffc41f1caa44,571095608.0878778
5b76ae185e6b41243777cb4a,663240959.9667577
d70b133f81d6f1c9d93e2ed5,639525619.9821557
865459f5342a0102d255fa07,566787832.9805763
fea5eb95dfad452d6786b042,637677815.8453975
415622d0f7adb1a9f7009a63,667379982.0740638
543edc342ad39b149501aaeb,582694100.336912
89e1d01cb5bfdf567faca443,774577133.1763158
e86b99e5dac8ed0d8296e950,609055040.5580411
2c85b19f02bb3768c10d14fc,616644454.4054983
c17a3139c360750a6de5950a,698559150.6168445
cf76e6077d47a14abaf0cfb3,632995734.4412075
82ad4b3d5a215f17e745d77e,820413084.120427
dbb4260c89524c78de7433be,624289166.3431076
5b312ebdf71ab7971f9fd2d6,669579544.2832977
b3413352f0280412f53562e0,618575189.3987579
28fc5f188c5e11717cdb4a98,593575218.0991336
c4d7a906b747428aabd368cf,712360333.625978
a4dec2ce375ab5e4bffa5966,717701067.4158361
546d570784c7ab8746bba80e,624008112.6713554
cca9a08bc4a91f317b851f11,831241094.356027
bf43226ba66a3e2033d32fe0,902315808.1946186
c2717194de73e1a1d8dce40f,644420748.2990613
acfc06021a7a81313d85f62b,715553364.5631737
2d531a26f8b1a8afa511e3dd,686350046.8101945
4a8acae29064919c68fc8600,660583303.6438425
691b030abfe1190802349715,605247798.7919687
a302ef23e1d0d6a273274cd0,638164942.7030594
a742f415d6c57e8493762c57,824836213.58165
4672d1c9c3b04fcc87a0ae9b,842751190.9128308
371a0ee537001f7a9d58465a,650905657.2969316
ca5eecb01282d4a84017bd50,651888426.4947599
40eefaf8c26b8b4736308bf7,738523907.6231354
a7ff08f7e09b19c1546453fa,713372483.624367
07a6da2c9c4833ee4cbe8625,768615277.1824441
b2d32589626abfc81e44cf70,734295035.4461358
aeb68eb7eecc4aecd5529717,741551110.1757725
3c0b438c7a4fcbfaff9f678e,784368146.0366024
c37b357d57918c3a651a5760,732369845.1900479
b65c0544e9deed76615a3138,703118030.3727651
3a8b7b9048c82797fb01a8a1,682210094.1218352
7549cbd5c8003204c85ce1a5,1073533452.7258319
21b4c1ad11bb1feac4d02308,878170583.5433778
b972611aaf1b68340de16545,756898271.4627469
eb3356f3856526dc140be7f4,868055971.7285053
93ba409ab36d3e10eaae18c1,724176203.3985426
5717732a654405ba208c0f5f,877192357.1801087
aebb556fa6c9275a9b5c543c,944201420.8992244
fc72e535900c592d6053b806,815958380.636214
04d77c8ade9a55fddd28b00c,789268839.5421908
028adaf559a05c8882893767,744280108.458348
95781f187bd3fffa3d1b19f5,865703350.1934444
cc2c78d41e3fe29de0b4ec4c,916853637.8463182
f78886545677e19e472fd0c4,694078340.2719902
3dcdbb92628e6a200adf48e8,904543957.4300214
4993d1487d78cd9ae2c23619,883878798.945509
a8a2c61f2b994411af5d9bde,918291428.2167435
57fd11f829e31e198326ac98,895937280.1663108
59b9a5730cc8a41bb7a1d16a,860800400.635461
85b8a65f1b00f78e67622bfb,760717519.9431012
971c610e55f133a1d1e6c2b2,694133995.4373761
0f9867abe3ea0b9c5363982c,710248185.4595178
086521dbe18727963538aa7b,781712913.7409356
bda3c74ea6f73407a3c0a17e,755686069.3804079
257c765ac81bcf773473039b,753897619.2411106
80d2415c0460088d69574285,826329462.016793
1554f8aa4c8fbe17e9e82d0e,826694195.677628
00f6a62599f25ac506113149,855245783.7825611
ae26e4726c16cb2f6a6d3f2e,808561899.6329126
8018df1613094a9e4606c875,723455878.8366845
eae4a1cce7c039c644f01c6a,714763544.6703687
b07cd6c30350efc5de211a8e,906545997.7402529
5a2624a08494481388f6daff,935086988.1180667
b8eb177e22c63e84738e7788,708638216.0418262
ca02c904cf5eb96ad20705ca,802669371.9503824
8e6dfdcc28f830f2696de9cf,680727497.8812248
99fdac6a2ddb1136f7117f0a,695922564.8094122
22e9f1b4b5e887cb5f0dbfd1,800976114.91225
d89f812c7edfeb3121bf639a,847369219.5536948
19957244dabc3f727733527d,574986237.7503892
ad1322132f3b533b4aced580,698456556.8219529
40c2ea5f89f5b77cc09d1455,692585714.0408319
140c4de69883df9f3fb3a538,689134610.2280521
5529091bcc05ba5cb2156b15,749340207.2514882
55c5e58ec636586755df3dee,672795430.6648161
6049fb02c166ec9b4471a7c6,766219857.7950352
758b4df32244a51b2271a891,600818354.1385471
2ed1ae5e6fa77e447af230fb,753978117.4724808
527a1c27e038e45d2d1fcd9f,664714163.506109
1d0c3ba50087cf01637de6c0,723942357.9318333
d0804da971548399183ecb85,837567247.0358366
46a7d0f520dd1e78c0cbce0f,837567247.0358366
57e5120d0b71ec6a67746a59,711669433.3432885
b5292c1e1683d40be46bc2de,921768168.8179337
01e9c7531cf3c63c04b9189f,701758418.745195
06e91b526821a6ad1372fc44,623408944.3071129
34bca71dc9c74a2072f11e9f,934430797.9898727
22385ae2b3e7640e8c40411b,743576775.0687418
6e4adafdd872a2837921276f,664226017.7497585
8cd3031963c612efd0049f8d,752596815.6957855
43b2fb09efd1593a94b61b4c,766924167.2061331
74448f56811e9562536eff6d,656880688.2101526
44f0e088fee626993778e7fb,673079703.9439671
6e6f7fa167c0f617f50c86cb,924475685.7623563
83da5fb4c15e3daf727a3cc6,827421323.6361847
b45c8a6224ae2656b4189526,562271753.6243739
0d926a0b5ef567c627a7eb0a,912410745.50827
c73a1177d787a5ed72b8a9a7,712248838.6353755
75c1083db5c940e626c02f53,590490499.4435652
b925c9218f5132c6c81f3a18,603506523.9959464
9a091c59b3cb4c730372b34b,627575331.089572
bcc704b2e178dd20497e073e,628039360.5617249
6f65de020f663622146b89aa,610359726.1836655
9f3680d00c86707fba024dac,859652737.3337452
18d5cc463455fdb4d443a6f2,652365522.7413435
f1d76d78f9266d9552bb86f2,593007916.0476263
74dbd25d407e51337f883659,874741756.8674397
88ff73eb829a6ec5bfcc0222,814058406.5031971
ed5559fbfaba86299e87ed89,1156002429.5074115
5d97aad3e83e26b551c3399a,832508996.8426358
2258ec00dec6a2b85f439135,832508996.8426358
6c94fd185169e708a08d3535,595529389.937749
ddaa88a11432ca21d3eca774,635245174.7267134
2749b5cfd2728ebdf124a0a3,732937987.718743
a7546a6c6194506dffd65360,920893389.960178
6de7bfc5e8149ebc40ec0e4b,788449857.7622743
6f83f14861e13af92a2b8cf9,634701202.3680968
d71d0c8357f09fe2f77bedde,915782752.349137
90b28f5125a0b8a0e3b10580,996045608.454057
940e08f8fc66ac29f6d76687,658831749.9960408
41d2864e1f73e29f222c61e0,647240078.0501094
f7399e57df358ae7adc9e08f,709229273.4097903
1679719f26e7c650f24eee6d,895471840.8491137
0803ef3270948a30b3fee2f0,651746633.6847743
4a3defc2b7d2cd751c9c970e,688836373.1175619
8bd2490f83568ba653cb74f6,857921610.1984899
b4ffd0a2cdcadfb962578199,1008009801.8082478
7e5064603267b61520d8f83b,659269709.3465927
88964e1202647db0519a8a00,420749793.91744536
f3d94d0616744b87ff139533,691771271.0588437
60704a08df293592e4cb5719,667930187.53460145
347d5081f7bd36c8edc1f352,882860882.2803488
41d3afc1118758b5314db48e,626184004.8010203
80a1dc97797c41b61f46ec6a,698832870.9015568
c0ff8812c1e8eeab07c698a1,800855991.3720201
a9a4a765b1daec2f3ed59a80,462209038.3233574
33258f995a375ca192ca4d3c,826897003.2902949
80b6c823bad5b4c0fff46657,1044058838.4805067
719055eed27f361071cb9eca,928353010.3949503
9a354d8c526efc5bcce59dca,725074382.0974479
9850d970fe9fd9bae89f09ad,1259649709.5767326
f2c87b07466aad7328b7e0b0,1066198715.8503156
27ca0c2320c520342717355d,703356896.3072641
e958bd2b19db118c31f893cd,703356896.3072641
46dcddfc78444011abd29870,799675699.8773261
061d3fd39da1b4b1397054c1,726286635.1782463
3d1a8884a9687e53e5fb0bb7,856066280.5350832
1c0236d4bc291372483a9151,772367782.7647179
c1420f278d45b85c56f415fa,692206012.1905192
ce6fc507df0105c68c29214c,598778628.1363045
e4f26a73bad4e41c375dd897,785001673.968508
719190aff81379902beb6497,796621005.0706891
da627dae6941b59d1eb98e35,612493659.6306727
2189d3297ea703e50ec34d96,715729319.4636678
c7205874bee601a7b01a0cd3,912861702.1408648
a22bc19d0d83b13a53630b7b,706557775.0442942
8acebaa9fd7e917d7e3b391b,662356953.3758512
4e104916ab915cf3c0bef846,819679766.2637266
b0df95e9fc94d9aeebc960df,686032017.9477745
ab419cd48b81038c5a30c721,621997185.0497857
5b9bae6f556700e099fedf08,911597975.4021223
989360149d9cc6088391db4d,788932445.8214773
bad7560aac04600e1ec1a9ce,736987603.9820544
08d9f04bc4ebdc74e9d80b16,790643385.1159201
f4311c45516bafcfe8864c70,877813204.1672602
c84e1db639ee43ad83f930c3,739315435.1070931
f778fa43c92344cfbd700432,763758921.7418756
2019bd32dbd09fa285a388f7,837418014.3219754
4db834146c4e73b515d510ce,724292553.335198
9f9f2548425519863e2cd6b6,948085524.6361974
6c3bb7e1696df587990161b1,705396301.9636183
82f08aadf1eeaf2058b50592,694250672.1628578
753e74e4dbefeccf3e6b27fb,606149881.9800832
a26149f589edb9a903782a3f,669180508.1607174
bd264728a0464376e22b6bee,630315156.359445
2d5564a502635dce2d46ef8e,776542608.0743967
05bcc7d7db8d352216a4af59,820511439.9147989
4794d9994512f01a4bbb6c48,755209738.6882143
64a4528640fe492865ebc0dd,784330022.2591512
f655ec98cd42b0bf2d7cfbfe,896210477.388183
b09de5f1e028d4fafeb8a22b,711918117.1108837
4c79f17573007a39bb2b4b7b,775991089.841464
824894236c20b081af2c9868,905835635.8108728
107e76f0c913e19217662faf,586922616.832004
d5e2bbb69ba3876b93af2d3c,882775464.4391767
a2905faba4c1177603e6cd5b,736148498.5264344
d13e3d432783206eecb0e192,952332759.3654445
6fecee4b1e5f50c0b27dbba4,826770415.162835
57891292fbd530872cbe68b2,833167830.9527645
d0d6a1b5c60ad420ebf2ab8f,891469115.9259231
711736da4f0e8282fc8c9e69,985359318.0424201
f32a3b542efba398907ec912,690137718.0583794
299a94a02e887c6ab1de59c7,620952417.4908516
ad844bdb1150508a4c6d57b8,873040578.0834632
78c17e6ceb87f7587364c873,658269261.9939433
22e8713e2051c88cdafe2364,771182821.4628583
79c5085c14068e492e402a26,781493430.5850528
205e9d987013859f391b27b5,872893995.2719573
36aa7d0cbfe40adf3c86a134,1075804697.6934335
d54d787189cc8f014ae58aaa,912556852.1707653
fe2f1459eb0a380dc31e3a4e,945677846.8503907
ad663952ff2ba1953efdc460,967798568.5139201
b7320c35e90f33fbb1c28813,654574206.8889427
8f90134b8e68948cb18fced1,725082186.3322711
2dfeb06300828182d4109c43,745519210.6328077
3f5a0cbba1433e9b6588dd73,635589743.511281
f952c40e24c9df4ab2d62017,737274822.0646691
462c7546b358b00e617ce012,867026910.0130026
e0df3391aeb8d3f4b00f418b,751243226.3082813
1e48878318d35476c3e87520,889831890.1769018
e3903705d5a48c6d9f828ab9,711562507.9810297
9e590ad7d22105456bebc767,859374731.7946885
d0fe3d393eee5c0cea5bb6e2,913535627.1830223
57b3791f2c5acffb0097f7c4,889852119.6351594
e11f9a5cf9d6ab0ffddd6096,1005692512.6049557
9a3920f803b087c29b487cec,712153304.135284
6cc0fe8ddc318f1bbad360c5,792035357.6917388
3e0c656b64d39ab38201a112,587578546.7659314
cd55abdb54bd56d54b11fad2,792035357.6917388
7cd39eb8de56700519d8f287,726478121.3468139
d762007a4ea5de370738e875,703639939.1464679
f4fc67d9b9c6078003f9af35,634663210.4872535
dc0a4632d7378c25be351760,757824471.6034424
530a3bae5a13291c69bb8474,610258340.4523687
32b678be83da2a07b37f3012,659645686.0778773
349768047d470d2fa6ff1930,828955781.3078268
e017c3311e2fdeb50a686547,807687833.7215655
bd0329ddd50f2dc4dafebd26,857426641.0942131
f6252e878aef5f8a641c3d6e,618985483.8558667
45ae8ffacfd00fb4a4f53d0f,843280733.4855777
d186e369ed884150e71906da,937354878.3920953
7b9e6b7eb3a5db0443193fbd,765892264.0298138
1ddeeae13139b7c9ada353a3,611240039.2573912
a1ae6f9f5d02548c89b23904,722847196.420747
dc298d37c5235e15b4cd68a3,787046689.8858526
f640753edfd8fb1a995f1de1,682950079.8676748
69a1f439de0f06e1143a0006,683186395.7664888
98f253233bfcd16533e2a448,807141692.3801899
ece6f8c652d4227370ef0fcf,874431928.5212325
599506739a6544839bd97b81,764986502.0186268
a12f49f4ac3c5bb0dc7d8d20,813098320.7068284
9da00f8ff8e19d26c1342274,971237302.120647
cf5213877dfb4df98f0dc10f,696413824.4572445
84c7006b5a63add890a224e8,807414203.1729212
88aed38ca59c09e1a6202672,774458300.3582805
e6bda9370c80a5f7e5cb6b07,1146245415.695477
3b54ab53b6e3453e333a0939,566828920.0065963
e72ff7414cceec6b162df345,695233587.9859496
f2d4c1faeb7694370bc65ec2,782397579.2687799
e1ffd027cce28c44c0d2f80c,922280224.603587
5c5039602efa36222e64108a,921100797.26401
b50f2c871166ee1009416be6,763545678.2993422
5e7e36116dbc08932f5fcbf0,888469670.466935
325ce336d3df17a078db5166,789681495.5484688
a26e967b288a1eb6d8e71d46,616826469.4781803
139331d23d9e3c40cf083a7d,725296716.8754463
1704b2d5f4a33401fb153608,756161830.8587297
ee70354146295365bf241d9c,768467543.2568134
fbb0a76f05908c118f7a3df6,575466798.4239221
2aeb794adc9892354aff7240,765195151.2397171
b0a32581cbb586f9710dc3e2,893333963.7115083
ad7f3aae29fa1e7ec900b563,784247558.9328252
1695225258263bd2f463b21e,740162283.595779
f72fb486fae49fc1de1fdcfd,814621078.5811262
6b8f7074aed7ae7e6cfbb090,829989121.0637171
619dab52b321ab297a604185,840541175.8500395
b5bb9af24f9de68e91a1df76,927885693.4475864
ac3d21f51637207d3e031c2d,712464258.4522593
2aac28d03c2110d871b5f274,569613703.341564
9ef498b11563827597c82947,852576692.3452804
4f2ca698ff03df0c6386e48f,786148313.0472769
606df4826416ea0f146ddf99,705202800.7886113
9ff08a6ca1c63480c563442c,974150319.6309006
ec27554aa1c62314f4d46fc8,660203171.0260551
762374e94f17a8783a66d598,630861297.7008206
83ca3a41ca4b5337107c197e,593422264.6673067
c166a9293fa27e910e1fa9c1,697165442.7912602
57f8a1e37c4ffb1b8cbd342a,494452516.0417634
393d99ca47315ae98fe9e7c8,936898682.2258644
9bef4aacc63605f2b2b62292,421254217.7931615
a266efa4e41df357ac4edda4,898781996.2905108
adfdb0eda9aa97f0d3005c4d,933411110.3605702
f05aee3e433cb036653b4375,805442920.699452
2dfd1808bb95170a088deac6,738347591.4780872
dadf0a00434e8ceefb3e26af,1023632968.4160451
4336ff9b2dc1d97ac8f9694a,581868960.2949148
eb14a5813f860bb74740da2b,716878659.6537998
3d580d0df1bf9dd124c282c9,847680482.5710368
49bb5311607e4c7600caa03b,730225034.5396403
78a39ae05ac53535ba0fad2c,902030069.680943
936e18fcf06ca3c46eda7c8c,679036888.394414
23f12add67accdc9ed40f59f,516130607.84542674
eb1b9e15dcb88964f79e6a4a,687040748.1149328
e2b7f984616fff25e3dd6a3f,892306730.7212327
b8e2b98548a234a245d7935c,667076739.8319428
79382c56606e701e44d55033,996448527.6848962
983874e637a1a5782f31089f,775224525.9246198
3da9de8f610e5c40401a5b78,654362185.6703286
cd69a049dd8a3822e228ebaf,683302376.8045864
604f1b5149f770a8f370fc75,558565809.9231318
0d24fc1c5deb78eb1a0caa51,680382284.062499
583af1118e60e46c347ec593,928315409.8652219
13b181b46359620191e6e4c1,663100258.1882921
50d8333064f0560cbe549f89,778328889.485557
d9000c1afed253d05de7819b,658416825.5292009
792ac070d1a314f585f09987,816854034.3407793
3e874c25176a3abb336b31ac,867197324.114891
419ce7158ed62eb6897cf09e,675144889.4003532
b6b87c05c4238be76d94da2b,694819511.5056007
980d809e549333b475477bf9,837509170.5276308
a7df3d344010d5bb7dc70bf0,660358096.1940424
3d474c6a88ceb86e00f68b3a,771863591.5179921
be4bdb73add69f12f7aa6d06,815119089.3997729
fa5234ddf23dd0d9cbd3cac2,884259507.4617014
91a08f81b621333ac58c3845,706005400.9211516
702aaf395bc78986a008d70a,846674990.4829711
86b0c9c1277e9143ee765b43,628466222.7189152
9c2c22e70cffe6836f554f24,795165717.4841557
31f56b841b122b35615bae2c,574951103.2100292
41227dc9c9948a5f0688e426,721198441.090657
781989d4b732f961f91bc3e4,881294358.0210975
cfed0221146f4d83d641e1aa,710906445.1472948
8ec491780efb2c27df8dc08b,958105651.1170262
8a5866428508658b4a2a4cb4,726368730.1472404
156dc81d6e14a71716aebcab,667213346.1315265
c24be8293c8f4080562ec0fa,664465340.6962585
7fa11c05ed1c123c1a457b1f,823979763.5559651
a63c36f6e7e7ce7c7e7fe457,749404777.4884436
f9bca38d3e08176649504e74,954683870.2430924
3d389130627ca7bade643f47,711130717.0654138
70314b0bd995a4b03c771ae7,750185191.1178617
a3c3c9fc04cf2e2a051a12e6,740038433.3212826
4cbe75a162b076c4c454dfe9,699760024.7263803
0c62d4d501a426cc8fde0c36,852743713.9441376
533363375cf2cbc50d86773c,773008800.430974
21d0f28d5f30a64352e60ac4,602123406.5574197
471b5135fced50f7cb4197e2,910692297.0949044
1c7586fd8a1a38bbda9c92cb,681679160.6826544
a0f28aaedd12f3d0eee8c6ea,786524197.1322553
8923182b6dcc9f2d8be1ab53,783477232.8219421
67f694b29bfa494bd9d9cf44,908749130.1376939
b721a5846527d5338322c9d6,894488783.122086
ed09fe201c9ab02a91779dcd,953142006.4155048
f49045b312d12268eefedcba,752169347.7415211
22ae194316f34d482bdf404b,664465340.6962585
4f450ba5de4766e5ecb8a4a5,672398953.7020807
235a2209cde8f8b0276c845a,785809096.9961157
f563f0899884de7f9bdab405,952284234.9428719
5b462279f602c5b67ada82ee,808258190.3976465
fa4af69aa064a4306cb110d0,903358924.1929443
a70d32ccaa78ae9417aa7e4f,672526210.12586
77c9e5e3a6d965ede708cda6,916758821.9087974
5637f3d3278ea049333afff4,677696499.1824436
1b1c220eb91c9448b520b76a,856095346.8308598
f4a6ec71ad7790df9578324f,793723325.2904505
217e1715fdd5db76ce93cfe2,738098558.1702623
2cfa1397c901b4e940d9f673,725455266.89449
44672de0d6d9d0cb3b4ae938,721198441.090657
1c50477e5b3a67f3d8fec62c,860488212.7215536
0a2a67e8b310471b115c60bf,684927151.4002311
06220a42e68510eccb4d790d,937293673.5587931
611a3e1d63c6ce5ff8779243,805051271.2791525
1284d7ed08122731aa7c0461,593633879.4155715
d44eebc871d1fa6981c32ccb,804999045.8582654
43272151f217feab78190393,726368730.1472404
6bff92260afd556a98d3e3a5,769372976.1904492
00586a92b53f4a8f9f6b3022,691512374.4835826
745e7f6a83b55196f231466f,825783853.3716606
9c558e10e5bbf230f16968f6,865838818.7147341
1b425a31cbb73b713f291e19,941773045.0365453
076ccba20dac8bfcf184b8a8,759138914.3121821
c8fd8b729f4ac6270aff9c9d,987181834.3945968
52f026e670e9851b08c70542,816700314.0871377
00304df33a3c9a7e396ddd3a,732262719.5060167
ee27eba49457286b5ab76172,699331985.9382273
97b57932e5e20416bad6919e,963760725.7433107
e570c5f58a20fda42bfb535b,760399387.6407721
79acb227b5ea365414982957,850075171.4249593
d24258de8d2ca10186660a1c,750817558.4429483
8a8c202c069c20696c2de85a,713137571.6610556
40f301afabee5be092ba20ad,731825653.3813541
afa842858299a6ebee166e31,842772876.3668076
7641dcf512a05ca754930bed,810012751.286493
8c9b472c55d4b99e44041de5,843837948.4489527
88b98c026b7650192034535f,825428616.5181848
9bdb1bc52a9ddfe92e6a948b,801619929.0575234
4abef5720fd889512ecff70a,713072144.194759
58b139bc16fa2731e4b76f28,684551749.1199276
9ad9ac8728cfc2387285c24f,757077638.361371
75fd5603c4de9678627f81d9,1018637746.1046293
9f4a25a5550f016ef2370229,894331862.9084322
d4f4d0ed36ac9affd71f302f,779430340.3063061
51bf7bc1c19fcd42e71f2463,632876317.6015457
49ce19caa1325233d0de331e,972750939.8581318
5aa1667bc8db26bac1c72f5f,856859787.2509409
b43b36ea4f81bbfd4dc4d781,891818377.6625512
2a623b33f3cc1f54620b5233,926674645.6954422
8745eefb9e2761ff7eef558f,878791051.3946486
0e49eaa5cde9375b1f026820,915923767.8054922
f5acbf43add5776430d8d4a9,688620207.9403324
ca50f7143937a99accef865f,958915945.0273608
0e1bc8ba1953ec8c28e53b9e,806918291.5122597
980bafcd065c8e3d6cece127,883540329.840902
c81133d5a58d7e8eebb10c8c,1042520367.1498511
09656004f0a7f544580958fb,1049375617.0873349
edd342f84fc90478e344ea1f,732420538.6671515
76974826c758eec5c255c5da,777451680.599041
63b09e45c1b7dca181491030,673821455.7996639
89952b237fda041b09f0efa1,800121233.0094965
219164e1d9b14cabb9bbb8ab,801518895.8798293
ac8aa244c21a9b86de4ed599,992642516.6929367
92ba222e2dd63a4453a30637,873587134.7351778
bfaf8b7796c8c57bb5997be7,780372874.0540582
dd5a565f854eaef90976c5fc,813620161.9661694
f8ccd21343b112d8f9e7123c,861064247.5347179
a90991f865ac81cdb3de201f,688534410.6201385
fc57fa9bbc16d1b8106c2c70,993848136.1850543
9ee3218bc61636cf0d7f8107,815714467.2570561
c00592c7c0c3a863a1bab9c3,749116468.444087
f0aa18bf86a36daeb59946e8,922661139.6098654
e186499af986f1959f729b9b,921395418.3707752
18420ed4661539a2d72ff400,870641310.983583
957731b9940c9131d92a22fa,1010790212.5304961
9172caeeaf6498737fa0c6dd,775660722.1468737
c798ea36d2e4a8119723eae7,876883882.8538401
eb963f082209fc077aa72bc9,1026698615.5342305
07b7ba964a8e30dc16d66443,827381574.1776836
7fe364ae771a7689d2fa5584,850802203.6912727
c59e06a2ed37fd750cf39976,1016600954.4708576
ce03d8ae43a426e074ed35f5,973080711.9846921
b76c45ccae25a06dd5fc432e,603681111.0145409
f855725acc115bbbf03bacec,931002807.6345185
b0b0db3bbe07839bc2b600fe,1046566349.964452
cfc8dcf337e020b875ef1572,1039367798.5767376
390107256faa08574d7231d2,725288530.3891463
fb10f3b45e865b4626f65ddf,759785762.918787
75f167e2273fbecb2c81ac0e,901099574.2567489
a7b15424d7c025d885636a72,703498640.8858523
f9c11e980254045d7478f273,905979699.1077734
e0b13f6dc213d05133252d15,952332759.3654445
c12f362b9060344ad044cfb7,745525813.7451121
f872f224d2af413cd104f24d,947090660.5388846
092045750c36a8945c526a12,851106242.2591813
5ef33cf17d4b45277edf35a1,890291874.4136502
fc64387d7c3c91a6e6e876ab,735283872.2981226
c1168159d4e2fffdd5662757,750983589.0050348
cb604e3a56cc847189462004,791787227.5086435
9e95710c61a4706e21cf70b3,866546573.3111106
ab37f67a3afa274e719ecbd8,715807308.7488344
970cb360eb64128037be7e23,720489133.6005818
e42fc32db529e088f15cec8b,971781206.4099044
8925028d6e7a6cfce9967779,584340003.5997533
759e76e38d84a4188dff5446,840477865.7554082
83a376df2024c4c9fbf2a0ca,666166787.1883972
a8bb80d99280e332084b3950,776081016.1776569
c16ab4a11cf67a39fec6f049,835321839.885835
9cd1127b1bc10db6b8ce5d4b,979167144.5194151
ddfa979b1d7cdea1d7dd0a86,595884493.300213
d78f7a1592c0779093150ddc,934048703.6943196
97ce3e0ef38ad12f7fa8c4d0,604325736.0080097
5c789f2834a1a69aede6316c,586606718.2418464
c29ec380fc7295a9a770a74b,628858572.5737884
5987f6171a2bcb37062ccc94,773895299.817946
1e91de6194769980800b4de8,615456133.3100889
0a0f206f04bfb10c137388d3,1035505103.2855186
34dd15023216e187daaf5a07,758643683.6155059
33d2d1db291a13affdc209bf,739301238.0893532
6fa5e5160d7c2bed824bc0d0,667734120.4268425
8c04aa7506b8c80c1bac23f5,671153994.5723181
e5d445e39104d9ee6b244822,711076155.2802968
2ca6b3016a89139ec7590f9a,937170140.0973326
e567e9e5862b13f0085505d4,577301815.2168374
edd1c4fdbef4e6beafbd39b8,632332345.7678435
039a9029c4341b1528ca6b46,616491948.1741161
fa1533051ea4145f7f710ed9,724664496.742596
9c99a85c5dd878568582dd9f,635298531.770466
9ec426691c80918203394ee1,539720905.6404407
66f58d9d1e1eb7e81cab24a2,991622900.917774
0d0f8ce05ebe99dd3bb7b23b,1007041602.0239204
6a65986cecddc5c47fbddb9e,926853928.972851
a82fc744f537ddc6fbd16883,852029448.5547858
d4c40178c19d6cb2fcc88e48,699272066.4294555
4034cb3cb77e9cb39cc98fc5,743923550.3010294
41ae9d3d280d4eebe510606a,807669769.3395396
4aaf6763c105ddf2a6eddbfe,658856506.9518179
633a7038a23ffaf4b3f7896d,981016152.2776053
2a531aa9576c5f91891cc8a9,787525210.1853055
85d58cf85a179e167428ffa5,879366518.9911721
42f05e5d4862d653efda75c0,788583123.6354373
256a46a6d45d168169f63aab,841671714.775599
4b0fba692104472b36c38c3d,756867706.061427
253c85b226a15d0ec2fbbff4,875466441.3332405
b0bb2299d5f456f800993a11,718434414.9697349
47fe78f6299f757b231be10e,786494324.5500793
4d09ece928ffac7e7d270bd8,632262529.7126979
fc762d2d172737cabbdfcc75,795386402.5879635
2809252a96f47776d12021af,821311802.1136129
29eb473852b36dcfbda0c702,821311802.1136129
231c050bebe12f568ef92afc,819037534.6609585
acaf9e18bbc7295633d92e01,796279097.169147
860435300909449c0443c10e,792927347.257587
f967ad5e086f485c27f09990,816242971.8686994
678927546243e932b48d6058,934799355.1853625
c537ea2620b8c3a3f013c0b9,905118774.4964615
10037227b2a24d9a72ced322,752313039.3353385
1b4b3662ca18e731acc18928,967373094.8459495
e6717956eeaadb3e95840256,1324632812.1621366
ccc4457f68fcc1a416e3acf3,896330747.1250104
94d91969cc4b9aa1e856d801,722511886.634631
2cc821cd7b5fa82b27308f87,663810138.6488345
f05b3779581ac0015f29571f,667110208.4543703
dfe09a5f848e8e819c361ac9,582002016.4333079
ba87ed2a657b0b042a05460e,956740297.7635874
f967aa89a4440cc1c44bdc54,674946129.5883509
81fc8d666c8735e1095d0d4a,704765057.8598053
fd8b9540f1e9da778d566d25,586237648.1694196
70baafa9789d2fcf1bc212bb,742213394.7185555
4911f8879e5bc9c27ac13bb1,696574320.8131092
ce53f3477814fdea2889cd2c,736711732.4426167
62f022e19ce6608919eab5f9,671058408.8598847
55657bb933aa2ea3083e0b90,620395757.9571626
808dd470aed6064f02aa5103,616936920.1063621
39bc028f3b42d9ea48808ad0,683371095.1135648
c0c01ecbb9189d77098659b8,694473770.5825956
57c68d470f6248d00b6719e4,894925699.5077381
26c66cf2f43bea00e6387326,940881127.0358853
b5f0dfbd34392f6855bb4b52,696483454.1729136
25202264e18928158b89278b,910118948.4978803
e93abbb49b24717d3a0767e8,759170084.9669378
906e1f2e1bc5cd51a55b0266,995499467.1126812
eef1d35ffd08dd161a36a2d1,907769178.0891798
35e0cac576415a4e61acec80,872620924.6012696
53ebe061b85f046ed12ee9c5,901323570.1276441
059d77736dc72013de7767f1,568742697.2400117
17d7986a62e0b066e4e5530e,703187675.4833487
8236c798dbffb3db51d5d744,537180432.8665097
587e67078115103d184970be,736613327.8520004
7569fb4aaa9a52d6a525e3b0,736613327.8520004
db122cadb7a9c33f420fe246,736613327.8520004
e852246b7661d30dd2e1f0ab,736613327.8520004
f04eb16931448e87aec205fd,837403939.7053475
90e858d3740d4aec0fa21c12,848040157.9567275
65647ca6e47eb2b9ba20058d,855836239.8851786
d0792d22549d1b3f63baf3ad,631494337.4728925
76c4045b5dad9a8226e9244a,705526171.6592053
fac4f0bee67523194fd4312f,638376025.7890464
ba89ed56d156579ce288dbcc,634673898.6630133
adce397b6d1473b9b6d02865,851873671.6223706
f1a924badef699637ea8fcc2,711462669.864782
3bdce823d3b96e8f0170d96d,727926915.5736303
439004dc23f97a878ebf371a,719978986.5404851
192e05cd731950f91fef1d83,760331106.815239
5110c49047db23ac3aa4ace4,846379762.3673289
f4f7bd9d03eecf35e9f37619,768038044.9147229
141dfd80a005f7b32bf70375,835399736.9137708
08513fe1cddb2cad74874a59,699931343.2181314
6b23aa3ca5edd20134811cea,819037534.6609585
0fcab263453a9f196468e552,784051959.2710657
127e08fa99afcaa339eff684,632356362.4424204
d2c46ef63db73ba3cb7e32a1,697382525.1128666
7c50c93bc9e8846345892c12,800121233.0094965
63698398738ebc7ccebac817,695060924.4392608
417e974a3f0d97e502e49800,910131480.296034
6483f2fcdfbd26c621a527fb,888260157.3248955
3b739666f401ca6b2135652c,636962546.3001871
1b750e6e2e92e8222482cb46,864237734.9975818
dd34882ac55c57480663f7ec,895471840.8491137
026c6384ceba017c5f2cd66e,746784741.7890084
3f4272a3a4b14ce152fc3abb,820242733.211868
5cccf025fcc0a7d9ea01b170,646967764.9182867
c8d179013c5bb6379693ef03,582256666.329948
8c258d10ce32150f5fe5b712,797839962.5928262
eeb6fa8f820ec63aa0aaa303,996045608.454057
ec8b305ddc2bc211a8a05d0c,746431619.1960055
5a84e6d2ab8db0fc60775d03,725734465.9732722
015d17895f32e2a8b616ca1b,760296602.425407
6fa35f1af6d51d341a3165ae,726437962.8505616
17821a9cb766b0f3ecf24e83,743484614.6460271
23141c17df584746755dc508,731996155.8226172
00076c8f390d5dcccc133309,734185415.470782
25488b1c8fedde6250b413ba,575335881.7065586
5ba6b4953759b45cb83512c7,724196247.7063951
8ea02baab0c59eac6584f62d,838565748.1941742
b5c34f90096fc88b8ca758f2,873167065.9426452
35bc25d0f9de2ed4f714fc8c,934056213.2830431
8b0e1911b8ab8028409dc9fe,898566224.081857
2ba1672e49c023258d262d1d,740336368.1404251
2d778563921376962d126cbb,922391557.2958386
bfe7c873b2fbad871327994a,906035501.1148425
72d0f19409c85dbe32cf6ec4,799992228.7388748
d406baf5cc9b4473ae9b8426,636453324.6420608
070912b7e5fb205918c1f4a3,628650252.3223082
659abd72d12756ba0670f466,704679246.9349382
7a464b948b65544159cd0db0,822995945.3830318
e89774d061d50c83b409a071,639334778.4879045
fd6b2efe5da2c35058333bbf,800806379.2780755
4577c1623c8407e95e893e63,773818369.0520737
21adc839dec9e8efb128abf1,768740613.9275011
aa843a050ebe8e4b3a04e9ef,827395122.0439034
0252fcaf7bcde09274d34be5,828136569.2957634
46d77c92811f0c87d2d4907d,920756006.7294271
a8c662f906075eedb098ae5d,701329020.5200799
b8b46931b93b7750e0d1ada3,663950149.6476817
efde559422ec1dcc55abc686,751339370.2236944
339bc881458ca34bdcb771da,709644764.4771173
d7ad6527cae719481f849927,724408412.4083725
df3abaff81c430b4ba85d4a3,725521930.9487749
bfd2f20a7bfb0d865d7f7193,928158764.1182746
fa3ee96e6b6ffdfd00aa335e,715423022.8211105
163228979751798ded8c3fcb,630989596.311914
3578144f12e13e98e8cb2480,649751472.360724
7136cad475a0480044707984,753141112.1728157
93f5694b4854068f42ffe55b,769541462.9054996
51608bf64739db05c47a3bc8,672920271.1655694
6a01b6d09d516d67f4a2fb43,853315819.2947981
5f26f33bd89fa7563ac6873f,735291911.0800219
aba54b001154ad881dfeea6c,667287460.9257706
b2eb63e5da917ce649a72142,602965517.6489023
1427aec89ee9564b95e93cd4,678708612.8124466
a0087db5e9e2cdd6073021a7,780461680.5389508
4396f94f7f3c403c43d3ede9,701289341.9711881
aa703cc78a1ce659901e711b,761076573.4608066
0dd1bb83f0f18af30da139f4,817482086.0058959
37efd3e2a5b6567957c62081,639935537.6935905
ea47ad6335e74dea06228b16,704229008.9834733
8a975117ab302b77ac057823,892398446.2056541
ca5949c4bcf0b63e5d1be784,708495446.454313
e9f3f41366d5d784c2928937,805013760.9347891
7a9c505db21b777203d34bf6,901024111.955642
238cf9f99c4b01777a97f82d,641760676.3364246
385fcde12021f4bbae6ac2fa,530095624.94228923
d9eaec557a7a6674565db1ac,1013584708.9209666
30b0c440c0bc8c6005855ff8,755964661.7346085
09feba43c0b8f3560fe09be8,913544557.1416013
2547bcc87b618d3d7e22dc21,668246210.3224775
1240a616080d6ba5459335a5,938176343.7584381
7cbc8fca4f84908ed4e7192a,840064859.1059471
151a16e94d538a7a6d658ee0,801434080.1775179
a8ecaa9120c6da21229cf145,820621843.632275
3ca34fa833e6ba10cb4b1944,644500419.6973732
dca2e851b82c512f01611ade,935489546.6214662
3747996611a842c452865a9c,772219491.2585204
3528df61a44a9895248336c9,653943930.6454966
398a67970cee5dc873d71bbc,793560444.9064994
1ba2c2eedb352ef9bb59c638,786100823.3677127
f6f4a467f40bace72ecff598,949483785.8321962
b2af9047dbf58867ed0c42af,862484362.9976265
012b8d616667a6dcece0dfaf,817530637.7328217
0b117f10e699f10f97a7e7c6,694843720.7718055
8d5192b6208902ddf4804839,887215696.3994392
b86cad78da7bf06b5ac39f99,1369405826.6019578
4cc8c95dee29e43463a8dfd9,669188501.529299
76846ed8b7ab36821b848f2f,795441291.583508
5428bf7f37a94ce9fb2dd435,967352250.579893
b22c39c3df7d8e32cec2ba43,698045144.8613
44f5380847c175a42becfcdb,1062619850.2332754
fae53fba5d405b2e6a3abf01,659151905.2130749
3b52bd5eee5ef8e3871dcb3d,915307765.0239017
21eef7da02b0f2a2fd987135,750680638.3264456
1dd6b0ade195edae38a4a20a,816712448.3083974
f359afc7bb50cf6a61ac63d6,769407146.7630405
b0de107a8cfad95f09876eb2,833293703.8352102
2e8c76f4ed59cd3924f7136d,657129019.8202586
06a2efde5244f7d653ddfb8e,759298568.807896
f72e2f6cfbd32d97bbff3ac5,746117883.6581895
9705748d2bb061678a80826c,947869422.4667647
9620068cef0622c404e15960,887353988.2620726
cf2e8824527989d3cd29c058,833071981.3149319
6e606a7c8bc632ba0ba37184,663798744.5409715
63fa384ea296390350f23d7f,767549543.8252203
4d3f5e7ecf4d361d7eb55f5e,727073768.2595936
e31a209077a3e47712588730,802059947.2370421
5f18524e839c2987594a11a9,852630166.3774098
def06f49a0b8230ab613db94,689131362.1293143
faa72370e4c7718964930805,689131362.1293143
983503bb75d84c410d1c5d3e,877689195.2050729
30f381306494ebaa760b990c,778906002.5661292
5e72dbafa642e4f416e6f01a,832034028.2706797
3d5ece38670c1c96df4cfff8,778906002.5661292
1bd6861d451d128c8bdb72e4,820188634.7872636
072a6f084d31a5a4be4060dc,1010072292.9452211
4d8deb43d663fb079262708f,946623160.0648155
f00b8eac1812a500d7a732ff,694945658.6123782
77a62d5e2c89da24f66a2118,649137550.6108748
961886897eda4b0ce54d1d82,943004918.6643858
6f6c83ff891e43b7c84728e0,870923703.783978
ca8c85e8100f64416146368e,721621904.3381281
24297f4a3e14c24c941e7720,899862185.6129643
98d7f0935f021acf313630a5,726370205.3723731
a362533eea6c235049bf3359,783277608.7880555
2ddda0ae748b38a6258f660c,1007204380.0730333
b18107a422b9eb6da9fb692f,717708885.0502406
11cd643195dbe5dd4567b62a,779334346.48835
c9ee7f0666429c0c15c37499,506880940.55481833
c386d1ac4fa8dcec4cbf9788,921023525.6467253
21e0bc9789139640ea33ed09,942971213.6581653
cacb91ac1b835d62422b8a8e,835386843.8221806
bc41e69def6bc7490800c4a4,573302762.2028762
7a13669d2d7ed2e50b80b4d8,656915303.5727171
08dbbd8d672fd09463c061a5,666155282.1492566
cb93b0d5e9a26628b0462b14,720145075.3249614
d6a43f209f810455fa41dfd6,744823641.1358583
ed5dfe95f82f4c087af07045,708994950.4524801
02060d2f56e979a61427f806,569188194.2747278
88ffa9f0bc3f6c9f2e589a75,885374857.323352
b48093abeaa178d1f7fbd83b,739241073.2521191
b42734770dacb7e580a6d742,1072714240.7137684
d3aa845e96d22f31a3656aa1,631069703.1233857
becc3ae7a71d597bcb16d261,737704695.611072
8dcfc24742ba669335a2d65f,650086445.2848684
45e2411d38589a2d85774c5f,731550633.1779846
9761b0f43949eb5307472ba2,815139168.6241505
e07035cb49625760c7da85d1,659425970.0776069
f88bb9c5a471504c13d3616c,570276396.0758142
4bb5265c6e63449e5fbaa270,722636666.8246212
ac73b8700744cb7835f328cd,756079059.4506836
a632ececd6a023aae8a7b730,715715481.1513743
858288683063dea9d5c57420,659084115.2128994
d04f549fdf8f34bab19a171c,592626060.585341
6ed5fa8f114431d158d35f43,632176522.4291443
f849dfccaa8163d24ed935e2,854426571.7704978
bfde6e7200fc27e6e6f1497e,916034425.8342547
59c11d3de7153d2605cc2273,702298818.3607016
33ddf4e1ed8c864e9db16887,693259128.2599267
00f5ba660a4fcf6ddb96220a,716881855.4037726
a13004b87c6d7e7bf6b75730,864884138.1813809
eebc02ff14b6d270746ca055,651069214.4826964
65ba6e178f3565a84c6ff973,740731898.163709
a57f40f00f80abc7450aaf9b,681390882.109772
df37b916acdce817865197ae,783548934.0245389
b5c074ee2e2538aeca099fc4,807742687.6208494
004c9da9ef1b3b5e309e475a,619101995.7713894
c5b47ac5c4b7476d50bd56ec,767796065.1703806
778ec765417db9ee48d697de,711541121.6139147
b287339babba162e290d0fb0,697739938.6047813
4d35e00e86a9d508d82ea90a,565968620.9685128
0dc2a023fb6c5e0b92d86ae2,691677772.3044927
5787d7c671378e596edfb58c,733475823.4340723
8595b5517cb3f1ff8094d67c,819593872.1083637
f4d53276bdb5899c6f059c67,743460896.4462845
9562ef63320854bc6f94b5a4,619029569.7371682
c04e72fb6244d9a9b28322b8,789892328.9509461
3d141576443a97b0202c9672,976421784.4247582
7caa4bad394586a46dfad854,820470876.0246885
8420bb74fadc0c8853cda025,707120072.3540151
b274adb68a37458cc5181fe2,887296325.678834
8561bc940a91f029147430f1,773895299.817946
258a968e403e747af5693a3a,845884143.0524248
0de34892fee879f449facb19,777055125.6349486
9634cfebe7e6b095f0065ee7,802541409.8220752
1f3544c9f47bc00fcdf59d74,666626338.0171751
e3077f6e47d130106e7165c9,762173763.3011327
f0ce47907c3c30b6b5e990b1,849441181.842364
1432cf7de2beb14fc7603ae7,987738608.9431328
60f0df18cb4324ce5f4bf650,700009402.119341
7c1dc421f5a689aea5babe4c,766398815.034654
020dfae44183c65b708727c7,556582004.7762036
92a9c07259efc617e7d58f9c,665117072.3827233
18531c57f6dca78763d360bf,727175704.3694884
dacd62440872b6e94ea56fab,722161027.4003079
b607bd072e8293d6594f3829,776445879.3333664
eb86c1da60250e5559fc3cfe,651049193.3859321
fae649fc7256b9a3ec036583,756064741.0345545
b7fa81aa571906a93e9b6cba,726579577.516293
0823be832fff81b3f1291859,673992423.0470282
fca3a0fe5db369235960d285,672467195.6421463
496fd5c93b2a578d970ed55f,711128086.392035
9c63c6c27c74c03f071385e2,895904936.5570648
6ebe90f7140b738b3696f086,759686444.8383808
7110d6374f3fc282e4f4bdb0,724118355.4012204
d33994c75d98941acffeeb90,931542936.6112312
b8e8d84450f5e0bc8a721c94,806645982.7009076
cba57e3b393b3e392c7431fb,909245861.7269864
fc2ceba651bc629e7f690849,740784259.7200351
857761b5fc5c7d101cb765b6,719378043.4605613
55f67dd7302b68477e803399,833064704.0046217
19f538269846412f3e150a4a,894110929.6499331
75e0fa8e5c83c49d3a0dea48,1090889902.797845
fcdbfb9e15352cf210cce7cd,764434447.8961275
c2b91ce4b1bc8c576a0ce1c8,782283306.7648284
73eaff92528288fdbcd61e2a,865652337.8544191
f6544a1c169aafe6c8142907,757569061.1050777
cba9aead5bad82b31da51e6e,746013814.6862798
b239bdcbfae846bf74791728,1086524442.5486588
3b823e81c5378ee3c977e863,797927397.8286659
1b4db5fcd1f92d3aadd5c28f,749999353.7862777
b50a6b85399ea2c6b5c33405,810839959.8347859
1e6176a558f301d81bb050f8,673523249.4427372
8bcc1b035ea93a5192256b37,700604683.8159763
71a3f0980cdfea0ebb869935,733423465.5843325
8cd0345dfac13ab380240b0d,797927397.8286659
e66b2c71519ef8756db69b97,640004957.771238
c843044c1fb30819300448d9,633749660.6211743
4ae10e7fec364242c88e511b,626463992.4081117
c9e92b994e48df83dcf9976b,783392481.1203239
27f41f09ccf8d182c79cd48a,911212465.1377454
d8a7c0b01bb545c414e12a23,851499164.7930152
f3e2fddf1dbb400788a5517d,924108232.2532663
89a066b7d6a31dd066fa0d32,896756618.7295588
c245bfa6587eeb55227c8a4d,551693727.9854875
500d7c5346ca11ba934e7ca5,843273802.3192403
536fa59adc007df763949045,720334333.0916653
223813dc0188fc229b63e8f3,893031174.4989418
7c972ecb7b90537b1da0deba,689162970.5263084
98d8411005ac05d77cb12516,784876163.6005268
d12c08cf48be75014a149873,936807176.8556223
955544a0bc2eff312e965c2e,957724987.114603
20488db7a62f765ac8da0a2c,862674946.1168885
3f370094239ab6fc817e9ec0,833713972.2941401
ff54bb34225682d25c551178,936807176.8556223
d0c7294b2184d0b4d0e2fa07,833713972.2941401
104e960974eee31e7e0eac6b,679732913.711198
0d477acd9c95e9ec63839a53,750043595.8412985
6d255e0026d70dd44229a2f7,932043012.6207043
926cdc0242544bbc850520ff,602918174.2290993
e75a05dc0018f29517948ea1,736564518.8782482
dc40c56571cbee9c2b7770f0,748534208.8362111
2f76a2b53e091df35a125b13,771311533.295333
a4a49182c79c72854732594a,627783738.9156293
50287f73d47b4cc4c2e1840f,686940395.2871023
5efca36c25884a2822bb7a81,653485677.1626366
4347bf26ecd61ebc7a16b4a3,745458834.9898783
7c979648ab3729b2c0cd2106,799158665.6639209
f40acdcf5cb9925c09c9df7a,768411486.1459163
6ff3eaf8b5a2f16efddde1cc,871846189.7211702
d35596846155e74d1a637d7c,799432631.6820414
a389a1ca097a820fd9af9d15,722301055.0793712
ef450748c440c4958e5db54d,877917478.0711728
02779b92b2f9bafde0c75c11,714733046.4505496
77e5e0b64140fa00b0227a3b,563319130.4139571
eb55b0778607da932c3b311f,877917478.0711728
9fa391febd5d0a8e4c6ecb8f,614769754.6807221
6270356f1cc3dff186d0ff4e,832444767.9022634
ea7d5c601c3f8c86ca8f15e1,958328876.250432
072efeafd082025bbc5a25e5,872547001.6330389
d8bb6151d30573c7595ee7c0,759959515.5090685
f26c43f2304c8c694c818a9b,626339958.5627242
14ea4a7c57d830eba13638b1,741057330.3907228
c1ac42dad98d2f23dcbf140d,800682824.6688069
aa6af44635b5d51da4b02059,744639622.9778148
291a4ea1a695347e1901bd4b,911511669.3629941
024d2e34a561efaf4811c17a,923755137.8523177
e5a40a555d11d4429b9675c3,645067808.155464
3a10398b72905bd710ffe9e1,996864820.4661205
340d1313fc2dc8e5b6918262,896291052.861177
699bf5460c63a4d0e4542ade,884163167.4572364
e98bb3a89bcec8650e33e730,789966063.3450406
5de86bddd492f76596b17a0d,907628448.2137228
95dae083200a9e43a5aaf210,817040991.5993981
23fe512fcb21a0b84781a318,642015563.1604714
a9dd62f527cb0dbfa51aeb7f,631674685.253901
8964dbb5b0cbfe509613a63f,851755509.4743791
f75009356c700f7da7106cc7,761502586.6831061
6f502f363fb55811478e3b88,725768374.1982489
a48f29071cf207b27ddb03da,894173816.2978565
b46bbf66cc82a4345c5da177,694989432.7245742
a460aea3370926825b0dbc13,869494957.9054304
7a21a8d99a85171334695004,770316961.8051128
279f6f594d3f8ca8e8a5e2d5,984002687.679635
bc3c509022e3f6104cba5203,878165361.2015162
654d2a3a0e02065560ba2484,667159876.0549871
02a2ebb6eca5772e3526d78b,699266441.2346591
d4646b7f4dbebf9785963cfc,752138657.8792263
68fabddb27fc928b57efcfea,775068340.7562907
53688de79b052b3185fa9435,819122096.3856311
bb962a9e3861b06ae1daf833,755848124.9486629
d80c5f0b8ba55e7cf105d282,741802035.1295943
ed88c773fa9ae8bb29645fbf,698768279.3544215
0c3af9e0e9c80a68acebd041,922039213.6306853
0faec12daf0493a512b2fa0c,988677918.2320298
1807debb0a0b590b9ba4ebcc,750995002.1458426
20a2a0dfc963fb8a355e704b,940184160.135717
a2c033f497e62ea10ff8ba3d,874981840.1455841
985e40843a30150e6892e4f9,850788086.5492738
2ba0807f8cbdac389424ae04,762339261.9529519
9a565e7220cbc3d5d340e8d7,832500470.6919711
33598222854631e92fb72baa,933395727.9020753
03fb5bfbc1895115a04e8116,820182961.9347929
5045ba9a65b4bce4fd305f82,691630355.6414933
277f6440854cb0c98728e685,830639090.3039166
12c7037cfa63de49e984a789,801279106.0974042
ed9976e922a774cafb601f5e,560971672.6933639
ccc70d1d8e4411331730bd7d,741232655.9811918
30d38a7bab2eaaef1ff6be0d,650796143.8120087
31a6c440ca9eb29acc0f1086,989245223.0668132
7a82ce4b2dcd2b43485f5047,735989116.8431122
a74be48ad396ae4aa33ffed6,870416541.384146
4ea46b833575642ecb2ed1cf,603506523.9959464
b780a0ec18c61b0760df9433,913351339.9605645
b83a5c303a2b079585b9b94f,742819157.3690519
a3c45875c0834b144f834798,697575459.360878
c3ae3f44bbae215f7f2fad9b,680050778.5806186
5d54a0a596d49d9f85f1b5e8,804000733.0613894
355d1fb69bcb4e8e8ed9ba1a,994953325.7713058
cd791a46ed616911ae7d4fbd,894379558.1663625
d2d2f335839ed35571b19bb1,806531923.8449086
0823b0dc92805ab05d3f8650,1114752441.6016803
f92f4d135119fa88994929ec,886084229.7486635
401f0de98764e9fdd4055406,659296721.891175
68a7d01e50462f7506f8c8d7,712519142.1665103
e4434407771070783b97c014,852193239.8696545
7e1153d411af129357ae5c10,772627301.9827555
f409c701e200046f574f4e06,873255686.1894243
30a8b9c197bc42f088d0b873,752250865.678005
d5abd56b5a8ab8c2f61a07f3,967974113.7602973
805a27aeafb3ca91cac56d14,734825300.2350959
1ee04111d277e8758f740139,721172182.4502875
b9de7d7b9a8ef7c64e5f6bdf,650720843.323107
5a12a15af3c0585d81ba8f5a,782652189.714495
abb63383766a9853c1091c5a,826077686.1363069
1f95c205d5094c674f6e45a5,1016930520.4785426
4911a6285f548dd30c8061e3,659157326.8960618
0b9730cff49bcaeb4d703c06,796366021.7117662
f033750cb9db15e886b156ce,983829603.1172575
fc7e93bffb7fbbdebebfaa2c,778379876.7401671
4f500afb7f7bb42189820a18,806512450.4274161
3921d7b508fa1591d40802d4,823276479.7462542
caddb9dce27a7e8012478da5,880016900.1529356
4eeafa126ac5f301cf60f9ff,785338431.6675216
59afb00a84b4f2a9ffbf71c6,628728891.8535672
7baa3608aad1fbf357d789a6,770194351.3383834
a5b8869e9cd3d0cc32a0b298,791883182.2278922
d084dce4ab9c4008ffa3bbc4,814604547.8445729
e3ff13537ffb7172336ab5c0,760186149.2482715
1bc2ae31ed1970ba52b1ff60,760071804.5047958
eac7136b26bccb3c5d2b6202,817473457.0062995
073fccba71b28afd815be434,689829707.9342575
9b1c23d616e9407fff6553d6,762589964.4159179
4122eca7b73c1347a7814a70,767822614.495908
cece8267e60c2461d6c409a2,958839871.5910558
ba4e89128058d5564987dfc5,762589964.4159179
69843aedb25a928097a22a89,870144942.0841548
a45863121bdec787e119b14c,569525820.1338791
02e8811bff38125bcf8e1a6d,852769677.9534223
d709a76487a49bf257489c0b,690115378.3471931
46c42803286c800351fe633b,759954433.9671814
2ae3ae7f794d558ec119287d,823791508.1987427
76991a35e9c1b69e1616659d,677279808.4665936
3de5d35f742cb4eb68d5f314,677512401.9462198
a53c748935206f61751dec1f,771742304.4270964
ddaf8a1e5e6922cc3dee5caa,679856707.0551345
841fed959f036a03697868e8,638770098.5281487
ebe1b5c9471f3441a388f7ac,626464025.366502
f0f9bedbcb57383511805d17,734122065.6924229
f9402b785deedebd3ddbce6e,852583731.9481368
d1f92e6b18faf07ab70ca1ae,699881732.153844
6e794276348acc39751eaf47,903243767.5180655
4b04e0296820d04421db5219,712607204.7444557
ea0ca17e989ec57a480aa464,935958582.9829634
cc6fcb8ea6556f676c13a76e,827207994.8799881
2778de5e56ad7ece898249e9,938099463.7836039
9f0bdae4f8609ec93588de3c,774624270.3961874
90dcc3f9428a4e7cc396a15b,667199761.9847219
2d7bf0032580e6b6dd1ce36b,997137891.1368082
c45d86d17d1d0519b455b7d4,828081191.1015363
4c7e7cfb286d82aa96356fb5,785110279.2812845
edc204c3e18368e0a9eab593,998057200.7347761
e789e801fb5d4501b5d64e2d,694297579.4304297
3997c10ceccd2f8c8e43cda0,977034100.932785
580d8eee8dc4b7d43cb193c7,751948167.5393434
c823e3fcfbf0c43bf2d82586,989412579.3145192
30677852542c78698083d4f3,1324632812.1621366
8fc78c514a2f1cdbc5ae6e1b,965229971.0257146
73c618d704a2e1ac2bc41954,770639361.6943066
4ba85374c1d1f1d3f4632ca1,589051375.1118333
9a471715e4c4865b822a6b77,690458077.2515675
4e9f1e21c855f1166428fbdd,807377504.7486935
f11137d27a5d7fa57f94e97f,972440960.6247205
5fe5f3c5919c0ebd57ec8e36,807152525.0284171
e40742774df7d2b614f32de6,646208143.9520695
24b28522c72f7fc359f2a718,865043989.9607974
26ff1e1f4a6f6bda702fdabe,751120735.3181608
9e617d1fd8a4f33d7b66098a,1026845776.2230482
3b4e889562e4078f8f369172,676874719.7668805
3a50d40f15b1cf5bfb338092,580715484.271718
cb2188cb8e534973ea3411a5,847953553.2417247
fa57f96bc6affd285d10c4f9,690115378.3471931
c0ea6c76eb977d83c163fd7a,868891416.8126254
367cd12d7f4aa93124047eb9,687313818.7856207
54952b5f463c64c605576601,690623738.1592157
57eaaaf24cf82d885f0f1dff,730498105.2103281
f2ba4a7a0765c3ce737b5c81,834340066.9549832
5282c3c48495dc31359e70c6,662222334.3166265
552b01d72edb192663998c4b,799475582.8078833
5f3a1ab21669ad9234d4dc63,863579791.0582697
68f431548c330f84c46174f6,839518717.7645715
048051ce9bf8f6a48e9451fd,925130293.4975142
fa4028ad48fb2082d167989d,677363099.2720698
5b1902dd7768f5144ae7704c,892579801.3919206
be0a8f4be774eeaa42fe460d,821714123.8902886
16263617308958055850aef9,918324210.2444552
729f5fab1578f8cae4fca8f9,782685139.8257889
bddb9388922dd56737d8847b,741730319.2955929
9847a4ab995b7b1c30196704,888815807.511421
d19937a773269962c7f9e8a3,996721598.3555841
b3c8714dcaf5322475ce2c60,885607533.4886874
875126e5776dabde40e29b09,637170406.2969289
3a36f59d7c0e6c4eb85ca0cd,1005534318.173722
630f00e15cbd7826475d1509,710419318.2896328
434782c3d1dc2b9ce7bcbbd9,760009036.9689448
a470bd174fc7587dc1449c89,985094970.3623862
99c6f87ac92cc323c8caa005,793171148.7108861
ac9ae945fe25a46184057606,822956192.9043168
15d910dd93e0aec22ccc2083,981351709.8849175
6e1a9c8457d3ac6a57598052,897071328.9554678
14e179618d1a44c5c55e23e6,645415132.1377447
2b8b979cf1952fcedc63ca9e,595785609.3402834
7cfc3061c0b2f3bd48375ab9,687107364.0850908
7200e3ba2013876cdbbde972,672149972.889267
9ddc1924043ee8361201b39d,806309888.1094677
f22d6cc8c9611a7c23fa8969,789906112.4531171
b7c0a0a4f5c5b986a70ff249,652771211.8423568
adf176b63ea23e08d252b5ea,845328916.1555692
77069fb9fac6b61aa6a89ae3,899670860.1664474
7f0f27f6d30c743acb3e867f,919606454.6437114
7e299fd8c2d53ff1cf95aee3,929529656.428999
f309733881a4f89d9c8a8958,761264106.8051486
0f937643c067371018c8deee,679742410.6089551
8e35609c1265ddf59e1c015c,754305768.9647628
c1ba606f32ce0337cbccc2b1,716418896.865732
15f02dd18da12f4d7b0ac2ab,977896704.1209321
bcbe8ed608f233d5ed7362c1,1195128060.579215
14611fccccfa2a6499b2acef,681133019.3412788
b10b428245022d55db248b72,725851511.960613
13e6c5cde1004803fed93cfc,669870811.0972371
ba31c38eada33f680d44627a,744903242.6732637
3786daeec4a4fb40ef07d8e5,821323828.8588756
7736ac030d8b587f44f7898b,888381768.8448135
98f89d21e5dbe53f8704e745,751101140.2581245
981fcb79db3881259eb303bb,696091176.0750465
08bb88dabf0070f72a801a4b,762563146.4157112
32d56542ab5486bdaf4466fc,617118225.5385535
c0f911fe7ee2113ec59cb5f8,663470079.2549809
3adadd50e603746e5e4fc082,723218642.610377
d117e9672b3ea0435e7a894d,696091176.0750465
020473766363019ee40d6685,883597533.3254452
b04d16faf40ee02eda59a9af,729847287.6727576
bd6f3819a1c0e551598fb9c7,606625859.138572
5520cf373444931ed8630635,672310353.6437885
40355fef059659469e16e3ec,722188204.1007026
deb844a2812586991b3022f4,711344333.1295493
ac0b895f523b53b4abd013dd,641741267.563298
ac208e250f5ae3e5e1008351,670800387.8454721
0064cd1c55914cc8370a096f,730560368.956077
165fab7a9f8dd404cf4e9d9a,560622444.6858481
df3eca0f59974a812b4ea9b4,954860586.6530578
1b7c062b606d0560e850a2e6,630163087.7571716
87ddb3a17b601cf7c61e8c07,770227147.0663972
837cb6389640f3919bc73e9b,923311126.7505031
77bab76414ecb20888cef7a1,705503778.029097
a9268ef5b7133cf6ed1a376a,744659265.0628517
cf7cbedea50333cd2dfb0e30,740784259.7200351
b0cfed2d25a5d78c96d39d20,744192589.7818005
ec0c283eeb8db461c20af1d6,822543823.1768054
27c3b7ba2991e7bc0c9fc322,901756999.0102551
0332c7ec0d3e547ec6d61664,1014807644.088707
e58b92216ee6438a921ee0d4,734053502.9564688
f7959842378c94c9f620f561,789468692.013833
cd0236af88ded6bc15b49eb2,888381768.8448135
d40e0c2222c0debe89735e88,789468692.013833
2bc9bbe0f0216ed9d865a85a,771463855.7612354
e9bbc31499ca187c6a492175,745323131.3987371
f2409d037bc8b3e63ca69fd7,693285987.4715359
5ad71b7cfd356a75021174ab,685121625.6026134
67dec8c47ad4de9605d56db7,643263570.1051537
c6d679cc07ce4373197748a8,990156608.3948349
a36ff3637b7d2b1c52999ea8,773701709.3178846
3a384d68b7ddab45e01b6e99,751724096.0442618
42d34ca2252acaf6e777d23b,1029898469.7638736
c4b2a42a8908cc35e649fb16,678341252.3372481
18c38418824075acaad8f960,676925025.7892805
85bb6775065df76bda33f738,763716812.5283558
14cee0bdd9dd5537b96d0786,650579694.8947071
ab332133aca64315672a7192,671747666.4313858
d53b60b0f2c65918153ca2e5,712153936.5474467
ed1f81648083d4d2726710ac,613119531.7613088
b6692a933facd74b4b11569e,551371243.1360769
90e00fc58569167c00fae7d0,873668527.7887795
8a514fffdec277cd46c7cc71,932360563.411634
7f0b4b5851c77d78805320c5,650918961.805977
fed1a608e3c0f2b79cd02ebb,709998603.2953925
075a5474294e25da55373a09,626966597.8499038
8826b9e008064cea38855d35,700796812.2628914
660eb3b40b2bcd07df8f5c3f,746587669.0483541
d55cdfba22aae78b6fab5491,751615279.1616596
ea6e83dbade169818975e5b3,713847331.754619
dcac44d3f8024c6ea1632432,666228350.1275785
2772adb268cffadfb2917c2f,691821623.3116763
3192bb7190b9130c4e67be4e,762545055.5389173
9d892f73b02f001c2f715607,676208454.0737219
c27d72aa1fc5d37f4cc105eb,903832755.2774459
6c0ac32bc8a66844197c5fb4,950210088.1137182
52338f4f7c8af6c649106a96,770219250.6125814
356815b8ffc300fe03073b7a,604151774.3322314
22c780d56cb97fc34f29e9cb,599987881.3515956
806907598158861a6958388c,758173847.4565122
449cddc4dc3ef1e93b7f7c26,690781621.1236888
b225270821758e45cdead76d,706067938.7265198
e07bc486c6f5541e4788f83b,904799411.97334
970c0d4928a9292748c0fd00,841879734.6889752
f73f720abdfe4b5adfa2bcda,749649127.69761
48d3b0ef6e5f999bb90fbfc1,787126749.9425806
b3ec2f8af6e9adce047536b8,817587132.9407737
0e1c66f843e06f14d7264864,885581428.0014629
91c4f018fc7939d150593935,859083661.6164123
102434eee07ed18268857a9d,947221896.3973198
a4c70eae507d630c2f285eb5,913496809.2365458
45abee1de734dc32936d0b1d,691443070.364862
82bdf442e186baa829e06da1,765831884.523382
019cd320e02a64ba3ba9a37d,668017610.6860216
ba1b3c8ac8afafef56233c84,773045919.2711451
3c3a0f57e030472879f454d8,857816389.8967527
d520e90e7d0c44a6b8852e5b,828840373.6836984
38328747d2e1e0e568c05523,823194424.7528244
659e9ad0f593b644071cd850,812936560.4132736
3e6645f2cd377ba17ae2e46e,618578292.3478725
307eb683db84db535106c445,794897382.1949573
26c8961848e3a77d98049638,644763135.8674266
52373e15e9dc1ad371a0c090,699128741.0663279
e5b2a446c12222efc187e02e,699225755.9442142
156f706d1d30de19f7e369ea,621785972.2877725
aa94d2ad36bc0e91bf561be5,721717226.3455486
8ab41842b8e41b89d8670ecb,717676255.1062294
b19ab02a8e22f3e88a26031b,744366552.307127
a6b1ca7a4e91c4c0f4366984,723498260.3569927
a277d5e8216fdc3d7c93eb2b,782575953.4311836
f939b7271c4d399a5e647f8f,718714673.683458
941392f9a135909273422dec,921198221.3039408
e07d8e9e38e309958288a516,1052300466.0264101
258f10f742fcc835d53063cf,912810835.1545653
fb672b4cb1b66f2022f36a40,766659465.1863067
ce9dbb6d009cbdbe654edcfc,711889806.7278652
22e524f1fab17d5b8616d741,843140337.299833
7f0d874df9235245f47b04c3,868869868.8005495
27a8a052b815998c771a1f55,843140337.299833
b80593fba07e21f8bdbc352e,955807776.2395177
d18d990404e7fd07424f5a77,787196067.1996225
033599f7e7ecd8d9c8cfba46,906854713.126906
51cf2fa527c3db62914169b7,690405917.7054046
2b2fa2ed0055a19859e78446,768990376.5431013
a8e1adbf076dd737c079129c,1032693382.3627529
adf948af7b24f9b6f29610cd,813687379.9650644
23473bcde48f634641769e22,617425933.4045591
c90486bba327ede32dec60a6,712927173.45757
d254d88ea0989a609b71fb72,582548157.7746835
2373c595d24a7b862b518ec5,842883495.7015446
ec401de1c0ab2dbc149da048,687715198.6080753
17c0a8fd3a2c8b5b18d61e4b,546224879.4737359
1a1016e7a96da2237b391be5,694999275.4076754
c5b40b510bf7f121c93a2332,616760580.6948173
aca37e216a27b4dd5337df99,713493413.4445152
96f59167d17d1c99f31be997,685906414.2976068
062b36cb4a87cec372f9f91d,731006441.3692907
0466a7e06b152c1860d44334,764900259.1981084
f44726680d0c594a2d430bbb,733884933.460599
8aac8946e7ae5725971c5557,741945802.8902006
e1aa6c46135f4d1aa1b7a1f4,763831024.8819454
fdbe5801070756d1744211cc,764230081.2998168
6ec4c88b8d3a16148e2e7348,888356202.2305596
57c87ce038e4e523b4ec189b,665858013.2135273
9bd500fb24eebd53d8262b62,896417071.6601613
85a86e01443aba593f95dae4,768452119.6782651
13e2ec0a12c8a48a753b85ef,752188925.3698277
b93dc01af5f49e6dcfb7a547,630754529.5616331
71a42155184509caba01a1dc,698194130.0686347
25fb1c0c4aace859265de172,691443070.364862
6f63e4f866bda86d5c993c8d,785978055.79088
72bc42a5c73e7b1f9d54c835,932133363.4237736
c06f36b42021a1512cb6e3bb,696492961.932593
f1a7fa5dc1996591ff97a34e,785262955.6547401
6128a8deb1f0bfbbf0d67769,970272409.6899712
b5254c6c29b4f6984d328216,602871882.1255314
6cb19c3e491a60bb2c166669,759686444.8383808
dda4ee9f3811c29e2b261a5c,828840373.6836984
7a564ce9a4ed3d2b8fbb1103,691443070.364862
63b982fab95cd17211a4a58d,649910417.354676
5272c50f1d8fded01f7fb0e0,802484018.5038471
02b47e60ab77588aff6cb433,794619576.1427801
ddcc7f7a087aa5f4797a8a5d,759686444.8383808
77a887ca508d924ad5203194,718091918.0901296
b57ab7afef2b8aee016ce6a0,947461151.7119486
640a801d503d85835eb65a42,923482067.1816298
767ff947b16b2271f516c28d,834072727.7885786
1dbb46a250f504e9c8673bed,707771525.3515065
fd6e9c9ed7679485dfd0b022,771777681.9579575
7dc4f9de14c2924b229ca0a3,882994188.4995264
3064379f468404110d594c87,843291807.1075771
6005ebd6442c62f8becdd2f5,920537934.1227894
b62e960eebdf95c2eaaaf9f3,902032983.68057406
7b0258f1aaee97661c34de64,516145722.0999509
91e2f9f7d4ed776d38a3274f,800071197.5057951
d505277049a254f960e114ef,803689456.1203675
32040dd7b8edfbe331773288,822543823.1768054
70e427235490d7d9c9239676,1006728036.5445409
1a2aa38b8e18fd7ed5be77ff,752253459.2114019
4883f7ce7086ba9c8ddd4315,823833787.9154738
4116cde03803e63a3e87e847,992096375.3515611
d6de5d741702387dc3f4481f,862079247.5102597
2346533f4712f3bbd036d85b,931542936.6112312
f6a12c0f02fcff1be042ed0e,740784259.7200351
eba3cb8156e0115bd7dfb525,951910834.1374882
ff27ae490bf03513b6bb386f,951786618.024069
e87779bf2f8af86fc4ae9583,685119564.4367241
4a809b3987cff0290c1df8fc,660635932.9308653
8f4241a17d1211687bf232c4,694575059.4456306
bd8c1ff6f9919ec6f1dccda9,812181750.7554487
081e008e772c6a79b809a87b,859444108.9903448
0eff08cf4bc42dd442a70231,860255138.3572133
b4e084d14962cc58d4089955,784520629.603513
d02c3b5ac6fa0ed6db06e490,886123975.3229475
e8abf103cbe9fecbdd758516,784520629.603513
05308c4f3d0e0887e4a68a92,749779455.0778708
256a6ba3ff423a899229f154,711948617.06468
097314d920292b46eab5dbc1,881887413.5229887
4ce0fcf14266d144c82f8d4b,662936101.2661734
548791b5faf236b1c03b7523,791443155.559622
40ef1682158d0c3cd07f484b,953176972.8034117
7b473504c85e9cb576f951e2,821396188.9286858
730c7382d76a07904f559b28,594164036.5843099
e05598d3c49f409b937ff2a1,787070277.0548009
844dc89fe6588acccf0c7536,774831498.1540105
ad1492590bf61d2cc83b493c,740031999.1745456
88fce3ad9b8a965dc11336cf,884624672.986985
b76d853ea415967415ace0d7,784369726.9109848
c12c81b3eb12bb329466e88a,1030508366.6373574
4e27458d179a469435d02ff4,877739112.9604089
8d15b4bb1447eba7a680ef47,625936446.5709834
482c7150c7555cb35558398c,954610963.179362
e5d6be06fd53d317c8e5c7c0,760907534.3446339
f798e7105aa8aa66750a2c85,876926322.2329421
eb24e0a0ebfbe16eba466280,958484622.4736832
618dede0dbd48df4fe610af1,873224100.8874068
6fd936b82bcfd3cd2451bdfa,846976563.9511267
adbb5c4ba7be2903799a51b2,937237145.7417169
3a99197868ce338c738a3b20,667700068.9811018
d4c45f35f214fc226ec85b36,854558313.110322
c3140ab2134de662162af508,627307288.3101782
0fe23ccd8e42605f4d9f78a7,668063259.3326014
8816e8101ddc4e704053e23c,823791508.1987427
64ecb100d7882ddec6bafbcb,798180485.1487508
9151a8c65e1f01ce591c595d,675760938.4107033
c8a40314be3014c2a218f5bd,877024655.9836779
29bd4cbe11f44759e07487fd,681358439.687862
72ddab9ba5f24941e4dbed6b,867405251.6292281
1f18df9ee1b19359816ed13c,759157370.0409089
fb82175fad61a81e9b665fd3,926241358.4679426
dee2e190c4e2539124ac3ee1,741522997.3024006
0cc2f3a49dd703e7554ba638,841175101.8332381
ece0394e38b152e6c1571324,793171148.7108861
e14328c988a27176e9fc63af,937738405.6037157
a91664b9f15f9d6f262e7b2e,979718000.7607837
d54270fd6b09b38a978cd7b9,893857916.839211
40c74dec061500aaa78f78b7,713067206.0534679
cbf6faf7b47b43b2a77b3654,738975052.6272473
52fa1eb3cc7cc2f77ff98764,590067234.130059
bae512bdd3b04405c519bf4a,772870123.4566922
e7fbff0a25cde72a38e7c7bb,921928775.027101
d3f297fadece964afe5f1cc4,943338763.0720758
2679ba671751ff16e76f1807,653240195.8275481
8059e45ca26bfefbb18d8e40,846122708.5333356
9e7ee8e17b1e76965e96ef95,853777609.9457462
9039bc918a76e486041842d0,741411823.3326862
1d7912750a5e345f7edcdcbf,587453543.2397566
4fe0482ad622080f55a0460f,749771242.0339417
953fd7541735fa8d9a342642,853751221.180134
0b3021c156324d1e7974ce3b,688278938.5354953
b0a8e4b4ef6678e6b43865e2,907145104.8189222
bb47fda808b52f30364a4d6f,701562412.6418757
d846dbe691d0ee3ac5c3bec6,831686512.3563929
21932b5a5fa65d237ddb6293,701562412.6418757
07481a101afc1d5db45245df,1053882924.5896785
d99c00c516cf57b6fd9e877b,761738922.4873286
6dbb494acdc64c03742fa730,816697374.4823208
35f69c7a9870ac62735d7639,665356566.1644909
2721f5495ef5dde16fd29cf4,833227194.2547665
0c068dbfdafa3429c71189af,720198979.2459444
f3293c4064d71f9322ca97b2,869833801.0265932
5eb268b95d7b6006b064f9af,733964576.5541909
e13a1c06ccbf814945dbc768,887483852.024868
935a1e8c7e62ca9d3bff398e,981562293.6189806
f0c7ecd3b2261873d3664748,823859081.2654599
d2f20425e236285124eaebad,636927129.011785
05926b977b5df59857194ec1,781014958.0068328
f548ef815603ec44f4629a60,1001318001.648378
6cd147720319f60ed2599361,802166070.398899
6302477fe8172d08f3b4815f,615610045.8219578
b0af9b1e84a1886489d46b91,808215910.6809155
5f3a2a31f6d1838e0a9531fd,942488084.9163227
96786aff35713dc21f6bfe5f,800667374.3508719
68de232e27aa83405b4a19b9,807380595.3864895
8d252e9b0912f09703110b81,613549496.7031724
f4e646df504728ee1e6ad0d8,634615808.4559861
e89cf4cc82c5283f3db6f5f6,391616428.0269605
1bc2c099466f9a989266be0d,683102143.7113991
bef2008b362c4af1fc3be566,654133125.3245182
7988f76ba063d25a4f467730,717512012.0119522
391a98a344e894c6397d62f3,815179612.4206507
5ab0b8b0d6d93c4654b5cc14,1083232746.1795602
305d6abea2f3e496e3b6fcf4,794255662.440165
f512fde4fa3f1f7fe885de83,715010907.6484938
c7b6e7a287602275f7854ef0,867603252.4071171
3d11a16b008c26fe43deca03,765069968.6598296
ac7f21d22d013874c362d440,607655426.8409826
c933750eeb53302db0245782,737533745.32343
766a8ff17723a5c34324576b,683848518.1459622
802fe3175a2059f12d7edb99,876861911.434071
508bfd077c80b6cdfc5a10e1,887609534.5823814
ddf8733adb641e15837bd728,759690083.6249514
17914fbe0c3634dae8ce9d71,760337206.2596222
09e4397bf9794fe24d87d07c,677025183.6788274
302918a3460b98acb64fafdd,659112238.293669
a7e57a8be8fc8d8a844cf9f0,664774560.5259523
7b50b071f4d795c9b5ad7531,773940012.1456983
91a7bcd95c0c960e4cc22d91,771190785.0905474
5d4a23137173c0e2288ec418,666848662.2693487
751ba0c00d4fae1078c02fb9,977623633.4502444
e6bc998ad1d87c5be3559ab1,803648407.58135
53aa9cd32e2a6aa346d3d789,803648407.58135
06f22f7a8e4e78f45ae81638,871852594.107173
2105c17a4e2f97183e24aa4b,660693870.6909747
ec13a869c212c39b6ba21b57,737262916.35680294
0b49dedfb53ec812962e31e7,717451543.6248869
69e6fbd4d3816c4cc37b265a,815423759.8566359
ad46f8bd482500f3bb935737,879623172.6605988
368f7a70a62962bf31ec9583,911375855.6978953
07412230b931192771072334,791426867.5883468
e63d334d9ae8b672dc7b7d5c,911375855.6978953
3e1c2c5b0831edf78f7b7082,791426867.5883468
226277c02e8532922a1c769d,756853596.3683693
7902ada9116a1cf7458933cc,928182357.9919708
b21f6e217d6733230a8eb7b7,949870220.7567046
09ac622c303bce9ad5514442,808719042.9983315
ea63bca8e3a77fe88d88fafc,821268464.1345596
a3c7c54fa12d5b57dd997210,743092228.0397398
cdadb2607807935a0a5597e1,724457235.452426
8d041784b65d33c76e5245a4,926426446.3667492
e6807209b634455bad257998,668804763.0202146
b1e3f1efb232cb0976506cc2,821386408.1065254
dea95d98e8bff87b905f9172,948106426.8404107
44b6382d9195ceb3f12d4939,725631554.6236068
41f33deb9990562def18c917,1170950208.6310806
0a61250b2c208d42a3077bde,770639361.6943066
c714b30713eb7877ed3cd92a,797978811.8860425
bf120b883bfaf7641eda65a9,733606441.9549856
90b34ed38e0f18988f11d77c,916663536.1087983
feade1f4b3b06fdc12ec213f,739418906.366596
00bff9be2d524083e3b3149d,749506384.4071832
f1e38e53ddb8a9d5b641d934,759076488.1475155
49dbaf0bcca86f32f86e641e,987010785.2106857
18539b6cb6884f753e0ac18f,971266328.0101161
7586a79a0151387a1c0cd85a,780649026.3379302
d533a334c2ad9d510865fe54,598464316.3650657
95f7bbdcfb59b4cdb41b0394,722798706.4074075
4a2ae08359e1ecd39b43afbc,702782861.0918567
e8cf39cada5b7755f60306d1,608733335.097772
0489a476b376f7f6efbc193b,696704237.6876466
7b31b5e53015f8116fedb0c6,1034301052.3800961
4c0892a39011cc6a37fc1145,701076499.8468479
92d7d4fa9fd09075bec14a3c,952912228.9157875
5e5ea93675900efebecaa19a,640013460.496139
084de1226de9a6f4a6075c2d,811485491.4073396
54f16cb9563346e15b019102,801922503.8708959
512a6de80962ab797ed2bf72,842246365.7081845
871befe27fa79fc1e1813b19,946149347.3122979
4e0b1df5e05ac505c701f519,655141296.1242709
37227e66adec69299f853e51,726284038.8499628
0a0e3ee960f60d04ffd6bc0a,715509391.0033115
82b15a5da307865c7045dd56,839800907.2375082
44d596fa36e3992208292ade,886143608.1860685
3569024b3ae4865240973e6d,776424888.2576249
31d3215c8345d48ce9734c65,716353958.1698884
147e7f5381d3c951fc446376,848569370.6342839
77deea164a3a622df41249f5,649530716.7875804
3cdee5304896e4cb9604ebe3,806302688.5293326
f5418917530b72c9fea14f66,737260674.6527423
ffcbce226963f10da8c53fd7,816237384.9238373
2fffe55a1584619bd7c489f6,683575447.4752743
3920eb3f72b96fcb58ef778a,674578154.7763379
d10bdbfbd411ae625dc80611,796768009.8563817
d61ac80c0d4737c3529f4a2e,859579158.1847951
f8948886cb4cb018eca25d19,787345579.9974198
da5bf7f1c7b2f4ad670e2382,832967203.0950967
f406c9c3c92e9b31310a50ec,939302861.7799711
171b560236ce760573a990fb,940546113.9188865
4d852bd93332172bfb081aff,940546113.9188865
2e1f7569d134a931098a2ede,787978265.8577024
6d8d2ba62c52445d78f687ed,1005370280.7674252
65ae1a893abdc2eaa63d9271,897717747.830292
c9c51c39725d7df94822fb20,607514852.0963588
56ddb54e50deaf650a25e82c,700250561.0866956
aeb330dede55fb66654901fa,751948167.5393434
4f4e3350c429c6afc0bb0094,751061143.3852781
39377d0d271da03ad85c7bd1,730498105.2103281
bda2fcbba2b412981e708054,694297579.4304297
eb89d0b7914010148e6bb597,787481011.1668715
513d0ddf1ce44ca671675fe1,935958582.9829634
14cd5f188cf6d2433240b5cd,687313818.7856207
dbbe0b6f5eb07a5f9ec873a2,785602171.7059013
f9acdd3fa50068bc0180d008,770599340.5510055
4a85c36fb854e922936b57fa,631720446.3299817
937876bdc44c3b8fe063a9aa,607514852.0963588
001399d3861c5792ccb8b515,977034100.932785
f28514aa4d6ffa36104411c7,876309498.1850764
3b185e3e31f7f5e6a1b3193c,794038494.5749011
f4c7cc4a249ae7037aa0b35e,741411403.7664219
b74a02ef5cc838952bb9afd4,828377273.8333132
75f5aff9fa70208ddd843779,769518828.1844041
b7273cac93fb7a0034039600,954610963.179362
b73bcc0cbfa173c9fa404369,876926322.2329421
3c4c18326318a7207b589dbd,633997316.0005848
29a230f7dde5753e65b661dd,890856712.51177
c083a5c64c4d6952accd7bdc,845822239.0218499
1cf29f882ee8b458b8f27091,759024932.4151511
94c15574aacdc5c3cf5a406b,676743099.9131284
661f7eaf134a5b142843368c,719834475.5213498
14a5bf235097782f468fbf23,770533464.7087708
d2d46c70dc048c92c8e4f09e,658285608.6546652
f6faf74c3f4e02a6b333b7af,841230985.3115834
6dfa362ff7a0d55693793db3,698337556.1756442
b070e3747bcf22ed67509efc,789513289.0301677
7333f19416625d6f4244fe02,695872308.2634108
3c86651d9bbfbb335f15b544,739798161.0461946
9d8affa93ce4dc7c1a21b3a3,868948816.5640548
eb8cc67810d95d1b102410b7,916685786.2203285
047f94605add5f6f84fc3f90,658925171.9350872
56ba332c82c36f07ba6bd271,946390600.4627951
5814a1dd61362ded4f1d8d8d,973893080.576865
141ac7bbe9637f9e5142135c,979713285.860791
08db0ce5cd15db2404ff3d28,821555271.5168324
c38677ed0876b7996f596336,558971140.0989497
daa4d7da8d7df8efc1adc9d1,635008772.7287543
f15c6403c6d4e3676a607780,677562578.4965894
4d0cf77f8cfcada2265ac585,675508742.3724267
4caab3951bd6cb6dc71ac8a0,685899763.14453
7cb64b94877a9361f20027cd,730461406.1530766
3f438d6202cfd4527bd8f983,634946969.3337013
b7763beef728bc2021ebb841,708766950.6653941
4cea8ea969dcc433fcb59d96,824112139.4708989
24fadbd1dec637edb728baa3,1133462116.436928
63cf422266e7c39a6c895b3e,767734222.9999228
dbaa5d47ff63125584bf7ac0,745845513.624716
da12ac932dd8a2fabade4bdd,787167454.0906793
f35538e95b4a567f9b834034,928289791.7698191
6ee1e976768b68cbc8008950,964814856.7151723
a910019b3d18da92b4c6862f,703394864.5395504
a09413ca0b723170c26652a3,688778913.9430367
2b451da55be3683c33e4de31,955241353.4062657
561840990333852ace562b82,728625153.826453
b6695af1ce28eb50d7a2c25d,868196128.2828484
9327563b40f2a0f888c68f28,848246873.5614967
3438e5d77044f21743e56edc,709674277.4647782
63cde4fad1be942dc5ee695d,708034080.448519
8e712705b7de6e791c8735de,671853802.4472065
85de01c0aa787152c77c6180,707393143.0247028
c9b0673becdedeede0209697,655489740.1778566
15ee6357e02b76367682d6bd,886670116.6643231
5f284a75ec8e9c72abc76695,958284223.0658064
37e696957da15625da71146e,788926942.4061953
96a478c359fea0014fde607d,916126977.0359652
1a61721fb7306d55dd77b6ba,916126977.0359652
a7577260fa10bf408f1997d8,886927528.9347672
b3f8ffa761119a5441a44ad4,970685923.8932598
a5c85b445f503a56e0e2a924,919751554.8577168
5aac1a1d5da10b76ba4b690c,956656977.1048208
1420543e2eb5f38e4d38ba81,928704905.4596499
a530e3ff6d7bc1abe333245d,847522705.2925023
aa9988248c7dedb016d8b6ae,994299509.2920755
fe8ab5495cae81b5478026a4,517238004.7827023
b463c62e3c21e339e7acb52f,788027152.5082474
00a5133e7373eae3f0be8f2e,672945095.0434563
38b424cb0e54f0f7f2745781,720514929.312825
c43530f324a3ac90f53a8849,855104454.4516978
abf93b2418fcdac14293c9a7,786355238.3374914
9b1be976725ddd512cd222a8,893125942.7332962
9b7f17ddae12105d47fad7eb,967983516.5195346
3caab5e89722761d5ab2498a,682225302.02403
a2f40c8227b466249d6cb659,839740062.5991814
e6a5007ffb7c1321d4fc21a8,530512833.2143945
0d50b435188b7830a6949026,422459837.2852791
d4bee60a74c2e2235f507ec0,910374066.9328935
b474103c4b637ca25b5d89e8,512086888.78027165
ce6ddb82d2ece3b8d58fcc63,719921237.577735
28403f16831effcb75471738,690968992.7816584
03f518e2e5861002772345fd,657870684.1878251
011a6d0f12ba108ef15076b4,631517639.0158374
93ac0b004ca60ea56cc2bb9f,831881886.6233623
1b70fbd3e46da8c47c3eed61,726174205.4832358
cb40d6ea6a1eab77a60c1ba3,660851552.188829
87c73db5d50e8ec3a22e6ccc,648982302.7470968
9aea45bade274e4ed91ec301,661847549.6049061
43c22bfa9a14df7b0126c12e,775158114.5244029
6d848e54ee68e6d8f23b3b1a,661351656.9816189
e5cd7a2aed48057b0dc8d970,656301304.7007515
bc4b94c892fea57ebae3eeb6,768097339.8509415
e7bb12e99318573a6e6ce1cf,751517830.9739746
4b52ebb0f0a8878def4170c9,877022772.4491047
3e85b447edd3b23b5a0d3b79,702808494.9284892
15005fe7eb24aa25b9e3cee7,800071197.5057951
22e00f8057294350ddf4d42a,903265666.2281075
ddf2583bd65f02abf7ce3280,699141419.2049854
704e5657734af93d19a0e5fa,767057016.6915123
cc1a11362066152d21d4cc60,698023030.0846504
12062de068acd322b610fcf1,1004824139.4260498
e9804af0513b2f68daf182b3,838654882.7373168
f13d8f4b2e3114d71e5ed941,859833908.0975312
11bccaef3431fc17953eb81c,1009799222.2745334
ef2b9c11f884cc5f31c26f60,650694965.9621075
25986c851e13c92ede6c6d6b,920569265.5411382
37e28ed39a51956880d211af,865652337.8544191
9530217ea0b5d2395adfcc9d,873713207.2840208
d8607e3261ef1546eb0c30f0,1010412643.7416757
22a025ad47ba22ea9fd1a094,759939683.8197024
1c88ddc21f3e8e4ca633621d,540622805.1831139
e45ba581daff88707ad842a9,913910020.1407212
d7e97cc158c6c54b02fe635c,838642623.8508371
04bb7cdebb8b66e783058248,650522566.8515288
d60cf6dcb7b4b40077536604,931816007.2819191
85ceb648cee9f6f3d221254c,735738763.5509274
f58528d3ddce3bc6c71bfce9,1001123890.1978767
c269765ece36cd93058efab9,760759209.7407439
919bdfeb16dd0bf67787d53e,759959515.5090685
ed8eacb8746dbcc3c2ef3aa9,831607469.924314
15ec532ec6fb73074b9b12c9,834370979.7631657
58a724e8a0e05140b07539b6,741057330.3907228
2b7a5be93795a65d29970b02,722749169.7947601
6dde9af12b6597425160a47a,827858106.3050154
f0ec99c13c61e89310ca9b8a,627855446.9878671
65c83da72c07b8e74bf581f5,898586165.07341
3ecdb7a7d178b48361340ea9,789710319.5371859
af22669e3ed10470623fd8eb,847019040.1321976
748c981380925e1247b9e64e,922623228.9799556
78ab6cb1f62a7e781d4c4d0a,686890277.7327113
e80ba06329760362c7685ca5,638124105.595057
3cecc0cc43ef46670a8e69bd,766392340.9445162
527e4b1b06637b5362c8f17d,895690061.9265052
cf9eb2cd0f20b13cc8816bbc,548263409.6735355
4b3a6baf8196a59bac8c08c0,698944091.7542031
9bb9864a6bcff25b17477717,606196328.4083185
4f7d630c921cff500705ee5a,663295890.6648918
7b7c0544ece4aa383fd5b4ce,718070677.6070124
191094739043620c72aad2a0,790522723.8124336
a20435d582c7646db231e7d2,864770919.2901098
1555743ec7e2f38904852860,544859526.1202968
1c7452cfc46652a60b7a4f05,739889212.925091
97439d5a82f970e7f50d51b9,691745521.4428363
7667cd57d0bec809417c9b11,680216690.8866196
103f6eaf04b44c4013acf097,895850477.4357601
e6ef433629e193042bd30f4d,731471501.6242597
2ee7f959d069c9ca223115cc,703275570.4686009
b46625b69fba1afc154471e0,1171506850.4144135
5cc0700421954934cd8dc445,1075205919.4992025
066f1b68f7c053a196662fe0,761176263.0282156
645e1c7b799a489887086a1d,823859081.2654599
f426c41d6d8bc99f359f480c,813402248.0592079
d1be4eae680cb16d0c842606,1001318001.648378
57a5f4f83a474ae156f207ee,733964576.5541909
53eab0ecc3ff098d55666699,1037658354.1469761
54022fa49ecd9cf290aefc89,924723895.131903
545db4962e6294cc5ed07727,893125942.7332962
8e17bc9f09099ba3138c232a,986382574.7812532
3b4b303bbeece313f92cb85e,699973215.4481049
d0119d7bb15452c473ed28ba,832587149.8612944
1a36f98c62f5126c8064314c,800021724.1492589
96a77e8e42d676b0da3fa572,647795051.246916
d7d6f668e3e40d957163276f,798233503.2528223
5b908b8abd8dd0862440c172,717773802.3009205
81716dd4aedf72a6a14392e4,571091114.3285372
47d252717c4bcae3e1ff19e4,837567247.0358366
4f0b2f7e4d787a108a4d2537,860673696.3094878
90a43053efa1d292af692a87,681959507.2129601
c3df4b9fdaa4dcb13723b5f1,702117314.0641243
4b905620f76873355d317dc1,714330859.4597551
ea16314310144a10c81da9c7,578328790.5979471
0e5db1a36a521a5d2912b238,603493176.6980991
c53c58dd7b26902f67c3becd,800328793.6304952
6c17875f20f58b1fb211c18f,1061212366.0525097
200020552855ed39d1af999a,646120885.7779322
b44b862cbd855d46954eca5c,846740360.1320622
ce47299ee877638c4729f60a,858826312.1327504
3a28bf9841e6a9d3f1bc293a,703039094.2252499
3a488b9e24d9b8fc7c222e20,589063951.7621814
5469c33200ffa87952b356d0,568575074.7759621
b57174dd86ed451448dc501b,677087656.1314244
ebe09efa32acf6d680341840,899075032.6180933
33f7d5aa494288cc90d60456,854312497.574049
de9a32ec454c2696cf75eb0d,808702381.032311
df4400c44a166c851ff46eab,729042274.9624109
5dcc8f6a6854a864dcd27a87,803648407.58135
bc08ce9f24533cd644ef08b8,652971429.8208408
2935cc0e053bf558a8b73054,803648407.58135
f08001f2590d7b734467c58b,736717209.3816981
5a9892659590355b91442979,727975973.9469533
ea34dfefac91681864c2bfe1,824177602.0820582
ee3b5d47d05a80c07751f7a1,903314986.2682939
448ad01af4c5cfba3feeab26,903314986.2682939
bcf43ae0b4b15ae168abca97,799302020.997433
8ccd326e4f515bf7e817a14a,870817796.0972667
94535dcf38c9c6461a73db02,520654247.146423
9b3557302e940d4da341cdab,698149843.7874634
edf8c961862a4ff8e1e44f1a,739100284.1488235
6e508fb72f189a4fa91bde58,910485731.1214757
7d0a4771afb00cf9a38ccb81,927612622.7768987
8c32b6b31d1a1d5736c4df61,998360681.316716
da782fc0c8a79e3e250f0f67,730148326.6826104
c86e643b7f7b57b4482020ef,654853850.7653251
4632f1e8fc93e268ddeba07b,711581396.605522
2cd372392fda500e6526695b,716798229.8699647
a05ef49ad8b2d6c466ac7412,1049436215.3302674
9f50ed2b7e40847ffd877f4b,851999379.3392576
c00083aa30ba7d953361674f,626846922.5544584
50857161c59b991304f5c55c,681857908.435702
3676f63aa0ab23ca7cd344b7,872136161.5305293
3710ec95af4702c45f165279,800617338.8471707
16db516a238934a730ced1e8,684148890.6593475
d450dd622183c7cc43a20d70,671247629.5461769
ba84fbef80c8a82895ec599d,901317316.4518248
ee85a12b8f764bc15164dc7a,696621868.7988651
0038a3b703f4ec779bbcfe6b,938271850.7176011
aa643acab634ee591a2a43ce,654490567.3230785
d6438814f4ff3853bf6cdb13,895744911.5198016
a37522af63bbed2f4d10900e,928977976.1303376
0b715ccd3b3e01444b855857,696390830.4635828
fbdb9caee4455e99259cf921,759054044.7707715
b3c02569b8fb721934f51c52,736157300.9140819
c07e2ef0bed4be12e41c783e,733932287.7162267
1b4e4016cb766bfadea42f73,621616915.1562505
ecf4e968c925cf8322f8a0bd,684709720.997746
6cc0e6bfd30ed93fca2bb217,543963963.5956717
3e7f514983daa92e49a7c87a,761583261.0166407
97a22807207cdfb341d5c50c,613289954.2713547
3f9e95762d2f2056e9716039,643495072.2467096
255c5b92d71a00c3a73b9aa8,646771953.4740367
58d24ab99d74ae4c449c90ba,758592772.9708065
51d1df6e1f28c40dc9074b74,935431749.1416272
16261339c3a99635717fcda8,1033714862.4749025
1475cdbbac4aa486266e439f,775046677.2412425
2a9974fe07b1e4427e386e06,819335454.0184737
cf76689ebaa20c70d9db4d51,935412441.6415879
f9379319f992cbadc43b9189,719754680.1769791
62313cfe4272d263173e1ea9,819517669.668184
b2c62bb0cf8d210dc4635653,910995762.2322314
5d2fd288d33283826210cb90,873713207.2840208
3454ab4ad567d2d22d990fec,723208305.720649
58be66aeab226c35330d57d5,679325365.2376623
315ea6fbd6b3261cae7fb900,747942742.2699792
6930d8e260fafaa5c317dc82,743226188.7877502
0fa99fd0e8cebb71a3bb0871,662845856.0995862
fba946e4ceea37176170835b,735165319.3581488
b53d4d8d0bd4a0ae84fbc22e,677730626.4933196
8bb1a2ecc997779d1addf12c,675825954.074152
6dd97377cbc262b07ea2eb99,817590827.8313913
5c50853824c890a5a7f0cd70,825954255.0161715
4c3865a97f5877090e7a9649,779717475.9415352
a3cb2a035f98276076f2d848,629322225.4428453
40d04ff9c405cccfc82ed5a5,809034688.4053347
22caf82aae904c79057fcb3b,697057573.7816194
eaf87358d89af17c3e004c21,976719479.5341527
9ab5ef2c5650c4bd05248990,622709197.8390017
d96e3063ce77ab1235e2ba26,750555155.0390444
665d62a8019b27bf5ce6e6b4,675027960.1220114
56234f11aae98489ae00a8d3,841511287.886193
76a5158e1a5c1f9fae8ee882,765837542.3474818
d974970034de145d469d09c5,777591663.0664778
7b5db1e4f4f47b4bf7c827ee,651755642.5304228
73ff6ce99ba5dd8cfab0faed,630861297.7008206
e1cecc8f17883ba6e2723826,737028539.5184457
857870b1412b84f0f19ed751,602965517.6489023
d89dff35fa1944191aa9ed98,923325159.084352
86b89233e0176e034ae3cb7b,791767899.857132
dd3d529f3745159d9e7746b2,832894241.3929214
af10ec1529a63d0bc10b056d,794222095.0407269
a2645174e4e15c49331f576a,881453965.3312349
311dcf366691c44243b7b89c,753075619.9874547
4cbc74a93e33f7b4812e1a7c,725591267.6452122
6e0140e1d667cecd155c6e23,831288167.8491961
dba6308e2358f30b7ec33f59,826700716.228916
761ba98d35074faee3594dbc,734559050.2023677
b961220d34be930fada80887,767745925.0831591
c9c3973bb37b5c688a7c0157,779716477.5165006
79a0bffec81b17d606a606f5,881453965.3312349
135f6f92c4ec95847e8840eb,635287465.6617715
05858b1e4445f56f22e1f4bb,869553555.3767798
623b7d96c0fa09e50148aa7b,860926190.7802824
e61e5d3288f02b904d3b1e38,936807176.8556223
0d173e7afc8f8babbef6ae97,901643662.2008891
7635a792e5002ab99ceef583,758141759.7508061
4da93e7126354a474d435a4a,861972927.8321285
a4c71322f79dbbbedab3191a,979184961.2920669
57ef53ecf8b709ddc05aceec,712464258.4522593
65c3e09ee6f1ef0500ca4316,818487463.1098957
74d0b6e87c2045f95fd493c4,827562637.2722135
4a3d0390e005fa5b4c9403f4,834609386.1588477
a3aac701ae444b6d91b7bb0f,910219036.7358093
4afa3a1b63c076123e7a5279,854426221.0861177
c97adfa6f5ad3e3db6b80edd,897302011.9329596
58cdc29143b85386c76bedbd,898099851.7653707
1f81176d8a0c61a7177c6c2b,922649961.3488984
1c2e69465c75fb3af2d57351,972160310.5110897
7a10ffd970cc822108ce7cf0,906324527.2279394
3bfccc757ef82ff2774f2db9,902748612.7266277
3c753ecb3a4f8ce43077a6c1,959582382.0874047
100e9e2623cb0fc52fb08813,766564972.4451038
90a269d52e47c1705f9b6cf0,965776112.3670905
34f4df9fce2ec05633d0cbd1,692145350.8037887
1e4fd826fc8693b17f6efc3b,665230129.3132392
efd9d848677015f13688453b,638943317.6071203
07cd866c871333283ecb2d23,896373189.3255728
76a307d6b36b8a51115e91b2,720619134.8495996
080969c751cb94822aeeb755,646476831.8357459
1e37fb708b70b6b5e8fb5cd2,682424259.7871761
4e47d2c8ccf9929ad9c84544,643992070.5637608
3c877a0fbe08cda958ff8f46,826350756.8069948
ae59a0d6441697841d86cfcb,592517787.0258428
2fdb80ee4f9a35663e92b3b2,755211017.8082759
3a513410a390c75fc14b0b3b,882894154.1082623
0616401503f2ebc05af7ce4f,779437250.79509306
98b973c8597d5805f87dd074,814801730.059701
7063abb555d919d5300af3aa,826032669.7819116
88c4b21ecffe12cb6c408a6c,800617338.8471707
75a4421cced1111492d00298,847953553.2417247
0482cd89d767b3b7de976c3a,600628957.1536566
bda9e5d8048acbbe5a9d49ea,642141554.5702955
2152ed6b2b2eaf16ec272cb6,772976674.1989169
9bf2e0c1bc82010e92da2540,772739493.5961597
110af3c21ecdf156898c7c0d,887762399.3470743
2790ead3eba9370f00024472,655309779.335142
9b06c7cebd33cd26cd6cc089,929797188.1424011
fbb89795386c14f5088fccdc,829774993.3198901
e8a3d9d6134ae8d631791e52,1004782467.7851856
5c535b7d92e34c0fe4b66891,1075566196.228119
d88544e4e85add30aa795ce6,803525285.281451
01b78983d268b52137e5ac1b,658072707.2008603
25414034e50ca33fcdcda4cf,862901172.5391812
2212e0125cb7f75390020951,749275114.6561766
a4d5ea1b907e98be72b5c49b,751797822.0881585
2df90c0a3e2b9138fe276a75,804324592.6742557
c520b7e8de3796450ce49a30,683890508.9856825
35114fa32397272437e67a54,671580731.7765186
bb5726ac16b4ade709151159,740552069.8029315
b4dc6733589bb35444b74c55,887024855.1154001
3b0b0bb06d95c5ea1aed2d95,756704529.7738311
fb7bd85c05cd74d945d22de0,791767750.51487
6396667677a878ff61e1b536,771620649.1409166
47b5804ba1a998c3e7544092,1116313671.518546
ad4d91ed26c1fd5702b94064,718733942.8543637
2b802261b8bd839aa0b04b16,828409639.9664512
0bf9fe130da23aea7142bb7a,826896571.8287587
90511f2411d4a37a7224b995,773285634.9375355
1355fdce5b97bb36da15734e,925013482.4515591
775a6affce535c5a19ea5f30,809861611.9217857
e36d70d72c2758d7fef242df,882842940.9317373
2fde05df6a3aa9f57385e6a7,629115287.9668977
5e0100ae728e347eedce5b14,1001318001.648378
a636ffa140f80412f003734d,806634404.010807
74746d24b9bd86e23338bcd9,733964576.5541909
99c539fecb3bc233288ff905,852419812.963746
44760087930212643641eeb4,922282460.0541753
2c5d940b5ef2276f1fac1ca5,823859081.2654599
b26f22f1fd5a991ecd1e07f8,893170986.5507363
1ffafa78622c45ea4127ce82,858432230.8714664
32a555016892e7a74d231545,647795051.246916
8d06037db08d0754bb67da4f,761176263.0282156
80255211d99c72e343b32798,967919236.1873254
070062cd1c769f3be9255af1,922282460.0541753
0451f65828e628c2220df77f,699973215.4481049
d96f6225db81dbf3d1a0e9bd,718089807.0927377
b1527eec2e6709dc51e03f9e,840064859.1059471
5464fe43eded098294d634ba,773285634.9375355
ea37ad89fbe4159940586718,721856047.6200547
4057a676e7012fd37af9c3b1,602918174.2290993
51273a81121232e7f30cfd1e,718893649.5612911
3cfd9ba5c6993718c0c532ff,809036984.3418516
8567e677b30c410df80004c9,748972607.0250634
7a34bcd9f86f5036b526c3f4,751039398.1336462
3dda25226646e1e91f4c948d,751039398.1336462
a2529027db6b525e365e7be0,659524567.1099426
c6115d5e908e04e67915a581,694054333.2611003
8d0ae601094562744c8dba4f,561281544.7419541
55209683056fe2f9faef7fc8,613106342.1944023
e840095310907e82a159d683,751039398.1336462
278fcdbf16e3064ba42c6785,762721748.6691899
74af10afa02e7724eeeef108,746023548.6442748
b763f71e8a5bdeecf0f3f0e5,629467153.6153591
5472d536d1b6b731537bb67e,902195168.8735611
995ba6d1fd63d5160fb18e71,1172330833.5823774
f424ca724e7df1c37ed78aa9,709569988.4414625
c2aa451b62293042b7244fff,851209368.1330035
d4ca9506161d3f4bb3ca57fa,743791915.3069952
799862427c1f335eadedf4e8,671186774.1498097
1f3b3bd08063993c23586c93,703197182.8377132
817422f4c278ff27a22b05d7,725333474.9533943
db9798a3f9ac287754f3ae01,772611924.9234812
7ead45d1f505649429904307,610650687.8478923
ac7ab254166442188c6c5c25,707545676.4676906
67250a8950aebdbc67f7fbfa,849694275.3080442
641f4319c315cbb74872b8ac,742859177.4626997
710b0541a025b1b6a5a80c41,807745970.3490701
a10f459124248ef30f290cad,643536175.9087307
1aac53220223d0d823e70d0f,758579719.4184008
9d0ae0c4dc11d8c6d94e545e,756509617.2105384
be685d2954b8c7337ec94942,865959599.548906
e43151473292e4e98f121f63,579579298.5898368
e04fab3d74d14be3b8dd2c8c,756796801.4971553
c77509a6eb6665bb8eb07d95,814400405.0886654
9753470e033b35407a2eca2d,944914801.1474031
825f57ad0527d4abf41cffc9,969429603.8042115
0d8074979d302868c2534262,819818085.9570466
15a3e60c7a5d55243057d7df,691263695.9953889
6de06f867a28393a9e95c7d4,547027448.3151402
4d418d0079828e244dbaff5a,669868619.9803509
2de93fc191360ae22b0402dd,746135605.4230775
86792949f2e6a347208cbffd,666848662.2693487
6d8a0768adedcc1070d28390,925816688.2211511
459963742bbaadbd9db97723,659744383.9471505
235b10cad7233d579a966948,766161081.9502774
4443407341bec8b7b0af40b4,828955781.3078268
d7047492f4c53a0cdbde60e5,807687833.7215655
5541cbe23acd6ffd4aa0d939,879623172.6605988
1d0853f825cc0aec6f5544cb,841443945.3192768
f016623361c6ccc5163e79d5,857426641.0942131
d280fed64d1c23ac9d79ce20,857426641.0942131
7e86f11cd63ff6c8a3c12fe2,868188202.0233407
9d7f161ee660b1bcb54574b1,980532497.8728545
a0722c5527c6d3cd5cac9477,920917106.7007359
278a2cd98528eb1341a6b685,670329902.9073032
b755f88ff3907bbe2a417e07,765033968.4601305
2bb55b0a92d62454867bb158,680126357.6123074
960c9349b6ef9b747ebe5829,814282666.2276843
2c8352c418097f82a50d9bbf,798741277.3223404
47d7ba800f164f397fcafa9d,694304406.645174
610061a0e67aea7d222f08cf,904316472.2451967
a33de2559b5f56d1b3cfce08,906243904.2149332
f020fef57e9069e4dea2d71f,840316320.7492359
883f095dd3f7e972d7dd3c2b,647212689.854502
b0b784bfe2d3c1b3b1320613,774965829.15626
1ea66dd4a72d93f5967be730,847116613.9038513
90b04117887941ac898a67a8,561562012.3512905
022357a3d48ea87d58ffb46e,670340667.8651953
292224fa68b0303a90063801,830864297.4143134
6cf924390dd3ed4454403887,658143754.8585128
555a293dbc104e00f182fe34,727660549.7637643
e13ef02a57d35f71a4fe6121,645961273.4791203
c82929467d22589ec62c0475,800567122.1972486
18a74c9a49ad381aee5e02de,643244390.0216094
da40d46cb91d9e59fe12e6ba,811540857.6888332
6320f26d77fcd56675db6b97,914556222.9902778
3307731f3bc518012912f1b3,947716145.3833525
ba94572d1e050bb92522f112,662057522.2125914
6e0d6bcb01e99fc4959d3f7f,608390972.2187674
dc3cbbb2fa00043d02958219,764655504.8203405
495aa774f4db66db6df30e93,679308539.785709
6ba298925ffad32daae55385,759959515.5090685
8df5099d856c7f9de43990ab,690890881.7835768
93c5c5d9d1e99824178be9ff,890917236.4580277
ffbce3ccf241890ec95104e4,648565430.6520529
2c03c38782e365e68b32d6bf,692614233.3877356
7734421098413f27fae86fef,732227204.3109989
2b50969f1faab80655bb9104,650717021.9796193
025a98586386211b1519f9be,670160330.3199918
6013b8c04f7b9fbc74ef1ec4,756784622.9158897
11075db1cf9899c8640e1b90,747229426.3966569
61ba09084039a467410aeadb,845824547.2415015
eb2880c2433c4b2500fd40ef,666040388.0355494
f7f8607535159c82dbfc6c14,588991970.150046
35c7a7c0ace36f4b95423c4c,686333727.3739637
c71123c31d02408cdaa74daa,834370979.7631657
dd8aa138623604829d56ac2c,608390972.2187674
cb94eee5ecfc75d0fd5ba6e5,825135043.004108
ae6bfb4eb4770f2266e3b961,715044740.3795424
573ea1962372999346590c0f,1041911030.9425838
9f7204b4bb3ffb8591e3164d,894384000.3206208
a4410bebf9843297fe32d63c,750822810.5472748
2afd9dd680803e3c12d5242b,775098089.1552157
a7618c242fd918ed894304b5,591977438.6609291
5ebc5cc2c1488f681cd119f2,690890881.7835768
cd53a991573ecb5c53f47986,782673421.1620388
75ecbc0c0e8e76bb8d734f60,728092903.7943312
47c2934aaa5934c68dcb9e51,695341184.893761
386ad1ba1cada9649f3415c0,696840372.327544
9ca0839c9c294674e86eb691,923904683.1198395
bdbaafd11259af6300321a89,649336581.2776076
2e41ceccc918145dbe7de0be,679423677.889848
11df35a3fbcef34e47747e38,593803607.0955417
b0bcb64f2f2ba69cc712e0ae,744465660.4524884
bce0a4447db2d54d36661011,713796303.5779624
ef7ba10407cd74590ea3fff3,806594677.4439055
a743dc3903eaf3576046ef3d,650200673.1367874
b3d072ebd7908688d908d350,957937613.0112456
a48abdedbe3d132276dbe403,923755137.8523177
c6b7e739125907c86a8997d3,762465430.644862
813d9415d9abca46ad4d92f0,998917681.572545
c631f8920a2fd1160f6b15cc,643726105.5507152
16194707d4e85fe332411bd4,741057330.3907228
31e241881acaceb02ef915d2,805912227.7562041
a3f1214ea44063ad10956fca,684323749.027056
ab086fddcb949e3dc0ed9b5d,797807023.8478602
ec4df02b32d90c019125d108,817807478.3718479
09eb808ca3859318d6328db8,535864887.2090261
f520fd12dd3ed32ba78d357b,736705359.998666
0a2f7379cd1bed7d2d2d5a01,905341509.1829089
30652905d3eacda34ff61a9e,786549040.395419
0509650d34981639b9c64a22,877437192.6083704
77cd6b199ee485314bc74626,818045108.373107
10c836c2e566dfe9edcf3d8e,896431754.7717195
e109ccb29c02c9b35b789c90,893822333.5289868
2d60a221b478264cab9816f7,757842131.7757654
d34c48ffe935cec3358b2247,964322928.0996013
9cbed1ed72b444c22d8c1614,722583523.1523147
735c3aff4c151dbc32f9a76b,838544080.0343801
a4b6ceedaf89cff74a292ab5,784393650.1581625
052957f95b6e7b41bc625009,718126747.3872977
33a61cda27fadacce0d1aa7b,986622863.4242291
6c3bc8c58ce67b8bb9f5894f,809692516.4504895
1988513503246248b80c7f17,833862596.296847
57c29184563b31f5f752c5c1,942641431.2161381
bc6a7d4ceee8bbff9ac5eda8,742979903.6118333
f1b7ae24195b4414e6d6a001,942641431.2161381
e7b3ec90b47c9e6009ca8a75,800614868.1654544
39b62c6fca161b80bc6726c4,721544668.2440351
55163359d7cd910861059389,1249768836.9396906
df35908d6ae2847dfc73cf9f,1117508049.331309
ac822dd448e04e9f8dd1721d,888230183.4315755
7e86148f53beefced6e0f3e4,688878936.7899526
6eff15cd6372aeaab2e665d8,704895482.9046032
0a1af9bb571b90233856289a,713862811.9984776
b3cc5930a3cb26e35a45e09a,822144650.7534986
0c12f73305bc7d72bdbd9789,844536003.2348528
ac048209de77cae737d60545,619761054.8419874
9239fafbffc066dff0811302,506607869.88413066
8e0ba427ea909cb7943929b0,777175857.3415123
b3c99f30b16fa80cdb4f213c,741802649.4246029
d1dc16c82942902c668a5c9b,836599813.1527246
5cfc9e48ab90da0f4e98a7ae,757191701.2191021
9abad9f79352ed42d1a9f099,691176698.4608046
dedeafb60b4a39950e7a984d,691176698.4608046
74cca5cd08c4bbf5d0404d74,769360948.4481527
b6aa1cb0187c4a1715517fca,691176698.4608046
e22bad460ec1bc991f14bfbc,934037413.199017
594d46a91315527995cbd807,641951240.2763325
2c0b4c8269cbe25a4e85e049,788756705.404406
1014d3a98e886e1a7358e29f,790301343.4068048
73d6bb3d6ae08921a6117f5d,774743972.1229042
de3b619a7c80549db6ab16af,683596189.8924905
da34d6cd832009e428d2b467,730657609.5696806
104722434c2deed04a901aa0,621328405.3469452
cee66eef685e4764b9553a02,630861297.7008206
58b40969f1b73182cb6d30db,630861297.7008206
964e9c3f87176e761484543e,754922137.0006922
19487167081a9b0dd09d7975,908281670.5740514
7d8e345c9b16d0fd69f848ea,832636373.0096157
7d4ba999100c8e694fd820cf,907415722.712698
c6b157e7a6ca08d04ec4de4f,705382197.1799648
84ec2d5245cfa146dab05065,715589607.3462162
c844a386941b86a3d4c0312a,791624231.489867
0648aae13097ac649fe714b9,864875604.8593247
34f220a8ee1f24bcc5790364,715421267.8995677
d12eda0ba04f846d73cd7acf,742477811.2483226
c12904320223ddd043f39c63,872136161.5305293
8bce0097d22b34a804b502bb,695374688.2152221
ec1171cac1eee089be6f427d,738558974.6399297
5d85d77a06d0f0324d15d162,887762399.3470743
0349908483ce628a0a5fc164,892579801.3919206
d74da3bb780515b1273d741c,829774993.3198901
64cb8fc8412c9247a5c243ce,1004782467.7851856
3a53919313bd750f2b1af906,847579587.194173
91d265ffaa6b407e9747b15b,799475582.8078833
1db1d1b76e09197dd915a8f1,849614699.315231
6645a3080e5d10779672d139,975759337.5895925
3ff6e77706eae698f86eec29,802984617.9085237
4670d21fa84e40184f03d5de,824000482.4863896
ee8bad3fdc93f7fb79c9cbd8,880501750.1589768
b624f0438025478c9f66fec2,701298643.6148226
37dba4927e327d3a4a0c1d36,798767945.0299922
8d16b1bdea35630a3b09b192,662504991.8477335
d54a4c353cebf18d452be515,813048014.6371684
c402811ade75f5e3dee73ac3,922627195.8933656
dd926903e87d691a0f15dba3,865425774.0540278
cb01687abe09df6838e1b224,721645502.2053661
6ad3e1a47d1055b55d14e091,773938864.8394308
b8d50a94e8166e471fd8282b,766604374.1746205
a77d82703468f2f9e8f2ea0e,771597446.527737
5d2be469f69f31090769efe3,808947103.0595199
c4e8559ee733a551649a5dcf,1246331196.1440883
5996fc90f923d6e8527097ae,568823595.7489737
32d5772adbcc785ecbc2c55f,864273958.9254706
5f088237d263c37e78264bba,725881498.0081192
799afa0396b9f268f239db51,668951988.8183569
bd23b1463f0936d2ced5fc67,660592764.3935971
8f35a5d800d98481d7a8b6a4,680394025.0006001
371b5ecf08973fc6e6849d14,672731436.8670123
fa70a55dd0e2053a1b566de1,588673499.7261993
584364cece0bc4d17f0e7fac,664479330.4608877
cd968f8973a267790a38f2f2,547991009.0228449
c46b122728ef4c9ae8be444f,814102119.6568784
4056182cbd8c12cd87ad9e84,1017386980.4183412
6ac747618b6ca674e86cd275,650555734.6081467
afb02897c700dbac941ba8b1,855512186.5712527
198cd3f4e9be65b83f01ceea,734165562.7739153
c92bdf97d7f0a9a12c024406,722890523.0015714
e00e5934d1941490834c3145,940319411.0815692
5b139fdb19ff722a846d71f0,827863498.6250756
8b554961129384797391d1ae,824678442.6969831
854e27be18fb8f24fd433eb7,718187801.5129881
241d9f8599ce6cadac1d6609,833457510.6717936
b85b37ae83ef95baa03752f9,739232359.0712746
5b3ba9e56e24e08e1f81e220,636054936.7719852
58c6518f9d2d0526d31e7566,695998920.7857624
38a1e2050dcab9b4c70c5e83,638151432.8612854
da94e4a5fdebe3ae7bb1adcc,803773941.9304172
49fb2771ea6c1e8950cc9a57,844450384.642695
f2b67c40a560af8729bc6072,713331155.737297
13fc2dd1cd32d9cfa457a5b1,727786226.3787044
b6ebc3b8408793f5058cbb90,885216032.9944415
75ce506dcb994b10497e6816,788884980.1757033
6dbfb281abaa9a6956c080d7,652495039.5212176
af67a68803a18663e4b03eb1,580589471.1438004
a9c212f77a048ddc33ecebba,671421450.2014717
df89fa06e32e90b0b6c2014e,772747356.6694487
f20a7f264a8285a75dacdc1d,891094127.0182284
61a363a73f3c93aa1775c4ff,623009503.9107558
d8c1f7303b205fbaba2890b9,592154045.4646344
70962daad7cd15ee8af564fa,806731060.9404123
087caf4bce7b0a3fe3c47dc6,740063297.4697372
5d2200b04fde91f830478aa4,621498558.8322272
821eabfeef3dcc622fbcbfc4,600406366.9906957
3d722d960b860b4bee79ae2f,693915192.0864779
4d3d887d2236c2f897f3bbd4,703470702.4851501
7fcbcd9e274b75a157cf5d5e,687069407.2305417
88ea2d2d7cb6d641df3ad76d,946448867.3845171
c06088db17767866b7f4ba7d,885850904.6522596
e4a9626b1107b9397d0067aa,744745204.1782147
82abb1fb693f34877bf1327e,868042937.1161268
3279efb86571efde18eeebef,713059506.4123195
afca7b219d52b22522abd00c,632493897.2659645
7712f963ee37e91abb7342e7,708560582.6521194
2a2f455525c8e0bd709db91a,623681150.0259941
833ded72a8cc9c0d606a7a74,681428174.2341114
f3bf0be37be6292ba0a8736b,853009129.951235
c06c8b6425e3a7c2d7481e42,658590763.0062536
27d4f17375f76219b446c092,628008943.9121623
9b7de95ec90da0dc8cff7011,858291194.6229038
8fdc9f203c3de5d486de7ba0,621889985.8269382
ebf2d540aff82f1aadf95f9b,660290525.288526
51c48d17e774d6cd84f4c355,662120620.275594
5c1d1ee26cbde5b766cb4ca1,1005097210.0967375
2d26b8360f1da9a677670fcd,819608524.6891615
ce1b06502cb0c5d9846cff9a,763568712.194406
3186cd0a3125adf3b25587aa,766926713.0710956
f839de5370a225ff993f5b2e,720715938.3376852
2900dcf3f944a7fcb33aff36,646221262.7372355
3f54091296f773f5a1bb240b,936964075.071029
499f6f4997474415f0bd596f,917309676.4962759
110539d2ac34e5180e3fd95b,707433817.1414282
dccbc668caff517f649cadbb,722467756.3631197
823c9c7abf2d00140766a2bb,966863152.0011661
94af5eccfe170cbe7d428184,817907175.4120867
dd21457e18f07d7a927c0104,688894713.601592
5219cb469fff40cd9606bad9,627244056.9596741
5a83bd697db5076016c0671e,686776461.6640526
2a1edfd6cf74573521ed74a1,498542426.1666762
40aad45bb7a980c9c5e1884e,712737329.1229472
a315b497dd8e80464bf0480b,732465900.973634
7095d576a0b963eb340d8fdf,631134368.3715085
9d6288cfead77d622f5f5b95,915140886.9100506
4caf356c110a50c6c94f3eab,826835330.1973271
23101b0002252f3d4b3e1d5e,747505846.915898
8d1f7b0cfde7e496e7bfe972,915742273.0935373
28e572584fea1555e2a517ed,740960245.4293253
6666ab486afcbc162fb560c6,979129585.0786012
b0978c973ec3291e950185c1,957250025.3621349
d6cfd3ddca2a59f0b6999d77,951611515.1338892
a77f5c03a98636d90f50e11a,921297036.5980273
e6387696767d20cfa4918ca9,787365186.1770278
1dc0fe5bcea9d08874871326,545329316.949111
ccdf0abddccb1a670f31c2f2,825176017.067392
3ba769d65f02217656e0f5b5,869287330.5469807
628b3b56449724e7d945351b,824639897.5898721
b47713520859d58efa95bb06,881727036.0019226
e6c6625db90e519f9dcf1b23,784778661.523674
3e1a1b2a518d3ca2fe3950b4,761051798.1918197
24849579dc9ba7fef1b24396,731317317.2223916
6103571d9525ded3c09668c6,728159319.8311461
a678e89692df9b14da9f19b2,733193852.9712238
47bed52dee0d311ae0016b08,701153621.1650293
36c0d26b83e575a500a6c30c,625298083.657127
34447730b60ad12f4775894d,977853312.9448485
aec1778ae3b5e60cac280b79,924847420.5350689
d95f38f5d1293c74ac52e823,977853312.9448485
5dedb7b64b6ad0b514de2bfb,686635369.2607793
60c71a98253b5550d773a529,787365186.1770278
099ee1a7c91105ef46b5e7e8,736887999.7203066
b56533bb19eefcb244e69470,978935957.6936947
62f46b8989bee43db86ff589,660019837.5809989
4d485ae48974213b1594c905,695116791.4424932
c627c6287efaeb6fd9049312,603238588.3195901
976945e68af6a66f6fb0850d,688133030.7976842
93e443a5b3864d52765e6484,723841452.4775113
6ef9ce7a53ba3bd892e21f1b,749251467.7032406
6f3041147f930cd6cd4fae05,592538898.0487621
3917b95a3d05a5e58c117f68,656055230.7768483
d61ccfd4239026feb484cc93,536506748.72554994
b443781523fa0b5be4ad7739,830385448.2448434
6f0fcd78c473e4e04fd411c8,822713540.5003198
7f134c92e20aa9c6f084edc1,872938472.4039216
75075631f0fd84fb0ff49417,648463394.8473244
eae4243c274735d616c6b9bb,825930744.7606301
25d233d2779009affadf5e91,875675714.3178602
1990717d8c7aa8e732bb1165,962465923.0663898
71b99de83d83dd970b00f07f,926826001.9707344
243ab5db6e47f3536d04d312,713090394.4971812
61cb98125f43429f7f93c898,828136569.2957634
6ed772640e5a311cbfd17c31,737263567.61483
d9f0b4c92bdc9476f50638ed,671307661.1058309
796eb5ae3ca5b63c9fbb240a,751339370.2236944
e6f3eee9f5048005f24f0943,718460872.1836758
291ff191bb029742387a72a3,1002501146.6532216
829bde7f8716daf76f65ffab,659650962.0081043
110a2f124bad0f9381edce7d,880744694.2558388
76b719681617ff7f28d33df3,961861611.6475128
eaa6d58e226904e9993b3493,908666994.6053287
af3e3a83257eb507b96b2a1f,928042339.194534
43969367322e86c68b51c2fa,558292739.2524441
50fe589dea73e764b7735938,682503745.1950902
13c9960a03a1c446aa5515cd,626339958.5627242
e7834f52ebad3d3cd00d069b,667390661.4318416
fae37ecd6046e53ea121b1c6,670445587.2272108
8a0d2f8860a90322d6c3b61f,649382482.0453167
008c7a02d158f3b17ee8e015,619590084.0514109
3ea6e8da2cb0bf83872dfd8c,892784853.6857085
9b184e58842bcb14dd42103b,636699924.3386747
43eeb2567c61bfbb059fcd4e,827959423.8234483
ac7f6087e19c2d3502368fac,712469288.8757733
73494d52196ef9838b1be34a,879955608.817601
112d996c4c0662bd13af3ea0,980743081.6069171
8c3a02c9ca043cf0f322ba84,684278678.44924
a757ba01a02acbdee50462b6,963487655.072623
64e3401f22d18b573ff0504a,633214842.4184045
acd7394afcee30e084844c63,760290396.5605595
35255f80583ffbd504250554,705667501.7723774
370a0d0da794efd58cab251d,889660545.3334705
cdb5f8327360c750469cee74,805912227.7562041
dbffe8f46b3d9da2e57c97fc,975213196.2482166
25b1ada57fd1e5c88d939c71,826063309.6235774
05f79195e285c126125d258c,692877636.8496569
62c017eac96743cfbb61e86b,789412213.5124493
3ca7f183cc0b303e5d455309,880133818.5175238
a3dbd504524f980ac5325150,903906191.0084958
5703df84eef7ca9bec5bde45,700752502.2734468
513aa9c91c245ee4be31507c,901553498.1827283
d41d07d1aa700278cb81ff30,1123104841.6501367
207e39d9cc4402edd48864d5,791130683.8007299
7134b03f54b10f282ac34fcd,652801578.4168744
6d860c215908949c4ba1c536,604615396.9604007
f35f884365b1bf6fb303d7b5,635808394.9660926
4f480aae78aa068901ee9468,613458730.4565661
39a12600317b58457f68b5b8,705604082.3354462
5f0c7a6b4f46203648a0bacc,681888742.350844
d01f6c0b2b338289e9fe3768,609150955.3492646
613ad83abcebf6598f0079ab,821348187.1468807
effc32659ff9bf30faffb3db,821348187.1468807
73fbb3e6b22b957ba6b7557c,609190635.9503403
6c8c5e22025ca4f450a428c3,648907506.1337781
d6e333e793f75c2ab34fb127,740922272.9855331
b82e52830b51e823ac7187fe,675358856.8098961
35ed4187f732a1ea68dce712,816452895.3949333
0c5067ff99e15fcf99792cbf,816452895.3949333
0ad01fb039a198262ec59b72,862776206.4891156
906014f0ee3f3f4f0576d4da,660938311.7674465
13477d8ef90576ca84258984,635938340.4678217
3083a7ab1deb092f7aca6a54,754723455.9946663
a92ae34df90cbf8af7695ed0,1156825512.713669
82d22ca21e31222068e1ecba,693268779.6656201
11727589f7c66554e9114407,694251548.8634484
9982169d6f3e9ca61dacfed5,780887029.9918238
2de0ad9bf15232d6056285fe,755735605.9930553
eb6e6060b78676d13d6bda48,810978399.5511324
6f37300b1fefaaf746f53907,808471127.1411132
7698775967b96e3e7bf66e6c,776658157.8148241
863e5cf88a808b8ca96907ff,783914232.544461
77b5c9a5f534a5b80cc16d09,826731268.4052907
ade0c9cf1f9106e342c69bd1,774732967.5587363
6fb45859693c703fd9c812c8,745481152.7414532
45badd183bb1a4c630174f3a,724669876.5684465
f66bad2cd4b09ac29f540f63,724573216.4905238
fa3017d74586eb4c3b5b7db9,1115896575.0945203
f09bb33b65b5ebb8fffc3a21,920533705.9120662
600dc823c42aa64f60fc3ab9,799261393.8314353
c1d9119fa7ae7d44362f18ce,1026203077.1070236
a1305fd943ae63715529209e,858321503.0049024
8d81b4681ad0055c274e7da4,808736420.7493212
cbb10e7618b1385cf922e815,931742055.9118488
b09111ea69c4be8ae120ddc3,786643230.8270364
099f07f9ec4ff6d835337f86,908066472.5621325
c70f6bd5ca138bacfdf8b5cf,959216760.2150064
a6c86ab7381f6c43fdd61a01,736441462.6406788
58c2b87098ad454b1fadb13a,633836687.8646079
6afff7782d129021eebee968,907703265.2636166
ad92f3ea52673dee0a56902a,1035258767.1320024
3e040e87b89a043564f0d0a2,801488387.5324781
49d020d2056717c2108b0927,850925022.001601
a4ca465294c114b1065bfead,765819001.2053729
ca9520c7b8432b0521b2e8dc,615875124.2654052
4d20f253940a4492b4f6a9f0,791078090.1484914
09b61cf8ff3ff09ac892d073,745663200.8852962
86e81141e429bd81d7f0e73d,932133337.5787451
b9826d7a6132b16df1bf58e1,741528591.1440448
a90c60e05e29b77963a11246,680529161.5747372
6e9984a3c3daf63fce5cd3d6,921256719.7301738
a9eafeeab4ba51d3644f4052,715501236.0226041
f74eed3a7dad1bd8d92854d0,754153421.3869495
5b377636fe30946fff973f3d,722381288.6891263
5bf6c1862c0bc967da2cc484,892033660.050545
cd5111edd2fe80f56db29531,672983438.3743807
c76c4695ed005277a59451f4,763982643.9831204
7dab6cd1002a8521e5825bcc,766585685.8970555
5b57258272dfd1babb29e7fb,771884059.9002135
f68b7dfd0579838324895097,816541927.6692926
812646c7de863919cae5edff,876310249.9187584
0da10eb6093728074b34fb75,969235579.7576865
c64346c8b0ba32a55292e66a,807960904.3922532
ad6317cbcbb8bc27b0774fca,857699711.764901
9f43c80d2fa31a09592b030b,964049857.4289134
5b84f5de073000ad4d4b1a04,1004236326.44381
d94d18cbc812d560c1e38ffb,908060630.6753935
ab3110b5dc8ce81471f69c16,819102807.0740631
138a1990291ba31024455eb3,800655568.2695003
646bb3de5a1cfe4bfb7a7ea7,783021195.5309918
d8fde541f142e6a7f0b28099,772386351.7002795
ef61986cca74fe8585b1b287,850148660.6463321
e1d8eacecd35515eb19f9135,928305910.2284284
8346d64ed6211083fd420ede,751866352.6571833
4340fcb9c80733260565c24b,750775092.2930325
ff5a27ffe7de039e65170f9e,638594166.136332
ce407c1e25333d7c7eba1b0a,938271850.7176011
f927027bc766ae6c111fb685,583669821.8068478
3f9a3edf25152433969f98e9,819545247.4748183
987476ca395533347581b2df,890865274.345631
17d0e3208fdf10c77e95bdf4,738605043.6215632
b485036419de03f5bad01f35,764900259.1981084
d3f7847147c88352bd3b9707,781821642.5343896
aabaec5accad3f545f864a3d,664253241.716006
400a103762ad652e81c8d3c6,972418285.0460669
acf15357c1a919b6ee78f676,873440136.6133329
8d983b9ca65f19ff3d69985f,958590553.7297256
b9a80a4d84eb918792324dcd,704803574.5308566
223b3c04803ae7b855f9fd10,910231711.7883487
e5c8f2d536c3f931eff2d70c,757915832.0390658
f976ec33e004b2d4d32c2eb2,794465572.0519497
cb00e44cea76a92e9c44e793,624816589.339567
0e6dcbf136294f2a99410052,838038785.5274363
102de0a5ee4f19454b922b96,702237605.7645127
cb1c8ab11838d9f0a1197e25,947937230.1262722
2e2f1072d8db7372b2c2419d,700629397.5500398
8c4cc779f5034e9c10b2e698,647806228.2733212
85734fd69714897264ce2214,972373085.4185433
5694c1f689779fb5ca95686f,868202609.0257931
f3bb60434cb36fcdfe218478,812901891.9627223
cf8bbd3528d3e7e2b8f50c29,916125685.228064
7db1c8214f229d865da455cc,658025815.8176957
f3478cf008a7ad268a434ba3,713682163.371451
5440ee15bccc4eaf827fefa8,753997817.5309042
78e85ca7c532a77700bfae6d,786006389.7131898
eb5e382e1372c4e94f467673,694560911.5066817
5a11cc89d3b01eb87535ff1b,888629272.9012477
d0f5cebc2059ca89aae30c76,558911690.8272545
883371e374936fdd74d09fe8,721092013.132952
9ab4e5f8cf2b807603329cdd,853208003.0653428
c37c7859956931d77cd5c9a8,805486219.8850908
730804efcdd755786bf734ff,656626300.0816543
9d021f3fcbe5f82fa1c1fd94,952236207.4515295
975ea2f56001edae07f28fca,674265493.7177159
8fea95d0a70b1ea918803f58,845824547.2415015
4718488d664194a3c0c5b446,727889347.0276101
1b87ffa033dcbf4e2805dbb8,650717021.9796193
1a77ac51e03c77ad280be447,662120620.275594
228d165257ef052ad50433c7,692614233.3877356
513a83ac5bfe27c5b813ce4d,621494800.5155087
73bde441e18a9548c034372d,617549147.8534997
26301269301b6f96862af599,785329101.0352134
7b30dbf2f6d835ea0c14b392,699977490.4160078
254de3f3fc52b8cb62141baa,732227204.3109989
f566603aacc78da47a283804,947716145.3833525
990c8d65ca11a97a1d34c5e5,827959423.8234483
a9878134c12696d8199a1ff3,839668339.3539155
58185ef7646efa724e904f5b,907038975.3172306
37d5b8f329ed1ec29d4bc035,842431849.1927673
e6f948282e81570fd03e4df2,892377656.1530341
8b801b4cc1d254d0277fba5f,591977438.6609291
33a334a16c4547b9d7842c3d,649336581.2776076
1ad9e105d9da875001111075,967152326.818615
08ad96681afa49c74721daad,780006152.5560799
beb73d27906bea7a7d880791,1041911030.9425838
bda5b2e5a87a4905a30f3b8a,643726105.5507152
5cf70a67ec25288657d6fff4,650200673.1367874
baeb4e9d612bffb63ae3564a,998917681.572545
1902f509aa05287ba42f546c,812444558.928962
c0cf9517f20ae81c79ceb0ed,920198073.8252451
2ca8b22013c529b412ad764b,695341184.893761
b38816ece917027a179663d4,752526529.8820899
c89167e42af0d42c88e8573a,960083389.6539176
09254c66d93cbbf2675b775e,806594677.4439055
89f8ccb0c1e2136adf87a10e,639772677.3510288
cff851746578050bdfd46090,742979903.6118333
d53ddfac67129aebbe054024,784393650.1581625
53b5ffa0cf0dd12e4eeb6a2a,838544080.0343801
62db5fd2a4eb831d281ba8ba,896431754.7717195
59b5fe8d4f5ae272dbaa5ba0,976761030.2620974
3c1b7a0a306e16e8c22d78c9,809692516.4504895
5219c3cae1c92b52551a8571,799594862.7918978
de6aef9a5e47a614b75ee576,722749169.7947601
d168181ef0dcb853171cdbb4,980444666.9588044
6c8e27967ec63e6dec4bd6ac,1249768836.9396906
8544bc14286a51e60ffee7b0,1117508049.331309
ed48916725be6970cd2f273a,653870247.6830407
9ff3268cd15cf039ab958413,659538540.930506
16cc5c280124618cd5d00027,674991329.1453485
ac028c1580f6e4da4ccedf0c,726590876.7023159
673f2b913006ee8b33e75b5e,785473625.715654
191f96722301456877893b22,718394219.7254281
a7d8e636db44cf5d3ceb67cd,706354679.020997
1310e9cafc0b9fc21c212f73,692041508.3013843
1bbbe4e1eb264f5c69467e50,821748249.3946658
283c1142d027be336a7bfacd,629404713.9151642
4d09c2354c67243c968dbbcb,741513628.9421678
db3edc43e89840a65749cd94,682278961.7730751
0274166db611aabe4e946a83,648522850.1753638
8153b36347669087e363801f,758100212.520676
e04473aa943812de1d662058,928595628.5755488
7742e8923a4b832e3d94f3c7,800904698.5530409
536b5a8aea016aaa90fe744a,740767929.5340967
d2c02052de9c97c531a4453f,693273571.9254038
48378a6148532f71abcc2f98,820894911.8782252
fb0dbfeedbab00cdc7eb93ee,862756926.667665
699412bfdab1157487c81725,695594688.0539448
a63c26369cfbabfc9c2603b6,917504998.232392
34e5602cb58501859e32dc9f,643622645.0879476
da83b03a6c9d405f55714b0c,995869287.4954746
d938d682332fa9e5c4986024,759189824.9568815
e9e39766e2c96bc783d580a9,984275758.3503227
fce89a9ffaba32f9f7c5895d,964410759.0136511
2d6aaefe0f50db8acde6fd1b,974712292.5889285
1710873f951e7f695fca3568,727506226.5733905
0ce068461fb3bf34eee000bc,751548558.6562564
b5606ddf3a4e60e2a0e0d6a8,793127640.37449
2c2e56e3e5210c111c7de708,683761758.4690106
94118bd8c3da3f14f9c7836f,648249779.5046761
d20a5b3eb857e1f4b548066e,771779765.9936124
ad37e23456bd4d90010f7784,875444194.5879802
c5602c608080e2546dea5463,633093817.7166175
e3bd8bd5884a55fc1a151687,769109042.9010448
aa31e5995379bc38dd40b8f3,741547599.7436972
fe8a10fb4031669a9b21c919,709327035.6068816
08eaca41f26eb387b67bf30d,919751554.8577168
23ef4d57d130e4130205f30d,645931190.348922
d6f1594affb8db7a865e3452,639323722.8528228
abd9cf3c36309d590e58c2a7,619283808.2933984
1c177af5bb41e26ac0135b4a,883547968.8732591
a05da8df13eb4b121d536912,843484120.3328068
5a5a581ad5540fc82cd3c2ed,792100375.3652117
b50ff8bfc0b4c4b165c5ccf7,864224777.9487339
2abbf26e80643dfc1b75edcb,968883462.4628357
ec903c33a379d8d2cc04ab36,856070205.2569835
c062d873af3b7cb98ccbeec9,1027539198.0902901
927de0269795dbe0566a0326,921267463.87479
ee703dca75c4dfd5d035c9a1,780392560.0361338
b8a42b02c50438c2ad7598a1,642404631.2944827
f7216fd19f41ca5ea66a9169,642404631.2944827
f487761a658a4247563faa38,673941348.3486444
caf878b42daeee3c7de336e9,672475730.7516189
29d0dd2d4b120dd54c34b13c,824725811.7119896
1cfc7d60ce613536d23b093d,838098951.5864861
c6c7409bbf52c86461aa1dd7,802463815.5281138
312ef52e0250429a5ecb3b27,962134738.0375764
48299e52748ecff3b69f7a90,631633872.3697791
a02f6ef1f148659297d46b33,839768569.7845547
67f664c8f9250a22c10b4f67,801177769.2237285
4977af03eebca1aa266289e2,775594755.0436308
39af71aaea23b5c1e987de32,574760359.0157697
d69b019e6d54faa1cb044d39,829228851.9785146
024e94e72ae88464621539eb,759462895.6275692
b980c778ecb2709696265c10,984548829.0210104
8780134f8b40f0fec4d1b661,709873176.9482572
107f29b67164ad6861cb7059,980805568.5435421
c8958d280d0cf2d8a0b481f3,851487145.0142974
1f8f74ce8831d5532f330925,863579791.0582697
7be46b6dd9891ab771fc4be4,838662864.9861044
4f4f7d2b14079ddf8754d6ad,772739493.5961597
5921ce922675f6517f8f0007,921736318.7127994
49f0323d28ef0610248c87c0,802603208.853244
3ef167ca6c4ac77f6968d17d,647248909.9055405
8d2f9968ec8aece8d1a20137,1020395876.3556813
4bad47078442f3416b2c1ff4,732466808.8731147
5e1cc2905f7a701f895123d8,723422345.693125
a8633d3336d097920bc8a9b3,892852872.0626085
72fe83366bf13a53937b7034,823586010.594772
ce78e1dbbf0f7aee98e244df,799748653.4785712
11be39d287e5a8bdbecb5994,821987194.5609765
40a561bf79fa7a08155e1183,785293844.5948961
3dbafa8cd5225e261ec9b6ef,658689896.1998886
68cd88b657b59f5671f59e04,580066098.4805715
6a2ce95a8be0654f193592e5,716264193.9636451
4e613cde51f9760d3c051562,699700144.777417
1b69d2c7fa8f802c4af1369b,647521980.5762284
f126c4b36c00d0ca11c21a2d,793046980.5085249
e6a7e6b41e6c6bbdc16e1e14,773012564.2668476
5a69ebde2e113923ddbcd18d,874849792.2979959
72f0540aab38ebaaf9a389f6,760903192.357528
75b5bb7b5ff8ebcc863fbdcc,863852861.7289577
096912698fd9a59d94935478,733691505.8835032
f0ad965090221d2349e90d5c,839791788.4352595
1c224347a1445ae01184e0a2,922009389.3834876
0ee7273686a0a92fbf48a383,1001044930.9776903
e2094d28cacad3e2a711c5ca,650151401.2156017
f50e0ea2c3831235704b8c72,683199747.4342545
1e64759f297a66524eb07b7e,762668010.7253921
7636a187e29abcbd8fad6244,692640835.3237398
9b858a70a031475e422e375f,776246512.9033852
56c2e8e14f9c6c9a9f046a08,701016271.3005002
1bd7b990be19afa5acc78bc0,663945049.5626599
8b36b7364e4a4c80a6e50bed,922017433.3160043
d348d38769937c8f350297bb,712709018.7399287
f4350916cbddd5a544c6ae46,676709780.0495285
237bce11f35d32ff029498a3,805618009.2116735
faf92fbca9baf8cce4a00063,681200187.7850388
812c9b5407424f956d308b06,875007799.9195187
9fd4adb5c63fba5a11661b23,819037534.6609585
168f81689afa1f055d8bf7c8,735197238.4585639
2a9bbffb1b98c49d79bae509,760306188.4290981
b95ecad591e5c69fdad8763d,683970762.7352628
dc51caa89a74da37ae644ff8,683970762.7352628
d97895a836e6ea22ff3265d8,551413014.3589956
de754bceba2d206a9cb4f116,529549483.6009134
036177aff84b1901e0f18759,559184761.4979423
8a6cb559a488d6ce1b641585,771992119.743337
74c4f233c7f385be73168e0f,687313818.7856207
27a6f3e8f9649ccce7680f0a,826463770.4515032
711045fc099712aae3fe4d14,662393690.9462819
01e033f5bd502c4ad398ece7,730498105.2103281
a99261116e0158109b3e3bc3,605895746.3933848
2d8d64261ba659302da4a481,700250561.0866956
9adaadeeaf6a403e1c8754bf,868468118.5349172
2ab24b9c5349427998338d21,636621280.917889
09ce36a03c52d6721bc5276b,685349490.7268531
80b37d5ebdb325edef39258f,801619929.0575234
78a080fc98669c0cd9153904,940456961.769396
2d14ad8ab9573c406e203ed4,732037994.5108033
145f33a8350a080231306bd1,751061143.3852781
b0aaae3a435fde30c4c02fac,751948167.5393434
b3f5af523b5d6d938693ebfe,694297579.4304297
25d62e6b1a1a52cd8080354f,798169685.4647197
5a06a8b33611251b62d77e72,695592825.1042335
e93a9b257ecd815c860d0b82,1014045209.3900673
610f192d22864016cc2df1c9,873856410.040266
4e665d479b3bf2e25cd463a2,704743105.498888
343be18b0f77260f32ec05d2,571653588.9170673
33dbec39ef8c0667e4c3f039,751827699.9070003
b24fb90a2aa5d9d0c7e1541b,840408373.310114
b56a3a017449fc4ce417009e,703046669.5594702
e0dd5e6879d824a95c3c1773,734564669.7993149
156a20e2bf9e48b9a360f9c4,550475935.115422
d5583fa23ed97a3b9413e910,848800030.6793655
4e6f695bcd4d3c0d8497c1fd,889066381.5144165
da7a511a5f470d99ab2bc4a6,790414672.0752306
22a6058ffe790c98a8922258,797979313.6581776
0c19c54de06d1c139df99ab0,749376266.4484328
48e687093fb26d29cda9ad6e,745301788.2961164
3ad3c519ced4b63ddbfdb0a1,657318090.0076113
0b221ebf810f632568c1e2c9,669517523.9648789
7930f32456e796e40fbf78ed,995226396.4419935
f084bfc530f4039f6631537b,894652628.8370504
f9793063f561dc76c0b49a9d,675075631.1714206
4d2ec23fff8eb502a9d93353,892694263.6754622
a6f570e11883e74654898d75,690873450.8563099
cdf11b53a23fcf9b6032cc8d,769606466.9346507
6f968f62a6fa4dc255397bf7,1014172137.967297
d692ba46b098c6658799ea8f,828860289.8271656
774a4b48d34052a978b1180f,876688280.0498304
acea4c7aa1185baaf6d3b60f,892808462.9444176
07ce6f95a7719abc9a204b6d,849872830.7699476
b371665aece480b8c1602773,943615118.5561746
5edc37d9746cbef8352f0fa4,726343140.0710986
26617e1fb3b4f0e4a70e1b0e,995929217.6080805
b1a13541b37964b8b85f4669,704090040.5009586
94213637892f5fe643cbe8ca,704090040.5009586
742acc26686d04596ba60a34,555119454.3758671
acb1d16ce30aee0a39f01f09,835197058.3742528
e0d837e6d5d74fe91d39d23c,752762271.4657553
29028322a6d692edc5ca713f,712290179.7005498
03d54a6e80d48c96a7f6a1fa,742443552.4572568
8616b310e335f539ab1109dc,717641660.1716125
6c21f6a3513869f93b32e9ec,868084565.1288577
10084cfff54a17bcda6f19d3,926248695.7934111
169c742419c0d4335d09fb45,758723076.591223
0f06896d7502890175cbc4a0,761819734.4903204
7d2e3464d5f2f79ac29e6c0c,871734045.6325612
de9053a55630670ee8e59c9d,785695026.737392
8d54b9bd24cd9da341cc942a,836626630.4936442
95570bee1792641c7c12e4ef,1240655573.1675413
6d0c5546a498fafba15f2e17,698543789.6251742
ed43b0ac46067bf886457c01,737942445.774326
8890eca19a9e1cdc9e0f0541,859616971.3642089
760a5dbccf4eb4ccc2622b77,839064496.3106432
20fe2d7fb3910ef786cff965,719055469.2860739
602abdc140c40112afc1dc98,563112270.4336066
b7f906741cae6861bd5fb922,621343844.4855628
4d45fbe5a5d39188b5eccbfe,1017668382.4997866
08f74ad7f06f2c409903ddf9,773940012.1456983
7be186f4eeff5c0efd58e424,814240390.129067
3d1a767dc286fe1cb86ed9f6,1004551068.7553617
2ec9f5265334241fc594976f,895744911.5198016
d737b8b7b39e99f7d877b7ed,672508911.9866695
8fc50169e6ec98a3f4229ffd,950125129.5874954
942133ad6b84f9d08e1d4e7d,751710266.6340156
c965b03014d21473b27072f8,876107110.2208788
f1c8da86597a427e24dcd557,891831514.8116585
8ed5e7770d03c43ed19abf42,733193696.8489286
68ea36e3f441cb6da8d36198,911115748.2368894
c97715bec6032974060480d6,935139370.9709002
e6eb47d050702ed49ef5c49f,943200240.4005016
5a82fa348f3b97e74cdd3a61,761138236.5943578
cd05166ab9bf3128c23fb8c7,921560150.0374131
cbe4318f63d73fea6238079b,975746170.6501906
efcc8d268982e95fe2fdb311,1003963255.7731221
c45d7f326a2f279760d1a4ae,643622645.0879476
7c5ce0e65cb26773edc9ddef,920296194.8704505
357fda0abf79ec95f73e3584,658637024.1012217
a1e8f0c7cfbfecfd1549b0b5,894540870.942507
3f208f32cc24d8ce1506ed90,794823084.7883694
87ca8a2b3251a38d45730f5c,707572115.0510021
728961e03bfa6e3242f06d8a,671942370.3407564
b9f9dd0d368df912e6e0ce70,713678112.6514018
429b049255a7edf227a980a1,678023412.5442603
a6259664a05091ef92129c7c,759417012.9542637
674c915c52b27df2c06b8bd3,729886838.6105018
f8be64dc83c5923983fbb770,720212738.3158944
445fa7f5e8e9d7f12e8991d4,1211458723.4030585
0842816a5ef4f24435c8df22,806339240.4257392
40558b62d83e4362efe1fe26,599577548.5398791
bc474096496b98177e40f590,736394539.9800917
2b55989b2253416428ece917,736394539.9800917
7158e3a6d456211d4533e246,593075629.8712379
d4fac54e137f5d27ce5f457a,695274786.4514074
faee80ca0efce20e731823bb,749725275.7601972
8ec09555f5a47f96a8683699,905970429.2869155
2d7a48a6b9fff20ded24f86d,703048293.5970201
514b09016ef85b9ddc4fafb2,761935779.1307719
a1c975ab16effc6f97935e16,795933353.1093917
e803e3806630c6579f004610,956174703.3187902
26526235b34fa5b7349df00a,646134897.5427572
ba762cf12cc038e5c43bc6f5,740846068.3618639
45aa335dae223bccb31ff7cc,688825817.6366653
1dd3d7e197075859c1ff5b23,971419612.9240227
2db9b3463f85dfa87347d6e3,937471564.1465535
f72cc14d79ce15491a96ddfe,724975789.6073993
4e25bad08182b79f5ba9639b,843118559.4365101
e724a1db86d8d0c6334041b6,788408045.9556415
8fa53bd51f5d54be50b3fa29,510609599.25112665
fb7048ba61e9e6b1de829bdf,697117920.924839
4bf70f19da0bddec9241d310,676358812.8336798
13c7f3592bd432c7cd0a42ab,691278833.981102
cb64b363295d36b9b0fde3cc,745731268.941518
bdc17ea3f30318b11df30508,877327504.6698372
cb7f62ac4c1afbb4256601f0,602011812.4849126
5d6c275d9d3326e738c875c8,678837187.6942878
9865836c04a9582688f50496,630321118.7488722
55a615b65a28b64d46ec63e4,549919203.501157
dcc9e2c9c1151bd9f93f44b8,769044698.4042886
1a2c0e46bc18bf3224450064,727636439.3473431
3de8187003cbf6c4813bee45,673213324.091174
d62663a447beaec69808f85a,535530291.93433225
1ae17f134221d5d9ee69ebd9,583495628.941302
35e55d060b1c4239a85c0ebb,628547553.5231742
45917f1bac415feac7e41124,708531514.7412609
ed44705c17c414af8442b6ae,528481698.3101625
6f01f2c67343ebb8ec717a5b,470542978.4236467
8f2218126da9580268661c70,888142947.6677939
5b36bc6e78872d2ca6d3d1f9,657557813.4809153
c5c7631ddb5b485d0e992f7b,634409454.6662433
43c88f1874dc7f91c899df36,769097629.2882059
dc544c90e6ee38346a6002bd,1033419541.3809791
02990998f3621fc5a3d0ee63,672560029.6862313
dbab5ea45ae910567c97fbb0,964269240.9080982
bbf80c409ab3a6784028eb6f,635360680.5188388
40e56beaf4a7f28f8108b132,635360680.5188388
e857db57a89e165eade00770,677700737.7033118
41fc4ca2b3f48508d840bbb1,590638833.6184771
08c1db1e620e975c4d476b2c,734959775.7089084
8a1d93bbc83f4728657317d1,659109350.4201434
6be0ddd4180b5eb92908da05,663553445.8599237
ff1498465e4db86f4f652e87,740178768.3692747
6410d336f6e61c4a81403c61,736905403.842329
169cdb07bd175b4325fd28fb,548095265.8422456
546b56fbf616a6dfd1ad9d88,873324446.0505849
666af58bb684c2d8e7574e86,710961133.6546807
9fe75dbfd537f9ebc6653f18,733294308.2140315
ef961c130fa3b9015b103154,868585055.168853
035ea0f13f2ca01c902d5388,679772087.9579674
7800f742ee14c4b4142f8b58,684455258.6177657
0c621256c4d7ca81045fcde2,815212360.9387625
50db9d168354ea3d75a03a6f,903921909.6120837
7bcd1fe7a140b6eeb4df2aae,684729291.3139344
49a4cebdb22fc2d72bd1aa78,799526508.1065867
69ae1f2868fe714ad8e2f114,687857296.338239
ca4f4a66d83f2043a7dca261,792127430.5256667
c0ef32a7a294e5891505bf35,792127430.5256667
5ad6f4091b77715b7f74587c,1203451726.5892792
331e915e2a66fb70380282d6,656286808.4809632
3a00543fb00cbc044a5b3527,643256160.6419975
81df59c6d8be19568d16ea3e,669567831.7797326
88a4da0d72977b0c56b31061,853586544.6585746
3ff9e75c6de41de517d1c4a4,571601499.422667
147f80fbae69dd577ff19950,910506148.707932
78beee9b7fab8600d420fd27,847293391.4193119
c3733b88ebafc0a05f5bdc99,888724782.889456
568509a7aba60f8fe2d0cd5a,639668408.1842713
f6d3f7e963c9aa1783b3adab,631784034.9187945
ffcf6794a400aba909383b41,727273691.7822679
fa0aa00078cc178de0cc7d96,787330137.8895639
eec51f949083f39691e37e15,784303504.4239633
26f3d5bc3adcd1396747a414,873167065.9426452
cb9e058f82b10cf80990beea,705520142.6268321
22a0f3315f7600e5120db131,600382000.4933939
bf6845aac15fde9b89a7208b,774874252.1246036
6e3cbbbd3f4d0578144cf021,853564456.6796257
98a0289e513d5ba036b24252,646302511.8631841
597d3f78e2f413acabf825c0,887312898.2328472
43a91a731e86b9a0784f717d,781107560.3627696
f34ff57e272cd08056e6a243,750069046.3575436
6f68b289516faa0b7ef36a34,669997073.0914276
8bd8a7e19b6d3b8bcabb84d9,848783307.2928933
74b64bd536ebbcd7c30ef8fd,838693446.3392625
f968e756cbe6504fa0f32458,842882580.5724866
e99d9dcb9880cbfd219b4297,969397939.345125
4c9e6812520f4aea4ce435ae,624349848.3253124
78419be95416d2991ade8be1,758599853.5156966
d417ff438d2a418b1f9e50b6,635870188.0086724
3ac77ed776aa4630c7293240,864497848.6194218
95173735a8f6e554f083c065,872946696.052449
83da39bc1a2eeb75e2825c22,859821050.4490743
4bf89c9e50c5417ed669c481,1226984647.3291073
f90fd39477c8da38e33ba0fb,898864157.4930942
b45bb2d0d137de6984d4e1ec,734226567.4850618
bb812343bd6cd66e9cf9a9ba,627637736.2017422
e299f614cd8ae525fc8fd0e6,900231268.9359851
521e9326a2003c7b56fc4365,764612980.7036726
dd59ac4f6706a1399360bd14,827863498.6250756
d6c6e7f923ce2cffba8ff9df,718187801.5129881
df07a34d0ee2f78f115c45cb,816336938.348544
db6061f876f890071f7ed957,759913078.5775836
b31601cf48b268f3b4107564,722301055.0793712
3a9b2ef74c59e96a6b107357,760928548.4674463
d600310e19c926cda14ac923,808233975.0629411
183f2cf1a1c7eb9700b6e72a,1004509397.1144977
42556b1bae874a5c09777873,857972782.4355887
57c1ed738536d177d66fc52c,929524117.4717134
26cdd114566b7cc63cd96fb8,892306730.7212327
0f679cc583a47b30ea132bbb,655036708.6644541
32ea7e13e8d9391aa9b7ab9e,629950855.2565396
0a482968c7cdf212401d72b7,824106858.5861615
85e4ee2583c51592d68ef5d9,693043661.0980351
f4ce15aaa352d707b68cf773,672696114.2306428
7d383abbb6ac49c6599ffb0c,971341098.4990262
6c67b1b0991a1d79251855c3,810817958.6041365
9e52ce2cb6f6b7e2a152dd54,801974151.9506533
bdeed3a7395cdb9b175273a6,918051139.5737673
423ddbfe2f575e6bcb22e7b8,767186171.4289138
3247399a31df838ec5fe58c5,784837208.6105968
bd57e5cd29d935cb26006835,880169314.0019741
bf00f36c4dbb273d7ba4b7dd,613662890.2439839
48b9efef82faf72bcbdf66b2,980743081.6069171
d2526a3e39ea01f87c99d073,863306720.3875821
651d5cd65f80c4938deb7da4,747688985.6125368
0be7803a34b11d89133beaf4,822208903.9169326
a54b0b282edbd217e9509287,962596484.8633382
550c5061428d09afa0c409f3,696073160.1085091
7538c609fdd115c9dac551f4,759243747.2155285
d7e3cdd3ac239a5c318f2e9b,1025190538.6035204
9bb193ea939c5308a738fcef,711222087.9059691
33425419e1a8e854418c5180,664596301.785894
fedf2e30e390f5cf74b27e97,815260698.4372959
024c5c787d005adbe770b9bf,646213325.6181321
13f681a090b36edf38a4abd0,757650330.0032477
442c6bda79f63bae28674b1e,839490684.326088
47e0c773f65485ab7c78d49f,900572652.444622
9e30b310c820d0426f504d90,593621771.2126135
8cdfda9067e0934a8ebe0894,710701469.7954675
0a8aaa78f68d43e3b1bf6c51,821323828.8588756
1101f533fd18cae5d32c1cbe,854262661.8378332
9f6af9ac2404a8d55f24286b,650999994.0808336
75060f295e0aba8e1224f766,717799228.7153513
f0e68102ff84f49d90fe38f4,652548592.5271901
3c45bf3e3e31e7804ac91704,631475038.6361203
f908e1de4c4be0d77411a998,692828982.4842315
ca643c04044fabc6fc566d12,957262657.2942404
8aa76df8fea21a42fb6229ff,749320981.2886603
c214d2383936dafbe0652c51,980470010.9362295
993898470c6676ce46ede92d,876061756.8421457
18f6240cad6e92f9151099c5,983000995.0071301
1e63fac2629793fdcb793f1e,695820927.792783
e0137390f0186c98f4e91263,889387474.6627828
e35f95823a486c52b0f4c2b6,692066477.2081535
ede10672118071a215ae09fc,799575091.6681209
fcf46edf6d612ff1f5ed6134,736142099.8602391
df4be33c0931aa86231b7a2e,986394148.5491743
53fdb16ec08e794dba9a10ea,731279512.0399785
74c24c5e142e5267456b24a7,879896243.3312864
f1bc08407f40396c094e0499,837334130.8547486
496ce19c015093e97144d375,687076617.6680299
a183a1c009abf7251fd725a1,706739549.972092
6bdd97526b1a9cf10853df1b,776139064.7490745
f083a8f187e2227696695ee1,805639157.0855162
2621e068043a5019aeed6c8c,774646555.326657
3b43e7acfab46651b099b1ed,894059617.0289011
6565b3281cc2d632febbb6dc,943323860.2758101
09e47ad8508e7cfee83c6d68,843007662.8148898
88b02e7b20ce6db956afcdd2,1004299991.8511167
bfc41facefe9428865e4c29f,994629724.2868571
569bb17b961fbdadf7106d56,894366648.9124761
2314e3ffc7242a429e00207c,818279500.6007645
4bc1e2cf5e5ffcbe1020df08,958492152.8018892
949c4a5382aff4750b4dff83,980171596.2881165
a63b4a22614d334b4a61ea16,682845058.8642507
734fbae84cebd50aaf71c48d,855472152.3596642
f92935374a7ef86314223c5b,1517070956.8241282
6cc8e22f11d382206273af23,838477756.3447785
701768887155444b77c4f446,635907183.3006852
13c86cdff4dd32a9f8b9adcf,962386899.2751646
8002e2cd1b70ddcae88ebc4b,903697899.0331641
d0d77497c8a7d567f01d3afe,697192231.5589159
95a7b01cd60cd10e7364a600,652102846.0045933
d1e38d7cbd32567c874e194b,652102846.0045933
e674ba41f9657ac8f30d4f7c,997032393.7226139
6bb760d54e5b0f54d9612a8a,761176263.0282156
9e3bbcdba89c647e4ce53182,892716157.9558403
72927abf4bcd53d6907aeeda,699973215.4481049
aebaae467e5f01db3afe69ff,744324563.9531765
3ad457c8855ab8921a7974c7,823859081.2654599
1f3d3fbcb686ada1a96e01e4,678708612.8124466
0775d831f68b88ca59eb871d,793560444.9064994
5fa3b0993cb43d3c72c30093,981562293.6189806
bef19d0084cfc9f6fa37ddd0,741937469.9442677
85a856b4d0dfb1fae861f513,647795051.246916
07fa1ad76017843232107517,922282460.0541753
4049086139009c35dfebb3ab,708495446.454313
655120f80a39c19221623311,716143075.4127156
71dca93007d6ba45fa40eaad,773285634.9375355
9f41ce015f02d67e193c41f5,703356896.3072641
9017bd24d173b2fcf564b32b,1001318001.648378
e5ef29d41082025c42f7c921,817482086.0058959
5c60d7880850970facc54bb8,892942067.9622086
f51fce25d8376d48fbe73a43,665923058.7875152
9dc7b0a394309d8b76d0bb7c,755431971.3026221
a12ac99bf63b547fd9180a79,760228839.2304392
378d846a7af35e0c3efe53a9,976229346.9843316
0872198056be7edd5eff220c,940311243.7935975
efddad1eec775ce61d3b7b64,964808425.8931881
70c19d59c6b9e194b6bc09fe,817527721.4467249
b0d3d98076883f346cee8d04,970537220.4929259
c7694e92a97bb66794e62fbc,737716228.5578521
7b4fcc72822460a428c19282,726057008.2310624
a6baf4631223d9b24de8b590,796494939.1856935
a6f616d63d134f14ced205d1,844364951.1925508
50c123baa5783185ddbe29c6,848302516.0891496
24756921525595f1684929ba,748005741.9081812
caf9c761d21329c993a0bdf3,806287181.9808408
193d70ead1ff1043845e7671,634008926.2294228
62ea31859e01c2f4d4e97baa,767439758.4484628
272b5b5c28e46c6f5ad95c22,738771650.9973009
552ab0964056c1d1d1b7398c,852650485.0314956
23799891583435710f66303a,699231561.3402102
34896afec0b639648c527483,983351332.5661589
eaf53eeb911ecbae638409e5,566416333.7485466
b1fdade0fbf0470060fc2708,794694041.6975216
8a20478528e97700dcc84abb,629322225.4428453
702525f05b47353c95b0905e,707580436.6706119
b84c837c5a1fd0f1ebc5f8a6,514805142.15169454
ee2d16316e6f4f2388494c7f,691040854.4079387
ea4af07bef4ed93e81ded95c,992801028.0709178
1a71d0d3503f9eff28acef6f,898150756.9018326
1fe392004a09aeeaa6e8bce7,702311282.0829389
46d4b0cdc81137aa56f516df,932805425.0542243
4d666967b74ccdf5b04e9787,696123893.0245495
fcf79745f8cd716d3ff9d27b,706165127.3130729
aa8a19a2fd3e2cfeb3b7dbd9,781477694.496268
f055602beb49dd6040641c9a,843049299.4604542
7b1377c8d81755bb9b501064,771957753.4194279
17d0418e4a439e9de8006f5f,790232652.9470371
48f1c6e343a4724ed865533b,959715247.6671995
353207faab3dcf10feaac8ee,715979675.3069744
ff188e88378c8e2abed8119e,799717710.6945673
424b41f5e01ea2e2ccd3ca48,792328923.2930758
608cf4f46a188cf84f853c72,675887848.0283709
f9e7582dd99d36bfada56249,922114998.2684898
d52f04fb69bed41ffb10fce8,518190709.99061173
ea84b58f733c8e491db98a52,857699711.764901
68699eb9653684fdd3fc79b0,892033660.050545
31f52502e89beb1b2e0dc3d3,841717015.9899645
fd41747287a480d5c4dcb56d,996175457.0142086
b7afdbc1b57b52e6fb03accf,954150670.8307683
48b270a493af4fa28dab9211,652694566.8484824
2a787b39e84958ca6b7001d0,689417725.5856751
e439c77c0d871996bf06bf88,712464258.4522593
91b8b9db5372a2c3a5c30c58,791030511.9851935
038272b33c075765464761e8,811632213.1724117
fe8e45caf7605fb91d6bc5f7,696049340.2639229
d354a2581dcb183c0cd70540,847414393.6478409
9421ce9f204f373a50357fce,636310161.5340981
56bd3b61805077405af098a9,798677033.6488692
0a606d19ae362a58922b172e,817391782.0521458
ededebb1a544fb3246d3e131,723377831.5262685
6b6c365359d20be719ce815a,835467502.8649331
b8b22c1afac62b05ad389dc5,704279923.0412725
3e3717eda8ec9a68c9d83027,699244516.9686562
03be8ec62dae56680beb2cf3,691829385.436292
fe6c8cd2e792d62a4c324da5,770969478.7730564
f9c133f7a12f2b8c1b2beedc,904580291.603576
4ec47b8100d224499ec608e8,995823716.8542867
143ca16847cc47d4a4c01ac0,701289341.9711881
22127243f7ba3a68c3fc33bf,636946761.6976147
835eff7679889fcff6795d8a,790071025.3190974
4ed3eb724d4e57a7b35ddf5c,772720715.0685325
4d743a1250f7d91e2782708e,677356083.3102684
9f5cf735a842860e7ac753cf,732727656.6821864
e54a8b735724b2af56c7a36e,691389042.2177565
3b39471f854357b7e5d2853f,853580378.7955608
91bd11b5a8e0c0124be78f46,704160818.3057662
6121943254877ee48716c4e1,663286932.2385752
3f4c2c98a5a6cb78d7d26327,631838165.9263597
2b6d63d6b072901effbc8e1e,895198770.1784258
7e4b240c601e37977faffeb0,895198770.1784258
ac29d71a80307cab65f29ff4,703808959.0743942
70c77552b1bb67a2a71c2ee1,872893995.2719573
54a09a85767156b072c808c8,721549921.0743746
244210fb4bcc0a04f2cdff95,989963335.9551158
9a2b53c1c7151a8b26a71edc,630709229.0985472
918c48a512fd6ff22fdce5d3,742660513.7274458
effe4219e6cb56e5ab70ff6b,751647281.5995001
936e6d2192f28a2b40939a4d,848047535.921634
ad9a1b23979f0edd2ee19f38,735621285.4892504
8a8e4996e24142eb413c0d12,943870001.617186
31c69cf4d197f97ac594a896,795377699.1263247
143f07eb2a8f0a9e26fc4c56,796772927.133586
e5fd3cdc6a19653275c7f4a8,859282593.2294362
5c7efb015b8ff7f108c99723,783253566.0976342
394718d9d069a126e13be804,734599644.2978444
56f30ea777f5493139f22384,1030444611.1052492
37d5a902f1036cf3d80c275b,683639054.3701897
3f418a8bcc7adfa87e0f67dd,854471760.728015
051416c05445860d5b4095e6,663511751.306396
887761f34ce0996bb05ac48a,1025215460.1817536
e02fa06a8de8a603e417d5ad,614415873.4820203
6f5929e67fb8da068b91096c,913817627.8122892
291479f573955e063f2d8bda,1013252168.7201712
e60850405ccec092b8fb5d02,714420751.3779835
464864b367e16547fe319229,720787999.9835126
4c14547b7e02e75204ca9f4a,775047077.4202359
6183257f16bce94113879745,726775347.6941801
46c34a4e5987c20eb1f5ff99,848772765.2537882
3f39b25dedb96409dc9d1947,934010374.9391792
e7a85e64ee07971696f555f2,840013133.2698691
33043b254b9085fc82ee1f7f,597930359.1097441
bd2759d469829bb8926dbe09,915742273.0935373
affae17b6cc59bdaa30e29c2,800578680.2969463
e611d41aaf38a58acaa0bf23,738347814.9222432
0de426088a306321990cf60e,683135504.6676229
685982808b30597cc013e2c7,755546194.6798525
4cfd1be6a93641b110fcaf67,656252229.0047833
68fb3b3cc3e5b13440eb014b,928705184.7377326
532bf5813d7e70958f71a480,960440235.5328264
06ee1d8f3ea326a0e3a9791d,707144542.9422665
1862e0c4d8e89fd2302ab376,955372985.2177215
f3dea3d678d959aaf6b2849f,737644778.3126969
2478e48a3c6bedd57c13c72c,812906525.3797864
efa36c7738fc14a11cc352eb,675564163.1099398
2f6dfe9443645d6629eeccb9,840306361.4221599
bc7e867cad6f221dc44754b2,710905784.6277888
e4f2fecf58a038d7b18f7160,813677452.8701893
a7620d5599ec354541c8af13,918237419.6497693
484cde8e47fbf62a339c8219,872000860.2916633
5fcd9836a3ea537fe86d457d,719406231.1176193
1b288024824312c8b1681bd9,712505027.643832
44e4574527acc86977f5bc41,932856196.3818512
8b716bc4d6d833f9bff3e729,672975071.4806719
0ab85344c5fe6ccb0edb6313,920731278.3802028
03ad99f1799f2a20c8cc0a50,1214679921.9652696
6db318f828d464be421eb572,779587355.7549456
c3e648317c360c76b94bf541,670761957.8670658
19cb65620d2330624252d01c,562306292.8928189
dba9fa9642ebc97ccd765db6,605733347.3507845
1d2467e5f991b935d676e906,769583246.2609887
4091a115125eb4a67f494620,935603736.1640923
d197410ebc0e3b9937464923,562306292.8928189
722699e593085cdd72102baf,686008939.7932265
c059affd0c19f6d4d76f37c2,740792285.8076469
855dcebac302ec5760f67121,742887256.7557335
f433278518a80c3301f26cfa,740511189.0493472
66a45b0aaf5f696d35f5cebb,1064048126.479687
0152ffa8757aaaf417e9f997,971361141.5194339
55b72f6c7163a9b0b3b0b262,693592010.9340744
c8346a875be8391145a2f9aa,619571520.7738627
11c86230e62bd2c9ba44131f,930962269.7377825
c4b97a459e2c6d13710fa273,819037534.6609585
8bcebf3cdc54d4ec99ba0d88,727386316.2753434
ad159116d166e45b70329bd5,753560718.099012
6f060a8ee8d6d15f46289759,777247200.4529604
ab5f089f9d2ac1bf52222ec5,824702371.8927915
f4fc2da675d6a2583054fc56,697689326.3797901
89eed91bf5148b5645408222,770667466.6640308
0761d0b7c6e319a75b06d420,672877690.1095778
ce84187750fa7aadd141b5fb,697276905.2802854
ad77298955813089bce818a2,815795657.2081983
3abe8f334f0f20f8006ca5d6,896106744.2142868
36445c32822146606f75dfdb,892725689.9546912
f9798cc6285c9fb3ed7cb668,774193098.8189303
59dd396f70b8458772307895,824246229.511766
83e91710343450cb0812a6e4,934514580.7809516
1e7a931100be734988955242,901024737.7006886
bedc5ab20edc896f814c3f06,825008488.3896925
f884247fa6414f384480bf38,669551948.5971372
f34a38cdec7eb598e55fa41e,921408626.3740511
106ad411e13ea21ad68e5f59,895118068.1542478
a87c585acf2a147e381005f5,661383565.331216
ad755859e7b6afbc021fcf6d,894130874.6085505
8015080cf97316a08453a9fb,909769740.7223594
f56d8f5cfaca0691c6ffbe00,781174629.1564066
8ad016d414e2d2be053d7612,770824176.6161348
8b91a957eca1985938860c28,990723522.1355264
20bce83e2b75fc535a148dc8,819924952.5983021
5724ecee1b12e888d538c1fe,642247513.1101087
1e90d068f3c86c6f691649ff,838859878.0384042
0fd954262ee740999c31d407,654024515.8260775
a6d7b144058ebc326b9803bb,781902446.1934391
a81abab882910584371c7b66,776207915.6148627
9e41c4b41cbdc2553d80e362,969341590.3621556
b6fcc49ad3656cbd3f4c2ea6,697602017.3319626
9a296eb9b63ffbdf2a07cd0d,818291167.6737317
3fbc0746bd620a0baabbd859,935382178.8639784
3043d0b025fac4ed90b448e6,815589437.7815914
219555efc5b4291791143252,654072423.81973
a00863c7c53b2c059ce22dfb,646228949.0272722
28b838c94d10823ceed62e0e,827431575.5809317
7e64ab35f5e336d5bd2e1b51,935504671.3777643
52f24ab479fad35c8bb5a8f6,901922098.2028732
0d1ef14606c58310cae371f2,716210989.1129119
a465a567a4f60ac534505bdd,974053199.002202
8694b149f7c0deadf820f0e4,933527488.1626691
16d6b756f5ebcacf221918b8,971427887.8725027
7d132190218425df1857b8b8,889711135.5923479
7c7a3f51a58dfd1588d7c088,677453331.3912283
64d1c45a2968b0fbf0eeacaa,748917345.9709418
4fdc382b65441412fef509ad,881912214.2450249
04ece9352b3810031f3f9a90,893055367.4134243
8b5b351e07a26c25cf51e176,575966481.4654931
f923bfcb8cdb543c23bafd52,683371244.4558265
a15a12446d2e5993a0a6c423,814226228.5575265
ab3e1642655f7e705cb047a9,683371244.4558265
b62fc917b3e8ddd64bb81018,732250634.5623691
835842cdc8ea0a2206c2b46e,948386103.468782
02ce5bc5d5d286a4cc0928f6,1001833402.0376378
d8e51f7b40bf1887ac007163,949469143.845605
90f320e94aa429856e37bb35,797710617.2658937
967a7676754d6f9aa3e14473,613099227.2023468
9251f3dafa0e747b6e78f295,845269828.2843642
17b5e8357e17b516d947ebe3,686256655.2898294
f943cfd29effc9c048b8e106,683578405.9182138
41719542347401b04dfbaa59,702096074.7235404
bd6ad9a9ab28aaef9b4955c8,694831229.3465041
bbff88040e5b20e874cfad9a,775156403.7305129
3d6a9a4f2336a46eb62e6a47,794862386.6588022
493367258be5d63dc8db97d1,794862386.6588022
67cf2149b4c214da77694088,697752871.1774049
8d2e85825e95f6941445cace,726640710.577587
01afa737bcfa6b1ab530eb09,889200980.856877
25813f7204a2e796170c4836,719281164.9010341
3cb1773d90dc240c4ffed5c4,913206594.4451883
6c81a0b90366db9f514362b4,921267463.87479
44c8131b88accb3b46b79ba5,703048293.5970201
ff185be4fdbe3790c72d00cb,715361959.5467478
851f50292e30b0a464c0804d,722875260.0174366
6fc2a4f29e3b896bce631ee0,671853802.4472065
cabc4fd04b60a66bdbe2cf9a,886670116.6643231
61e9c2375626a18bc9920c5d,812283732.8421623
396c8060d9767b4debf2a54c,825471770.2276003
92ba019bd942fa33ab742924,704156429.6606556
ff71037ec8e5a91aad6f0686,615052608.6045973
d162a90b37622c1dc6550690,783682386.2391226
e1490f0730f8fdc36993027c,688445977.1998069
5a066d6bb65d28c2094051f6,973114090.6809136
9c7bcf000cb37f48d9f15422,863189464.2154574
528a6345df87dd0db33bf822,862212523.6185932
579ee47bc31f5408314bca28,739525090.3755066
eb61a13df1c8d8d0efc4db3a,695944715.5037695
b649d315ff3c97c4e8e9db73,601377625.855686
d8dd26eb78ff22272358e302,834028250.3147457
6ae2221c504027acfb7368e8,666837137.7836826
3ce908c9b70f349158f7d04a,784520629.603513
7cf74cbec871e465ec2f6a61,784520629.603513
02e9b077d6cece81387fda35,926081152.7660699
865ed399cc344e0638e45128,896338144.3123628
d9ed55fb72efda67f5144330,972714031.2954081
9fdbab0b428f19e7e8dc35b0,783329576.3718759
c061b886b7136a1b00c8ea2d,739515749.3519962
fd0f6c0b5234ec1f6c7d1fd8,1282297588.9579086
9df90c0644948ea5539939eb,967963681.290937
547661e79bf0c62cb8de63d1,876394076.5631268
68963f5f3657cb64276e3beb,697991827.953431
cab0a460167bb64c037cf25d,603429847.6500707
31977cd5d4c09eff149e74ea,715130456.8943088
23264fdd1059460e079e5810,906488158.621767
4769743185eaeb0e4158e0e0,728017702.9820709
780c809c52509bb4855a4efc,718579712.0738914
f64d4e029592761bee698958,670340667.8651953
be364e85b988ef8627ece74e,698613969.0798517
c73c38b652e9418f06f89b67,674032013.434962
213032fd36fa1a6342570158,666769725.4447551
d519a8de5fdd1a84ca1baac3,690890881.7835768
df91a494d5d244f20dab0eb0,684982791.6684337
9be92b361ffd3ea2c69be23b,811540857.6888332
cad16b2ea432d926d961109a,778562921.2059546
56b22bd973f94a4bfaaf6b33,800567122.1972486
84114798ccd01ae3dc97cb27,629555669.9451103
fe2bf1f402addaf17a213030,914556222.9902778
e01c1b69abb6a4c1c69c77d7,1005097210.0967375
24671f63cd061228ec0b5b9b,670181489.7051954
f54c16df774e70d49355cf4c,686333727.3739637
5537b994e85c2688fe555d5c,693414491.2327559
1e5919cbe4373aa261d672d7,621889985.8269382
cc125d0f70d6d0819d6d90ee,727660549.7637643
51f94ebbd6d2533862a1fdbf,708038359.8456092
fe409f9ea8d18c9d9ba4d02e,608390972.2187674
753b47e2a3b9fcdf9d7fd9fa,756784622.9158897
6bdb3153f267395eefbf588c,645961273.4791203
9bde9f216ecb90814670e87f,930677961.8494811
7f5280804c59f56fba3d6201,575033429.6864575
ceaf16e097500022498950ff,662057522.2125914
aef06b27b0a080b5ee539b6b,670160330.3199918
abc668bf93ec7d1951c65cf6,608390972.2187674
56822f406646f93fb39d9e60,588991970.150046
2690ba8b22a95cb837cb87b6,648257476.0621233
180172e4eee8ba756207b3a8,656574375.3714397
c11cd2e00942ffe56db5ae88,819608524.6891615
75a287d87aaf6ffe7b6db546,741198523.1943038
08f35bfbfe1bd663c40d9e54,747229426.3966569
c2bbdb2e5d0191071e6db37b,801450839.8944165
b129a508d1d98a1b6dd2f61f,764655504.8203405
335626f385c28e8370c207cb,666040388.0355494
898ed7299f0c7b8a99e4877b,830864297.4143134
a98022fc80dd6ff27de693f9,679308539.785709
a59f1631e721d231eab4d146,935685512.3122755
98c9c866109bedd605ab7dbd,775098089.1552157
cc9743189c3671adbb1be49b,805912227.7562041
e22b8126863c9ca8fb04df9f,782673421.1620388
247715511199c5b680088b56,646975839.2348526
6e51ca1a9c2bba9fa0cbe5db,930108825.1335449
ba8d6800443dcf95bf9c1037,713796303.5779624
5ec6e033b9dcb454c57050c3,690890881.7835768
156ecfd8ca6004281b191db7,936319812.684448
edc3879a1102740f2f96227a,905341509.1829089
c02ce25a3334860d3bad53e8,535864887.2090261
d041129f83f1f13fd7b35e4b,957937613.0112456
6946fb4c877f35e9215ef4be,681756718.366199
ff2897a56a0fd08996d19424,696840372.327544
e1b64df8e809ba220c9722aa,849802100.7542714
c13263f9c8628bdef086106b,736705359.998666
e2b8d1aba0c583984aab25bd,866682413.9849242
3786baf40b31a20f3bf3aa80,593803607.0955417
bcf12785c25f6e600eee8fc0,679423677.889848
f85d09bb2ea40bd4b68465da,857972782.4355887
1f40dff9a973064aa4737eea,817807478.3718479
79beab95c6857412ebbbdedd,841990086.6606524
5ed8cd2cf2c6dd5b5241d6ac,892306730.7212327
ca8dacc29a57d39640e3e59c,894384000.3206208
723655990d58df33d55009b5,923904683.1198395
79a675215fed2e293b27f43d,762465430.644862
57999ba0ed9089739a1f4de1,728092903.7943312
00cea81b78d6007eb405d5b3,797807023.8478602
c00facb3e4cbb27c47a621db,984821899.6916986
d1481d9d2bc9d1a3811f2faa,718126747.3872977
26313750bd29b2c59a81b58e,800614868.1654544
2bbbe93b615c46483056bfe6,942641431.2161381
0f8fa0a074b743c92f0fc56f,833862596.296847
b925f9ef733930be26417458,893822333.5289868
0183b38955437e8d0128a013,757842131.7757654
1c9f65b631d2f2856bc97079,768715469.7513939
c11d82cd360eae99c04009b1,996448527.6848962
4a80ffd8e908a3291a32fb6d,942641431.2161381
1a0134583a5854d5aa9cdb9f,986622863.4242291
5f5346deedcb7cf5dcd1e9be,722583523.1523147
f17c8b14e56a76ea84a45fd6,721544668.2440351
b8ff548543842246ad439703,921463248.0421118
53462704cfc47d32492b4847,888230183.4315755
25f925538316d3cdda8218c4,794696219.7449336
ffe653c61bf13df43fa22190,640122494.0047647
228d98c82021e2325263c7d2,598831487.052169
f32a7d08d176bf9177dbcab1,728733858.736083
f2c86c1edac4eec6c01ec11d,878779696.7051897
06e350e3c733e5a0afb613cb,668618961.6279709
e2544529df4efb7e90afcd21,792045659.1189486
a639ec3b943cf90cb28bc1b3,658386079.1387225
a1320186028a726935bc1cc5,879291913.419224
97337d2f347a50e0ef518516,626300781.2130828
8f619dd7fcf5e1a17af301c4,780222574.3176506
72569ddc5828fc702b2fc773,820367094.7280564
ec674ba8cd16c2264d270901,926015167.5447006
2b05f001ed1a84425a45d0ac,791866060.9139714
0a7758f69ddd8fb27a839661,727518040.3188967
e3ec7a8fba3e1ea07a135dfc,602669547.8987952
4163b665043ed27d7bf26c00,719912721.171938
69f7b81b70ea61f304ccd36d,709730241.833193
ff61104cbeb37f077c565fd1,787618650.6681075
883ee78c03efdb4bdc57796b,668739835.7032864
fafaa5dcf66d22bff322c72e,619162429.6909347
eaf0f2b00b6994a9ba8c5ed0,747992489.9763693
9b1590945c0c7f7b0704d287,594298632.3472717
766d34ea891f3af53f1391ba,835694488.0541229
b8680f925773229571014e61,819583676.0023344
2fcab31c752b699af5e8ce8b,828686419.0737321
96d14697ed6847ee757d113f,874322026.1128173
ded79c11c30167a9d8accf77,737950081.7536542
ac50dfe70b599ae93ddee4fe,856854934.8084757
3fc7a0f9c30978f24d688fb7,646694762.7934852
083f05fe52ab15e8d481ad41,814877618.5152606
075be16d8d9ed6831d139b2e,682003960.6010498
ffce0b151f293cad0a6f770f,877124179.5847458
5997da918101ff14bddf20eb,690154982.513339
e102f1d841d7cdb596d50624,662684807.0910796
a2c3da753f0116aa5842d4ec,894106487.4956746
43228eaa1230dc0f7f1473df,648301723.6177387
4349d6bfd5a518fcb231cb3f,662990499.4855874
c6c978051fdc655d21a370ab,752176817.6410565
f4cdf3ff86fe70fae3e59f4c,875791771.8706138
ac154aaafe98dae45bf9782e,811060975.0218319
01f6c99999c154461765f4c4,769515509.7057587
d7d30819fc6ad6e7e41453c1,869082434.3868347
383b3198861942064a63184a,655841091.5996972
3a2f110334251e97abe3583f,659543650.2481139
9b9db425b698a4931173b5a4,766742742.9186411
3b51828a1e891f3a52a4653c,837210703.3177252
c94dc49efe0a350bb522a56a,876393278.0051475
39e4765ae5c8284e1f3f618b,724839153.6520574
04b28e63fbba92daf83865ba,753413243.8194014
b9643a26731cf2a9a243ef33,916659805.7062614
19e03fc1a7ca4b0761eb9ef3,769389668.3930693
c0224f0cee5a388014db4f55,834802756.7132816
c4074029fba935dafd82eba8,736613327.8520004
0a8d749a2336d8f66a4f19ef,767606981.2744578
e84da6ce78339d50a72cd87d,683340682.1623778
e9830411c3092327f4e66a99,612974916.1616588
17d51fdfe8fd16185bf5feb4,723747451.2908369
f07126d58455b20f547c4380,836583025.5715368
8fe7db56d501b9c11461f62b,789756545.1805012
1ae2058fbe26f384be45df4d,761621587.5286134
e74a31e6edd4459d4e215c5a,744703369.9262288
c91945dcab0bf200c3ef321e,888108877.930418
933018604a8d5a9020aac221,712605897.5688161
876ebdaa0bc953890e323843,741705416.7106483
4fd907c202de4f06cade3b3b,1029018581.9409465
e40f616637f6187024b34086,881099777.1967882
f9038f7e24e0a29bd9f3e24d,902347591.9346232
b27fc4e7f6042d70a7651038,690476813.7517354
e68b18b57fbc5fd6cbb477e1,835122125.6614313
326a82671272d893ce699476,1001955937.0474468
d2655e69f5dbd09ddb9268e7,851564758.9590591
440cd2efd45c019c7151902d,695140996.5645573
e5099db945e4f04aa3f0bfeb,958609482.6804657
3477d85a434f66df58fbc094,963781170.8209811
56991f74ed430ed942b2d6d6,935945012.1979795
7ac1b85bd87929705b7a86ca,939773269.7401936
0e1fbbe248919eb71e53ea75,741529578.7539151
75c16273d3a593752446c27b,717797606.9363245
7e74469fe0b030254756296d,837936610.4321896
35fca2d53ed17ea7637c528a,906310994.124729
963cc728f3bc207a7ad74ec4,738827213.4781358
fa9dec2129f7218b4c4d4b35,692448939.0784149
1d0a6bf40e609fc74a319310,594720613.4990069
b9551c416341fb167049d4ce,690979101.5063956
89131a0af2db172538723b08,1033957119.658789
3e66557e876a876c259c40a0,670761519.7644553
078144699729ee0c46f36123,916852354.5806903
fd15189b99da46b098a949e6,695980115.8386784
d69209d7a26bd306bde5a37d,782786391.4684289
89690c80b7adcb8a8afe531a,746528590.6188964
0e0d19168609ac1d75253edc,590039851.1830049
6cd0aca2bc40d83473a39885,903295432.6298313
6ea0d50e822913d0f444d89e,835361720.6998876
39579c195f288da8d77f5ce9,797206649.80842
bc54f5dc4e9ce267ea592813,794549677.633957
1d43fd3f7fb4e24a0b7c9ec3,828955514.688784
2566d8588566312ffa4fde42,775556340.0977521
8d27746cd9d2532fe9cfc408,717419934.5935049
95b822f76b4d3d6ceb0c5077,827395122.0439034
eba86391ca00fb217ed1f774,816442125.0184088
b9a0575867a59dc5dcbb9cce,882811295.0533502
0845e73ae95dbd4aec3f1f43,832658261.8524657
419a2f823e87ab67b1311bee,833746751.0758913
552217c633d2562cdcaa81bb,649438267.1698418
4fd7984773d2872e51574ffd,809364888.0265449
a87ed2154a2351cf26f0027d,897507054.3393894
a2522c9d3edb7e7a23a42b74,956110835.7634453
357e58ef96c53f39e267b80c,872620924.6012696
cf0ca58262feb1f8b0dc7b68,815346072.3673192
1cb79aba890b35f9d2a400f6,951720460.5767932
d5c79ef12f43e2bc19e22fdc,760980852.0193532
776e1192349cb7cf1579056a,857529765.5859641
7de63633c7666484bd098e2b,864485227.2534438
ca1b1c17572f776fc1059691,718017450.7181144
53e94de217ec45ad576fd83b,611785919.015697
ed5c3d2952d2575b1bb757ee,946913569.8159522
bdfa334bc331e3e547f7568f,814877618.5152606
9c6a01e3c7ef87d27185e9f3,743738775.2236028
05d9818d3f9f2a5c358d3911,934193981.5479487
f6c990e406b3756ee39b3b30,683663252.0510756
19ace6cdfbd8bed6e99c86d9,694623043.1302636
6a04f8684e083eb6319b5272,717743738.7407978
179bf83034539c8a391e0310,961652456.9899427
a42081eac6834da0560ea4ef,900688111.9499118
784fa9e78f7cfeca4133e8ed,848881936.7123467
978edd828fc71300e6723e06,794798096.020844
61d6969334fc63611c810e2b,767772728.7685504
4d592a67596afbca92d26bcb,664987994.4740357
50f8068603edac10c87411ec,658845349.3756129
9965f598c5b95b3cfaac50ad,841964380.3857521
66cf83769d16a4d659edba6d,877683849.8150759
9c2c2b01934d1d519e651786,771632984.0032035
2b4913f28d07628bf2d3ed92,725795001.6194628
9baf7967c49fa209de8dda95,714215058.7324477
7a0f887a9426270ff3c24e36,876375998.1532884
c1034173dda31d20c4efbed1,749779455.0778708
c4a3d64de5e401a86395a919,704873693.1921163
c4cef41167a5e8354a61feb4,742523170.8051629
f52226b24ca3d5b04b7cfcde,886123975.3229475
36d5003f0b5ec7f80e89262d,696834479.4369246
641600a4cbb13b35dc7913e8,740647045.3390048
c31c4bd09d8cfba562ed2b41,932608111.2367847
0df96c81adcd6fbc2f7141c3,745778347.5744524
4499adb2aa3aee94d1f1a1b3,935460324.4879861
4ec06163d39f96baebe11bd3,663411371.5936394
692cc1c9949d35ae11412fd6,656044523.0703268
f1da5388b772159ec90c3210,1042655189.8416572
e7ae63f81f8fad37bb9c1b32,900616836.1806746
d39797a12d9a4aaf15ac11e6,713955234.0421387
efc5412fb02ba9d8f604e493,751957406.5007656
bee2e008ee41f8a711fb8d29,706945247.6916361
80279a7533c44bbae477ea4b,846303014.2056166
edc43e57b2905405a13f8f3f,685697632.0711097
751795587d1396e0daa25783,816747284.2662789
6d90801ea8cbc12f9e2131a3,809423962.3017706
71fe067a5ae994180f530686,809423962.3017706
2e99240e23b0542f1cc75026,638173474.7202065
fd6112c82d5808311b08e29f,765181909.2289864
0ac639a7c5ec115b3df8111b,828051289.6102979
af0cfebd54f32b9b92c5fdf3,809423962.3017706
b0015b31facc48a49f1313ef,722734345.442078
2347f69ec1ce4a3fb6989eb7,649626728.5226687
209bf65e11bd7053d9658824,717346600.1389312
41877a677d1856bf609515fe,918091168.7889427
cf60297d9d9bf1268f35ad95,848103392.6179332
a33800eaaf178e01558ee926,788583123.6354373
69e663ffb4935aecb875854c,855671121.2210962
595415e95e075b70c39d5c5d,700069504.6118696
719679261d84d6b93035143d,916260152.4266553
9f149071cf61295815e3f875,861938221.6562507
3d24d985b95a3e200a734bc2,971855575.3813152
bbe705b86c6ed4da775b68f0,567019299.0721405
e1d875468eea7b2eecbb49c7,773012564.2668476
0802b7e10706252dab8db909,647521980.5762284
2f412384597554f3dab07985,699700144.777417
da8b5c8a320821ab8ca00a80,799748653.4785712
0f10d20cff5664f9564bc88f,922009389.3834876
ab8699d3c685fa834d7ccb3f,760903192.357528
85956152686438c48c52e018,1063205370.0653332
ed9c4f4e06183b15b877f077,614419410.1509515
12e32a758e15fbeefa255207,762428662.1689695
22cfdfbff44541dba9091753,750200797.8345368
314a1e163d0b77b0f384da29,697511572.6082028
23959a0f6e27c8c2b4a7f436,802457482.7297149
6ab5a87a537d2ce326c867c1,676097749.8149873
d9ebae84cb53d29bbd8a466e,734643923.3510492
9511afb73b656135daaceb43,784549340.4800302
9231ec89e58a3daf459c5b43,840574884.0122448
8d97cda83fc7353a86c9393a,806887053.2400668
3b380c563ed2505b7630feaa,942938743.4977348
6e5ca223128fa2de422b4009,671880217.1927681
ee30ab004ac5270daf59758e,689799816.873657
d6fee4f680569a54f4267215,747178986.2878848
db3b84e5b3a9097392a57319,791267317.9167745
cef379fa831f936cad745dbc,691428673.0328324
4db8d32011163bc4fe01d02e,879350393.1658523
f842221d74340270e757fd41,897728608.9283781
f6173e36f95ad05b8e94321b,892057705.5565269
5960f14f2a81075fa66568f8,759484865.586145
cdeba97450c735185e486eab,844453961.4499003
f9a802cbc802d49a087cf23e,925101795.4086745
6a9ef848f22fecb9569098c2,825127130.7114627
f3986309e4fc4cde2b5feed9,849668717.8163438
6c3435048735371c36dd3892,916489484.2032394
f019dfbfa7fbbddec988fb25,845534334.9410244
4526cb4a2b8238dcc4e496e3,823008957.7439823
95561bd325f60967cb6653dc,1017872136.0867124
9f3e09a3461bce2fee7e1c40,781382771.506865
1034b1af0331daddad70f3a5,656336634.3837854
3ee9cfee7b0acd482672ed47,746360183.0876927
adb51a572f3198367e3760ef,801438003.1777246
5c802e198dc0906016741026,681857797.1849236
671603ba1f755be5d7219a01,666549263.1113446
001d77bfb387bdf0b53e9e83,826676174.6878458
fd9fda1abfcdd1066a177e14,743118142.4040453
e1e78f3432ea2dff6b69c6c0,788972010.9485333
378e6374da00b72bcd7920df,767520886.4858248
54ec4fd8f49c897c644ce83a,788267688.4289904
a67ef3a182aa268bc4d9ea14,677048568.7160412
8100a4b0288d5d9d9dc86d2f,661073606.8088651
699ac8957d9b4eb7fcfbcc40,870358078.1241436
7b35a3e9f3e67fa1974f5c25,1013599168.6851532
6e5383a7f9a68147c2788565,749485938.5448011
fca1c40a338288036b1eb25c,936700430.0319564
237da4784755f090c89f07be,717781971.8211408
21a7c5d6ea818dfb25077e13,802477348.6053863
0cf7dd52e117832b4698b310,749854438.0430785
677c8056695a5a539dcfa3d0,859101900.6455828
e4b85269ca413066323f66e0,683187589.9379691
9019f1dd02ede61479b62406,648135578.7276258
958f3e102c6ecf5f6386a004,633477079.127054
b05c741bc5013a7a6abd31d6,633477079.127054
2c58f2cbd00035febac060e1,826876074.6019922
89d36acc5f617a6a97e02f23,778876515.5737802
2fba6801eb9a7bce7ed2c081,849854939.4596343
45ccde79aee811756030903d,804512508.6308376
5bdb5174517b8faa23df9587,887215696.3994392
36a11817b32bc24eda6ec8eb,678708612.8124466
f1319a9332946bd68db250c2,648519400.91055
39f70d6b68b22668a0631f37,869277280.0179888
3958d0cb732f3d623764be54,704862458.3583204
f67028acda5ecaa4c8781ba6,690772001.4719553
76f50ce5f30cb96d48a69357,699244516.9686562
9e5efd4741a57b9af54e9265,657257332.985875
8c45ac143f5cc43e9249c17b,908086711.6332272
2a66eb4d2a205bc4474c0afa,826897003.2902949
85cf1ee98e1a85ff4619e27c,790056702.10396
84c2ab0573d3cbffa0be90f4,772466422.925472
48976c41de22ddaea3f8c296,653341646.226304
001c03f6103d35389825b62e,800344268.1764828
ceab390b6906d5cbe65fc402,873424450.9516265
79f989fd66108a2c38a9764e,821441053.2196008
cc385eff95aa00310eb22111,740148527.9767183
ed764bed1d05cb1e9a4e67f8,775819548.3254689
857c5dae475eadef41c25603,924992204.1932132
7148b0d9e2e1e92d41633230,969379498.1662245
7f3e02524981fc7e40eccfdc,628312431.232413
ccc625df8f51248e3dc93214,610852462.0716101
b38776cf09ec8e90fceeec84,774177457.8571278
48ebc3d79e01061c926066ba,603779594.6666341
9580bf8358095abb15a10c36,597260764.7114475
d26d35e33a0cf88f735a9322,860482301.6920766
b4c2a0a1a63d35a9a08a6e15,778445048.1771169
1bf1913f806bd4b461233551,592541596.7328203
34d1394dbb483e55d1cc2da5,596233627.567584
7bef2da7f3c160e94fe91ead,680358667.0843216
528014ff6b7cdbfc174f4fcb,647335125.8137863
bf1dae54bab00fcd3e8c9ce2,726843268.0449877
f270dfd9ef449a02b6d7ae2e,699883497.3282137
31d6f089626c4fd08536fac0,671785407.4268266
259f4f7fd5d851be70d63633,658189583.9286468
6b74ef5c8ab1df614bfba866,865863201.9728609
7ee7fba3a30e0e7c2ed3043c,776560365.986124
b24bd44eefc3ccf053939dfd,894173816.2978565
0545fc14aece3f37864ced2d,707219147.8335458
e07eb36210e90ef0419fa0d0,991700069.6609893
3991b04509fa61b36a8f7d2a,970521886.4869627
387af5fb4b4a7f5c3fdcce57,801154939.9385899
6852e8bbadc1a9f4fbcd695d,740981495.6078422
8c3373f9c0372b87ef021512,910960361.12619
6123a0dd128e45216f832e3d,1010762566.9892192
0913364c688d7375d0f7af5d,685528933.0098095
8831ae77efac99a6c58ce05d,981289222.948293
b6283a5714e0b977110318ea,602692446.9782145
d2d8f5356f77507f8839280c,936534106.1849344
f36bb15462fb29f80b127458,977307171.6034727
7abf9cd6b26e2e2bb6d91e5c,978978184.8627461
1a5f6f7e8b7af9d48644f1e0,704209857.1394064
8e2a5f8431996ae0db65d0be,856450575.0771352
29535d858fa3a11792697820,752221238.2100313
8e4df02eee6cab9bd1011987,785875242.3765892
5a4039f0ca12767138ae585f,859699465.1965284
d84248b3ce8ff6f5fa480a83,801881919.7677345
5838e86b74020a5bead56161,653595022.4365649
02091877f01c926c350b013b,576774328.1495011
df298574e35dda90fb568023,672667182.7497984
d8b83253855448caa81f7780,846536230.055656
1163ab2c0bc8c998e121b922,648951842.7651962
14f9ab54432e5f54a50be4a5,538231123.3409593
f4e0fa1172c1d4b70b6c4d73,665468258.2672552
4345863fe83682f6091d8a77,707985373.3998853
6c5bbbfa3a1515e5cdec9ae1,717238941.3412642
742da63af109164c21dd57af,721786556.4090185
fdc28a68bf8a5bc86288b4c7,774665243.604222
0f4b077de4ba5f5db6fb0065,663970931.4284494
320ff6c0320674fd278f6fc7,704796991.662735
6acf9cef08906fe569c38572,815610352.1454989
853febf898a1dba351d6f917,677626145.6293955
8ae41ff6a828f175a9f628b2,586907401.898381
56ae6108c1b53c649da2f6ba,615970606.5481303
aa990d4e5f1a0fc4f0bb29aa,829839306.9034678
cb8b826e929f4f8a8e3687bd,749225100.6925662
b85a7389bab2e651f05369da,628001412.1817986
1fe929afafa91bee53df4e86,830197052.185605
02e89c055b7692dab024defc,585191082.360071
66bc6e56bcac9bfc4a7341d8,1082959675.5088725
63cee15dc4a6808616a2c2e6,703504563.055031
9a889078a0225c013570609f,669347979.4005921
3548fa5ad26ba2ea999380a0,657011672.1395397
d9d8aeafa748f8f1ff2fca22,743721258.2291763
9e2c21d635fc25f7790cafa9,683323119.2218028
f99adfe85d32b0a66f4d483a,910100996.2622056
eb64fd330053a41ce5be4a7e,633863313.3248677
ea8d704272b2cd066a7e7867,750977332.9588132
e7c92ef9784a92c8b7fca693,825384603.4192545
a9b83e18ae78d307d1b39b15,684209870.6549283
ab8d6823d905f1f0ccf4a75c,889772495.5982069
8447ca83d928dc34c2e7f9fa,635571537.6745431
5bd24b842a67601630036d0c,722847196.420747
38d5b9319bc16bae99fe73b9,778041499.9654846
e1558509b120809eface5b87,691636316.904876
4b8d7217da1b1f225f254914,793648190.5399978
09e0c3a1b90d46c361007323,633863313.3248677
d090a9e520ef74848bb060a6,875129572.9764849
07284e4caec09fbbb16adf2f,887596806.3264183
f8bb20be599b79cbe29f36cb,932619385.6905041
07dd30f04c5953f325df9aad,793794368.8196429
622872d345b4b0d9c1b9302f,741796067.9730885
fc9151dd6f8850502c747bab,896840602.5426799
0fdd03a2dfb18e323d96f468,926279860.6293585
ad7cfe29b56c915dd016897c,712544253.1558053
f40a182d82c489f55c64ab7b,768551487.9468303
fb06aae0e711d628b16eb910,844136724.129263
7dabee85f750266dce02399e,1053336783.2483029
ebcab2f8506c64a461591d1c,772604937.7043818
340f96c7de105aec5b7a28b9,801742737.5550416
be1c6023731fb633c4f41f96,596466852.0354841
d6b051fbaa13e3d92a798521,970723047.9677112
bd04c8b6b5e381cd5f881379,683142897.2140194
2ca47f5c36ea5d1cf00dbd2f,725658641.8707962
3f2c18ea5d8e9a25adca4c42,832687509.1150573
5bd59dbebb0d6fa71efa4c66,912357418.1473317
bdac2f1c4b306a7742f60ab9,976695649.191896
a0e26a9d56cfb3b7228e5d75,727093851.7229409
933740e21e9b61721b2c6053,692617525.5305223
a3b9c1a3b81f17e6b22b6152,925313872.3302982
445e241d8bfaceb149609d6a,685411108.3106133
937f0b37f566f65a1871615d,740596650.3446921
9a76a405640f670c6355630a,666860071.3914344
7a0f351e8562fb7aafe6e714,771208237.9600787
4c5b79f3656501fce2e2178d,727273516.8119417
201053b106a0b89a0a47e2cc,806384166.9829979
724a5f9542f86cc43334d3e6,643487696.5998807
afaadd87a196e04b934e0b1a,642987271.9619242
a46cfad2458ac7ca4134818c,794529444.576459
f640eb21bdbb9369acc4e863,665767317.3648615
8b3350aaa66b9fa1c682c15d,818514498.0084379
1340b0805cb34eb9a982190f,558638620.1565667
055d5ab6b22d4d0ac325fe73,785056030.3645257
faed63c1287896e97987c4c9,897322222.1283734
a094be8af52cf76977fa5083,978333279.1195729
feb3384733ed8feeedf9ce8b,978333279.1195729
eec4d59429b1d1bb75b4d686,670702948.2941246
3e9754a961d2cf348c9ff7af,890644165.7873396
8f8a92abd28c8990534e847d,958340263.75385
256491790d0a2d5e1ebdc2e2,673423047.4134564
ede7995bc4e7e672fda4fa5a,951941863.8543572
9e8a11484838eed1f4673a32,652837073.4140605
8aad5795547ade3c804c0ef0,687959701.9309732
4ec4683fcf928d9fb33eb7b9,667704472.170813
ee18825bcf4065d29287b54e,996142358.1661623
485cd615660dda11586f797c,627210102.0609052
8b450ea6c21fe0b5157529a4,751724096.0442618
0d45e78397d4bc0d363be47e,785008540.6849613
bfa4cb65827c4ebb91478e53,914077011.0129234
deb2c93acfaf6994bb3c0608,605531359.3684651
571e1a8c252cd67ee0475974,894110929.6499331
04e337d3c692f3429d47aef4,742114372.3860703
cd2913f013727119158b98c0,970447115.9980526
ba63594585c484bbd20ed3a1,712197466.3166926
beb7b99cf12926d8714d1c5d,851828725.1861552
0fbc9e52ccf1b7ea8136cbbe,822588299.741331
f36031f3a3f77a3fcad337aa,651469006.4442232
7738f18d533d0f0379e3a06d,821167982.548913
20c3cc21b44eb37d0b359c1a,757569061.1050777
78257e76c16db549022fbf2c,693751438.0890541
4baceaad0b0081bdaa37473c,751402026.1979678
6bbf67d88846e94a63014eee,920569265.5411382
edb259013ceb62ad9b23eee3,976487959.5914092
ecfe155a407ad2c2f74522e8,632856568.7554935
6906a20be4962df7725dda7c,873713207.2840208
5d86b884df3627d93f206952,1257556635.6986043
cac3eb4606346268cea48e32,794423149.0742457
e7439820086f8d1cb13d7c9b,871797950.8944952
b940561f2d48444e139eaf71,608572619.539976
4433060d0fa95ae1382f2de1,668165739.5461948
27dd503d4fbf4d5f5d850d4d,776005844.0519226
42a73bad238f2d3f5e376044,863462673.2776959
2b53b13cd912f353cf9c4757,765224229.6694827
4cb59b46927df31150830d5e,734501356.1319156
2f3d01cbf0ee0b985386418d,554600527.2938806
d12e6de49fcca906c3586994,652179304.9175069
8f541a839df1ae79d563427f,668224679.383716
ae5ff2b5eb4f9ac44fef666c,678654594.607943
ca77a424800783bb9c5c0450,761149994.6771572
c0ec1e7ae2c6c3c2f2ae34b8,606430674.797666
2372f7c0499de8aa2e5ffa06,878381679.3546278
46de3fbec5bc6c0e256e7751,630132811.3511527
4d8b338266822739bc9c8fc9,618560006.086822
86d46a3fd9d7bbcac3319829,672192811.5164483
b13fce1462ed87e57ddec917,973758205.2356646
625caf4f4f56f3f6bfd3f786,611231129.4559021
2214e2c62cf8d2d14f11d47c,774779553.7568895
cee8fedd5685633435d77a06,1010516016.385633
061386497cc2dede3ea70b1e,630861297.7008206
3ce50f34a7974ec17178a79f,789676680.6315527
855ce1721230ba103fc0ae84,588973951.2778519
ff3b85eb538fb9a7dd03f459,673749453.8982469
111bf82100a6fab0c9ded743,728923320.2282618
8877941794810464749ba5d5,712464258.4522593
1122a042822658cb504dc147,728923320.2282618
d7d924ec35768a3e6bd39b20,672309706.7505884
27cf45528b4266162f7c9029,728137478.3918016
916f946082d03023ffad6f2a,908160242.4863185
68181ef118970fdb1d83f030,776638760.3375324
2f0bbbbb466fae3fe5c4f614,786208597.2022249
17c8b228fa2591e3a234d55c,732192260.3527209
e5d9afdaf318dbe749bf9950,732192260.3527209
ce2cce355f493a75ab59b242,771311533.295333
b6825cfa2fde9b42fcf04c59,803011120.0138296
6fb3e33e16eb81331d389ad7,683596189.8924905
e29d9a401a246c00f5eb2413,745458834.9898783
fdf103976a39cc12f5effaa2,745458834.9898783
d1526bc5e5446680841a9cd7,1053392748.7091613
a96cb9d988f5dc99bf5df4ea,1053392748.7091613
760125efabf13246774a9f16,722696909.1715103
229607e2faf76efeeadcdfce,592822973.9192008
f14b11d270282b317d9cbadc,720241858.642137
8a41638edfc5183469b6c43f,769819167.8016715
ba249dc7eae0609f20ccf234,757332702.1301122
0dfc7d77d3dca86a221fe62b,996994669.026272
ed7f61ea4c9095bd4aca258a,713016678.3287561
d2ce77db7cade7f2c6189002,602692446.9782145
9d18c354e8939c9f18598f22,763562999.0211856
b95689add02915dab555d9f7,698779678.5789933
1c35d9468cdc55670d48db84,936231653.6536514
caa4aecacff2beded2e76beb,684461701.9850322
017487de3455d9f642a7fadc,1009840170.4540199
8ed9c13717d2bb274a81e460,694570650.1011176
c2eeb1cf0549df1359ef4dcb,667014390.255083
3a413637f3108ddf7bd53bcc,848226623.9124124
145a241c80430b1e4ddebcfe,869846952.3139136
c954618c48b70cb00efb49fe,861964849.4871233
fda6cee77fbfbce6ec0eabdd,794583101.9517455
b92c9c464e23f8b987290769,622040941.8568845
d81b170177769c0121b8935a,741888118.8988801
7a832790d068e1e85182b5a5,614027134.6045892
462ced9cfb28550c160e5664,823586010.594772
edd9a278b86b1c56e237a0f3,643914064.3385245
fe9b6a82fcc3266ddcb3e36b,892852872.0626085
fa74fbeb90bdaf8eb26f8329,733691505.8835032
a70b6661eda6ef616e19dded,723007416.1127661
cbcf4d76223673724b0f9811,796303878.2932026
ba16ae6ca55dc3c0d5480944,777862324.5167427
3c840c206546c20b3e53d4fa,889288564.7744087
c61076b24927a46ef506322c,908983447.7439969
2e797c8302fb7ada13ef2d4c,1092960168.1932898
3c9e3b97db788dcd10acf0e1,679836142.7211235
28db5acb7b224d44e3d7ce80,727786959.9115672
c7aad87d39537083a5620757,934986609.2240613
099721566fdd0a32546fedbd,874162882.2476759
bc67f29c8679adf31353bec6,818041727.3547115
eb40a304997a6e66c550b704,766375958.4147549
3882da646752a82db088c614,975797584.9387388
68c319925551b9484778bb65,783178755.5507153
711b570ff195fb77229deb35,859473225.4903303
e7a2e8e1c22a52f78ffd1b19,795896704.0258508
814d93fc94b4de6d3a860bcb,801694283.7092388
817da44fa842fe304b93c199,624380753.2818911
5cb29f5aaad14b6c33813580,642987271.9619242
8a1105028a1a1b83c5080abb,647639377.8750405
82b69c38d041325a4bb2fbce,736090351.1915379
a57d01ed5a9641ad64f7f032,558638620.1565667
90186e67d802be6d12eb3696,676225792.0207026
f781bb1ed340e08b23258ceb,672467195.6421463
db05818b6de8d77c1c3fd053,669908419.0345075
f4ed8924f5d1a3e6374715aa,672423043.5599546
d792d1eec60822752c8d52f1,906572189.8371664
47a3c63f65a9794384c655dc,785056030.3645257
ebacf31727972e81d0a0d904,828840373.6836984
a759e4c03e49c419c8f0cd2d,691443070.364862
0648a4bd7ca088f4b3834401,971068027.8283385
b25734bf3ca94e775f467e85,885836697.7230301
65a8795e7a5b88acd7a469c4,650897070.1742265
b799aa1dd2de813ccad401e8,744355047.1520715
c01440b8ff0d80e7bbad715c,748907071.1035265
a20cd5193779526b43612ebe,709438076.2830865
0cddda1c211fcdce819d5f8f,815168325.9156805
69bcce6b58fc3702580d3234,765921936.3105605
ac7c0c806b57e4942d9ead3e,855015691.0846037
aa9e131fe4e7982a374bbb84,703390645.1273429
290725d6b15062397597b954,809466609.9451176
5f0fa37b7c5cf77e0508abd2,859833908.0975312
c76f482d2a8f8db5eb79ae89,976043110.6768221
f651cc17b051c962e4124795,733091877.9975866
250d84aac8add089061d3204,930456666.2931429
d3f9cf66c1c05f55325b894a,976487959.5914092
7198cf5aae5d0d5ba2e43b96,693751438.0890541
766c7906cf0493736436fdea,936691004.4003413
78f670c0d7a26c0323281ffa,770892578.2922037
ec0eb8d68807f52b681f138e,851445851.6775144
446138cfd3749c0b6715b0c3,873287946.6377534
64b4837e4550ce39f2f85342,722235618.7526435
1103c663f6b5ed0309a767b2,733857079.7155014
b9a573a3f2cedd87c7dc6477,860966870.8722486
de54862f5b7b8ff345c6b297,708237045.5481169
16b3311b337c0cb9312ddba1,558638620.1565667
a1c2003dfcdce97d21f9cd15,785056030.3645257
262688a95a32f10fa070a887,694890106.0057472
8e374b19fb87640c56243088,885836697.7230301
4032d6a6a13399797a794ab7,906572189.8371664
99f1712af0fe96f67d11037b,793177183.9490749
bcc584e6a08822158e2a1454,627036434.9179642
ad14f4403926de76de2604c6,692770590.4273474
01f855427cbe3eb51b38288f,801701081.2799655
4673ef4fa28aabb0fe61043b,629677784.5858519
f4cf541f02d99ea1851b9f12,632042577.2597106
bfe19954cd4680149c682587,655430092.8199289
fed8f3bf4a2d7a426901706c,748951313.1585473
480aa7fe286f4aa31f56d4b9,821167982.548913
1e9850a50070dd51861a5e63,672781982.6573575
e26dcf5836f5bb53553cc413,696964590.946162
c7ac975025713f368bdb0af8,917778068.9030796
73fd5bc0aee47d89a160f5d1,862065324.4137719
5bb9dac6e0e9409e89aa6cee,671828158.2741574
9b15aa6c85804621f5c42566,693751438.0890541
199fe72cad28e4554e359ff1,751402026.1979678
b28ba88f3665a2f26c2f8e47,976487959.5914092
453ef603a66a34f17ae22227,777455396.687357
d8f4955ed4fc363d6d9ea897,826272444.5560873
f2eca7e3226f625807f7d6be,919056631.6618328
361ccd7f37ada9c07ffcf71c,681206267.7716302
e7d1ee027da436cbaa122f48,964683829.6843393
554ec896fe4f9d8f2e8eabe0,791699938.2590348
ba79c72aa8bbb0517c899b59,897454958.4653757
69dd957e78fcdd4d8e874acb,659142696.6058221
df91a3c7f364df5e6831f2de,750737382.0261173
77866048ba7b69532d0a18cc,742154102.990675
a792bde8819aebc5b2d73a6a,853177231.7756604
6293e4a72b5c84782bcdbf78,811659317.9268541
bcee01a5d6a36f48d99a5e4b,754199180.1682912
c58b56f1202d1cdffdda3021,785835208.4648387
ed3275b560f020baeb9ce3c0,595753971.8307061
2a872557ba401f4c95e0ad2e,996591749.7954323
6b8c1c7c855656b0e56f0bb6,896017982.1904893
d6297cc548b16bff11eea51a,815696830.5273241
dadce7c7a446a6a177821b73,817345988.0462184
f5d9d8082e7652e97973e0e4,865652337.8544191
2ef9126614eeef828f797e66,773955937.4585596
c70439fc435337f1e8fd2f5e,912071501.5482296
79631cac54b1e71c1022da12,1020324966.4549668
6fca3b70ba2c68d9e0d2540f,676763113.27067
5b29d453bd368190e0e356c2,912917798.9661512
25995099875f0ee622ebc31d,751066299.5530068
34bd7be0761ab3d43da7a81c,750803994.3880823
b8e15d182ac0c74fba332b8b,692868349.8913803
901e3b835718ccae27c8831b,800904698.5530409
e1c7a101e5d518583f9a2a7b,891760589.3798571
02f6ffcfcdd3dbba94dd7b33,709600106.2775693
2162e09e137eb5f4a1f32b16,879510127.027174
5eb815f9023e6eb97786233f,984275758.3503227
d2ab14487e0ecf640a785277,759189824.9568815
437167a9db41b677da7d5a7d,582548157.7746835
c3f889c41c1effea85bcc706,652307759.6239669
155da5ad9ad19d57a7632cd0,866557507.3205961
43d1fb0646562c3f1dd6fefa,701120427.3687692
8eb66c4b057dd4b07b5fbca5,903920115.88286
f9718594fa52500c16e3cd71,833721789.3913784
d9c46d54ba6df0d21ed4ca49,627687972.5873263
d3f688e0deaff6648f2925b6,558565809.9231318
093a92c6846c924f88ba8750,799475582.8078833
9b1223cd8c9d7b348d6a5c94,831373809.3536856
8209afd76e36d8b5c4f7a991,644140988.1072282
29fd909e7cef62de53430e1a,585376292.3986279
76df3d616d8bc1de789bd83b,732030057.0614526
8aa5d44a72b2a6851d14ef86,746625935.8591282
eb4e1b72abce1d184dd4d5e4,610985227.3005127
2ba24fd47c2ef8520bccf6eb,729742467.2845724
1c9e38cd216595b33e283134,1002797130.1789403
2fc150cf6ea4141106bb8ac4,685663111.0349517
8dd46fd8ff592358e4c3e7e5,825202759.7626486
d5e001b2f1dad3962cfff9aa,897937423.2784584
6e73e42a0d2ef8d6e403112b,690630041.5414386
2537dfc786054c61eb3a80b5,803648407.58135
19c77db46d23e0c07a06a8b2,666223584.1033795
e6424086fe1cf2a2931f4847,803648407.58135
66526276a7e8da597683e8c9,678885735.910026
cedd20027ebbf47baaa0dbff,678885735.910026
ac7c323295addefb43c62acc,791426867.5883468
a8e74eb5eb523143cb291cea,860607574.4786892
ad393e9070779969b496fa72,707530892.021384
64d9dff81c79a16579cef2f4,911375855.6978953
ea91281d5eaf6b8f436d47f6,911375855.6978953
06e59cc783be86bd145a56c6,950928921.6881719
7458171e4db497a4cc1365fb,884808387.2897198
12d73fb8f4ca87b19ca46231,791426867.5883468
5e935d4a03c6abc86ac5adfa,968920989.5085721
2754b4e12a7604efe8e03f5b,725404084.3840059
9ea7a0d65493cb5487ed2084,665336204.7564578
7845cf57552577b059dd13ae,634069667.1146106
6e710984bbf2662a9cc7bc4c,630223925.9272273
47720fb9e2586dced75db114,872136161.5305293
cbd48f3342e63a84173a8dfd,693316731.7687228
cb83c138aefeadb184d2c7e0,736942948.5181444
397d4e490eb2db8a1b18051b,684315433.2211137
4f65732875c007d3c1102140,553014207.7833114
1f8ad363a0539a6f2455c3fc,641871785.5022209
9535ab027f9f2a9a8fdc21fd,687229208.1110661
248993a27da888a6e3ffefe4,575306500.3571453
cd07b4553b6d3863a9e444e8,934743703.230269
f53fe605b0a2857cf3facf73,800617338.8471707
ae48e30b60ec254bf0dc89ac,896240114.5371056
2a0e902f3c07cc9696000177,808370494.9646744
d57535248bb34f65ae678a39,800617338.8471707
9949cbc958bbc0114404960a,650795637.5222164
841c57617a075690ce412083,737110747.867576
9fc4385ea76cabf741d38789,727346838.9302815
0367da7dc5374f1957a1b7f6,775260653.171385
7703f868650a8252e954e457,697510732.2875376
4cb9319ff5adaa62386b713b,997137891.1368082
dbb30f9d010677de2aee1b71,823791508.1987427
0b54c51a787fe58bdf677658,932089077.9526068
5234aeb6d817b8ad876e50fe,655648321.2022909
77359d0d34ba4c9d825e46ed,695374688.2152221
b84795015be5077f942f5170,738558974.6399297
75f5290d61164d42b39d9d51,670454560.3758833
b46d50c84edaa7feba938671,997137891.1368082
be8c05b72ee7867fdcb05455,887762399.3470743
356712646865d98127b92a57,655309779.335142
ab765acf8b87daf1673b3a97,650795637.5222164
3a2cacbd3b4f9a23514b1433,871331792.7339141
3c6d485d7b01ddd6147746c2,667700068.9811018
054cd21c3b12f165bd520313,772739493.5961597
e114160e3ffe6a703eb42440,806555743.7889057
a38b2d75349c56ce04f02a94,850833745.796409
71fdd2b1214b9371ef149c1c,862594306.7497804
10970057efd092c98037498d,693826619.198308
7543d0e85e6328ebc8283d75,580715484.271718
db1cfd89dad114c11ab2d409,892579801.3919206
760f24a443eb01721c6ffea3,871388533.4067566
a1508f30ba87423e7393b4fd,996721598.3555841
5814dc311aa87b24e26aceb3,765719471.2101719
f26c2bb4d5787541e9c36463,947090660.5388846
cf07a5af6ee98d735bde14bd,822293922.5209253
8b716c3dca89b7caa7db1aad,1082686604.8381846
df89e7dea6c313b0cc262249,653241604.4411087
3e2c1d2cba8755ffad9cff27,675410679.9322321
6771a8c70428fec0f21d51a1,760009036.9689448
d8171d498291341094daaa39,978598089.9225276
3d43dd23536f843c2c5bd268,972785902.7069945
785dea91d94ab384bbd6ce3e,971614169.1697139
6c316d2bb84fff36bb01f14c,985094970.3623862
08ba99aa6a8ee752209de6ae,794310031.2810574
d177236e8c725d4405025916,847579587.194173
9a6b537a7319b3446977919d,923190526.5407878
e2e7b03feffb21bad63eca2d,862754843.815329
f2fa898e1bcccbdb92dd91e9,759122012.8148797
2c340ee014e39ad0fd1309d8,942833140.4204868
7ee83e5d70855ed21455b6d5,981351709.8849175
fdd4b5fcf9ebadf96545038c,918324210.2444552
512b4ad817c387bed877b7d1,929797188.1424011
3ba644c7be754c21e3cc48ee,741330401.0614107
cb38dc837baf3e0531c6c115,777016305.069726
5e931fda1e62fe41ff0f2ba2,916608029.4635515
0ce9a7d4b0682dbbca68e070,787239942.6664186
8d114cef336100a8d8c81ce1,829774993.3198901
ebc3a6574ebc530ef715ea7e,816242971.8686994
4c2b14bfeacd87b878cbcc92,801723910.5651041
577b17cb350bd2a646725b6d,710419318.2896328
0dbe463995c605bcdffb133b,842704919.8634552
88f3f39ea06fb882c69bbd10,760232586.1797562
e54567ced41a40938b85485b,802247222.6213411
cb6d29f005078d4d4efc2d04,734704145.4726624
1d0919344e52b315441aeafb,686840396.7571013
62c39ad30e9a26d8cf3593b4,925643616.5965652
a02bf67aecbac445a12da958,1004782467.7851856
06baade01a74972cc4a419ec,708311430.516297
3943b64f9550a575f15d6d29,971778206.576011
b62d64605362afc574ea5b0b,888467758.6178131
0ef45eb4356e2f0331ad2457,793171148.7108861
6700ad4d4d7f70def59a5d59,814291424.3239226
19ad2fa7e170c67870ee58f7,730801696.463409
919c1e281329379c4d130416,816740302.2638745
8a451ef547efb90a8fcfa6c8,774849800.1148875
5c208e5c37aad07602f7cd7f,789906965.8875035
164fb89266e40a2530400599,558565809.9231318
5fc0f0c4fa019b6f1b2a016d,601955279.1447136
3b16ff50ec7fa717efbd62ab,688906666.4442785
30e6d4e1c53e9e81ff66df43,693826619.198308
cdae3bf05372c13649a2adc8,580715484.271718
170a69c11cf4f855ed015bed,1384142909.2193277
e14b31f8a454e47c383cae94,748794065.9101124
14a8134a56af1b328321cad4,784981575.4879912
ea8cc21bf7d48979bcae1458,878515535.2460941
c287dbff188e95f833ab21f0,745381049.3794615
2cd0b2d7561919f0223608d5,630223925.9272273
1acc5749203f964fa8b2092a,615902294.3255033
9543c16bd5eea47111e6b266,738558974.6399297
d415dc486936995f8b3704e3,695374688.2152221
ab946dfa5b9d7214a3756978,971614169.1697139
803711fede531ad1621a6823,802247222.6213411
f83f29f28978d7dd76cf5942,801723910.5651041
4bf284e6ba81bcaa21a437fd,708311430.516297
d8ed50fbd5ed46d36b3d2dba,949150201.5790632
b40128f5e17574a5d3da9a32,736860990.7829934
506d4cc6613a07c313a12de4,716558246.9318991
558b7d06789a1c8e488c38d2,743726232.325032
38410183814a757520143737,821714123.8902886
560a750cb6f8683ccac4563b,863579791.0582697
48740edcbe275bed3c82efed,724604401.5223622
50b2bb276e598c9cfdb42b0b,647248909.9055405
302adfed183564312f9e3087,918324210.2444552
063e53d45e5e7945f1f10fc2,759122012.8148797
6e2c39fbeb5392e6aee9b644,894894373.8656772
8d6c523d4100ab0c83a31fed,701382102.0520549
6d6aaf30227f16b2be29e79c,996721598.3555841
e73e5e75cb18f52dd7239361,760009036.9689448
dd625806063f76dcf53582d5,710419318.2896328
a4b16572b8bb786561baa3c9,985094970.3623862
9446f801f30e8b2997fbd72a,973841597.0959129
941569c4352c3a2e32c908c3,921736318.7127994
8b4c54125d9165554e4123a3,952601028.4967208
d50f33fe5acdaf5caf1c6ac5,846861270.5589736
46ff039321805b51870c64f2,928322557.9048611
1ac6c220eb690db798a3d4d5,870544725.426579
faf872c4bca132b52dec368c,719007013.5250514
d92232d77f7a124e7ff13ee9,828682710.637139
f9a136d7944cb7768b598a88,822456519.8563058
e03610db09ed7315cfcd64c9,658216114.3697555
8c51f1b43f15b70d2a294918,611503897.5051851
21d141a84af5f0e2ade9b0b8,807942840.0102278
55c7cbf5e572d2342d0d7071,758456068.7883341
54c0e5e6d368ec51f6e75c1e,892795916.6880163
434ff40bff8fad0962ec07e4,685722905.398314
0a199d5741b5a6213b39b793,703627706.9405527
9931470b50580f51e1a4fac7,564413290.774578
89498fdf642e770ea75be7d8,836037077.8338153
aba39002de605f9ff34bd542,684802924.2965149
0c1c0ba7d75dc4090b7183f5,829814870.718043
2ac425aa592565b44b25cdc3,654611239.5724564
c0cdcb5f860e3a974c401861,829280274.494519
4ec741bc6ab20515070cf1ee,675826495.3520219
3d4c48167a8de8cb0e4956f6,800394303.6801844
f5741fdd9f509d3bb02e35bc,818131632.6588434
c1d0c0846ec652774ed5474b,714170099.0162469
ed2c02ddcf0e54789d9d2675,671376273.098929
0e05eba6eed4e55e89dc5f14,792542129.7026293
b29e5a75740c8439aefc9321,773314529.3377924
218445f989b2da5eff4029f4,961919781.7250142
0c7da0c2613129bc322b1da5,767163560.6850674
a41210034abe19957b317d1b,873148367.4487432
0cb4217cde38e09571fa73ba,967409293.3425419
9df0663317db1cf4121a222d,829482809.5842166
62be98264dbfd418ba21cfac,785383349.9519721
939ce1536f15c0e6bf203dd4,1055345113.44779
d9028df78f9b14a720dbaa8c,1055345113.44779
b05f4b5fae2f2faaddb377fb,692047695.5219634
65ac61968819927b8fd9b990,690271009.068373
1e83b53963792d7445e19d27,784937252.5675186
72eb1af691a950fbb7e8d635,805288334.3128798
94fecb92077ffe3a72aedec4,673992449.2738519
f660a48b0eb17e98dd77c0bc,692742559.7465587
27fe3fc3838695ce34c5d287,621302129.3235797
9ff4b1fc1970cd5c102cb755,931984190.2004832
b54940561992090411749db3,693392583.4518352
d4990842f549d8139fa94c87,683916872.7367444
f6013cab49ef9188aaf87972,743721258.2291763
cc2e8713dd087d3b842d2f11,575648497.2784555
fb8aa6b6c5d2499d404f3f73,758453527.5507499
6a8b9fd89b745a52703715ab,701614864.7414665
4721d06c49413558bda1fb68,681952231.3533423
0100b3a412accebf6a3aa4b1,691894459.02702
215e8852679b9cb6c4029ce3,767919899.5331389
0afec1b2e7060b99dbe41a10,604638293.9334315
4ff17c9b88aeeff105b8301c,681868383.743846
6eee8548b87c9349ce90ac2b,705640155.97893
9b264d26a196a76951308cca,753833788.7696999
945fad7539481410e8bb60e5,658216114.3697555
f727924f0f35ec9fb58d0c31,603289120.5505006
c7876dc81e250503076f43f2,706278471.5918396
e4f3e425e9f6e393999d7a08,718308548.9528921
cee1833e8964355b9aabbce2,834917121.1045415
9a1819c45b01c341647a2410,788700408.2585945
ce95aab452311a0cc27e0c7b,760505656.8504443
e6eff72b7c5b0fc2677af2ad,643914064.3385245
3b368c10d243f6bc9c027061,595228251.120899
510c03bfb80d92d180803887,669571307.225626
664934c8e209352d2c79c971,734751499.7282902
689ba3a92dd7c12f1965031c,684196583.4802457
93d4c413d2a1ac59f1b46830,651464364.5569339
08b09c586530266c14e611f9,661371394.3278301
7157dafd306fa99e4c2ad233,587309225.8676167
74e15493f395fdd312d50cc8,581479188.2556753
c34c94e7129f84267a5e4fd7,724587827.9199852
fc0572d7185e132770c3bad7,728650249.5575742
5c1bd88edef0a4146c871fcc,633760983.75978
a28a31f7d0e3fc6298606078,700607479.8236537
f388112376e68ccb2290074b,767472854.4124714
05d1c33ea8c89ded7391ea92,742523062.2631052
dfd84193c81ca8430fd27ad0,728650249.5575742
8b89813a4ae5f9209f854be1,869122413.4397452
d7b9566ffb28c753bea96f0e,808222281.0873295
8062b4109c12a95dd62bd43e,678555385.8511776
6d305d6f3e3c2a53515d5f6d,970810291.1636138
ff143fed55f12a0105f9f88d,678555385.8511776
0fd9a2a99c44c9e5565fc17b,910386960.6901625
7f85c59323701ee0e75abb92,776888810.271854
19baa03dc4143a83920a7d2a,860799597.4312341
bc23ec33573f28442b36f60b,836828624.0106354
9957e5492f63fa295772246b,776264160.512152
62e376b22a4cf0d84b7f6bff,881639434.0598936
0867853879129bfb46dae700,924301279.1936933
92c5129009b7e377fa004a93,691785445.1542705
6b9d38e0b9a3e28e3e695be1,762069038.2384858
b6da2728ee41d035da57c822,886381689.0042908
adf5879151c7236f5e055e1f,673250178.7720494
bb31607d0bc3ee4a37fc912d,769003826.9634062
3ef8fee6a5cf42827d8bf562,810020848.6024343
e6016afcc032d20fc9d6f2be,883589352.0693383
f3962b552d34eb8bf38b4763,869509204.4312147
bce7369d51094d3a9d3495e6,896977896.113095
55bfd350162592f2571e3a0d,951250495.3843513
3f226452520ee8f04e306bb9,951611929.4353628
b16fda9be5edaf4cbcf07122,762069038.2384858
e6f5ae869a5b7a30e8f0fd0d,934575084.8555669
ab0babf6941ef43c35acb951,802553863.1575307
3bed16373c8ae820187e3d5a,839466991.9284935
bc1335d419a1c0f6e6860470,965503041.6964028
98575cb25b358dde32ad042a,908879842.687457
fb50f2f13a30fccc3903577e,751090629.1136363
7a608479334951a3afdc655a,1046394978.8899779
9cb40496518bb99a7a00a2ea,783119410.449636
a69ded1c20e05bd6b3a90028,671994810.8286831
71d422db0c0c638e448142bc,986187952.0320163
fad033a3c81708df7b6ee73d,774460490.3201976
99fae85157be04554b236007,595236611.3222073
dcd314dabc7d162cfc29c81d,763196140.4321952
1c65d5172e53b4c7f1c4d6a9,708780218.452594
cb6d4db44c789fcfe8236b40,677493589.8936272
ee2c509989c7155bb472c5b0,721648992.294093
73b60c9053ff8193c2dd2823,929454851.6376181
2a487cfffeb12837a5586a41,677352824.224005
c9d285946ffc4c4b3ee95da8,1034860182.996813
6a21be8a7a429eacb1de8c1d,748644555.8715489
2a7fc28219bee48a2368e730,636827216.8361496
5b169f28ea1dc473ddf11580,604052665.3373218
58b3ab31de2f9fdb0da0dc8d,800085486.5409774
2054c61f0162a18c6fa2291e,628585501.9031007
39940234a26e7264b464450b,882493037.9381372
550157aa4dae5fafc5d795b4,1024802012.4325225
ca87bd8401c0c7bbc4b3f286,916787826.3241854
a8fdb6fb681aeae4d5c22f9a,830694953.0146514
998c864a446f06d114f42fa2,841902467.5682904
bc57535516748048e38d4a2d,916095340.7999082
ddd55d8001b809f304883ce4,737251880.8678865
b9fecb3e6a507ba17764c303,539819721.275853
4bd30aa3e2b4aa077ae27490,722133850.8967022
d7ee2851bb69088f851970e9,825478390.4711652
40eb0c78da8b51b53548d914,705077947.0536629
1097d9a61690cc58a4b91e62,822101412.858208
6aebff5b1fb3a438c2c7969f,780519674.2250683
af672710affcd7e44eee9ba3,870964154.0962183
fbe3b74f9e11c829d4dc69d3,751636770.4550118
6b7219005737d8660d134ace,982056266.5162926
042bd2cfb2d33467149ece1e,727464244.1991396
d5999beafbdc8acc8a6ad809,610031792.693714
4ba65b1fb8d8ab0a914b0b8c,623025297.197723
230864c9c9c5959f9f0d36ee,863329543.4979355
8520fdd4f5fec0ba861ca9ac,578954465.4087691
447dd594fdadb1b12ab32e6c,692858784.7115198
3d405df6e5dd012419f43ba6,646379133.0114
e120c33346ead011ab7789ce,626737063.0787994
505740f7746e0154932dbdc0,664451725.9657038
e9a427f23e80fa59d9d517c0,650424471.8862895
97388d009acd9e5ad49e7c4f,622709197.8390017
a100f050c34e438070ff487a,602965517.6489023
96d14a1d29b7abc2cad573cd,809262075.8072518
f69e25355ce3887bb1078fef,620173244.4991004
86276ef138e0babab9863276,728762685.0295451
344f3bcc1acdba48c12f8441,946126869.1998603
f3dbdb2b69017cfa026ee18b,854176737.2198312
ba32f2964e8b68ff5555fc34,837464419.7836235
fb7154b2dfd2a48c13ef70cc,656042297.1980928
089dc5de66c6c4132734b9c0,770223534.2821707
5c2ba5028fd94a6b9859de70,829932656.3664496
e8544410d811163a13c6a326,886928980.4057813
74d8df07206df08e8f3dc232,936807176.8556223
6fb4126e3ff41b8052fd0657,650414461.9497746
ba35cce2e715bda1684c937b,694843720.7718055
d7997b9126bef50985bab347,667109878.3192818
da3aafeb2d0105f8e09c051f,761956472.242016
5daf1136686fc538db40afad,561968080.4145592
88f632cc304cd769e2d4be27,590503210.0484109
c5dc941305b5fb59e66479ba,725429987.1583234
ec422df56b811a0aa42d8bbc,725429987.1583234
bc8bd1feaa8fca4c52e130f6,790567915.5141578
60c116411ab3cca49f7f49f1,665609275.4271457
75ae43992df8ef41eaf9d98a,704842357.7859321
87ee5c7c49ced4ec99f44d5f,924387193.7396928
918f56ffe325f21522cc60d3,620537023.5302467
dae09210f48e5bbe0d31c728,720431449.3496239
c1ae2af40e1ea9da6380b8ee,806413376.6718116
e7b717278f7c95cbfceba80b,707617835.476109
387f18b1f01b1aae536752e5,619522618.2445273
c036fb38fbd2d1b59ed5b7f7,662030795.7155758
76c510c0ad11fa67f0e9a4de,610640311.3793563
ff46d9f7dd86b8bff7cc305c,898095537.2374098
23d95cbbc056b4456b94c97d,864435788.7511483
fc65a77fbdd07fb490ad870e,980054231.3647656
8f0a61533b6a01badf43b6ed,858159160.2007785
c26990b034ee83450a4517b1,1206564725.694208
53ffa19a09c447f3759f86f3,747950130.406176
86d80d3757377df6f2b8a0b3,704694183.731684
c757b3960436c23dfaed4f2d,929486636.9359224
fd1431e595693fac0406151d,667835345.5212867
42b6cf2a5225dc62342d3a20,713325818.3317473
6f8a0e8f1bce0243ea50213c,702204979.1560621
02277f636716264116015dde,736900070.0620999
b72459ea34fa22d1fd012dc5,828998472.6840203
cf4ebcab3fe4d12e1a20146a,986399070.1319513
ae2c10850b4a8ffca934cc72,1001786097.0803592
0e22a41ec27869c8f83f9be9,830919828.8069144
22a43024821ad081e654c5be,965290810.3463728
2054c223fcd48a48f67d02fd,615947999.3725791
9af6ac77a9aa0c6da3cdaeb0,629677784.5858519
6601706d2133f96aecfcbfbb,558638620.1565667
ce011b7462e9be36184a2984,732330049.2159483
f759f71e444c16a59187a067,659958596.4648838
84cfb0342a0bf2c6777de39d,668729989.234733
760fd4c893a56a4586030772,661847549.6049061
fc174b19baedc11f78b647d2,892033660.050545
aff9e510eba008f3ba5c1847,941501725.7300029
a5a4c0f268548993b61d65c6,855631363.0650717
6cfb8a07fc1100569413b33a,646702768.5641649
94301e20cb91669986c4b34f,685375229.7117155
52c1ab7484e412ccbf5d57a5,794611098.9524258
2538cfce1c108ebfb1056c8d,850005973.8640242
d57541684e5c00bd9354cc35,786693801.325043
123106a60208725514f3a343,785056030.3645257
7f2a2959f5ae816761be658c,908609483.6714458
fd5758238e7ec91e415779f7,694171313.0931516
e3197263bf47b3d37f027e11,841717015.9899645
8e5661e79f4fc282abac1f37,918154722.5397772
cdfc387f8246a1bb3110d724,857699711.764901
c53f3bdfe8159bae98ab005d,920569265.5411382
200ea08f57fa23013d0e661a,996175457.0142086
603c736378e07570fb985ab0,831133909.3001685
cc019e30685c91634d2fd4f4,693751438.0890541
b0d394d6c9b8967250854c66,920394559.233057
f7a79e1211fc72e06a3a82b6,921190177.3714241
8a1ea9d91b3d8a66c6341243,731881897.2112869
22903633f8c4d91158f65c58,738233522.5152403
bb67d95fc94532b1fbe80ba6,714535846.3970773
a8e696037f8747f562ec98fe,633107715.6642087
72e4fa00e8aab44cf210251f,743563861.079672
d70948f87875325380885803,1080645820.3869445
a0e53cdd1132bd19b8ba0c54,569085831.6549664
882eb7115cd5b8b09fca0e47,845981382.7360466
529d6599d8a64c63566a11e9,648132630.7531327
e26eafffe4ca3c22b7f4a272,900589251.3357799
4e4abc111c07656e5bbdb0ee,666810637.4664083
46e7860100b0c09a6a475b9e,722372110.5222759
7bfbcfd0fb8f5b6d553c2d0d,713354151.2348298
5fedc401fc32ecc4d9ba7e89,832885024.3224084
aee8b22ecf19495fc5894a08,713354151.2348298
313e17c442fa3040065b7489,765387509.5708404
26206185deb023a344eb2e99,977711770.1783019
4a9e2358d64df916e2cfa213,734639092.9422542
2f6515defc3b21d82e0ca4dc,630163087.7571716
a9b18720f68c7002dc71c3af,696815762.3295429
af911ba38d5376a8aa53fcef,832922841.7630217
025b094e1ea7248f4aba72f0,661254511.3441765
f81aa0f575dbbacdbdc681f9,666306577.7961948
848067a69d18a171e7fa34f2,617519058.9538947
e22ca3f1c8073e246079d57f,700186405.1822712
11444a88bb3b230b4feb5b58,734053502.9564688
7a9264f3a12de839a42c1783,634086962.9413536
6d825b439d8622ab90245049,725691912.6676618
d2d317f2990465269ef58c41,687988269.2787629
2860e4435c857cc8a661ec97,967854339.6951283
39c70622597e64c4821d0731,879957904.0059428
2d6f5bc20de99dd0bd4e34bc,996591749.7954323
37ac1ae3a7e2a3319eafbb58,643408137.0146217
fe6fb32f623a9e3d5586a8d3,896017982.1904893
501531d637608f7098ba6242,628240765.0817789
69f59487924240bac2e75bd4,815696830.5273241
358e1287e24c3c4fb353315b,838407155.3948841
55e307c88e2a943acd64a9a5,1057988544.151976
19105db21495d546e6792a25,733091877.9975866
375419559910484b17782b47,1004203227.5957637
c9d254244e315974cdf5d921,865652337.8544191
adeb9a6ac3d357bd96c019ea,687796695.0985502
b08e0cfc5bdf5bdf5068ebdd,837593237.7244397
8da2439f391c6db92b9260f5,796226785.7922105
d0751cb5e704e28e03514fb7,817917647.4894397
9051c6d14018b4894b560e2f,755985026.2539023
54c3eff286c62f05ebe2ba57,614903353.1866425
975ee5aeee84593bbeb331b1,685898761.2867382
5102f4786cc032e24781c7ab,985062597.6537137
cfcd97bfad6e013aeb57a2a8,755458317.4401906
f304bc9e9edfc24eeeb720d5,768045799.4392381
bd05a6f6ebf924adf92e5577,898969968.9138961
a7b459470ef58ef3bed7437b,688419536.5139232
37e009a57645b845b1673b8b,728167027.8375072
b70082fdca35092802f8745f,661238310.2005279
8a69b9d7461107db6d16d1a9,883039179.279513
adf055978a7a8e9bbd88e741,818767705.0176392
6c02bbf7f6b087a1f0c8a47a,582345490.1129006
d91017d9c530e058ace2e017,734612649.03689
89016540f8b3fb727d863bec,884535316.6190321
506b653545eebba4c8821588,930070538.0911715
01fe5add1e7df4b15dd73bc9,712144323.1394045
4911d01ea0a4505d5db5bb2d,720841214.1855981
68bda8b092d5a53a35dfaf07,1062933733.7121279
70bec150e1d8ac537cfd90e2,966004827.4928794
0e21abdf04b36e5f6a1fc337,903098869.9107139
f53efb47de2bca5912ad7517,1006674730.2093816
82d6244acae149ed9ed88e8e,676129528.2139049
755a4fb96ff2b2276836f49b,807707032.3726524
f15ae83fbc4e4ee3f646b4c9,776146322.0669951
eac458ffc1da75fa1a4ab384,817963303.0943079
6f7bc7fd41ed908494d8e098,837286742.8197883
12d1678bc86ccdcc8ad756be,987337047.2134074
6e07d31b81f3fc9b9de8e1a8,736027983.0791112
6c618bfe55cac120a4f1e08b,629330346.1878271
22958cc4622a0050d1aead77,745916078.6773682
c7c3da1f12d872a3726736f5,671580731.7765186
ce30c2c7cda56a69005300d4,873892840.1910534
7a26e5936765b409b7b73cf2,886397045.9936354
8d5a73b1d27a66b3f72fa662,995772537.7833693
3b8302dabc47048245acc09f,718733942.8543637
909182c92bbc39b00536ce6b,689638449.6145227
963da21c3c571d7bbc36f1b6,740071231.7168822
a73504d5982fef268f5ff589,820044071.6193513
50563038c05963223b459beb,711562666.583172
b9a0058c58cabd619e226178,758113290.133307
0037d98f6ac46a86e36def45,786121190.0347171
38117bca778373247df86e14,676631883.5043675
4eeb8b5347526d721092a7be,846431408.2683753
0b6cd71df4dde546e665f865,846431408.2683753
bd066d5d19d41c06b904d51c,846204048.6590643
f10e210fc04e3fb073568323,846431408.2683753
9f504cc4e6b170155d38c687,846431408.2683753
3e4c1e6435ea1a9c3150aed0,676631883.5043675
052c93502aa794e0574db9e9,846431408.2683753
343f45e7d178eb780a9a9818,676631883.5043675
c0c4fa199f0ad751930cf78d,845979886.2955402
5d86154fc1769d4dccac1269,846040836.2892216
e1fb88779e55aef2b66f2c10,786121190.0347171
c26af6fdd00a85a17b823d92,846431408.2683753
be3ee4457a26c6b6ad4237d7,728205528.2874069
9bdc79dd02cdf39f92e8c869,786121190.0347171
1d4bafec52ec7575161bcbe0,823285819.7890713
0f15a78ce3ff90b6894fe3c7,734377258.1822054
afa5698724bea14940667231,761449333.6989036
4d8e365b35a6b8ebe6d7a15f,791887901.1184121
6ff848f65f2507e58cfaa231,724862793.2004393
e13947242fe19bc3925919f8,611633407.8817809
c02caec41084656408c2696e,832699752.6070652
d6fd079beb9f759fa4c6886f,622982268.5096893
d14f7f939468e641c43abfe4,763009640.6231617
8f6076f8ed13e87862d82255,835979392.1061743
8d5e662ba25a71727f1eac77,841648670.936998
bd2f9648ee9ebc1fdbfa53b3,835463262.4459171
da8f986b6ee6f594780f4a91,841648670.936998
af7131ea57639ce5aa1e102f,841648670.936998
30e10a03626eeaf8bc2c380e,923173337.2347412
6caf180e36fe18078703db02,830263715.4815855
a40861d6573e4539ee3c23e5,1208788004.3111956
d5f905cebe05262cfc44bb11,822533335.9023521
809800b56b7b29399986115f,630129921.164282
6b2d7f88f15cbf7d998986da,864399003.0703332
a0ede3a514cede68b721d994,768595464.4362371
179d467dacdf674a66c7310c,825176017.067392
97f9cfef1e35be84ceea2a46,986655645.4519411
b7e01962fda2102f1402a444,700246286.1187925
6665e5bc4774d04321d1ba9f,735324525.1171855
6c09a3ccddc797f77d63f1bc,937080247.5263102
97986583e1c988373765eab5,824132151.9361476
56807890f8587cd75893aec9,734237647.2248788
0f2fb3cf22613a339c88f7e4,705616033.8035793
a967a4f0b1dd36d7264cb408,814803281.0461384
08ead1ac0b9b30c2a72db17f,1001591072.3190662
1b989360ec91f5da55806bc4,931781481.749846
b289cd856f9d15493d31ef6f,923681813.0608146
88668347361a227b6dbba15e,753674809.1530749
ec3f1679451b9c0037f89386,751285795.1559179
9cd01a5cba1674559752f5c4,930123529.13695
2bd96c7fe678945fcaf9662f,737785713.267136
9f118569fb8b084f0615fa22,773559530.9933616
033521a46dae036839ad6c90,592185823.3590276
bc1ee1f8ffe1ac88f08e2459,826685936.2568586
c62886167530efe1f84086ba,766247311.9710413
d58f191c74d26bc1fb02cfe2,769013684.598189
981b55d5c38361caaddaddad,608164044.8478067
ef26c0f1cd9e3203ad16558f,704784335.4124027
74cd885ec200a0c21fa9e03c,734639374.915713
fcfa51e5eec6829b9f4f2c59,670975842.480214
c3bbe8c09f5e58281dddd412,653944425.9817029
8f36d25584407d9e3c326e71,659198242.6057749
51f4aec91124a9a96f4c5372,648937908.6877908
b7becde9261820feb7cd926e,773092117.5336194
65070c554133f2b4143fe051,722444090.9828426
c2a2ddb94f60de25378aecee,778738510.2782263
5ec3abf721e13b0d55829bba,895198770.1784258
502aff943d74cd4cbb976dcc,758643683.6155059
11e6e5ee92c97e31d34db891,716017941.5438347
b1589aa1f58f6dffa93a3a61,928431834.7889622
783ecf989538582ad008fd95,979986356.5314786
1770bd5b0a07a6aa785e0caa,769048947.5496666
53715a484e20d6152c76fdab,865059681.3356454
ef73428a38c201019267afb1,691646890.118874
932a93e3ee2093d7f806fef8,795082445.3493904
00e9afbd1d27062a7bd40a3c,931146340.5373772
a11a82cec7f8a243e2f90539,870544725.426579
e4a70600296b0bde6c28fb19,719007013.5250514
0a1b1a3d68b04cdcb2d757cb,807414763.0508776
7c06a2f06cb4226f9043578c,616854474.3166866
5e113e1e878da12e312cf875,857153570.4235255
a72f5204153b7c92f52d871a,828682710.637139
fc17f35d300be9680971f95b,814868116.8365644
13ab6a062601d40843de37b8,883633546.0654374
22abc78ce812c519511f8a4c,759980546.8162527
faee4c33e892029b79b63742,677734151.8883104
c8d39eef5a5422e0da4172cd,895187775.3113117
b13683c625c97c23333269eb,587749482.9219167
00e7c5894c739852052f566a,923044394.3549485
2703313a3e5a6fef2157928c,807123627.9981643
8dd453e986d05c6c1dd104d2,835397584.3252993
22b34331d7ca2ea642d29946,792187411.6647005
23187388f9d6e2bffb88b9ed,794831557.7849491
6b49a668de0edbe7f8110740,892309143.399805
ef0e5b23069a9fe377b77ccf,936516298.0922601
c37348f8247ade33ac513855,733008037.4572152
1d19edc1e0d907e5ab0899e5,660552182.3157666
c73ee8d419b96c6e7c53f95d,713539657.2298379
6251cda3676ecbdb6555c526,1028609003.5060792
d12d6ea066b67c3db9b2dfb5,784564137.9399086
8ba4e8e071e458a13efd179a,749305573.7263939
9b8d798a2c455a960ee74503,772667155.9143534
d663ca1a0d29b4cbc5cae9ce,876993992.1551969
dc3b8d97b11cc2af4cfbcc79,852112797.156007
7d50144c4b2ead9b7b9f594c,847824672.473874
ff9cb7bc0b972d4515ea3837,629404713.9151642
267e46cb9eaec6c7009348b6,662798827.1564859
1769a8ec5ec94aedc397b4ae,799305485.9656907
dadd9ddd29102f529caa3bbe,727116338.7156755
251903f4b947b337e0134415,784782959.6938378
e1b753c283bb9c6d4e438bec,970794957.1576504
16fb51fd3d35db53eebbe5b8,991973140.331677
8f543f9c31af1eb17ef1e353,707492218.5042336
20c3cb2d4fa486b23eb81bc2,837923833.330024
6fb9e9ac6d44d3a286f317ae,702582588.423117
15b57b0ad8794d64a2784ce6,696691520.2754741
d9ce31250d4ae25c3b850124,866136272.6435486
f90efcbfcafe544674c02586,682486123.2354627
05a98feedbd3f422bf063112,703507442.7402725
ea359d571ad0c986f826d31e,876107110.2208788
b02f1997e6e6f97dc808b8cf,767832005.4932184
307acb7b4044cfa5680e4227,950125129.5874954
ddce386b0ad3199ca09aac93,741254566.2785301
9e28972500d8ca3fb3b76fd9,917504998.232392
687b1dd576eb7d06a08c3439,659744383.9471505
23b2b5b9f5bf3e1208f5f80d,865027131.2538879
dddaba511b6a18f49b41c1af,693478367.4183664
874e3e3ec6f67c160807628d,750828069.5874368
67ade5109553a9d784886a46,976214888.9207215
6879f05563a9f0748088cc65,751128955.5272801
dce05cf86b42124fc93d41da,936417933.7296536
1ea5db844a6d3a926480351b,870271654.7558908
4e9acf6e9f80f65178766740,718733942.8543637
a35450284f8dc27e0ed717f0,959180755.9956017
069499abc4e393fe540777b4,609206465.6680635
cd10d6e28fd7ce92518ea31a,801951465.0266484
3edc0e70e7cf6a21be2f0d53,628858572.5737884
2e2ff1e620063f416a387058,800358557.2116653
1ffdc10c53bb83d3be84c327,640922055.5512345
3c95dcc4bc3788b4cd5602d5,666457202.3080902
aa592f388454d575e0006206,740967487.6007922
f7e5bf5b0f6157ed1f604d37,604325736.0080097
513c6ea5a3c2c560c409eaa8,970456241.8194733
7cf15f80838e8edf4f9cdead,969453197.677908
49737c7682eff2513869b3f7,672407272.9654645
4e8cdb49a2bdf68ad8d12625,996045608.454057
86af11931b004aad3fd27b88,654217496.6523908
90921c9fce21986dd23bc645,791709605.4198903
d79d71be963d418a4c9dec68,807414763.0508776
c27b2b735106bd5a77a15616,895471840.8491137
b6129a71f8e320aee8abd0c4,895471840.8491137
26922ebaf11e35a7a320d30b,857153570.4235255
23f859b889afe2639ad55a21,793063216.5557323
ddf47d32045769c0596826db,918510490.3204575
1d0c635770f2e51aed4c8664,928704905.4596499
e6144e15d5cafcfe87c07c9a,727735790.2457116
a7c7923f9a4d004eab43413b,1025468849.1016883
42b3b56289972176c20c4990,610818789.9962943
b63f49396431089dd646837f,785306644.3704052
e0b041a39e732783f98bde56,839350930.5601802
409eb9b8f2ba87ca299a7f6d,588305326.7171128
1a46c13974f3634ca6dcb51e,792199219.0788772
4b068c79664179605b145a15,804003275.395075
afeba13fa3f81249549cd2eb,779885408.6771895
3a3ce11d981d0893ec732e22,654217496.6523908
ed68664efdb7377c33f4010d,916490464.4842124
93de58cb0d8fbe74b0cbb556,659028632.3978548
faa204421a94ef95b79eddf6,895471840.8491137
acdb13c4c8e2a48b0bdabd91,874704999.1919202
5271cd1cb962066407490051,694347588.3591024
933251193ded6df07c83128a,810318449.5975956
524e00e537f841c13497cd52,789510906.5801485
a9d4f256527be98066c493fa,800940445.0215601
2207c1ed62f59d6eacb3c18d,631134368.3715085
97ea5dc81ba49ade4f8f580b,807318779.6357448
72488318dfb2181843f17c03,911375856.5044036
76698030899efea431dbb81f,632539658.3420452
e84888d2f22e14a5016ac789,883391194.8933866
d9398ef84ae71419cb7cc82c,712737329.1229472
6d32649478d9d86d840969f6,796903662.2797544
81600c1e6b6e3ae770e40b28,808315612.0331471
68075b0ac8e779bf5e66dd3d,737152170.5691851
6d7ac64b8b9f27f61fb155ec,665561810.6510187
d3bf3146ec856cc26c607d70,822689182.2123147
d12298e0d398e9d21d2e2eed,897397623.1241232
97b69097fee8d8496a6b8c04,585767032.2350519
fa6e53a7107c0e33e3d505d1,785929491.293348
7279c610bda9354e1c840b0e,883391194.8933866
6f3070318ab65b867b2702f0,752980632.5150989
e08aabb998103a941d24d0a9,604089675.1101342
415e1faab81016a460db7a0b,697493085.6114732
8b871cc48b99bd4190877bd3,786121190.0347171
7240bbe28e950ed75637b504,649894844.3768878
831629494c6d15d5ff6a00a1,786121190.0347171
1cccddc33bd892b44d7e4b7a,783074666.9895642
f9cc6760b1112ce5197bf399,638846809.1572443
0901e845b6c56d4761377a09,766860167.1774502
2a33fa5b25963f3dc928f668,762779573.178705
83e9507b9ca2987a21d1b195,638429421.3909919
9381bdf491d48236e84590fa,775194006.0530015
c041a933261204155415c2d4,825306151.6190102
a1cd867286d6e82181e5d1bb,841648670.936998
240d2474c81482baaf79b6fd,841648670.936998
ddc1c85af165e47502447242,656450519.981342
58f02c785ee9a506e899b967,812604100.6461813
8b353ba6823f4f800635f0cb,713450720.8653011
68cda50b602acb4efeb275a7,1137957877.782977
96cb3c08c80815907de81e73,681830040.588832
f54dbd8f0aa752f79c581e5c,849946440.9065928
52a438d024af0d5c38627ad0,765594990.5213648
1b5db6af0a1c0f7787064020,996864820.4661205
84a7286c91f1ca3ecacdaaa2,887489328.6763866
bc6d6249873222ac7f22b73d,896291052.861177
12501015fb631d7c10ff08fb,922130702.3847052
85b633e09a41cf22a10f28c8,932318827.677819
7acb92246dbaaec1cc7b423f,746355293.2341275
bfba8fe959dd2e44a4202943,784793700.2742008
5325f16558ed6d2689bcbb46,628314746.1996025
d4653d505cede3d24e258d4b,784793700.2742008
5146ecaa8b7ed507c4f30785,828409639.9664512
f5b9cbae30356fb3a1d005c6,1060157216.3651999
205ffcec56fd884ab24c5600,742183477.8280201
ae7ce478fb66882a2c952012,807826785.9152063
efc9ae02fd6c3f18db866cac,743361097.3225789
2221052e00c236f31e6d5a06,674625855.0213363
54673ffd4971d04493a1b1c7,784133188.2106739
b0bbdcf0916b246ca95c4721,886540586.4311
1ef15e2b882a0da85858269e,823185296.8767946
9881fb167319b34cc23da955,989285759.599598
9d2a195e645a9e8556683b4b,856406428.7728511
14acd96163e6b3e17177f35b,774566447.10851
b2c5af8615b8899deb16c896,694655418.78146
4c40683e401dae89f6537ab0,727684015.2680086
dd007a202a0a3d56ebc4868c,885748283.4520402
6d9c89a406cf2e755d4172c5,656802793.6521971
7387e7e385063c180f05a7cb,694655418.78146
9dfd5df5a2efca3fbf2c07c8,639168420.9136889
2a9e75d221912230f98485cd,659455658.9719548
86ce27f9ca03821d13030f18,844595984.5393906
3dbf89c6e97182647bb44e69,664957058.6425515
eaa4893a313d85fcf38dbb6b,708946849.918966
c57e1c323ddeaa7475e5189e,1279587626.1803017
84856812b63dfd9630fa49e7,1159304935.6610055
945202a450bea48fa7f2a95c,703962390.7376885
fd689e54d5c418dc9f2425e7,790995200.3549006
eb90d9e9eb53b44b07ef9613,735266780.3166552
79005399fa92d05558fd6f6f,777083761.3439682
5cde51bd6de3759821216d5c,741940382.055275
230cb38e035b85a4353220e9,719724517.5410073
a22ed42197987a8534abf76f,786006848.5153172
43a2ceffa8ed90bc1a43255f,650359779.2694964
8f2fbced5d357bcd6b1c7de9,841457878.7507135
6e895a15d402ea7fcee98156,892318222.9261694
b6a2406025f0e1fa09690c2a,650359779.2694964
f46d46ccc7fc415433e471e4,780256120.2828789
71710d25975271eb32c0c8f4,698635969.2232773
01b7bb1556b5c32df8f618cc,840216371.0190825
56e5afaecb2cac6293cde16d,643369282.1018882
70209b9024acb3e5baa769ff,969429603.8042115
efb0b413b3f661b23d674b3d,1025468849.1016883
251db9c4b7398902b38b4a4e,872282038.1467159
e3e7ffecb903d2daccbf8a53,741802649.4246029
a92ed9a378272ff174ce2688,688977222.6997745
40a53a3f3d49f7905966295f,1292318600.4331641
bcf2c303fc03897585831351,865448890.8394164
4b0ac2ce45d7ee385ca369a2,693642121.4157897
85c7e8ac008493b34e8e0176,618416222.1061916
0ff24418ecb6888dd8ec734f,909750394.8834505
3164e0ecd246b8ed6cb6d054,916093447.1229769
5f52e316136696cdb56e65a5,667493687.8439811
5ba4bb943139d7930cb91650,877676456.8967868
ba12ab0869d66e03df12b6d2,877255232.2783973
1a111211207627bb4c840442,904741121.6241472
9d2ec1ed9eac77d534ed514c,843973772.232185
9030f17b47b3940c2e2c4093,843973772.232185
3b224cf6107d815a2e78996c,900965213.6352129
ab0e770ac42dcc82b472c55f,731919622.1460152
75fd66abeaf040fa76eae2e7,706673006.4921702
c31d98f67673691ece007a65,789941061.8026588
60d5f19c16554cc2d8e5940f,969975745.1455873
53fd196fd0c0558ed1219329,673415535.3151745
27b06d060ecf702fc88c7956,991153928.3196137
dc014623ed69c32abce2d0f4,726297126.7036121
f1a8f09837660445961375c1,832291962.1964241
b98a462d9782988cb54ced54,872620924.6012696
6ae4843a827b36bf189a32ff,728321076.1734349
84e4f6c6b5dec0da7f7ca0fa,681281691.6971754
b8f2b9c2e63f0091b6038ea6,890180350.5386467
e54c7ea1f012656f7fafa49c,598687642.5623655
f25f5df33f25576f805a95b5,933616604.4468075
ce9474244dc2d40f357146c0,604638293.9334315
54bc553b5b8abad0ceed4d53,767919899.5331389
e75d4ce522cf587cd66adae4,706278471.5918396
b1f0b12c28c9bd2d16b3545a,651464364.5569339
412e7b9e1de3df8c3dbcf198,753833788.7696999
f52ce56f20251f018d7864e0,661371394.3278301
6641ef09c0bf5f3180952b30,673533757.3390934
ada53307260fa34f3a6411f9,694443874.6466069
51f0f76e2a8cf50ef3650901,718308548.9528921
da482df3d0fc97f9f8582e22,776171650.752697
55d47b5f3d0d2dd7c2bf4034,642560479.5753615
1a6714ac2350ad371d8280ae,809208859.9400203
0006c9478f4e7edc53d84916,703504405.9365246
dfa7461510c6dbe5e119d106,734751499.7282902
5df95b44c73b249be0fc69e3,833883916.0166852
76bd7a0b87bfb6d2723766ec,523872237.4519258
8570a1d8156dbcc267d3b495,776264160.512152
94116b7517a06255bf4320c2,800058508.1056353
8ba2d7afde20563e38892304,678555385.8511776
f86ab537a2f5d8c2b223574c,728650249.5575742
9d0d2774fbcb6fcc66b865b8,633760983.75978
9086e6e757243bdda003878d,935739375.6794367
5a3625846567d06dbe4cea0a,970810291.1636138
f51a78ac4b03665561552b0a,691785445.1542705
561a262410ca91d69a58645f,908131860.0635862
08d90f931e7e0a6f43c9d0e0,822379486.1888688
f47c64c8ee69e744e654d4b9,951250495.3843513
fcc4c878af8bdbda6e1fc86d,951611929.4353628
8d9b143cd8eb71b05d32cd2f,762069038.2384858
ce6a3868227d78852fad9f62,896977896.113095
d82f743ff414299f8c222db9,810020848.6024343
9b2c7e6cfb2d6c66e1ee8a6b,769003826.9634062
6e9009ad01cf466e8f8136e5,762069038.2384858
a4bf0c02f139c695845c9507,934575084.8555669
16cf0d7977ed97d6ae8d2cc5,908879842.687457
d96855b0ec427f041e7a36c3,1046394978.8899779
63613a9290bcd9e1bcf2786c,1269177329.681998
32036c1eb131e6cc4f3bad3e,745014197.7138615
ad47e82c9efcfa36ddac0a95,645443689.3408154
d5af3041d95f5e89969c9868,730583909.687409
f2387712fa17435f56d7b102,684909934.9180766
c1c8024bb6c3635ff655843b,655976842.9318064
11e4350271e9cbb37bcb75af,724277334.2849531
d012efd4a77c5aa5e8d6e508,1005028253.2398863
6240b85a47c079cd0efb077b,676366535.398265
85e332a999931ecd0e04475d,648908866.1865033
4ec02a406caf200b700f5c62,693773566.2155497
f3270f2ccbcccf3046346809,944779286.021307
bfc5aa443994e3f3f78c6105,980470010.9362295
aa09cc29ab2f2cfc79e5bc7e,710950055.815374
6eec5b03718975e5137d5e92,734474545.2536073
6974d82e41437d61c627b16e,834060616.5089996
ae3f7f428b49e6948ebe6fff,751952065.4116936
a9a710b78e776c16eec24be6,821591260.9585413
249cf6f96144f769030d1b4d,854801012.0302602
645f3c4490ce43ed68c7df10,879896243.3312864
3413f37549869d2172b76d6e,799575091.6681209
956600c9a4ed31e588f8c593,888381768.8448135
00ba709f184e70be13e5bf9b,665990586.7079825
275c8bfdd3fec33752493861,733544379.4093015
3206523e850b5b5fbce567a3,851945659.1619129
9c9ffb3401ab6ab90fcb555e,1004203227.5957637
4962650cfa3decf487ccbd0c,977711770.1783019
a541b35c62878dc2c425235d,1257556635.6986043
2112e589911b979db6e05a6c,1092806358.5154238
c9cfeb97323bd6a0564e1903,740745967.2022239
30e1bd4619483b0e896b5229,785602171.7059013
48aa146a36aba8a0270a8a1d,977034100.932785
678a80840673787b3aa64228,776679014.7253659
392abbc83cfacfe87c401e27,723967542.7001878
51744814dd3a7e60c0791041,710087434.0197045
c6faa5d2ac8e74c26fdaad4a,706258461.1806483
1f2c22839c470363ff41551f,694297579.4304297
5438c2127072b47e3af428d8,751948167.5393434
32e182242a654ac03a8f3ea8,707949305.1129372
0a45eb817938241ca988c2e3,970993257.339428
e74d815ad652f7046ba33295,789756545.1805012
2887a0d34994d284759db20e,763758921.7418756
621c3051ef29e8da01e6bb2a,832700570.5150533
54de2275006e273686ae5fac,1032519979.2120924
b0a0cc38f73c9d90bff6ad92,859427005.4281805
f4df4ad4366bd794594c111f,687422358.35669
763206de4c26e3825b69f4c6,814230562.9361689
d5ddcb0a54416bdadb4bf57b,856117664.1731819
bf17eca5afccd9cd6299b9a4,890927306.5031251
02888257efaae858fdc7938e,688412582.5069579
1f8ecf6c089ce6168b3be52f,929863639.8075329
fd7a48744bf966e417f34a51,998178005.3754954
655d6eafd78be856479767e2,917855403.5361779
27472c6c6a801eb749b9719d,711231286.4073737
18fd9bee381e7a8c29a44c4b,723887979.7884016
da5d47596a755078a2261328,924737860.6397773
737c83218f0e486ef4feba40,620794939.5997136
2390c275fccc98eb4fa33af0,671717167.4459972
35616923c84423b44d1d1438,817472154.5081018
22fcf0650753e2b5a2fa3786,837735717.3352356
9d8e7178912841c2a1232ad2,698975236.839737
36c2cae6de0add92f32d29f4,672850052.632596
699b68daa574a0f169436ccc,776310230.1260254
c3bd0b8277a37832f56be54b,541565026.6861063
6b3411cb8c50c1498572e681,522725034.45548075
fad4ecc419fb64b3f77971ad,815945903.2074888
4034cd9a70d18fe0c883a0fa,757255890.2660387
8f9417de118ef8486538955f,948684753.1493815
33f4f9988387bfc237d114fa,788913039.5784134
40c9f947e826f89c6ff3f898,559153344.0655797
351701c5d1b821253e2c8c42,609732025.460029
f6b405af32c398147475dc9b,823132268.2538699
45750daec6238508791d0d4c,760811398.0462801
eb85bf9ab77f59615960fbe0,886244406.9453613
0ab6e52af85ebf23432d7698,631775938.9442993
9b13a371ed4724d2e2966447,775832943.5226805
081bbc273db70f1d2cc84ed2,754977086.5553563
e113c48e4e1b53adaca275f2,693569035.5632719
4bb0666c55d174e0280482a0,709741136.1783607
ca516516b33dc09d712b3154,775832943.5226805
631e6aee6ec1f720f3c78775,835811431.8291802
c7746198cb5871bd687c2538,649621648.437519
58a5dacf2f664512c2b00ea2,636192975.775476
6d8998442d831addafbc878f,869353284.227231
7d4ffe0038b3ebc149d8f4cd,743809860.0837609
55ae7bc854658aa5fa49d368,1136290932.934177
042ff73057dce4d92d383cf7,667365246.6830792
807c04729620ec60ef18598d,579947707.4647713
5dead94ad2dd86dd41448994,730225034.5396403
bb90c874275456d5fe0de83d,687040748.1149328
6ea5fbf037ba7e5c74d7ca39,895472808.9347734
86dd7931177df94a649a4d62,688213794.2516652
58ac250fa52a1ac7ce39f70f,723664764.7545738
2861f1a224b4c879b845779f,674865547.6166767
8d06af8e439c45e0e125de91,913076691.6206077
bb2dedf6198be0f3ce2c4ffb,933969331.5313716
57d8cac189a13c180f08cd2d,786799438.656044
db575f8a4e10a29fe81b335e,863306720.3875821
e8c79fd41b001fb1da0d4fe1,646975839.2348526
b81679b32ea288e9665dee49,921463248.0421118
841482deb90d19ecb1ec8a06,798525669.1028619
214df9371aa59f68e5740212,719467984.2755965
bc52abbda9027e10b879ed50,870161817.0795931
ce8ce41a36b610be164a25de,952990251.9156572
a67412a01feb64ca6e772858,704042360.7901802
d87896f889ddfe1ba210d74d,661480502.7461472
556a39ca66e10ba3545f2234,661243163.8099641
50cb893af4ad0e21a69f05d5,803648407.58135
3b5a5d6536a9fd24f02e8ba0,621541137.4247072
121cc20fd81d6322f56d5c53,883312249.9502007
b9c893f3c3ac4dce40d0ea19,875251380.5205992
47bf8d322af3c13e8868ed0a,803648407.58135
a4325969a50a14c948446f9e,843018736.4368892
4583a6b01449530079415768,903314986.2682939
920e2bd03c9d34e36fc38ad5,903314986.2682939
0a59b506798fb96edd7681c7,876747517.8601182
e8d2cdda77c1d885e21c7bbc,903371940.5814018
8abe99f2b71b13dfe7d71616,936417933.7296536
c07e98122103d1546d995f9b,887250201.7221987
29fdab43da21ed0d22c9c71d,668338512.6689796
f2ba7982bed03cac394ef87a,616648002.7410414
eac89e705cfd337a99417320,703575900.2198061
40713332e88c6d3a393c8b2a,746881370.7023494
a9aad230d22f7dede73acc8c,802556562.1889596
3b7fd4008e14e394dd09a0e9,928158764.1182746
098327587a877bd50df27551,768740613.9275011
0379b6a001e4018c34e944da,749779455.0778708
45f24dd99d362f49c0adb875,595498504.1118648
dce1dd028695bfc5a47aa6a1,649241168.9580426
cfeb702df06baadf29f12eda,681462494.6115487
9ff5828e084070628ef2ad96,671307661.1058309
6920e6d7fff656d66844949a,718460872.1836758
31ed69311bfbbe000f4483d4,911109099.0415978
d300473e3d2ced1177c9fbd3,752312053.7467058
2cb64650b876ccbc7337a0e4,659593219.5509722
3ab2ed6d140698cfa41f2e3f,685346872.3756015
9f8697b55cb665ebb054f9fd,773189892.6010271
7e844f8a24422ec3b833b4a8,707788537.195559
55a615a3b3919798d54e885f,767786199.7880557
fd26da8e62b5d1155962f0c5,760505656.8504443
ee9171c496fa78b1461acf88,845094746.4875176
d5182c47a954c964445f25d1,834017536.0741924
e064b4dd7b4e64a3e0016f0b,924301279.1936933
36753a5e31b0edb1eecb8bcc,834917121.1045415
c2ee475efec76c46efbf1b08,660349087.8858881
3baeb28cb33d048bcd6e42cf,643934499.7335591
6a6d990b9b1bea0f844d3065,764483276.4155631
e93dbc804920c0bf7bcf8cb3,767703219.3550484
b9ea1b9fc0e46ba0724cbc0c,675118377.5351081
95e98113e39820523e95adf4,587053647.1373414
942ed340950f02adf9749a36,691399601.237798
8538a41c0e0fdcb3829364e8,721891336.1645983
804289a128775f7d1652cb43,633176375.6082306
3dec1da01706b06f5d6a9266,736519826.925711
fe004acdfad6ac6b00911ef0,778041499.9654846
6c679d5b6a1c1b74bf483478,660331880.0799723
ba54b5ebc5d4f554bc56dec3,691732976.9827987
5b9469c3ff6b197bfe3513cd,752230477.1714535
2ca6ce8266afc6721d179335,932881181.9074728
94160aa4e5c54bb479b1d0db,627966766.4609202
eea6a2137473c3ba6708b576,640502492.1410941
9969f6f4bfb29e3a97c2fccc,722620505.6415861
68006626a3321fb0de032307,715882938.1787746
2149d04442f73cfc78f93bab,838131947.4892135
01cac7d033166094ab9f87b0,899102908.2806692
15515ecdd35e9f175842a738,823245366.8573674
86f1d6fc54152004e69027a0,887844067.1274633
0bcf7987c4b0ba485c44caf9,708970908.6670389
107fffd601a2bb7a3e4a69e8,816154172.7457621
5a44636153b1d4a74d58513a,731874397.3257756
5ae08e5999ca2ba0a1e2d8a7,687004777.44707
369e9e64898ea16b7ffefb7c,761627328.0714598
192b505186d0bcadb46b7032,755157860.8691301
6dde6686bfdff12620f198d3,765831884.523382
503a04e079773a04f2abe075,905484735.4248955
42b5ebbca90572b9cea79177,834097909.092478
0b6f2534f862a7ef551a116c,879785095.598157
05e06a93e9f01dd3984a85ab,707232138.5536987
c6706db3eb4f0bbb0510578a,808642126.5038382
2babb357d1d828c49bb89be0,782707424.7562586
3951171501fc51e2d830cc82,960496331.0305126
fb72b8e0457c0199e158e599,962049603.303672
df865201353bc7b915b56ac6,761900239.0468098
8d1b3071f5396359c0b6cc62,681568408.0788815
c451b61851c8ae1e6222109e,732536842.9951122
e1c33552eeab60683f2f89d5,792625007.3695103
1d8d51cfdf78f1361710708c,864082686.7019713
bdc8e1a1e06d387f9c7b026b,864082686.7019713
2b36d797d32013a126e15709,843973772.232185
13b3a55d79b79ea89a73d21a,843522250.2593502
e57ad52764215c3d54740ac5,843973772.232185
19e11b2d60326895b5e6ba01,843973772.232185
f6e1752b9f4a0a3c8573910a,843583200.2530311
062efee92601be294d7346a1,843746412.622874
e2c3acee51cdd03b1f211278,843973772.232185
9390ae5c166e1a976e53e16b,635334570.9852358
db3aeb3a96304f3c255e8a22,758594162.1556296
d353be29e7ed2c35b920f7c3,1196602103.3444915
893c1b081e383de73b9f2e16,951378347.795152
8302e2afc48d6eda16784da6,876493273.3759682
f1e9676bc91a76740f4e9b0e,783345597.3587766
ce86066ad78dea43089d25c1,988607879.8470737
c89ac55660cee4608bff27d5,583940606.9197665
b183776d007d85bef0f6671a,871907804.3488599
e8872302ba40e4ea413689da,741570258.569818
0afc6cbb60f34f1cf00fdfb0,964310490.7664189
a811af7cf12afb1dd9b8eb86,852306357.0263609
7947f71467036449efb99972,954130907.171407
2ead9549bab6f1386b7a2c77,583452254.0536727
b54e8d557263624947f979cf,921899059.2655053
fabd2201750747891eb6af77,674621961.7607856
7c3f7b513bb20c918a51dec6,885538911.909965
0dcc222d83e1bf05f2c2c090,687565547.1706796
3ee3ee47bfa21462a1fd455d,712800053.6120694
1dc3b6ea53413ece15bea33b,778671132.5971127
f44362b932a8b70ad4b99a29,826527906.5521094
5372f93d988c3c917629f9f3,748918514.7629476
5c25ccfc7ae77f1d85981a79,699460539.3101308
4df222356df121a41adadda7,730930680.2403682
bf38bb7a2a7ea663cc8f3d57,748918514.7629476
ad0025f5b240d00936c82f9b,733811891.2378801
2afa66b726ed0b1492b9e01b,846871972.3767164
a528312b77b7f84741c2bf29,770154439.2603385
1cbeccacfa11843a256b2e2e,679603578.3613524
d11eadc78d95c96f50b41a10,854009122.9947758
c918e02b3e6d80125a2db1cc,708942676.5512431
b2af005e93b0242e0f62f298,572204603.7358613
ed9703ed896c6118a3458e78,641755822.2192299
8ed11c1d4e7aa1ccf0ea0508,499591178.70873845
9717b066e135a82feb422181,741802649.4246029
294985765f4d12e51a68a451,969429603.8042115
edbeef6a08dd17a941634d49,979035099.0883653
26cc292628ce4aa87cd287d6,719874980.2797872
47f7065118bcd4c3878e50fc,703639939.1464679
e369c63f83c44329ddad488d,752769987.3228657
383c0948aac71636973507f4,814134494.4617456
6bd1a412c01387af8810ce57,913036927.3144698
4b92ca1cee4739104e620871,897950690.9181498
0123237414f757b9c3809f88,733752213.4636537
6e36550a6ff6fdb2711a88c1,812285322.1162913
1b5de74aea685b506a952f4e,601377625.855686
d85fafb4d5ec056e6db9a79b,592469664.6507758
cd097f6cd92275ec8ace1f20,652768210.175697
ced1f52def08143f0b2b6849,902395726.2380733
89a03e25c43a555b47c53864,709963600.176033
f8d64df401009704c152bcb6,743365298.7104275
2a5aedaaad2d908122f28f22,995499467.1126812
edd0b57b90629fb00d036e34,845389521.2137418
f8731413b0d976c03b7e05ca,921544762.8476214
01abe3cfc94be46c1153c82d,835701702.1806481
aa7f5d0d2fd5474cc67cc70e,774130981.49329
4912c91afa6e4aff6ffdc6a8,677525647.8337159
9d805330fb0df9ae73003ceb,894925699.5077381
7daa9115f755a6c70411b9cc,814604547.8445729
f5896513d1cb044108d23785,967998172.9201155
3ff2a2fd905d81f0422c54b2,593876990.815484
02ed31afcba033953c79d95d,864485227.2534438
c2164829374d5e880c1a1f31,905014192.2948349
3f6eba5c365508ac192f2b82,612388710.5804622
3289958459cd87f24089cd14,782023835.8376439
ecc3362a649cf08afef96fc0,655960508.1363344
264e00a64cecb861d2c05b1d,828157386.7968842
d5b5bbf927f763a43190fabd,908245419.1446953
2691d7125e9046e597437f2b,833379272.0047195
7cf183ed411cf82df26640e9,599620129.0165682
f81107599bc083fec4a13ca3,650845599.2493539
3c2a535f1df831771b859a86,655163966.7482271
9e871ee8a61b183aa9051b72,863010378.1095197
e066ee04cd3a597dac8ced59,688602213.716582
2f4ed160fe2a21722e6299f8,693280477.8569324
e0ae53aa3cc9e9ba7ce65f74,646826474.6639824
78d727d0e61a7c8b1cf6fb1a,898590407.7445383
b42f936db049a74c7d24b0ef,968322153.2240764
62e9330888566f1f826e1ee7,718553927.8016399
3fcc5ff04edf753621d6cbb6,785489170.9913855
d4ae25b207949fbf0df3b404,851590135.5002455
14bc234ffb3ff7f974afc8e7,803208970.9857798
64fbc9cac3f15c0f1a16f4d7,617519058.9538947
5fa1c8237da8fc7683bc10e0,913636949.4700333
7bf4beee26ba81ad0b884f9f,574760359.0157697
72a47f70aa99d42320e54787,595874850.2452807
07641db461323a5cfcda4f98,744624272.5177102
3af2a1ec9efa6884a8254d28,923260466.4238603
3adca5eeda4939a5ea11444b,967243810.1478671
37d39cb7d3849a784497ed0d,956756566.3542688
b9baaab70cb83475ac3bbab4,906765904.6465427
74e178e2398895d2288e6fcb,801177769.2237285
ec15e2a131d9724b012d68ea,646702768.5641649
ee042a4b4a0bf9a1dcdf1eab,688858291.4586266
35381d7a5b25317d7588ce77,582201106.7791647
18ac3368b1f6d8f7171b07b3,863033649.7168941
3dbb09358256bae5199e1318,1020445084.2393882
4662aa1c44351dfe271e3a9d,836669238.501832
034a30994bb2e0e446e35957,821167982.548913
4cdbcefc434b48ba3d51a498,916090073.9371979
3d3317303679a6a5a381d0ea,896483421.5076866
68f4e3d4355bb71db0f35a65,785008540.6849613
b3c77f4a398b61d9c204f8a1,933968439.4395758
3865974fbc1b412f24c47eaf,876513902.1639825
84ab3ece52fe00ee50f057aa,807951657.3628118
dcdb8d97ae65daf55570c88c,741527636.9492178
7ea01fd99b389d08ca50c0a6,759462895.6275692
51df325f026f4cc5ed2e9a65,984548829.0210104
1f11cd977996d909ffacadef,936691004.4003413
5ae03c0e33dc7d3e0e0d54a5,807806520.6755658
da88bf5bc2a7310ff382be4c,709873176.9482572
035de58d60807ee2c272ce82,921190177.3714241
0cf82b1128ebb8d1087b640d,810544887.9334488
bd8b005383020611b8922147,713393280.2128726
f5c79a564600bcad99c74f03,670678199.4099991
b11672f22fafd555f940a8dc,802902210.6817993
2bc88a5c4bea2bd00fd8f13c,690068471.2400259
b2b99019a929584b4904b98d,914041444.6581252
678d0e011f710cefa49f6465,671426308.6430005
f7de22825945329521642f49,687341250.9459431
79b5a037bea858706838a62d,882766108.6088251
9f339d547d83b4ef956a3690,715754720.5815421
127e197a2f70e7ddb5dc92aa,734042355.0064439
65b8c48546af394a924decbc,735095277.9733697
cdc0c282ee62c51e3a20459a,995772537.7833693
ec824ecd0319e05d1ca6a9c7,700788300.0136297
95f27bf0d25bbcd0d1eb9cdb,690451323.6640282
ac0ee54bdc08632efc0d771d,893900745.6271688
904ad71e7d108930d69a7332,838576056.6711643
7f4e6f790de012946197e0df,870271654.7558908
473cb30713e88ecf782651fd,676517843.5680574
59a309a6af425b2028a2ad69,726104402.4850944
8a1b0f59f86e33a7aa7c2c23,844301495.7466211
1e884932e57cfcab75ebbacd,881646944.5663412
8e273f1dde4801825fb19742,752490054.4520749
1f9c0f9c3c6460a323171d72,816443294.0079087
5dba98aa20e371c3947c19b9,932125796.8172596
51516e102f8d43a07037ed29,697474278.8232043
6eabd14e55ff090e8a93c727,810357648.9648213
e224f9ffc7bd70369a5e8b68,902279657.8986506
35cb50346289f0590dd24d83,898460097.5636827
2aecb598de8c74d9d5108d8c,911545841.486922
69c7e97037c747b93c33251b,830421882.3439637
b9b95c89c988f68429822e81,642956329.1303871
fa2c5c19c86087f207c379ab,687603329.6829486
9bcd34e7a974c977f65925f3,955299576.3138502
3611c89dc71078cd0aefd2cd,882219967.2674495
9ab273eca8cd5dd4b6339ca4,679450273.6397331
4347966ceb1770f758cb6e37,883716104.6069686
2a68f627f4dc8060484cdb18,772168205.8385149
55ff644abd72eaff17d533f0,911927760.6213503
db563e5a1cd9eb1be832bf5f,908351846.1200391
a0e9310061ff0084d63dd242,833165870.6656249
7ff62b2f8a28d60f6c4237c6,824090696.5033069
c42c59e8a08e8657ab4201f1,784400515.9520066
de28370454624724128a0688,703913009.8171558
514aefd8a44ca048a8088c51,701210299.1740478
3d3a318662cbe218db0878e7,995226396.4419935
2714bcd5c0c503c3bee0e0b2,894652628.8370504
5461aeb15c7f826f0ce157e8,586352459.7759044
db352cbc2aa3066ea9b34184,705629026.0387845
22b066e6dbd0f2562a0554f1,917472216.20468
daf8d6d3f4ba21513341eb3e,895118068.1542478
523605d1fbb75b0c5acec5f7,832275009.2986678
c59c2a19b93ca666b7c389d4,803279134.5941365
61e57e5539c40e5ffeb77997,832275009.2986678
c1fc25faadb151c73ff254ec,739502986.4070435
63e73f1b8b385d89de1329c2,657006815.6520562
80ded3bf4f2973a5ceb1ffb7,714643254.7294931
e1f5f0e96e5865370423c142,741198735.3464653
3bc1d407f7e7c8e67f7dd27c,751066299.5530068
d87c489d3572187e3280965b,854123177.6255956
110d49e1d79a3534e146b300,725981501.5562376
7baf3723bac87b0b393ba52c,735042541.6478723
8e9e35321545774dc1f85776,673296440.4341884
e0d6155cb3cdac98f81d44e8,793367397.4636177
bcf775187c0f5ae1cc0e8ca6,716497262.1530566
a792122a1b292f482caf25d1,676822766.3429362
09fe153b0027697e58bd08b5,634318823.5420821
a7283f1587ffd80f4723475f,591639682.0176523
67a10f161cf7215302b6ca1b,625395793.6153635
f403b20cb52d4ad3f9469ee7,724175498.4981501
643e13f00dfe7787a19b1254,671034590.435143
0eb7c68fb7ea1e58f3e76345,784247558.9328252
cabf47337c2cd619f12fe69f,602944305.8724389
55c5eeb4861e8cd71731274d,680203054.7254426
363c96b85cf07dacbb10b92e,724876186.7841566
49b59d19432dbeb8921e57b8,831709827.3122517
818ee3b0c3862d4aae6e7776,590689799.1359603
b15c662c56b19d3843737dd4,651587190.5954093
03243195c467c67e67a7823e,618099692.3845862
5db50c50b523f3d454e94dc9,760257361.4487431
0798af235e9926b1e7e4642d,705551433.8412826
83852e78afcc4127481adccc,707505209.2243865
7fe25ebd70b89f4602bee6a2,824723743.4234338
175590951b6f8c6b8b4af9ff,685950270.2299845
d4dd48521efc020762ea141e,834711170.9409301
a681d6e9ccc7bc60eeaf7e3c,792741232.8944359
e137b5003b8c8f18892ee9d3,785281611.3556492
90dfa0d7be06e7a1dc15770e,756804567.6906834
7fb856eba0ae98a40eac3efd,799848162.3388085
9f52855eab4ca5161f1fb492,684323749.027056
494580f4974c33d7ce0cdb28,877135439.6465747
d972dc3dfccf2a48a6384e54,827655120.5612307
7cc8772ebde8902f55e14b44,799872041.2705973
deda3ad684384ed67711ae71,656840475.403795
b288c52e4d0fab9f579122a0,1096188318.876525
0bc16b384acd3f8263e386de,1045702209.7050686
b40d1d2b7c1db9cc57c65fce,752582526.4703237
c2580329ee6d7a03925725aa,785096988.4327884
7e73516d57a251061b3916e0,972512832.0363064
7749f3bcfa8339444b0a8b7e,663570053.7350619
557e40fdc93c1824b0bed769,663570053.7350619
edbb5db63dbd0452c51047a0,637274251.0643598
383af3a5794a0ec3efe78b2f,642283378.8585764
90ae7af091c23957b88de5e9,819899039.4000313
b1d9704dd39c6cef28ae3d17,732814709.2134366
44916ca9b874075f55949f87,781108202.7980875
0515734883eea12cdacb7aab,709549034.8071728
faf9f8aa50d936c1465e880c,869950592.7419187
f37c9693e058492ec3715de9,670587614.9451224
562c7846b05072561d96698d,720135459.985259
4a629aaf60a113402834c042,835613586.7568443
ccc4e48073c3da10a2e2d08a,840543095.6123621
8532c64eaed74b64b4d4707c,739252019.704819
528a96aa31409c32bc9f1f63,732336991.5516862
36fd9fc1f1d9b2e10c1c6463,630176266.0706905
91561030d87ff5bc0a497f1d,758633488.4860244
eb09010915ee68091d6675d4,691472206.732974
56c41a58ed5b9864b68fc910,666837904.8518503
bf6005f6f71da582a6fab8c7,664547150.7524765
86ee80cbe81724e6919bdb73,571602713.8813953
0caa7856aca178f826fe90c4,731026168.124265
9e41f25cf2e77f3fbe903368,780222574.3176506
019f4a25794ef01294845b51,785720753.4745581
d6fc6059bba177ab56d85ec6,928548920.4876993
436089e2bf605d00849691e8,762092805.1610084
02a9c37b3d92a6da473c6fbc,624245967.3893336
bde81ef5ff9edabfc7e30d10,809830920.8742049
379fcab709c66fa146d3491f,796898488.522997
28ac1562ebb5050f1492f576,750995658.5659884
e68f5a98070efada9b5538ee,623640790.7599807
80aef024b0ecebb01913504d,554518494.1339052
f45161bb79292e974dc88b5c,621616915.1562505
6de3c3d53d6aee18ccdee958,588274605.7316165
5f2f7596a284915ebdb81a35,542226221.7354349
291fc50c4ffe7935b01e5d9c,665767317.3648615
42ac33321bb1920fe2a78036,778632931.8954413
c8e00b4dcfa2d05d6a7fde26,873282914.9085543
5c0e328a04f881674ae1046e,855631363.0650717
c28cb417dd28fe4d4d41d114,657580424.3308194
8e160f094a0425aca23f04ac,849910284.3434734
a8944be7383b5689b5039c87,922114998.2684898
cb7ed5960f325114bd3489c3,936562833.4791524
275d73c7dc0fda7cbecfea89,892487744.8122425
85c24df2d836cc8addd9b7b0,859144894.0808787
0fa87864632b7bbbd161f879,1064321197.1503749
c7f422224808e043753683f8,905040123.2822733
c51d1eff1b6d29b4164df520,873713207.2840208
b50e8c13de383e64711193f5,711486558.8449697
1308dad458274c698b2fec72,711486558.8449697
6a1024c5da689de67bdfa274,699631094.667155
6e426f60d25aa8a4c6f8c9e9,833323094.4824576
b80f3a46440daae51308d459,805151232.3438511
f59ed9b8ef1726f1a55a4dc3,755812786.0337594
368eddd8b6d39bcc7124a41e,768740613.9275011
391cfff759030283411dfe1a,731647700.6704212
4f140229175de685a0999773,773464340.4829638
cd365053914fcde97b7ee9a8,981000557.2201003
16a05fee8dfbe78d26664c3a,653671355.3110152
c462f0736fdefd319cee232e,1002179769.539196
b419d977b283e33c0b3da86b,884895691.5704062
6eb27e2a66d08a8a60567272,1053867834.4600554
7486ef139d41d91423317e0e,843338950.7286468
e663064dd77e3c63ab9222af,974780369.3693434
9a6849637f1b8332ab289e27,928158764.1182746
498de85ba30cb01e9c686081,657683993.8524561
3507f260c3c6e195fc444533,621205894.0487127
e538d52c9b2dc994491be3db,554532021.8271343
f016ba59a64f287099fc4af4,716525159.199277
380ae516dd46442f97acfe14,838095888.2250302
c97e4d7e08db3171290e939c,746322265.1673957
f7847aaf1491103fd931aa5b,947684456.8820475
08f6bf438980d55b35ce7537,947684456.8820475
a6a06973b5a4c990d5873b7c,751634750.3970516
6e26918c69487a735a639c1c,905338814.557318
cfbc690c55e5c2bd8dd9d89d,788131972.6461087
56fe5c13f11813b82dfb04f8,782980495.4269463
296f0158b5cc1541cfc8419e,964451962.6067047
6ed2970ed02a3e50ac984aa1,759795823.5297251
4c9f3af11fa91e729384580c,697328946.6612749
2ce779caef0637db97954912,774751164.6682168
d743892816160218a63dcd35,827143936.7757425
758efd6f99db309c67cefb12,632178154.5897341
a4146ec09d782b08e8198e11,615395227.3413785
f415c2bc1bc0fdca091285cf,903211901.3866327
39ef4fb2a43fa3bba15a0b16,825274530.3550069
874ee4f1b9c6dfd3d2358834,830077111.6397201
e9d514f90ebff0de1936d09c,801137714.5579722
9f15c77d67021f349714806c,553521062.5236771
a600ed86cff36e636d204f39,744404614.163574
58f55e9bf743e2e3ad43c274,686989355.9730544
af1aeb2ba89d29973f73511c,669871724.9722958
bee721e93b8d8e7cb37dc992,770099856.3316836
bd52dc8dc5398e5ca2952473,585303302.7272398
b71095bf5e80bcefafb12d52,790581537.9424073
a7f48fbdf807da68594e9ae0,674275020.0734634
50de04936770f874e1eb86c2,645096383.5232176
2ea47ef8f02712c32613fbd1,674164432.5944285
27eaac0ebf8a5ee99d143218,1006818773.9056917
ee594b6bb0751dab39055b3e,708622763.3492634
eba0410242fa1e8dea90b194,892454354.999067
a619d30d6f2e2aa3b9613c04,622709197.8390017
df58a4244134d3493f3c9f30,761176263.0282156
32dd96f4f07f67806146ec46,671266992.8519765
a77ef77ffa731e8980d36b27,643054740.7384837
a2a1665a693852185673f6c1,986382574.7812532
8267eeb41ed1e68144301a3f,689080551.9615144
887ba6b287a8b3ccdd5691b5,773285634.9375355
1fc94e9dec93d52e0062e07e,797898927.619698
ffd3d51ecc85abff64258e1c,809861611.9217857
3eb79541c2ce9413d2c54736,720514929.312825
fcefb2186b13c8bc39b17915,864125932.3996456
d4a43654382201db5d318dca,789129264.976813
15fbd295328ad698d3c76aec,1024357419.1082051
7f5e87fbb4952caa0cb658e2,699973215.4481049
9d348aa70957592dbc56ef32,822260265.2316643
2ac1105447a71f68a50105d1,913544557.1416013
d8ba9eb448ce35ed404e68e3,810088769.6369909
21d42e80f6f818eed990bfc7,827802585.1787341
81c890b0d7cf787a091d4081,700108303.0493623
518858c561af5c13c8aef9f9,962192852.3957019
01cda25ee8545b9fe19717ed,941798173.6980927
2c34c1e1655e87ada03f411a,837567247.0358366
48f9e9a87e7fc0a678460e05,746168777.6417285
76ae7be5da1785c37736fdb8,922282460.0541753
3918fa99179953461fe07f2a,702777333.7776277
305080502cba05a1c165560b,719643873.7785013
5c3aaf3f75d6d3ae9b55cee6,848499694.5831003
2ab263b5d1ba72fa562d64e6,839740062.5991814
6d13129db564ad15e69fd534,864125932.3996456
7de7a2a651273df62aa6a21c,986382574.7812532
59f9cc9b23cdea5bd4cc3ae9,949158623.4663332
d4436ad417941fde0aed2818,864125932.3996456
80ab8d9f157c25b40f102854,822260265.2316643
06ca01d3ff86406e896b6fa6,922900266.5640533
88f36882dae9a0487383b769,848499694.5831003
da474e23f34cb63de4ef28a4,822260265.2316643
04f968f1873a655fde8702f6,714323935.8459231
1dc1a51628b8eb1bba214498,588264522.743596
e7cb4cf600b9d931eb295c71,585464153.0307586
9052c644813d546987a72305,626676002.1960251
1e32a8825a7ea79c28e27a8d,638457029.6491925
82f34c2a6644c4cb0649c44b,801773991.2123955
95815bf7c79e4bff3f41b233,852592245.4584045
f64f642775ed2c9f45aff215,786998567.3139619
4cac81eebdeb45eb0e8aa5fe,836460066.1800646
c6da2874d2dfbb2ebab542bf,872418591.8471396
e7c08555cb8f5c7d0f32fdda,777300198.2976139
10b7c99bee9a4a21e1f32d50,751057049.8717993
f21625fb82740d6f4cf1c325,602436145.9412405
1c3236613cf95c84c5791bdb,846467480.6047014
b11c3a4642f7eee2e443eb32,928740582.6097457
cd08976dc2d69110375f8541,747687790.6489469
a44c7ace8ab50de7ed8e5a66,583728880.3513639
fa8f13da6d8be3bc1f05fcee,727990900.945883
77bd7837b02bd8f2c290c9f8,659852750.4286
11a79681fb0a3f6eedf11d1f,803648407.58135
70c3b086af66b0c9db4b0b96,803648407.58135
64ea18085495f759116f62c9,720694517.5757852
ebf4bda17341de806444ba83,672508911.9866695
54228579fd8812c3ea160341,695007474.769229
dae0265a0f2f79d3dc010ac8,903314986.2682939
7340afa659775cc18d83aa4a,866522197.2497385
5ba05f67a77cebe5cda31e74,905408339.1376423
33dfb510aae260ccefa4d349,876729313.337892
82af190e32398942775056d5,903314986.2682939
a9b9263f6aafe8531f3dadca,642564850.0019056
9a38e7293e9ad7d8462eeaf7,964410759.0136511
5852773a80f7f1b929c7dabc,995226153.7823261
52fbef3effd854b0ad0f62b1,784837208.6105968
0016e35cfd881ee2e37b49b3,807396698.668852
380759598c614cbe10ae4bfc,700603886.3267375
fb63e870ceb7ff355299f3da,728492016.2665597
285b8cb5e9c887794ed2fd1b,898799397.5652103
f003a46a1c8e04da0052d72f,595136293.1507125
a731b326a61043070c3c853b,668068805.13928
d2644b46136fd95c0fc2353d,952011164.2721838
8248697f70c21fa361840755,924687419.5407761
075b5c16441d9d67cf638386,639541934.7753253
6bb2ac0cf2369cd8fd85bc12,760574724.9332566
2c0b3d69fca6677ba9e95327,827992801.1951811
c73ffac843c155f24985e6f6,725912666.9434263
78b57a58368ab056c11bb0dc,858089460.5674404
90b25b6b913c1bf0396c149a,693180015.7118214
fa29c89363ac9cb59667a43d,858089460.5674404
eba756e88209c420d288c4be,766104955.1940696
e7081fb59ffa298320321633,963249494.8035511
db1c3ece26da7b342eb7c8a5,858089460.5674404
f9ef8fcf24d28ce11e71d758,776723865.0091817
2f854c9df6212c39091bcf28,656704473.236105
ccc66d77e5f68779b1c016db,795671884.3032068
47d288f8f9227013424d6976,672657635.1346672
3e891afdcb568befebd66fe4,690281536.765435
2d1f036c96e92d9c557605cb,770564483.7652636
dd9d63c612aaddbd86676c34,648051396.8382565
13cf784fb3553f75acf25a4b,770564483.7652636
57dd353ac00d0e99abdb3733,902938830.7159448
ed0051ae106fd0df60a14586,779242092.5734415
0997324f14c5823413463546,917968030.6195849
e2cdca1756b1635dd1ac2b2c,690413726.364987
7700df9486a1684157527739,735020558.0066789
e790b21630ab963a65c53df0,503752948.67998236
2bbbd9878a1e7c55bdacb330,767392593.5936449
decb25b7fdc0eb259831cc71,729312785.4171337
fdbc74fb5882051327b3caf8,636335553.5474659
39dee9b1661292cdda6c4823,856206929.6206532
354e2de1e3a81a63e7fae4bf,815578949.5219022
f80b9e8c51cd71c5be281652,610915116.6754726
a96b19e82d9811d5de1ed0e6,542194616.3439233
5e5ca2753a908aa1b7fe80a2,892424994.9515619
495b6e61d1b887f8b4c1bcbf,692640835.3237398
ad8ac9edabcf2d4b06ba9fc1,729643437.8328482
359f6a66a407e30b40979d2c,790591442.854271
ad351bb6437583ec871b1739,776785871.2817461
262b1c8ce7db2b4aca2400a1,780137121.039146
6808b10f5876ca36f569a4b8,941900591.5990571
54c74b36962edcc922573792,641666572.5405406
e7fc4e6b1fdb38ffe68fb680,771401681.1583557
1c9325df5599379a73e18053,723567655.030121
8c9bf9031bd378c1105e3f3e,984002687.679635
be70989d473cd731f6d8e580,680676555.8219049
46136f5f078dd31170c58e64,783977661.7208788
7055f85f7749c4646577a51a,661301689.6525527
861aa922b483f9bf7884dac5,644416569.251129
45f18e0bb676d2495a227dfb,682466314.6780536
9cca7c1e9ff65766c8dd2e29,678424048.3605614
b2b7020e66872c8d83468cec,677423428.5117557
7634d7acd4197594271c84d5,833373347.5078806
11ffdf367d817b582d590db7,643123097.9716114
103687e73b0528ec29725f1e,731739842.4564872
8b5369b126b75c497b1a7b73,718034790.0469513
b33c9b03cc12a253e4936cc3,669864028.5974329
ab177c5d60492f2ff087708a,749912120.4471741
05bbd028f30492fc0a9f35d0,718034790.0469513
2b9fd26383758104d567d474,718034790.0469513
4addcabbe23020d3d0d46ac6,718034790.0469513
d93ba0c32244c455e0f7baf4,726095659.4765527
92b772a38d5e38bb51a3f621,720693376.6129906
135ca1dc80ae4d9993ec46f5,726095659.4765527
ed5192bd8038c77ed2e46f0c,714938099.7544014
3a878d44356885ea61bd882b,726095659.4765527
c29c69bc6758d5976024e455,662120620.275594
dc486a3d7e9e2e608ab2a7b0,726095659.4765527
1a34acf8e509659534a56b63,946397833.6164849
5716ed7d678cc2575397174d,617469349.6440251
444c68a7a6cd0b794768d5af,658263284.0982063
8a724286cf661794084aa87a,944200231.8423872
ff9c4796bc3ef18ae7bb724e,799848162.3388085
35984f749eeb84eaf938bb08,997938692.4640268
0998999f12dfdd50c597c6c1,780139429.6542765
58bc65fd2e0e4430fb353d83,766078784.701378
fe483817d899e0044abc3787,721345256.4337996
183a8459fa248605b8b5bc1c,735950079.0825547
a1f0d61cef676fbf798b5473,792528817.4319537
d7d3cd587d291f389ba2e8d1,794036960.6103697
ff8e7294270343a00978dbc2,820699605.967741
0996cb112fc3919564e87c37,761248252.2019199
f183e3651c485e0001e64880,964451962.6067047
e28474959994ea9c0c2eeac6,922763256.5382557
682c0a5f5f3130a61b5214d8,902970696.8473778
245663c600727f7c214063c9,719095519.3145536
dea79d1b25bb9c78d331e3e6,846461168.9423932
ba212b5f12959e34b4887315,793140672.2111046
dd4eb14b56cb00130955d021,935269666.7931441
4c94103d4366bcaaee4b550f,783284067.6326437
7bd9cefba3f5dab498ef926c,1229348817.0308108
1d7a2572b466070f08c6e564,689711909.8289607
a38e7af984a471331b2d758c,924410061.1769677
b6775aefafa4dcc161eaf6d5,908179368.5974674
8654295684292e74d0245238,672281629.7518171
f0ae62ce6eebc4d07415c48d,987683231.6448443
969219d7b193ac92e7a008ec,727846380.4418525
651d6af0968fc05584cb3d25,641756257.4474405
4f992c2a0526c0074bbcd875,661218890.7315437
9536c686b6ec514d92493f9b,677130328.6580048
5384587ecbf956275d86e60a,572822304.9529474
bab5690da7c42909464cb9a2,730819263.9350681
bc91072d808fe7b43e972f42,682433431.807522
37cf2c5c1c6fb6e601d2f76e,597391286.4300191
4cdaece5d1dd4e089a99f47b,587197957.0438756
b37af80bba5adc197cb51649,721254644.1346807
552152b60bdc1ca16d2dbb71,738835942.2852845
32354bff9df0267a5e139156,828319535.8353715
fe4a6d7d7ed28b85c5816fa2,1368586614.5898943
afbc7773755043a40a7f9d6f,636202478.196594
daf2efda70c6f3cd9257d0dc,764574585.0587516
66fa7c9e82a2876216b14b1e,866277761.735009
e34517b1563d829104e230b4,590689799.1359603
222a35842b0bc09f48e1d0cf,741801661.8147324
c5a64fe5ed5901734d98a22b,672125883.0313928
05db9fc492801eac98f69c7e,729890690.2411575
6e4ce81e713a571601d861a2,913910020.1407212
79fe5105ed7a7861d3c0187c,663356738.5772768
70ea911907d320da1f7f9c41,696907669.032338
e60024d6e0b5aa52e27a3b5a,662336134.9941442
bb63f086543cde77832bd4ed,662336134.9941442
b3c2187fa96006fecc6b8ba0,649605259.874226
9499edd83df77bd6a90560c8,649605259.874226
a947158782fe2832cea53040,886119648.750343
2e1608b8c646a102e27df16b,891579234.1935906
77fbf1f0c35c1025ea4803e3,703409796.9714098
f9e6a759b069e04b0cbf0182,816662873.9938323
1e158f436f2a4caedd1563a2,760257361.4487431
67af004f80b08fae38f472eb,632657867.1149905
386ee01c3f7bd8bdb91181ad,934670334.6094027
36ffb5566bc35fbce9e42679,677889400.8003831
b58533a6850620b0960db713,778562921.2059546
41353584f956b9e316c6c67d,705732330.2504638
b1d1bc7ea83d5c584988b95c,639116325.681527
6b1c0866e6f12f7fa8de94b2,812255418.352327
fa4fd8380dd2620c672facc5,925083853.2104255
44394e66504a4d77587ee105,771400279.2464569
d841d6a82425710e36460f64,684404098.1832633
33501f96ba3b02da073d586d,640941464.3243611
831693b6fb81df1359e45db7,751494267.5267106
7192b9d32e4ad55f6af9e241,666937908.7636852
4f99b97100d003ba3a2ecd46,717122095.2972131
83d969bfc020aea27d2b829b,638188590.1259972
39be6f994f2cd3d68b51126c,718884340.1420094
712f16cf2506710d7f2a2e8d,870129285.0114452
7ba618fdb1fe8694eaecb64f,933969331.5313716
d8735967c942d1a7b0cff7c6,722301055.0793712
b4ef40e00d089a35d750888a,792741232.8944359
7d73a548c2a29ef2d9655e1d,834711170.9409301
63131b8d125073c7dfec72f2,694336792.1966201
a65655a4f42564ac48bdffa4,800614868.1654544
033d3f8ff56907db4c453700,785281611.3556492
05e8878bcb68d03e3b656eb3,819802631.6202115
2ff0775d2c131d19804f2a2e,643681207.6853096
9957ccd807718945178bb847,809524621.8878664
7bcfd82ced5d6f1ae390d388,786799438.656044
adcc03f332b427be46f118a5,732949294.8759255
b5dd038cf35169bfd0e62eb7,816711425.7207582
35b789e1d63f8f25980d21a1,826983373.1666706
c9a215f284e095850c809425,757882770.0399257
d26efb0e1213e19c378edfbd,854420903.7150396
9990217fa4eae1d1c4ed051a,937357131.7463746
2e9390c4423db604e1c7c4ec,703663715.7980306
6faf9b6c30b176e36f2f1d32,632603246.930858
5b83d91f4d6364d3e4be1428,734535360.5386
0d9616f0ac8b0c2e9e0a97a3,790617246.8651175
9c9fd309cfb505b628f84fab,900328333.0589852
98b77fc0888335702d082f8b,724652738.2479291
051d68945b95562009d4029c,724652738.2479291
eb8021804e63016fd934c9b2,754350607.0875695
ed6c8c45bc8c1d160cf0d0eb,730167998.798765
9fc8c3523883947769b2fe6c,909363748.4185874
3e9cdf767389ee551b5349a3,707505209.2243865
512effa47a1c7a5420bdcd6e,636973050.1678851
0768e70fbda0e09b88c1548a,683935226.8457003
acfa7a1cb136e4474b7efe32,678241955.7128286
a343e6ec6eadb287711d3834,753251990.6851363
a698d80ede6cf6243fd9ed99,808406362.1635852
fa5c81237a94f2f78f05977d,761551502.6017103
999c8da7dbed7412dcbafb70,863695925.4150105
c33613eff66948d1bb8ea3bc,1080066580.017322
a642351076b7706a733dc52f,1012765496.9089031
c69e08214cb1fbc09ced0971,750024276.3269424
48a20e676a060954308c9ecf,625220016.9411024
304ce5835e685778b1c2b6a1,841190554.6187131
c859144477dcaacbc1654a8c,653381306.1321902
98865eb2f40b8a30893cd351,681289431.3592418
68dd15c8e9b71171348ea24b,1035873138.1905792
3c660885ddd7e98ba5ea26a1,839983405.6333839
c670315562766401f92913d0,619736739.3829341
777a8d05edda0a335d89e90d,702224560.4048321
81f5c32a2c2d3b32329a645b,809088666.6911354
40525fc425906c9485f1ddfc,636757639.3694483
8b6efcdb553f6e936bd90f3e,893946005.7564678
94dc108f1d146641b221cb81,724913329.6589059
1034ee7a5160fecdb5e8c27c,712036581.5215704
48b34600046c903f0ae4e6d1,949972861.456542
edca31377b4f7299f8b45187,817596278.6274652
b1586cdf68f36926c3bf72a2,656965795.0871493
70b15c2a38c404e62ad05171,608842804.7009016
ce18358366157fa869bf3833,644691608.3283206
6883fb90099426e6f3922909,633250455.102547
1b7151cf29b565b2f1caa559,624271796.9740902
f2ec3a3598c99bb8c38cd680,668329238.4443979
38026eb43ff9876cd5767ac3,572458249.9943851
9f68ff98e302ab06df4fc672,562337026.046803
2d2ee255ed2144b9fa1fcc39,720694273.7262673
029224b78e8f358aa9c38e94,585954308.9688512
88da5851280dbe750968c565,774405313.9125565
1c67456195075a051513b28c,742598009.3346308
9741ff1b895a038c32205784,821548315.288232
75fdbee42ec89d428143066c,553543941.6218137
9f27627b9e439fce085cb01c,1081867392.826121
a4a4a57cf20ad739291aafcb,903597787.87621
84a074517742e09a7eb6f320,802644459.4508431
28fd0437736c1b17c7ea1f33,763704615.3063908
beadf1de0732143f0699895d,742628975.5464249
b027f75411dce9c742c5d0f1,941549513.4891559
182077fd9c5142d503309490,758338158.0288457
b1df92683a593edc3f2b45ad,717198096.965274
38cbcd7f88c1520fa083af9a,692808490.8866628
8ab5eda5b66a6c2becffad29,713645554.2950547
e68ceeb098f60054c19fda0e,844092570.4731113
e6ac4d158437142c15bbd4d9,934761081.2555141
a448d8246781ae78dae61619,692995708.9949324
4e878e99ad2fc34400381c3d,832004443.6573557
beaa09cb49a98e8025fd7e8a,736168391.9699908
3df855d8893dbc62eabd95c6,749972633.2009501
cbfc3ca911ca23517da8c2d0,920260635.2413785
a020e479dc5db78794a5fa77,900401708.7732112
6247fb0e5261d4225f6c9f1e,818036853.3875401
93822a34ec8dcf104e7f49c4,652161497.1654476
17d311554f40ae8b40234c31,682483164.7925231
762e044ce9371d7b8c7acb6f,737354470.1965511
2fad468e1c248f40ee3586ad,833865824.0454099
fc25df25f4151a16cf0c90f8,873530265.3546454
39c1613acc0ba4fe622c1f31,749424191.6754823
2c15a0733cdb932ba8f2225f,777032708.5729859
1db68ed64501f35c51d74c5c,874528690.3422132
1d968cecf268a7f14def1af7,868286324.0694215
77c886207faa6965238b152c,692497519.7566593
86242b25bcb2dd775d25191a,726527626.918218
a8b457cf82926e25cd862af1,996318679.1247447
fec1212eae4e6369d5555d8c,780095937.6579918
8f59ec48e38092ab01c23e33,931269865.9405435
490b89e972abd7e64b5ba6c2,770854137.9050813
f8f217756d32f31faa784c2f,895744911.5198016
1c2ec62e8ebba12c6146a04c,878229991.1564515
2afa1699af46ad8124f76e4e,716103632.4649218
8c1695c9a31de0f956e4ccdc,652525312.6732483
d88bba495701ae7a44eecc64,957388777.0442793
00571815d5a7f208eb3e7737,865379267.1837314
d626a635ee75c23aee2fb327,816989435.3492843
7e3937cfe43dc906983fd321,1055193249.1592841
ddd8906ea4a22b782c7888bd,884781169.3097497
258abe0fc321f6b24d37ad86,722734345.442078
f637a4885488bbd499199148,906450180.2499292
97f5e6ee143998e0b3fc97c0,807669769.3395396
be4b96920e3aa5c57baa13b3,685697632.0711097
6e7f3a0cb6246f13656fc95c,917582747.1669636
0cdcd8cd52bd1967dab88a5f,844774916.0551691
83da19e7fbbca11083090574,763289928.3504977
f0cb484eb3f6e04b5b1806ab,786895027.266976
fbf8b0f1159e89428778c847,640725707.1829245
7c316b981173919b6cae5516,722817549.5792252
d6496a3215daad9089fcd5c6,785110279.2812845
e104567c1cc70000692f502c,915413766.3294344
c4476befe0002dcd0c315993,735987785.0032319
3008e821640b33a8d70beec9,801524893.9330261
9eaaf577807d86ab64fb14ae,779411667.2097008
9db120a76af04028d2f0ce68,668063259.3326014
81e1f8b1c0e3b15f2ebfd84a,724660052.7363164
9943a2530009f62cab6b466f,778203340.6446221
a8052c48a500926214eb2e1e,586773520.9809147
3335313b9060ff29782906b6,722006395.8181337
cb93bf58a01eb262cb003061,714464766.3071182
0e04f84529d92f2832ef986f,733167089.7641449
807d7f5155bd299afbb6491f,750791845.2130134
76558d67def95bc708039f05,816242971.8686994
bb19983466b1a1184ee7ea1c,722574125.7500591
34067d9b2b4e45be1e5cfa32,769843586.3883262
1c4fab7d9cf798617fa90a19,759452700.4980879
b4d610e0ecfe007c133a5ea4,641356800.7433944
ffbedc0873b99654d10188a3,558787903.7996284
ac413fd87de33153899a1d04,809697032.9724582
83349bba5fbddbfa2db5078a,752458955.4758421
0a759932f763df64a463ac18,749698896.7135183
fd9ebf37acdbb0e4bffd2fb3,738614193.2665448
f725f6ebcc3fdeed22bee385,595463484.4229397
ceee9fd6e692196b960443d8,738614193.2665448
bc10eea54e4a1767881a2391,754158830.4551712
4ed5718470ffa3e5b5f40bae,772370304.8642561
debd031585e9527fe00f116d,942763621.8451228
23b5f2af5d39edd25db6a522,786206739.920519
f51000446ab65417942e535d,811498369.7757394
e6ed64435c659f236cf213a8,647872523.9984071
b160d30961ddd3dac16184b8,674580062.6974078
0cad79296edb4b18582dd77c,808900996.1297424
7bbf8e16cc32dec423afa6b3,764796897.989142
acf98212eb702c79f16bb058,795615912.7229339
1747dd033c2c2769974a06af,692262282.3769255
d54e80ee72354c70cb84323a,692262282.3769255
de901d3433ade456e9edcd79,692262282.3769255
3fea10126c0c651f02de7167,692262282.3769255
f823f6d95b4340e8e4dd0d57,692262282.3769255
ff6fa86afbf9da2aa8eb7991,692262282.3769255
a966f298e8d4d3d580a72d99,692262282.3769255
5b0918cab84af6fa6c464037,733691505.8835032
bb1ece5366ebb2ef9d52708d,640906261.2746756
fa926bec03068764c8545d41,753128014.3467141
3bb987adb4ff573ef09b8c12,584729988.266929
d7fb188814d4c118ccd83989,584107651.9218928
ba511b37b4bda08d191c68da,686136925.4283149
3c2f62f464aa5c48c470bff2,792938084.0799167
3256c6c6f30aea9cc79b7283,969726268.3485956
9844c3773f7a50c71f218e99,667188723.7110636
23229e392dbd8fd9d80637da,674387432.6435483
e0f47a028df2dbe9129cde7d,932250769.2924039
a12f0f00148e564ef78838c5,732998238.0679259
d3ace27450b980262ba9bf76,845676214.3126789
0668a4a4521c783a2d817413,691139714.7637622
768f69f0241fe339b6f52fa2,952973067.9890871
e78ef4d2b165a8e8781c258d,698199743.9689997
631ecfa47fe167bfaaa967e5,705731268.2664192
954e3065b1e8b31a68f6d4be,760324337.6426923
e81c5c1b820636f691e5c5cc,768056461.0690012
b4c779732e827ab2fec8e8eb,892757551.1434968
b58208759ce1402501f68906,855976154.4759296
59805e5f4080246ac1d92b34,789890592.6691501
a3fd38336516b98117e328b7,972144307.9678608
c0bf06891690188e17ceeb8a,818046067.7994543
efc8ccaeb09a5e1bb0bfe011,924533639.7809579
8e604d41e0cfe9c93ad536d8,915780341.287307
f770b66579bf2b55a714c43a,703889945.0215164
4e01f07ee4b1241360de460e,946451653.7619338
dba1be42bef913f35a95735b,800044628.2457345
d839ca90c5df85e5cab54ea1,714420751.3779835
ffaca67ff9f0d7cbd5bbd295,888976946.1123672
6f17875bd3ecf00566dd5c1b,878893987.6595434
10d01825744060a7b777ee4e,657199198.0129962
185b333862e7420f25622efa,926745340.2242391
7f7141f5e1a7964ac6dc688e,906701676.41073
adae78b82caeb073d84f02ee,925732634.0598905
4c0f9275581b5572635613a1,660473222.2171493
9d6810aa1035e91b72de6a26,779659532.2038646
069798704327652a899a189d,678530107.8221123
2f34de2546f13e8a9dee1edf,658242570.7514886
8147da5e5f53a163443e8506,759373338.2339356
6834b61ee23cf04daf4fb83e,962465923.0663898
59cbc0e7dc6e6922feffab8f,884141137.1569674
7cfe5c3f5cb1bf095eb2c503,1014807644.088707
d916219daa90cd2d99edc609,742114372.3860703
e78ad3483c5aa5a7a4310720,652923823.681987
d048fdc255a5a7f474d48c0a,887216258.0056987
b76a3fe6a49dcae6e6bf5815,694360433.7732294
75fa60dfb737ad50073848f2,737205172.6990756
83c1d0e2b8826844416abd9b,892520311.7937834
8c02948b66db263420c20d3d,855758974.6929111
33ab442cf58cfaa33eefb6dd,611294322.7548599
d379dc03d78685ad14c647c0,748977425.3105565
5e36efb290bb265d81706bd4,852768068.337247
db534a5f57e92d29b9e150cf,919324672.895411
5354a816a7da90e205448832,576449187.9275202
f0862f57dd6be5e7659c65ba,725579856.2181718
7d58eba13f418d890ef563da,749779455.0778708
c2fc3f04c3870e14b89d5fbb,550621272.7147896
15537000b6806ee84d4615bf,886123975.3229475
e82508e88e3f62fc8e67dc16,1031343703.8121855
86ee57ce617b2be312a9efd6,721383816.441321
6bcc29a0afc735bcf3621595,680968953.814253
d79e2addf7c11180be222103,932602259.7601726
adeadac88e573824f08efa21,1167983442.2677608
922c37e46fe9e75e73fc1f35,690687995.3902708
5d09f2d1cc5fec761ac4372d,784520629.603513
8c5aa3c826f325a9a6c6f524,784520629.603513
fd0c010fa0c4b84dc75ede86,991153928.3196137
c23150d0aaaf932579561998,969975745.1455873
163405cd6248bc3e832dc93a,816730537.4564174
eed12d0c3e65e9989fc4f4bd,493649973.77380776
e6fd53315e92a55c6b67405f,724603116.1134686
7a3ec914a15b47726567af96,761583261.0166407
7f02f056d5eb4aff92b44659,731535509.0225405
2d5d9119602c228b333402a4,627153701.8483971
43fefda5a3b0781578d9f2d3,836915319.9151496
513211d9f07fd6645711ae31,588537593.4142836
c3e1e0d2618556de7df13403,737218489.7999809
b4a4d705930d9afe896dff17,669113836.2906942
e44b023e39910ed29f4dde2d,735889892.0615108
4e78d095988a92642a1bd18c,648512340.4669306
92507b623f039b4ef5be8870,668264145.0328294
e216fba4bffe753a527ecd4c,737224811.3255315
24a4199c17f9c56f0b3ed12f,692803594.2512228
6bbf09c3bbc3e3a000cd2afb,751312468.8043342
b3d45812baa819caa1400255,818948846.4366827
2688e4cd1fd441d1da455504,789663744.1348226
5dc1fd6ec7ec8c8af71e3b6b,731529993.5797627
f7b7e298ca8fb75e11e92999,706039342.8624258
05b71daf88eff5ae8cf5789d,868910700.6190214
e8a7ddb4e5d43d156692326c,962953894.330264
632820af2a0477aea5ccfa1e,640455099.954815
43a3fbb8218e73b956ca50fe,676789695.8299711
398c195aa41ace34a16b0d7b,865365495.608263
ef3887783a12f591198d6c27,816003709.4398295
e6653cc1c94306d4e56ba216,707312415.4561025
166c21ff83e97c6e74169d92,1055039039.447279
d0fccd2708fc7def00c72317,976715526.1686801
d66bd7e4bc7b51d23af57de2,1034261003.8162781
8b47b76193159a21c3580a3f,986608522.6866257
448d159391c38e4ffcc405b4,742680047.4463744
9ce7fb3190866e6a02e01e26,715508762.3150558
c25f892c01420855f61c3dd9,760232586.1797562
2d5ccb12ebb6fc7d4ba462b0,834644050.4338536
9eb4041ed9e159ec0d890de6,741531470.0174308
c342f6492f90ccf623e8e8cf,825549975.9163961
c3a78d9bb10165d9be188394,680392677.2947787
1978d8fc2031af21e98a4e9e,741330401.0614107
d6d581e852a025b61cffd6cc,924028208.5230054
ea28f68a1d1d81d29b88531d,802711547.2378358
a3cc0422a37512ae124013d8,981016152.2776053
073a3ae443f3333f0f526f7e,783122094.7725592
57238dca767ebf3a842c5f10,971778206.576011
113887ac25fbff9d30fe8d35,803090436.8595679
fed1a50c562ffd7f30451adf,839883708.3227065
b1e9075645f4b374c7301346,799475582.8078833
6517c1efabdea4c1f93078b7,733939498.6709968
b966fa606a3b50d3ac7249f6,878641400.6234738
e0ad3e9588636f454e9e484d,695437771.4562508
d7ad46cde8eca723de6510d7,892579801.3919206
447f51e37fda773ab748814b,805729391.5377957
a6b992c9bf4eb32ab3d1df4e,872136161.5305293
3a9c7ec02f3e7e419669fee2,630223925.9272273
c908280d0461c3585af94d53,892579801.3919206
b3616a055e722e3720cca48c,952439541.3190614
45a8f6d942533794501d775d,688906666.4442785
b6da1db3aa02debd11e26edc,800617338.8471707
6d12669907d7d80d0b458a93,765719471.2101719
5122b2e9638d3438434fc56b,1004782467.7851856
6367a127b452cfa27043f74f,829774993.3198901
fb3d29813052141c015669c2,727931680.2146896
5fb76f2095eb1a5cacc2524d,609892620.6143042
95632ec6578a204881694dc2,616461369.0262542
846b75324c0f3cbb027387c3,914006818.6532869
940dd8311f2b49d4ec212fde,1034263947.7691064
bd0261ab68cf56950ccdced9,803054120.5042213
f79f0c23b5cb96b5d022582c,755093201.5808439
795cd68f9a5ef45902712524,763581303.3345693
d908973d90db91f772890c9e,655099956.0832741
d670be6c848b1e92abbf415d,621343844.4855628
87b940bd3dae37b9fdac5d4f,693763810.4345344
8a7ddcd0c452e7993bc5087b,726527626.918218
8925e22f8511be30d50545cd,727557966.8748225
1342c307971094041c9c240b,770854137.9050813
385488342bff3d3587250c84,743679705.7340256
f8e25b7d7e93c45df1b3a4c5,873440136.6133329
fa4f331f05b1488990a69ec8,964410759.0136511
a71d187784b309d65cea0b14,943368151.5381255
0f44b84024412099f27439a7,808498908.2952853
0ea1a5d32324d270cde1993a,787651443.2702365
b13cdf9314a34852e8db4221,805578621.9276421
75e0815e2ba7269a10d9786f,613409081.7816608
f42b6680baf774d27fdf1e48,734829282.118529
5cde1a59393643d7ed4e909b,845190127.4572593
8736dfe0f1c6e2181b0ee31e,840910960.3933042
5859ec20de4a5036292ee947,856696912.7114007
1eee0ff52c53f04307cc3216,804819945.073453
b455979bc938acd34a580eac,811167558.855835
6921133528bd6fa3675ce8de,740046050.412983
3d266736d0307404a5804073,622788792.0150678
f4f6e48b618064ced466c302,635090330.2106081
dcf606270a4612aafc5f9f29,742109592.3073517
5e455623c380290e0a8e4e48,574760359.0157697
ac3c9d9357fbe72959817602,801177769.2237285
f48fb9d9c42b0ebee72cfcaa,669908419.0345075
dc99f2871bc05ea7e8a97d72,811986770.8678985
b5cfd5eba0b6297cefd6d3d5,807960904.3922532
0dd30227247f145bae82f96c,857699711.764901
9f347bf53e4ca4d264a45241,654763637.9937664
81406ce289219cdab015549d,892033660.050545
a085fab6d9b9d8c24472cfb0,1004236326.44381
1fce0e993a57a3e3873b8d7c,936691004.4003413
af67d51867f382dcd9cf34b0,928455428.6626587
432f082ac51bb0d39ce45b0c,709873176.9482572
b6281efabdbff697d70925e6,886618996.0301003
9215d29512b14aab6178da01,929251046.8010257
6218a5d7267f02c576e5bf16,853027757.2546887
d66cca2c8e08c89af26e7622,863033649.7168941
ad3b4ae81c322a9f91381bea,627141831.2459507
3a40bebb521445fcd32cf033,783692395.5932007
c1ca38f941200a9d666aaedc,842158778.5220796
a1da74ec074df16a1e8690b9,711989497.5838354
502154647e351af240615b98,790514878.9541523
b57cd3eb0290984f061e1053,828840373.6836984
4db632fdebc000c9e64a589b,869856214.3407573
e380184391898aaa2d3dc540,886364308.1449547
dca45f1c1a79ea5ebe639920,736237325.0726807
961de1cc8601447b03682e1d,997173271.3501985
60a4f09c268e61fbbe423ff1,649332189.2035382
c3191b6b40191009ae9f4b7f,681568408.0788815
478ac408d2a5c603aa23cbd5,894599517.657995
ecdb747ee4a3ebf958252309,851590135.5002455
6c36e346957e336a33a7708d,913539309.295573
09b18e3f3cabb7d5469a8d51,780845148.445978
f1a5856ba56e7b12cbb9459b,631174304.9886061
c378ef33f40f8be9263e517b,516145722.0999509
b45911f1875da543199e97b6,740597712.4247136
678c70903bcb6c90e3578d6f,916090073.9371979
be22ce55ba31cbf7cd285e5b,621757703.3900853
2dc58e6aab9399e9677265a6,930239533.1053977
dae55582e86b1f514a4ec3bc,993207226.6093243
c119f62348e418d9ada13362,747401250.8991815
33510511ff07dc7354cca7e8,693546642.5960915
16b79a8af9d6376c73c2478e,949286299.9090446
714f90489426e80933ef31b3,802484018.5038471
6c8e1cda487c9841c8d297d4,809747677.1520346
6d9c4bf994147d8892d27f27,925789771.6482561
1b300634b71b898299c54671,846715752.166918
181caecd269e115cb5cfd75e,850694801.9877075
059516a91f938d2e8fbcca0b,814433019.6004858
c42ce8f9f62f7a315e028e3b,694957057.5811715
bc23e25cc246ced4731ce5f5,704195805.4581599
de44f54fd6b1b62f30956f5c,673275314.4582883
2ef897a38b95d7b769856e78,823433622.2145895
2280b5f7c47c3b36924b84a9,854189718.5711974
16ef7eaf29eab571e229e537,1020324966.4549668
48b1f800656bcae6a9e70802,686896188.1515701
b4aa025f8813a3f0b132b7e0,684381010.0588555
3c6092e8458ee81aed0db0a3,823833787.9154738
d919dc64995903c9120eb61a,720586872.2829849
ef53741b01120666a08db213,892459480.3716673
c3dc5ad23dc8cfce0671adde,864374515.339167
a270fe47ba30ef0056ec6c4c,593087738.0741959
f550bc7ab5992a6fb48eb60a,951786618.024069
28f980b3c741866e0db5b761,882994188.4995264
c2ebd39857dbbacb99e6cc96,731279512.0399785
bb9fa21902daecf876c0467f,756631196.5323129
fea142787b18327108ee8929,881621514.8664052
a1647603f732f97a99f5ec6e,946509556.3486465
775f25d8144580541bf2746b,890517438.3993121
527a8fb085995119f846a5d1,702952499.5444767
8b69bb9fd7f0f19a248f5cf3,794619576.1427801
3b14b48188fdbb0917414039,753674155.6880897
02259637b8ef1311c69d3d90,776887704.2786753
50eeed30ba674cb079689afb,724909125.5531144
5fc3634e1fcc96b9215a6cd9,1048829475.7459593
23cc24e23a1d74159ff78464,758332286.5311744
44551251fe345b31ed71aa5b,679836142.7211235
82ad984f02ccda30bd60da8c,706846714.0264533
5734cd4805f5c055d36ec645,758592772.9708065
fc7ecefb27bbb5c3e25e899f,779378319.606218
5ecbd5b92092264f4e9101bd,772462659.0895984
83a8d9df3a535fd273b27c15,611195839.1027668
d76fadda8063e44483aa024e,665270990.9740973
a15bf12a6b8749ac8f9de19c,667872824.2822684
a3f32d81f4cd99dc85a16bcb,674728074.2197524
4029115038a899d98dc93d3a,874858190.7472637
2326bb628b4a571921eb7345,960656734.5037302
471d6fb8037049e1e4d120a7,719284430.2356266
b73945103f07da807f7a30dc,733544379.4093015
d6f4479f9226e52c93d70eca,785843617.5737828
420b03095062d9571144a276,901846590.9966583
ac0185c8f724ddd40bc0d235,785262955.6547401
228280554ba149e60f81d639,881101862.8234038
8a44e15417d8e520a99454b2,824368762.4290054
8978ec4c5b2f02fbc1f57820,930456666.2931429
2ab88dcecdb565b6412f5bfa,910146155.7535286
1dd6f560c804c4548561cae6,1005065545.6376507
90e94b7e392f84e01a5f1551,992096375.3515611
84aa7d1c2590f37f0fd6dca1,602224839.2094295
0821fde7debf7cc445434024,785978055.79088
b9973b07c84b99dd1018050d,638223957.1867731
169013bdcc2ef214e0163ccb,767914115.7289982
3c8eaefb3f5dd8d4c9f5386c,687988269.2787629
42d91ed3f3615247f57ebecc,860258442.0323634
a7f1397df30d6521c216e331,1034213343.6224568
f6c6ee12e338b1f9730b6e2c,699213883.3850048
8f4687b666256e136148c3d0,1026152474.1928551
925f83e20a153a1e094bc606,879738315.5982879
cd270a11dd8257648d1f0444,833298581.4598864
ab11db71265771ed4d9de64b,657870684.1878251
ec199e33b7557dd669fe1aa4,710395109.023428
b47fe4670c6b065a9e1db429,778809887.7696671
918947d51e52e0caf692f22f,575882023.0479342
070543b03770991d65cc337f,841004214.0360122
f45dfcffe189327cb0d303f2,994696562.4828231
d2e7484c81358d4c79f040b7,775114580.8054981
73ff3a6b0cf4f7ffb244507b,922114998.2684898
b0cdf05097df437354564bc8,853084768.0454581
33ea5de5e8f5c639a213414d,934189373.7836683
c94056bc09a4bea0e853cc41,713520129.0093775
6d5a91ae44cad7849dc4e969,739777447.5942426
b52e0738dec9d2f119c75a9c,855549205.4894842
0e35349077490a01f25e2ddb,873353546.8029599
9a5fdeb5f389590eb46e7aac,824560820.1817875
337c81be4cb14d494ca69db4,723163393.9789581
ff28f1a1ea72e21acb157f08,801140190.6681981
e83ef75473fefbf8d7e52302,682659617.488579
6d3e508ff42615eb78862723,809466609.9451176
3b7ddf527979726fb8aa1683,713797049.8117971
7b08cade91e2be20656ee856,902003511.2103114
59cb7abb39785d5263a156c3,941226903.6951699
bc48ec7245297b4cb85dca1c,815168325.9156805
0f366a36001c0766521b9dce,710360303.8059189
6ea022e53741adac484c1798,928910146.4590006
aebd6304298f84e7d440c379,1024115682.5590835
c5b333e454ed6e93ad32d96d,924324727.6555214
bcd31d201096351079cf7ce4,725822588.8058648
46cf5b18fd7bac0d3332d70a,834822864.0252324
1dcff645d389e7b687a498f2,836339058.0444963
cadbfbea1d03e6538af648e5,846992105.0820106
9dc0c6ef8389978be58daa59,754131490.5445728
fdc00f6ebd155e84a387878c,638223957.1867731
99c1b39476ee8e2ebfff6ffc,843291807.1075771
8930f231a5b9d8db14e9c656,676828464.1263269
2dee15f1b082bb986f8d9513,784966408.6872668
346c734ce163296a07526a35,834072727.7885786
6079fb3769f843e99b47988a,703488274.3955257
f5802200af1d28eb48466c1d,638694304.5715258
1f8068ab65469ba56a1f0c4a,638694304.5715258
1ee45a731b6f0242b6d2936d,703488274.3955257
56b7a6da82134b135fb7de2d,947461151.7119486
340c4d762f830197fdaf0977,759679526.406929
1bdc0d441e63089737ac4c27,686685552.6311946
b3d82ceeac64b64142286375,668708867.3084509
947421747f33db213e6b1326,708358260.7883589
bfdbb7aef98d4855d459ac94,716573932.5936055
80e88d50c151d5534a57f61c,909245861.7269864
d0f6e19e92c03b40a5aae3fa,875617452.699521
6e2a3e49dd6434ed01eb5e71,896582033.8007299
89e2d612654b3c792311faf7,747813537.0830394
29425249fed4a74ada083dc5,530392118.13258237
fe0182e1795e2b87eef4bf41,755714257.63942
dc9cd30b760a1280e0318512,732744187.2301812
d22313a06e43b8ab8f6672fa,636961397.1879363
f91cc2e5edcbb704c293084a,855523986.9966856
dae776f643e809387148900f,872849746.7069528
e55634fce84f78466095e730,666912234.7512802
a507a938532411f06c57ed8f,883611355.6621661
30f3b383f2d5e4709c9304b1,720209949.2564495
aaa43db51d1ddea564d1bd2e,673574055.701265
b3e76a0a1fcacd0218c17908,700420296.9884851
e548ef7a5650696c0e968cf3,663780747.9340395
939afc1f6250d528b0be8e3a,822915743.797774
405baee61afa4b08dc25e586,965567923.5880984
0c4781c598c06d538c5fcdf7,852417239.9939718
fc321e2d9b4e954e80805be2,824798589.2211037
dce18d258c352b7edc60c304,891443109.5909787
7b0a2bd964c04d01387d78de,984003386.6665139
43fd6b5cb01d05c9b1db0e65,675309024.5281246
cf0152b0a5e886e8291ef4a8,849817954.4256557
d05030b0eb8931161855450b,725095229.864254
281ea3a3fab48c028721ee1d,735806661.6252339
4fcba82455866a6931590dec,723646766.4489042
ecc5e3781d5e004ceef8cf76,885521585.3134129
409cb370961c60bacbdf7416,706025978.2924232
54445913b2dc2d6ba35abc66,893582454.7430146
51a8c190ffb673d4fc27f4e1,885776638.1447363
80e7c6b194b3229e3e2b9aae,845086124.5628579
bbfc9b05caa647bd95b3c88f,718055413.0366075
128cb9247755abf5f2801431,639538414.1777971
ac180e846fda5cd7f1123f6d,823709500.1529511
1e7173670334937dc61243a1,933527493.161454
c2555955d5175b31e5f783ac,823165919.0291557
d87bbd60fdb8b84a9fe23ba7,737330024.7491479
825012911321d636425cd0bb,1062342973.3687948
54561e6ed5570577ea97eeeb,973494592.3100679
3a2a2df4f07902b04b809125,773331557.9098663
ea7e3ba584cc5ee45ff8ba7b,968647659.6946003
25093735f186b70beb018317,938790778.1611362
7fe1adc0a5873cbba4b021d1,842981292.4005325
461749398bbd48d69b444d7b,713911515.8291037
eb8f668912b70fd554c8c723,830633351.5200242
e2f00293305c464b361b6178,687465077.6785147
02a0a38b45e1b196165b0098,842056880.8658223
0e6dc789744b678028e74d56,758406553.5230743
58954e79191c62ceb1ead100,846592792.6022431
23aa0804aabdc61650b8562a,966203775.411869
ef64565957b5278185b2429e,696568165.6856238
253725ec3d7939088faf71b7,749163777.1260215
a9683df184aa8b4ad5d0cc5a,857604314.4593323
3c38153bc36b364b92548965,880519286.3378608
286cdf6dfcd95ee9edf73a93,532003968.64250636
df93a6e36d9f19e252fa9de3,886624394.1926365
586fde402c82c1eb5a74d634,644819621.6712193
5fd3b0299c0d52e48195fbdc,591587561.7627909
06d33fff99a62c330ef2d585,640259792.7275878
df98fd10dd8ae59956994521,756989599.9378896
361715cb422c5fcd9125d5e6,701035092.2792041
af68665ae8711d009e8810ff,762722681.2261739
63f3295df28c02953241e2a0,771607081.7580447
62d338c26b44153bb075b234,1047943145.1843894
41a269c661f20e443a7a25f6,910410829.8483238
c5a8695b7aeba06e46266959,685969320.7849658
17e5796a30da5eaf310d02b4,647253701.8043394
69acab4a6f82ae943850b9ae,633661514.3568686
5fc3ffb33090bf75a81aad8b,694931184.6932039
02d89daa77bb313328fe0c4e,710871681.7472614
6ad1fb94accb91bbc30449c4,850911661.6131377
a1cd215fa99b8776818d0b0b,616089642.7077727
0553a3aa7d961ada6dfcd52d,627160555.2018148
c6ecbe7b57db2db74b0d788f,916957977.3234818
a4b23fbdbc7bbd45c5ebf80e,821232115.7882427
3bb15c6313ee70bf4d88f4e0,809343351.7473973
e05c52c9c8fcb792ace06b61,672174756.5290016
5fc77edb0e5bec0ed8e72a60,695146066.4098976
85e15a0a63ffe482c68ec474,891688334.1979544
859025f2f41efa521a74a00c,740940578.6117022
1672a21e6b2d8d0525df1759,664043540.200883
7d4097722aad95158c51d24a,765123186.9005067
174fa597347f2b1d3e9016e3,695212074.5653747
3f081fb77ad08f8370569bf9,680751262.9599819
74cea4c9dc0e00dbbcff8b1d,906481740.8553534
4f5de1bc90694fedd216ef40,933691164.9360902
8fa4be9ac1ef719dda1f96bf,555787270.7832754
3db3b80a902c10004cd3a3d5,903145358.6030129
bf02fad806fde4e3575e75c7,800078523.6124676
edd2afd07fa1305fc3126078,784147716.758584
bd5d2030639ef16370cca032,672756262.9685946
87e74ed42a2c8c97f7bdd239,842625726.2864189
d1c6037d0750bcfe47d425a5,585982949.5239838
763c9a528d0f99f34e5b0031,683052220.5692288
8b674605311d296990ec72e7,646450241.9325216
d7cc3d199e538258fcc83f75,607541941.9480407
ec6ffe86e9ece6fc03556ea5,766280891.0133405
9762ecd72557ad6728274e1d,844173043.8789318
49a2d111903c77053d44573f,661366361.2996073
d06ab7503c6deaf9cd405f66,968567741.43215406
23e7dd821ec2601ee2c6e353,911757846.3049603
81519727c7ad9f60d2c5f224,908214035.8694421
a4a5b6a844c14b4eca92dc49,911757846.3049603
7e647c5e0a7d95ce87cfc8fd,839830440.7563946
7a1bca1ed03e7cd0e277fb95,591587561.7627909
03eb8da7205428e61bfb2845,732849359.0689759
82780776619be0eade3d72ef,591587561.7627909
4c03afca943c3f2484b8db6f,591587561.7627909
85d731901b48348f57932240,707645382.2835418
739de8928aab4ec77a1ecb0b,839460309.9202886
7f45d3809b08bb32a45139f8,738929563.3705562
cd14f8aa1613d754221c4735,640259792.7275878
537a9a2dd0ace0d0131722a1,849940880.3330834
2d4a781f969a4fa2a4f04a7a,964954594.513711
e3676f99542f27c9037fca29,688942302.096229
bb33aa4f1a7732fc8ef19039,671671326.5708721
9f11661702873852a3d65ed6,705288872.4455758
d7f22a4e6daa572583e02640,748559592.4326652
f6ce37c42fad91fce47758aa,672744707.6976819
f57cab248d2d832725d78135,777999920.0992393
9d73758bf7569cab4837e49c,722993319.4670398
322bad590ae06fb48f80c533,677161341.968289
5a7b67d4c79ecd83b7ab66e9,805365514.7337339
8dfd846e6df9a040ae1188b7,657898029.8691963
44a587fc89d6b6489157ff49,885451527.9047918
f9ce5b7edb104d4e8407a344,776223871.574901
73786d11f1fa714aaa9f1f90,689433959.4061849
cc72295ef156cb2d60d6b10f,931374490.7360842
c9851396352bfeb05fbd7580,1000047695.9370266
b3561144c745ae3d329dfe1e,766816477.2959425
7ccaf332cf87e07b38b340d9,811275193.6109014
d63fe229354bef8b02b4a934,796639772.8090317
2e0a8235637e98dfea862909,733562297.4495859
0a1b14f320e330b405b27a6b,895854726.7258434
db41266d7b500a6daead96cc,889326998.8496487
364b8b8759e3c408c4005021,736678175.9984
73bcd7efb7a25587bb1c31ff,752158697.2084547
17060f24d81fe2661c7628c9,795337878.301569
98318f22c00ab335d8aa23c0,738834937.7157238
c926feb307c493aea729001d,656169177.3793272
58d92e8a26589e37b7123716,624212644.5370435
54d11dce9374378326f7ac62,614641904.1126778
8e79eebcff019c3362a76a26,790415181.027113
02cb957c3db9ded3691a9004,812420060.8244326
561689dc0f267cc5011ede3a,948885542.8819697
1533da89d388196f19e2c5a3,918727147.8216941
069ddc5d1f3c855e6498ac50,586259159.3043242
d3aee2a35856634eb710efa9,937197063.2364103
4bad966abb5e8c4121ec69fc,803903426.6564593
f059e39d22124eb9e7e8e20c,678040530.4264165
3360f48c1ec30dd1c3175101,912575016.8099668
2218c6bddc994984cdc6e567,697622412.2228203
c2a9b4b389ae6f20140e21eb,774288401.8704013
d135cfa351ed6abe4ec2033b,763271914.3273056
668e5bdda1f4011578534f54,834635601.2760231
d2aa3386ae240d7387424e07,675968713.9783968
e4f2ec7e2f4389c1efa52c0f,714685169.1880121
d4f90a6b73b1e179d3f8eb70,647115579.843542
5738bc8873b341bf92ece0db,685322423.7173896
2906d21b1d96a1ec43bab50b,870327512.1819984
4e1bfbbd8689a95fc97fabdd,720469439.3805276
78410b0193dc989de2d24da3,961044600.6348023
fd7f194d9929a6f28ea57cf4,619789282.2710025
5e7ac1ffc0886c27471d1a54,783869930.9507743
879d9e3b4ef9063de41ddaed,867344937.6695223
4bf620c6c6d4c916bea70e81,773953203.2790105
573bf87f57db6e037aeb94b1,791586440.7519574
3ff7b739ce65f0b3066806ba,823093405.7942312
a456f85bbae3f189ff424e8f,667172396.958669
6683685692e955a8ff172c89,698028530.8952168
82e1ae440b386c7da3a580be,745704137.3910404
efd178c4aaf3fc9d05b8dbdb,674247567.4283433
55ea155410b001104518e992,674247567.4283433
32a10e550bf7095627d17da3,741759790.6237657
823124264778e5ed64d8664d,668933942.4773214
fb01d990afd25ef96ed048da,917258154.7174041
df22426db407f4c660681c7f,922960921.5547267
44fab96fa2ea501e0b94548d,932584012.512857
871204bd1b3505acfa632954,760208501.2300893
3d63320260d150d134fe8648,683475885.4578433
b8b9b90d5721a9ed5e72b328,680453920.3196806
926d12cfe05643554837664c,657494313.1863104
cfba6db03f0e38d1aa0802a7,654841957.7557342
97b12012ece8a740944aa547,836684920.0744569
8de317591cefdbc375a41483,736207636.3213975
46d34fc9a8edcc199a537b30,914527250.5069317
262e3b4091dfa6b71af020ea,872854533.2058213
396761edaa353e0828949bbb,821595065.2969906
8c18d3417886c150136a03ba,721331136.2167187
f053d3918234bad409410755,870267296.2617874
8f5444b81998e52ad76b3ddc,865064304.3668184
0daf89cf494e0f40a94d3e5c,863132495.2659827
dd8c289ec872be3fe3352313,746416874.4094604
f02f6c5b97b8e3cc5d5a74dd,736589269.5012933
5f39cf56c4e1bd43f61ecde4,724344038.4478781
5e187b07578d582ff3d8e189,718108086.3344599
bd018b302f732baecd085ff0,680951095.6605664
674cccf4c7772d6091166aae,901917854.1272181
38e84c560b0455548ce186e4,606505821.2472159
d14173913bf5ed21e3ab50fb,784458035.6705836
cb8844cf2070d8697bcccf27,859373619.1008149
6b44648a905e7f4c0de6c855,707708582.5251222
148aedc984c7f6831c7f9601,717459398.7117769
ff9d1cf7bd90c5e47a0bba3f,633134648.6048052
9353136b0c791bec58f93ad2,739041031.1359174
de2137c70bacfd5087bc5c68,721073895.7680441
12bf6b9badebc2902cc11c62,659380864.8112797
c0706c78d5d98202dc24e46b,1136365364.353032
4394a27b21889bf78927ddf8,602508915.8583493
0ebbe9d3831727f90d677ed0,913911394.9485884
caec584b5b6998684bbc6a70,959771319.1203822
0c302f1c924f8efe0b6bb58e,733691196.2311757
e056ada7a37336bbe878f38b,866228733.0879812
905cea21c0ce1cae97fe86ab,749429811.3939189
e286b12e5aa7929334322842,833673598.3918717
6cd4e68300a8bafb9d22700d,715205353.5846615
39124b1ec419566a371af8d4,636196651.4246309
6110b5bf07cf38c437c7ca8a,1055268026.501802
6f8a22e4dd21f44bc6d383af,867828843.9221165
71eebcb108c4828b8bd5b84a,675783255.5908048
5d61946d53efdd9bd0af140b,759281908.9947836
c0620585c12f3d9f1298696f,686120055.3539946
d27283e3c941f8fc256c3f4f,654295948.7040232
2acc857ede19953734600dcd,731393241.0951563
32474481a0f8af34a4edfec9,618370399.7466787
6720db016112cd2a4a5e0358,736147802.5499992
959d0cba47f650933b9a5168,884416011.7464364
32d2c5f1707b00c93407a19a,825502272.7934427
0ffdec8eb5272d9fe4775251,635666469.5588667
c77d7a08d5b9abd4d3082fb5,825502272.7934427
a3021c7c465dfdd38cda9f9c,711361269.6113545
aa24974831a0c608635bbcea,684421946.5645995
eeca3f5c399785a1cf15b1c6,695608359.6850029
0b51fb3a65a86d7799f27264,741751869.5771751
1af16b7f14dc04f05edf71ea,599494132.5025516
e0d7e4dffa0f3dbc40c7da53,825654368.4773877
cfeb42023e2737491b3e4283,712229444.751123
dd4e23681e00fa1cb9a679a1,635666469.5588667
153c89081fd85dcc66a02421,777032234.7558818
f25b2ce0d988bf5490fd780a,638427341.7160933
8700c9b62ff5a5c3394b0bd8,729978336.6702039
a53b105919c7b46c0cc1b003,718361224.7891572
1c835128915211131bc561ab,610214130.7461386
a0c6e0c6fe41e32b3bcb2b26,973569698.2558123
4eff2f2297ce85a0a3964d2c,716813901.2770953
57062f248424c47282d3da30,757326358.5170988
99e860bbf3033ee4654d393b,716813901.2770953
db8912c5c5e5e49431b2c85c,616755196.0898424
3151daf55106dd159f27a8b6,717078756.3269751
3e8a4318d93b1fed4c48f48d,902089343.0834899
4c8ca73cb51a58933de61f0b,855566570.391303
925754da6fea9c9cdc06e18e,689830004.8762672
05119815bd72ced29391ba87,832217282.7758723
aae7cca10bd7f041c8e02d23,747811761.0074223
4890edc33a555cbbac71795c,772015873.5835148
902fbbf9f5037be8759775a7,951484068.9111624
d013a0e910b1fe2e3913af7a,789396919.5105941
9c38b9798313a3091d13b340,837889496.3717685
f04d3ee8b175c8f2f30f4f39,928814517.2312967
f0f883c45e8470e74280e8ca,800819042.0686505
af820361d5f20198bacf839c,800701641.7011089
01636da0aa2bc223af023a13,810542208.5699892
cdef6e87c007bcd9b4efa9fa,1034522438.2249191
1d45332e2f04df18cdac590c,741495753.8239644
db3dae76fed5fdbed29862fe,896545736.2353802
f36a379e0149d4800e793001,704568337.6734363
30d2ac3ecb8150e4d4339d1a,888484884.302166
7f78955c480d050f2c8ae3c9,698356071.5438141
cb1dcee1f4ede0877be1ad15,842649940.2959806
a32d2c51f2bd5f23bb519d12,873687798.5222691
bcac2a4cacf13a91805557c1,689818230.6887655
a21afcc258e50a538dfd43ed,800928643.0547869
7202b83b651382e2630359c3,569845086.9433893
77d6855eb6a30d268e49eb1a,796629175.986055
204ddf6ba4822d55ba80f713,697216635.1784391
e0587d29cb717f725e991ef3,689914529.085012
c606665f3a3f70ef61fa5cf0,924117966.9606311
44412a9e16b2824c4a520a72,746249810.0077381
313abf19d78b719cce4b3188,809095061.2097166
99ad7b36c3c916393e951507,832999560.6785954
c34c2aabac06323fa180b24b,654470036.8919764
37f39916813a58b844e17833,912964836.9345562
6ab7f97fb9880e48fab16a1a,620145727.5401279
0e6c74a0056ee94b10bfa86a,692049318.8737814
7fdbc3fed9c9607e6d01e958,737088114.1372035
01018b9796a105be650ec802,935862686.926622
16ede6f8833a93677d05a131,597624979.6441331
0a53b0b7c365879a6d2cce39,805638585.4044218
a293de027279019418c070b5,564423179.3325326
973ab56a202e039f5ef37353,660334298.9354991
3e18c851788fa8724ca8b7cb,665523992.3349899
0a4b0a004c894654663bdcdb,923407848.5111713
55d4b530b881abfce2d03e56,1002867996.4464138
405bc08707001684d19f6edd,864120233.9798744
dffa1057472b06bfc0fa7a66,770529676.4277079
d061615fcc6355d79665f9a6,737713821.5279522
6cd96d73fc58b1502bc6ead8,668311212.9051474
db78a3ce9c6f6a7f4ecc6853,796262497.1513482
1498ce1c1bbe2e89b84a4a45,761868824.7352971
3035d7ea4b71d204b588dccf,720791511.9574778
2b8e9560dd58d880dbe77c61,865125827.1744255
e8948741a987cbb3759b7a44,912862796.8306991
20718780218eac9668776956,758807751.6223806
c0a9e3f5c57cfbb4aa9b2357,892982016.7161715
5e9e9339fe1c3a06470cf7c6,879036353.3469603
f852e0f3fb8563ea6918164f,1041814749.6667082
e38b4072ff8b856487864f31,876396763.6198813
8cfa1121fc87d9483ec63611,772318217.5609722
1a805101f78cbb783e6f919d,608858794.1155232
98502628de3c4fd3905000a7,719204568.6625068
ff7ebaf86962fd0ab6ff41f3,871735873.4332728
69442123283ab024a911506e,843461191.2162408
ce6e91b53465250effacca98,996574507.8198967
5d42f42059617a5ca7ff3a32,760951810.6535338
01edceb6c5afc2af1e129e86,659329275.2498776
fdad0c86eb89fe93633c8571,794200327.6292822
831725656d9df81b63c0ae38,751068901.9257945
d1f8eacef9bb4d300d086837,948720364.8397301
3b6d88f864f6c1759f957c73,677990091.6402253
5a38f908d8d75c5810280e12,676972474.4800563
c7c835349181bd3f0d964eca,821549623.8149228
edd4d560363f7575aee42d39,732615250.3510429
8f3924eb214f5194d21499b2,957567738.7514234
466c542d7825d36d18a86486,822733579.3739933
0b71d334a6db66cf6f1a8eb1,868902563.671226
7a91cfb02df63e4396b15aeb,846412288.1689663
6140125d2a94efe499a6941d,658932426.2842603
080df3efe1fe81f97e74c4c9,663283050.3235393
e148c2b109eecef0175b3c5d,679215755.4401951
40aaf6665b489033ba0e55b5,819645548.109407
05498e49d0b875ae6aaddd83,904797804.5341128
397d0f6319465fd7fea6f710,908378073.275739
7e6d8c4742b38854d819696b,851163562.473132
9a8d13d56d677379ebf9a347,966152755.755958
06bbc353bf62fda3b3786fd0,834906554.9572132
09fd7896d5445f422892b196,800694275.9555598
57c63e412f3fceedd3a7e698,820080060.2547611
32cb6246cd94f962f780a1fa,642252953.849588
b0f9bfd521802b0d2586300b,879459717.9101526
2a99204f0a53c4a4d0a2393f,816165205.8848336
7651626df0e2e3119b801466,679956485.3427756
59e48259a076518d929f5db8,777798484.2466886
e7b721ed96269bb195906bae,625234200.9542363
61c3c304eb8a06b5a483efd9,685252163.7764138
3c26b2954be250bfe239db68,596602977.2552125
0df87025a6351b435958ce95,935586022.4567374
df82719238ea0e102c282c09,698893098.0471078
57c74f7b9bc5e33cc823439f,852377809.9271574
4195a9d13c0a526d7cc959f8,718105979.601402
0d00fdc440d7612434a6b91f,779442455.7021921
0c91369119a06c40623afbb4,608851386.238356
5a6b30b4d33e068d421bc2a1,773552668.6037368
f4beded3c5ed9fd6cd5177c0,767825460.5857737
95e561c7292d64305a2cf4f9,928785121.8471556
67138978493b84ff42daad45,689591924.6971502
7da10de45c866c7d066d2586,906869307.705275
3c3cc027fb179e91a46f11f4,639179769.2922046
df3ada98307fc85428022d00,690942238.6852818
e029c89d59f2caf4af4bd908,918323330.6769207
105d05ab3d5334b976e448e5,920154431.7777653
253fe7aef58ea97fefef922a,898803361.7817488
43e11f10650837933261fa7e,657327474.1272645
b111b17ae1fc17e3491b7a5b,613091910.6639414
63e1ff737ea11ec607ecee08,873033401.8705049
ae703276c49b6a6a9c39770f,801388732.9358222
799bc0f95ef9a23fc16bb1d4,843357065.220316
bb9fe73a8742dec9b2e79135,969689378.2750698
a9b3d963a14c2c7435f30fbf,797863342.6199443
7a48bc2c3f4aad08dc7fd5a8,501405336.2129098
7621f476bc8040270958de6e,752940055.3723661
c49644baf8dc51d3f76d7e7c,1006810038.1800555
8c107da7487ed0cd409f4daa,747143092.2686284
1bc8874a13914055c2759a35,727690855.7971755
fcfd6f08490be39064aae41c,734067727.0272422
23178c72b063ecbaaa04b37a,736801173.4574181
10bf1c2d1124f6d8f8b9497b,804772854.277473
c29b30cc5db2ffc273e4cb14,740774394.8110582
f7d11c2601959921f536f804,772499913.6191196
acbb07a2c7a0e39c0102b3a1,921084895.0380636
844e127aa7802cdf75db074c,648220260.8843745
e2d88f49873bbcc5476f4ff5,767911205.6004703
42aa1e6f6b8220a63fe165b2,935001206.8725792
ab1c43d6fc4f08e315e322d7,866800557.40443
9299c976b1afe4d2c0bf351e,789617673.4836894
cd62ad28163c8df131a8f2fb,1042770772.7661874
e5e06913ec3c851340d7c91a,664518886.4203385
d9b46a34e48e04b5a3e026cc,670322329.224799
782a6028457ec55d4fd5189e,834637984.7027222
11a905e4e01e7d15d35cbb82,738656492.6998684
3b3e423e248b23090a2897ee,765132446.2504952
5915093d458d4b6589e86f59,770773561.029601
3d162a854aa05447e2cae0c0,719886545.9307046
662a3e343a7e207ecc09d6b7,797900921.175475
289db1292d4ee40a1ed6e518,959206162.7755504
d43d2bda7b6e4d5177c0d032,873436726.0953646
b57ebf09cc691bcf009ef115,942095937.6119746
21f5bac85d5eec57acf501ef,764512234.1541399
2fa288389b3031d595973793,1024656982.8881752
c900d19cade1443983274ac4,865206577.8961135
67bd5b20df7f2a9cf4e04358,778570758.6900859
e111bda6d24089dac82907ad,669060027.1828346
7910ac9782a1a315f68799c4,844030810.8031083
ee786b818284cb382c755e9d,725244184.3350778
f9b0a27bd3619ae88ffe5455,704463573.0983418
ad1c32cf75ffbcfc842e3959,677362318.6445792
5648633b1f92de1ddaa7e7ab,698367020.9856733
1ba481abe0d3890c42884d97,778570758.6900859
ce60e2ce2a420052e67564d2,747689233.610004
87e1b1170c163689d60bcd09,682935828.3254843
bb4c7900162be66534d17541,644005017.8849981
68340674853f0ea101e32b46,657654667.5090139
d10f89691119d4a4a2c1e650,787630361.160296
d414907e75a1c105ad2b74d1,776647612.89934
c9b6d3bce20b7f528fff8123,820130445.2001112
be1695a7b8d3dc68c9887abc,731884045.6189647
debd60afab03fd1552719270,967047555.8666061
de060e07dfb0a5494c5550a3,628831349.4792862
3d6815fb68ce959cb95e225e,649483300.9403552
d93f6d8fe212ee3c0f7cca95,783460888.3013626
1ac702e7c265717b34419fe7,824600977.4047943
a157596804522e03efabce48,872860920.1799188
069c529aaef7d7e0774c4a66,787969661.972715
0669fb98aed75d79f8decb7f,855190002.7082207
7057326ac489bcc17d580883,807663461.9007694
e3d6fe5d97bf4fe851aee9d3,791015557.3172883
f80b20e0649dcf1c16003255,821851925.3226573
364256d0881131148655e006,745885071.7830389
0f9c26956bfe983c8c7fc227,916325924.9549546
9756b47e9dd47f99dbb23115,905029914.768008
27d413eab7b562b984c5a682,813029979.0558203
ad17072ff24e0fc0e61963b4,708813967.234138
473a59415b6214218a15e363,853031730.4398303
ef72df5586ad0cbe59e36e07,905270985.0957795
9129b78a741bf5e24df5379d,634207655.6982442
964734d3430de94d22c927cc,708756168.8226591
530b25326f39c347a35a8caa,725506862.2982473
482f57e65a3f4c6792775a05,667533220.9722918
738e86beb569a7bf51fbe199,667107014.5386077
c5788cd5507c577b7b585ffa,661887005.5161691
be164f9025f346390b986668,908448606.7269651
ea2efa1a857332559120b823,913651410.7333492
f3dd24a17ea51b7a2b0f037e,678817265.0354838
7aa8d04246d3e84e5ac470bc,780424569.5431958
6361330195fa7cdc6d5c603b,679599957.635166
6820ee22d6fafc9c030cb286,951123578.8575888
472601b5b5719855ae3528af,756816813.472284
3ce2c7f1ee7569e1b916cddc,883879151.9691868
afb03f7cea99023ecea7610a,594025738.3891047
404364fe956884368e2f8300,1095120135.8381515
c658639b590415bc6ea44119,768419945.0889243
42f1a529f5ff3a6371dccea5,749590509.2295638
e2e4641b20d81a90033a536a,711614210.8203892
253b34c2c5ce15cbd8b5826d,797185914.1504073
86ff8f274b698e7757ced1af,720907316.7334845
c4aef1d92cf264c548ef1f2f,689155765.7488377
e8603da6012c2116a70176b7,891007472.5773587
52b52aced4853a3e3d7fa058,723546476.871787
7d9a9c3b4442efdb53c24448,829831776.402709
a7bacd6f783756c9e7cdc068,682439726.1835072
68a00651ead62911f850cacd,696483176.6781266
1e7e26077db3bca2821a9b45,704629035.1152253
8aa21f48a83be25f924f85c7,925592413.8766737
48107a1dd2a3b027637f250a,880519286.3378608
6bbb24fd1b9df3df4e939fc3,756832105.6010545
aa45f8fda8801c3b4923f4b6,966203775.411869
ce164af02f76ab3a68b0f980,853791430.3742127
c32249c7c0819b1a29fd611b,660693024.4619024
f8d4ec209ad5fa5ba4a68e56,723218436.3510828
cc03087e0f18d59c521b6ce2,857604314.4593323
fa631a714774fc22ca15ec10,762442623.1619182
c310efec13e312442f7e1a01,770620638.1814896
534466a857d28dcc598e3a49,757122539.5925186
4a81bdc14b5bcc4c84f5ce4b,708512682.6654632
79ac12d8436c07b620190b9c,873859261.2102174
f69962045e9aea6b8200888c,612124253.8521248
9752758072e096fce6f7f4cf,739478555.9143425
56fc1855dc6375dee0506133,973964148.3885682
2fc19f73fb877ed8b88a5250,630465361.8084859
63a25d279fc5a9e8fc1dfae3,611703156.5449727
71978c139faf2a251db6ff5e,654635493.9562037
f4dc67569fd340be3dc592d5,760203290.9437985
0b829c23806ff01a0c84e9a9,808322783.7850754
a23ff4d1b2e24f537a75242e,859885762.1023498
3a103803cf9cf0451582d89f,759029175.0077195
eff8b3fe996b6d7db10b0263,809641202.5510921
9d53330b44c300e396cdb402,839789413.3952627
301b5da33d32c0632b16e8a8,919321770.5505078
357e653c4bea02df1b08c62a,685598206.9996959
9af17837ac2bbe7c8ba16e0f,723045841.0407851
246576e24f66d495fe0d509b,822608372.059797
cb70f4993947b640317a07b9,709641193.9074023
949292b23ece12b655122038,781287419.4307064
4bdff22689954e5b1e575d30,795078307.4265015
7c69d43fe2488db51e6c8da3,703332002.5394921
6f543782174a964402b64de4,814602397.5958036
a59e7f0e0596ea6633781335,724554380.9214414
767ae7de1818d645a33749e2,1110991581.1770318
e667133c29f90c8fbf30ede7,658113214.2721968
3fcacd1cf9770a2724a5fb01,754659628.4411669
601193433c99337fe806b158,623894714.1112492
42c282041583e6e2090b50f2,770853238.2177746
3bc80c56871193dd782696d3,714692161.3716509
bee9de3e2817bdd591c02897,724240369.8897135
0f761aab549e7f6bc025ab0f,928512051.1764677
3b9971f91bbe4b8dcc704ba0,752456817.5139382
8f428b58a5189effe993ca4b,562669209.6491423
0af466463f2cf50d61315da4,737580795.176547
1a486877c62f2aced41a2ca0,1023680852.7277157
c9fdc3f80534b32f1a75f530,796443660.7799406
97419310c7e696dc8ca61f7e,783670057.2120783
49d9cb2bcc98d69222b03165,736491281.6746491
99fa9611d644cf325e20e603,957148987.6621232
976d317efade1dd77ef3687c,644411551.7413778
b9bd63208716e4e0f2dedceb,608305398.5345671
834263730047f308d71d4d8c,730386443.5760401
d6bf8bfc752bf4580e99794f,952244777.0487726
58bc2b0acdb0702732894fa9,580237800.0594305
c3b8b774037044a2524913a6,616773641.3781368
eb339d562b72b3bf51073cc1,685866349.0513085
c8244d916b0110b1acbd38ac,677149083.7479916
65bb6acd9be0f8d95fbc722f,702907791.2081578
5644b84ee2edcf7267b2189c,906107316.6234963
22eb737351bd0958d3e60efe,712084811.9880167
0e2a5d040f6361adb9927388,697033283.7172048
be9f5ade682aa1fced79b068,766981692.6464937
8445e5cf42307960535a3b11,959086871.5066061
1b002164d34a71bd06e0445b,658571312.1054192
c80f897787541816ad63bc17,1266477850.1298928
673c72783eb4f9a02c511b83,835134513.4969735
3b29177e99201cf4eaae612a,727996798.6312178
91c5967cc1acb3f108d6e0f1,750112280.8143661
334b5b9fc68a18387ae59ebf,690101734.7975996
c9d096d4353b8eb843e793d1,668387801.1359458
92cade7b5347d1c00a48a1fc,920455273.853497
1d4bbb5b756033b4be28643a,844083121.8356901
e1eb183eb261b6de96e20a56,896254266.6729053
7ea8da3b1481993b14bed9d4,609325023.4531003
78bb43910ad6ed105610d9dd,825431884.46913
32c1f617f2b1f537ef703712,953304627.7284982
a7e6d3c76bb5507e00ccb501,872948347.8610175
6c75d7867807d942c975079f,853843027.8257613
e9182661e36239f091259232,705208577.6592004
c926ee21c2bd9da7da193514,558369981.7147233
27bcae7ffb9f79b8f59fe1c3,717861282.9018452
6cda1a7622d5577c0056ba40,845368673.3207796
67c945ee31cf1fa0a874e4a6,706760921.8319702
5a8638c17d14ec4f6d447b8c,673483260.482781
82bef17c2a4db1f6dc6eaf01,652707353.6077518
09dcdf0b8b37c1d537b9fcf8,636889310.7145584
2cc9f2411f98d0fd41511211,696357451.6375862
aa1eaa63043c5c29ab6a1323,741974312.6300786
35b03ab66c19ba2049ddb9a4,1074190622.437583
90470cdcdd2b813b39f28ab3,811084846.4562254
ba187eee3858263fa664812a,644866568.9878271
c06a1d212fed896b6ee4e1c5,696268866.1647333
8a8c8f5aa68c4e530d62776d,649055991.9745152
662a221bbbd961c285069c49,656108974.8754004
ee796b35e39c7beb6aee2b49,961042987.3198495
53de17a986d62a44d7897200,761691880.0304103
68925fb9f8f0c84fa0ffa9fb,893807535.5110161
6a6d4f8251ff961609019ddf,701093210.4619553
3477646f548971044f8f0494,619116258.6826334
c82434222f4129168fa82e5b,801653421.0023698
4c00508300f40d74c79f2596,707780025.1053888
27bebaf73dff207d7f6829e2,758747293.8829914
d0ba7b90f6ba3392a165b46a,1031902868.275084
61974f593c799e5d5090c067,576075530.1554137
c08b016afc6a07105d7703a2,622701325.1432393
011c2017b63235bf0ed3f241,620571530.7617801
7f73a8e83d41ea252ad61197,797324493.635607
0c25a552c34e114a1780739a,601773793.0272446
21e96ca8dbe2f12b55723335,768110013.3100926
30f6404e8034dbd513aa8a30,608872605.1207308
f2fce80439462bb9231d7fba,679700990.81286
40d5384e2e8f8fef2032928a,704639061.4556895
95f17e64d2222c904a7d42cc,925844094.0799892
59374f70d5e7da97e3b8b35f,655949275.3596984
ba30cf03fbfb0e36e5d415bf,876233598.0407102
c2424b4861f2ef50f8876c0c,728387581.6079788
e7def7d0999433ad6d3ea412,1035068579.5662949
7f1a4e79fa92196101baa7eb,882364020.9451475
37e0fe114a3c7406daa57443,814017730.203071
897c0578bdc8d59843bcbe38,644544622.71649
7e554b821e6955ab259a25f3,732485523.7779075
23b0d67dc2a0ae6e5ebc9eee,687212338.0367458
d43f045d046fbc8f5ecf465e,875848250.7217745
498d632cf0868a8e641cecb2,612795439.2277238
6b9bba3c6afa1f999a9429bd,703651582.2752718
12db154d9d29cafa574ad387,619965562.3051375
61779f1bec05260cf10a0d2b,875848250.7217745
986defbe9082519824ebc882,900560732.1424605
f72992cff50931d2e19b3ccd,694067587.9742298
0e2d6e5882fd3b4eeb9ef286,718667841.9152458
9702737c9e4ecb12d0f9ea5c,809415066.4678266
c36cf907ee28017eb1b40674,697308268.6072649
a7ad9c8b5bae531abf68f8d0,694067587.9742298
6f3dd53b0935c9593a301bdc,640231709.2178661
11f8f836e5626605ee4b41c6,889613757.246703
16fe92ffdb7e1aeefcde80f4,744277706.7791599
c1eace64bd2c9f6bea289c4b,760374191.6775348
fc2ac43013ba8ab17da28041,894610236.421088
5e6b54654c98c2517c2e31d7,924175079.621733
f0e8b39d2e4644dade9d8954,844840960.6082349
22796587bee45b8f64ee6e44,766469910.0564883
dc8c76f5b3977f90839918b0,750800688.368628
27663c0e271e26dfdbf4d289,716662822.9766876
2fc96ec5fb2c8dec0a5b09ab,924175079.621733
49d42ab711abd95fb5947c0d,920414053.233259
b8984fe54819f5fcc43860fd,646770225.3741868
8d3f4ec0c37443eb3f953584,914697142.9473069
001dbdd202e9908ee42713a8,802488101.8099133
fc5f41aad1b4bdcbd8298037,811179667.0181776
34926bd7f9880e277e75a447,1158631297.5865324
00eb120ba4410ed8efa24a8e,730912226.5749317
eb0c6a8231b38b2a1e1f789a,879367496.0361067
0f059b39ca45bbbcb996fa45,756728764.9206221
06a5364639452a9d663a2dbc,707417103.9877031
cd19dcd4aff76caaa1cffe54,669740038.0907497
7272c3521b7083038ff0a690,658441470.3732342
a480b654e1b8b7134091e613,950782399.2374811
ba24834c9fb0e87c4ea7d1a0,832516068.6548669
ac46e3eb688cb1cb17da2545,703159607.1856099
3053732169b2260529f90133,808225596.6592935
ab0c047373b5d1810fe42bd9,695318429.815356
698383c101fb784f8e1b1ee6,725187501.1763262
1b09c89b546d0058cb09c1a9,974896697.2099979
64edef308b6a9805f0846cbc,871419555.440453
995a5799d9a1a7e4dfe4fe34,849558799.7614839
d4f1fcd4c20dec55e977720a,821243361.5321225
21264b5a73fd27b85a4e2654,791378254.742155
d464858ed94a1a74948f479a,685506937.8032545
dc420bf2dd1759b7f281cfa6,906176920.9079372
0a268e25a5f3a0bfd8898a40,514908031.985922
a3460f00d48816ef66e3acc3,812842630.3296794
9559637fc2bdf96defd2438d,727501578.924938
421db6a58670e53f563eb9ad,651297086.7081571
7b6322fd5810990820167a23,679845607.8766922
17fbebdfe6bc0618ecdd247c,883393268.6160696
00f2621035b1969d53f03fca,880202690.0871735
e97c998a6a0709605432ccb1,605002778.4171911
39e306be57a992bcc75e089a,719579375.3832254
55d0225b44a81e82eea3efcf,870778414.1865134
c7c5ee499c712082931032a4,881878781.3699949
f15f48d4cf4f85a3cd68dfa3,906616848.908307
01db5867a69f8ea7849d69e8,918301226.994625
7c29fc3861c9f074e3a89449,778014500.3566862
5ae2fec22f535ec2490174c5,616285589.9880642
a6731fb85da65ce14468341e,618054231.330887
4e327acca2e033c3fb305c5d,736156604.505894
37b8e8a194e4f2fed7ddcd96,717706216.6307931
a8dc954142c54e570bccdca5,688700027.4918439
b427d767b071c3e5ac2a078c,713047950.9769844
a9407f510e67bdb27ad59b46,821993648.0003273
ba7120c89c8de0e57e30646d,814090992.6494291
4f5bc448658287ffb3d49b75,669154118.7117323
758d9f47824eb74d1b486024,932006439.2111568
84fb7e582456d7409f27cd2a,902059475.0090371
0a6ade3bea1768aab76680ed,649469155.7665025
f6e74a4b1e026352e5759b2e,732598913.5484245
639b98d0798b5670e7bb2569,668777115.648786
32ecec7d5c47d02969368779,819631233.005054
cac82fdc4d960947bbc590c8,818369444.3123527
c2b880a6bc90cdef9dac52ca,903922624.7426627
dd8eff6162c32ecbc6972509,774991291.9760097
6e2f79cf68ac0ba2b1a6b0c4,968807054.3436227
a904fab9fa4f41a11f673fd9,831110891.4318107
bf11c5dfcb321e020601e9ba,921000590.4037158
488cdcddd0938ad0205ab8f0,883666575.1188083
b92929668e884453d3a0d633,523369125.0303006
09eeb116cb0944a28742d282,878132189.1183419
c16e9d9444f85bdfade710a0,704781491.1566046
c15cecbbe717e72f09a84271,635235482.0964758
0bbd23df46a4ea4e4734b680,781342135.6581627
de28e62bd01870dfceb5d78b,701378019.0649889
92c4faf0ba1fbac44db6d1c8,731548863.229561
91892eac5e9565b12b2a99f7,704939469.30064
ba72421716765ef6aad9b4cd,1045168819.0460943
a99df3a2cd4f2346c6e903dc,631272097.6794627
59a3b1a44c35ed4936cf7843,849534535.8181386
cd74b689350ef612ddf1b96a,666334952.9537745
5664cfe452394ff9376bcc8b,677412169.3477808
d4c6dda51fa949743a46e835,798615487.1775187
b7f47484bbd8113c62cc8c1f,704033070.0016053
d4dfddb6564c9f46b26e7aab,670512617.4754634
aab240140aa4b6602234d88e,630645264.2600787
29671ce02e285f69afeb3fc2,876369699.9574658
5cd742ea274b4a8832114080,696577427.9188136
c876ed979c9127674000b740,807591593.0224495
45269f56121b796d0392e2da,772415825.4595075
e981d4fb3a33f372ac26901d,829071770.8924475
2f13a428281ffc425f2c2e38,857567380.1353884
407e4196114b64578beac143,667238293.2858624
342027b17940a0cc5cdbf8d9,898378273.0858169
dad2bbb0fe138e426000a33e,713704807.9109709
e77da26aa7ecdab5505fab60,916393203.2135468
8fddeb4ca696706f6cbe573b,763588664.9070351
fe368a7d2e09fe88b1b972e4,656131586.6219783
6fcea2c6b9e39576e10581ea,776245516.936998
91d35b9421c4982b54dd520a,814189346.7398039
eecc82010ce9803ebea6dc75,715007383.4152378
b957548768ef014088a61b5a,737220545.1301099
5790e4cf8102dba35e184ca1,787154004.2148259
cbab68c32d78424452249d9d,978376325.9884068
4e0b293ec3d5eda7d9fcf8b6,902989063.0927709
1f8742e662666147955c9872,734340061.054422
aad38b9f22ccf36b0fba4e7c,728951560.8539045
44e9224b9735235fc7271672,742798414.9955652
b61e9e4f3a2e894932b58ed6,684707365.6984408
2b36d2ed79caaccd687f2ab0,650212418.2080178
7bdd64032a4f011bd4fe7df6,758497448.9007301
0890a0d20f33b9af2bfe488b,655584752.4487318
ea7c9e327eab66ca286f6726,915113820.9477415
98510008e150296ca9d27d0f,716864048.8337613
41abd8a2cbca609cf868f227,876732732.0923989
83196bef0e5dc6c981bc57a9,921286275.3695071
20289e986c1959f0c83a6a4b,737152270.0416278
fb39ca089d05381b3a7ba847,879349157.7942623
d2da963bf6c2f6fe724be23c,866183113.73772
670f7dfbe2eba87e55176257,734423237.7038417
469b33a6f153ec334b6123d7,615181713.7168392
c38ce4f3763795c61efee6f3,725952124.465708
8553a05c2b30be81c64a6295,845572657.7560267
d8b3a1d0cffc913ebd05b931,819877415.5879169
f0fb8232343d235741a20586,905024011.5218477
887d749eeaaae288b2818b86,618881750.3772502
126f4d890004b8035a7de091,873424865.0108343
7d157359b413e107f5f9cfd6,799615816.2072889
65010e340fa495d060e32f7d,755159758.5004643
8164023f628f550f322aad61,702003258.1620145
8c2423c14aefa13d255fa77b,870336108.4482187
e9772a54bc6638c723dcebdc,742312131.9919147
171149ef76fe0a2074c5bf69,860636121.0093794
96448fa0eb077563a2d168ca,724259882.2135067
3bf1bea2a835d7fd11e47ce8,789133016.4728408
2f4b0b1b81c792f43f4ccd5c,789133016.4728408
086540702ba0876c0c05c5d5,921966782.2586267
57d17db2cc5ce1aa889f1f50,900317522.905118
3b6cedd9966332f0722208cf,728415167.9311026
351a3e1b62cd51d46913a8eb,892196905.6191483
33b702ced6de5f7ab8b29e7a,622376117.719901
e0e6852c6d6393d6d3719131,949870440.1710588
bf5e687721e030639ec81416,762722681.2261739
314479aa7b73ef6ef44e1c89,793866286.5657501
822896f609e7761b58e7f6e7,738929563.3705562
5b6f21752f3744ec6e529d74,849940880.3330834
5d91dd63b6aef851e0c78389,839460309.9202886
0a369278a1ef6f5e9d79e2e3,762550232.5619911
7523e95fc2afaf31bcf30979,720159616.6013923
cb9de5719b978a78c71db699,964954594.513711
af8c90983a23ee15c72b8e22,901215776.1530674
e35d8f589e6b1909f5e4132b,851202247.1428995
ecaa5e38ff6cddc14942eb7a,1172906972.2997468
d2eeec3fb1ee4d686758534e,1010281746.3645129
e97d03ef9638c8e1d270ed2a,902837476.0947634
cbd78f55af1db4d89b53b496,802283935.3485235
1b2fa2ee5927660313569617,784876231.2370292
f7f00e13da4910d724aba4f6,700651704.4972168
9a6b77dc2c414f0baa11effc,719510125.4726545
bd4d0b8799fa5999c5d2ee3c,883539653.7689725
bd6b68abb113370c35786557,1294794168.883295
4da8ef54252a92d9cc62c174,959501944.1853105
38d6c2a9beac610279bc110f,689586321.3665215
32e6518755191bef743b28f6,800976287.5948302
4fd8d01a5c3abb90ad70cbe6,668008801.6641448
5d9f8f380a6434096a0cd906,614725661.6517072
724c854b1a991f060701d005,689803300.5444974
1bd78ecec17b584e827dd0f9,595891792.7374662
7e6f68184d84e09cc9ebc09f,727674647.4639734
c0174ef555bfdd648acf4346,637429168.8912212
6463505a740324c7aa869d79,653550907.7504243
f239b7fe0de40d208c01c45d,882084482.0964868
bd98add659faedc1820f96a0,725233791.6275597
ad662354d28a9b2d65f537f7,919184742.6369215
8e8852450fd5556f748c98cf,923267884.0317782
8fd5b95f5808b4676043de35,702657764.6041026
73a23c9d154fec88d396d2a8,913101911.1955218
374ca1a16b8eba42b35374ac,691997598.8128829
ff058f978e97c389e7a31f6b,656460493.2487676
9d7f2c004fd359136a662c9c,725793436.1016972
2cc0129b386acf9cdfa4eeb3,686037272.4680656
c139bf6b72a93a73155e1f5b,639680031.5132749
0c017cf9740cb67d530267d0,700024835.8191154
44ff213b9cfb3604b7e4b66f,704725661.6523178
a09c957598e6cde56cdba03c,821631758.0011308
c846d5698bb295697186555d,860796935.051764
a84cafc064a35cc0ad698009,916360604.057993
ecda0d714f52da919223a520,692170664.8724107
b9398d6bec5cc44fa39b8bdc,845311704.6434598
79d230806fbfe96368b83dbf,1035577636.9090586
a28b1d82d3f7dbf8746d5742,870787966.2694516
a6555836840c7dd496ba9094,706925190.0479958
83ce7c2d2823f888f2e06ea8,868138876.7822095
631f4c509de8dd64f1c400db,846676737.2740424
2afd31619c21dc537e4797ca,975330789.4808881
0be57099d9c3ad8a16984861,822150459.503247
ff29f12bbd7ac4b860909966,1056492284.5078455
d955edf16ddb9d3f59501a9f,818623943.8238922
96298da2f44ca873f345867b,666903505.0055851
e6396355c1249c6290906b78,836091822.3009423
39f9f736d802b166ed688224,926692535.4107496
38a0fcb41f0dbe8b0ef7af8f,714726766.9077593
79b955adf84fb2c52381921a,751942441.8595085
e335b8464a61ea0781f7928d,877137455.2761393
71a929d79a6cccbce6ac5d79,940781981.2060916
41454361857cf70c44e1f5ac,750086291.5053712
a16ca6293e2ee2969f3334c5,954451052.7642217
4083248d3d2f2bbf9589b971,703703807.0022849
de630da5e1c9e27bfd94efcb,837985577.2067411
f2a4f5010f3da37e27505ece,736771711.6147295
53647abd1d1b10c9226eac73,724546743.5109781
e51873d6421addab3b539dd4,689296523.391518
be8fbefb8e06fe169237d4bd,958504914.2089868
257c889187ad5de900a430c9,671683527.7023369
3198c4acc62c1a2276bf15de,687977262.3210748
b22350d505b87dffaae3a5e2,737524004.7345203
49ad389014995f0187edf726,673582761.4589193
025d96090a8e5bd6f786e9b6,733071577.7052264
4a7156189e1f06b0fe87a7fc,842091161.8009126
e91425bd357561183b935d27,842087244.9165496
c9d996f458794961d9957c1d,841789206.8666824
084de965e32a2a65bd3aff5f,841789206.8666824
880bd21afee7038459b5847e,741865627.1647247
2dba091723891d8907905a74,864803751.8569325
a39f9fd2f143b8ce1f7e1277,841641850.3792887
37050aba3553f3869d59f809,654789527.4482194
35a39cf33d16f8f5ff75fd6c,842393123.1421615
7c463a59e7d2f2b4bbd07e12,843816651.076054
035d955df5a765531d1d0d07,899685456.9457407
be706475abdfd64aabfe45fb,842284210.3163697
bf41b26c090dbf0a19252e43,730496940.2573693
21aa860fd839233ed8b82653,816190697.6709993
b870c8bd8f95426a7e1f9c88,842238076.3009355
c5a5676bdb1698f8c38cdcd5,770670051.1450559
3487768de3a13b7ee3df0254,761130440.4816402
dda7a886135a1fd8106d04b8,960921679.6153681
ee102e9d0791ee82ee4da2e8,793264076.2436721
1d4891dc27e0050efcc6c403,688777390.9398444
dc1fa8fcd0ffb8872d434dbf,652990045.9727625
2a5f727304ad67d1cd269361,953206647.6353276
2b10af4fcbef695b327b7d0b,745095141.809089
516881e914708f6ea6062ad1,963693891.4289259
5a428139d5ce6bbd9505945c,922742627.5092545
38dbf1b9c5963e9c3d008340,952679014.5153825
02c6e8c7f36a2c68851600c6,603837441.5664519
d2684e676cae87d75dea5ea0,628020049.8552564
027947dd01dc991ffefc5082,866235004.6617455
0af13e27cfe9b8f237a9949c,756789711.274538
32421841f7eeda76160d7959,671208044.013804
96ad0e75433cc18f20ed83f5,757023136.9559448
b387b5eebf501a620f352504,880219076.699922
8ed95f9bf057114664ea441c,704633669.9996253
114318a8e5822ece53ad897c,645395852.2226809
3bdd7be0b5e18d266189d991,644463943.7872502
0d2c4bbd8a4dbeb6337b5c14,747226833.6912344
a98637742a212e332cb5d1f0,731141333.0633821
acbec9114912932b9cbaf0a3,541712980.7646348
fd81506b0a00fab1ff680b64,704629035.1152253
49e531941384af389b0aff59,766899319.6316819
8f221efe392ba42b519e5f57,857604314.4593323
1f33395df1e4f6a185c507cb,749163777.1260215
fa823373d2e7fc9443ebb6ff,883633601.4380765
0a6966f19bc2c303886ca82c,880519286.3378608
15d9a0353ad54798ef95e0d3,879274466.8516641
0d95d756b838d3a319277424,756925230.1990125
d644b23e4bce0e6e50ab9356,980810332.9303725
6dbc77ad8c5c1e39f72cd2f6,776424527.9393266
2fb5206d246ee7ab22fb8143,966203775.411869
f1582fc47e7b8c0eb0cc9949,751159205.5092775
8d7dd9de4e919fec5916862e,791783131.906719
0b67da6d74bb3998c80893f4,680284949.9985385
736d25efc9e570379d32c089,783282718.3963668
4615a8a7af9d7cefc7fe4c4a,938272300.4851334
8b753628bd37b9759dad06ea,656228915.5622004
5c7c83526b72ced12a08e573,837909956.042798
9baa578a930a94f761119fdb,708268828.6501513
8fe1a07cbe9b8f3498cf74b0,597129518.9424419
67a7cfe6e95aa5200c064717,746229536.3589294
b7e3b0c90c0d3bfe5befec54,654450856.808432
e6a547b2c0d126c9b6800515,751082886.0793194
b08f88ef973c9d1c3a86695d,948400051.1224988
5933c18b8cb17cc6e4ae91cf,957840809.422111
64a24372d58a2cf535c3aac0,722281413.0954652
e6f9288cdadc5851d29fabff,916317931.5829598
71ba2f992908a5f91f832406,670505665.8095741
3af4b54bb5ee5fcff80f1e53,643050196.3946248
40d3f1f00de86e74e0304bd1,740134224.75635
3b758c26283c2f11251bfb89,875905730.0907447
70cb6337c8c3f5225fa80026,990479935.1935401
0dd510aaba8036e8fd9d667a,761557826.8637043
ef6ac2a5102d7be910a3e4c8,749161379.1276647
24c32572ca6161a603a7d0d0,756672566.3124113
c7be09a810b9e54d2dfba4b2,791910759.0269072
01a5a230e8a808d844e64397,863946877.0558095
5ade8e9c79288d511ce1fd79,635496965.0614803
7cf50019422bc9569a985736,694946986.895751
d4716e228067a7bb0f30aa30,723251755.7651267
cb79e02041eddcfa9225346a,736059987.3588765
b059afb753452ba358fb432e,953178837.5836766
fd9f78fb2d2f4d01e462bcea,754355165.9068846
6337f924f515625e7fa638a4,791400878.7299882
3adcc2c662c8c7c9db5f0982,777985014.0146611
6b7aff233052b9bcb6b9448a,895468108.1886153
cc51811e23409f4d77995768,769004225.4754128
e3cd7b6dc0495d5109086407,700721882.1036376
e63f468e1d9f86530d47ba4c,721709788.1820971
8bad8a7faae115ac9007b13a,725789605.2047361
d563312854016e9115d034aa,646241111.3755922
57c7684f8cd8d78909711b53,617766564.4695725
76b8190137ba3daa55db33a6,793186833.7642174
2bcc6a15181273b2fad05e3b,710250957.0854005
b998aeafe2cc93bbd96dd9fd,633458957.5910075
eb77734d12df7528af57c674,599702845.9932961
e8df85384a1f51c31015ba08,1001651541.2197479
b0a03d567e287bf4cbd7bec3,720077810.365325
dc8bc7cb687a3a42b7e7d5fb,1012246604.146778
147de03212e554abbf3fc3b7,911162329.2276379
c09b8c236316b87a92a620b2,743717875.162401
f5006b435fc92111d55c0603,603504118.0795995
ed70b749e030cc8715c0eba5,711867294.4835403
2a9bbd878f3f45745d76f059,784341672.4594212
503f33d11f75b6b5102ba4ad,678440734.0097768
41479709513815cf5fc1eac9,779196065.6679549
0181972aeb6bf451012a47c6,698454505.4226161
0b35c4a3f20cc0eb751acbac,755875587.8137727
e5de98822287c2caf8b209da,759051073.6456903
f3d82ce1c6fac06e4997f7ba,715391353.0643556
8e17d7d78e7acffdcb04d982,615762545.2389636
f1e7a0c7804083963b5b6de6,609598094.123788
918dbe66979d16b147bd3322,946696243.0615087
35dedbaace193598c9c438a7,655350224.9531829
e67fa931031bed13c711ad00,695591500.4860439
eb2bbf82cb615e3227305b55,605633094.3345793
e8d83f7dcb876d5d05ae3e98,785445430.2588781
2be93bf5132bb788bf045c28,843442186.3630692
ac2b1b560e8bc4fa1deb6f87,839607502.5660396
674ea6932fa9e6b7581479dc,646676563.4157364
4893b21db2d6aa4417e1cd1d,790123862.9969242
2dbef742d0c59d21ad7392e3,670427064.1585791
fc16776abc877decb82a5954,759988878.1915842
6f84d405f419590075610c5e,729161911.4128499
52cec2691ff635031fce9507,671472029.3270597
830b1a2d33f7754b9acfdd82,747709169.6567278
fa908c8dd43fcbe9f721c0d5,912098008.930966
90c3b93badfe7231410e95bf,913334456.4506596
60a495b86d6eff1e345ecb06,691241807.2788463
0468cf58f40372acb9d5fefa,681029419.9477375
c523380518164e1e317cf1b8,787926912.7060579
142cf530f13cbccc3cc9d0a6,782458861.5202881
e0432ecc0c1fb2b00b5435af,698963847.2589288
3af3a702988bfa0599727982,809020296.9341493
99fad8a7877c57c0af05b318,770500490.3589133
b57250de388b7172a39dae8f,964304420.9761866
42fa0158217c9cb820f2a06b,638076202.8824193
8fd452d3f5f1dbb3b65f5274,1010084156.5785934
27881ecd655786b093349ab0,969508118.229208
38029a1aa22c0a5beb065edb,939955454.9924947
6750be41e08a725705256b0c,838796093.961721
90bf218565cd67ed83240033,918121591.0297505
c6a089a9bb326c22e3f3aaa7,737113490.5057952
ede08c77d6090e0900654eff,807857856.7990581
2f7784465c1c69c8f786a0a9,971435444.5406749
5943151d9a76010179f6c297,960621423.2250943
82a3742862a06803242b703d,785991571.6002537
b815204eed4398e600b366ad,1024209773.5569768
11c4dba68fb47eb9c49df169,719590468.9044971
4ae7dd50c6b743bd47340f20,840478439.6043099
d81a040e22d541a74122f3c3,609655898.7307332
34c84d0a410920c303ba69f8,709650325.4093162
6b0828221f9cdf5cf39e7c15,557739022.9616611
c50d5b4e75f165eeeb2eba97,657164762.0299174
572488a9a75f64434dca5dc5,650147549.3404542
0e67ae9abf1e2b2f66a91a28,637365531.002197
cb00154afcad81df60ee58f6,836491638.1796006
75801c34fb510d824a7d8366,717812532.336355
98f2d7810641693c44096ada,942232868.2950377
1fb4c88bbf995f77f2f29b7e,676214098.6927248
0abc98f7ea1e477c6fe3425c,786909011.858711
b3401023d3097815687d1160,686756288.0897685
f1ef14babbc4123c5157eb9e,797627850.5047871
ecf47573fe1ff641f6914d0a,829980927.554548
0ddd21dcfe89f72e2246ed79,663746560.1006176
402f18888d480f5af146daab,667652939.7779559
61b3bd442f6fc8838e2f45af,814572030.3302019
c4eccc400db2dc9627c9879f,838509570.8929181
ab38b4fae64ab90a55b5a403,844452360.7352633
7f4cdc01f9086bcee46d1d6c,845130534.1010768
1be9d865ac8d01f0378bc148,835673506.9147029
f2f43244cda8e2f5219f3db8,639139426.5351149
89ca905d858c7731313c82e1,715570540.2939364
5bbd0476c27c53e2bcaf9462,765377627.3737371
7e177acdec9c0fe684d8fe44,779285612.146791
b764bb8ae8ba0d736bf54f5a,648957074.0004516
75f6d6beb64d846d965fa9ef,843748677.9254837
b5293710d0cd75f95de001f6,601993828.3220515
8b8ec04a78d3826b2c8a5754,729503340.5875158
e35579e8b9b24dcccf93abba,906504521.5501657
db5e320f51680100f1ec06f9,688401459.6963422
59be3c447844f31267366cbe,700531899.4228816
0f3b424c398a8e8b53162c37,846407144.3101321
57f4a3f6fe2e41ad97116002,738275463.9745431
1c6038b67a40f0749a72e6cd,687116360.0924839
e5da0e3919341762d5beed25,762216555.1660506
40efc0dc313284d3b57492f9,789067411.918851
601da8fc375ba0b3df3b38bc,1041381688.8618869
61a12496ac1e6f39c5ac5d3b,875153621.8887751
8635edb61b1dda6f4742cac7,870608262.2597735
ce12b48120daa5704a4c81e2,633638770.9842772
acf4d60dad7953065b59ced3,867222796.5632459
56e3e7d822e13838ab9f85b0,715843502.286164
7ea2c18341f69f21b523906c,744122184.4472357
dd2396a42097b2e8bce52a72,891102710.1181087
41f99600339a7afc8e386e6e,926406063.7810814
b2d160f54ce5f98f46818e4d,945432596.4363319
00dd36caffef00fcde85b235,1036092942.7176466
471bd64a0576aa67f494eb98,812619135.6287796
79e307acac5f42f2696b0436,711921881.4835176
e65a4eec62e2a5bbfaad5565,795939369.4359013
4845ca0d30483b36bfa55061,828883719.9237415
6784e116d96e03911e2a07f7,726174289.1542935
4184fd9a546823ff1fea0b74,917399038.0869285
616a5485bc7721ecfcc21c70,604841053.499826
6ff3186df9d15b65dae5bd17,604841053.499826
886706f32695891af743f986,817838686.4957973
daeb02020f23715e663b4a38,839187239.2496009
93fa1c8ebb75b77dea76ab99,849667809.6623957
ab25a6737b3ee0c4e9cf4ae6,710246384.859021
c5641447732d3d1269965ffb,654108951.7418233
86b290218a62d0c51b099a08,880748831.4285493
d7b82133acf54bd3eac338c1,827793444.0645939
10fbecd8de540f1fe4c57b7d,589945367.8000686
137baf1609138c6ca2715c7c,573461901.0053546
f5534949a53bef05de31b07e,739665927.4821342
466d4240af2cfd09a31cf3ff,867618008.34021
7478693f3e7e8963e95be8bb,756247637.7477064
6e537e91af0de67558bc1ee2,615887368.1983706
f5b0b51ed49be034c290efd2,840474443.463751
a4885ce6808ffdb878c41f97,612993259.5224799
a14506a4800c27223fc34728,781090537.881624
e8e97b7919856f9cbb9ad02f,1035931717.8856188
e16685dae2bd3b0a4803ec9a,788826153.5524504
044b8431b186eb022cf6fc24,717023066.3146064
60de8c37c9eb96efc432451e,888609676.6696272
59b88e154c07bb7c0ddb4e8f,846143473.4667898
71590ac868415f3a185dc15c,887220486.1574762
6388b4cfd09e2b1219268cb2,765758995.0124388
f865cd15368fefd8c9d6aabf,716364594.0481772
ffd916080b1019827491de0b,964681523.8430233
6b8ce573bc2ee68ace26a67f,839187239.2496009
7ce704ef5752dd496a61d857,849667809.6623957
6b1a1afa055c15908a855e9e,704757868.7150941
2a9338f62c99dbad25aec5d3,874234407.247747
c2282da3ece2dca6e8a3bca5,876212809.1311343
5e6324cfe41c3676c7d0a5da,858658342.3458172
f1a4afc2e543ce4260f1d781,727947415.360306
5d17daf3e98cf433267d978f,745249658.8836104
d5f41dd3258aa346367d7725,766415392.37721
da35c757f211ecaab20aeb3d,683526698.9490885
8d9cd237c737f6e62092a08e,945921861.4749084
9dd98816533e4ca8516a5474,839129340.4612952
27d14f352b2983177e836e3c,924241881.0012466
3dd4fa53bc59e5852f9fee98,851922233.6407228
3ca74495aa9adbd533ccfb96,954804469.503412
dc93d8ca60d60a118f61390b,609886251.161432
dd7b4c374bbbcc60bb090fe8,859150508.9345032
f925a05397ca6163230f7ad1,697873531.9791965
66a59937c54eff29ab14b474,866047950.8489796
077db8e0877b924d1b57ab1e,630148925.8886813
aebc3c6079c1a80f8b2f1c7d,896386559.1164138
ae41a566826a10d5a6768d36,932543914.7764814
489fca3e6dc044412d00cca1,667458893.93963
fc2f58cc289d29fffe8a5fe0,793541377.6586117
59519bb6d5d299ee0b767224,721002393.3509569
19921a97a52bed6c6b8f4135,675035953.8574369
ae08b7f31e69fd930ef4c832,769830624.6872965
1b67fbd144a4a3ef40bd9824,843028770.0753001
9e142165bbde850d4379a49d,895812502.3791196
d3e971e2e224a20530ee295c,747447516.3826146
a672cd6c8c284e14913222d8,696577427.9188136
93086ab3e32aa9599708382a,792618685.2120667
63773145b1a896df26504b0d,649566124.2078271
17707d66753c1eb0aca28926,643476402.828309
6a2d4d9a257fdfb2ead837a1,666057967.5631865
f9158cf51f5e9f644349a774,759848387.019783
c09c39339b5bbd48f349a430,850121756.9953458
d470d84f5d8299c52fa24499,648654449.2911011
9d028997ff036c154c3fda0b,852873692.0827667
40ce7321869b706210eda9da,693299332.0418451
3fc826461ec4648e4f7877da,845438250.9080036
0e7dbec40eab1b3e5c6bc665,958616739.4418546
81b3256980dd7d7f49030c78,943948472.1167015
fed2e1459e9ccc06943a05d1,956421784.8481485
c535169307e21e5df7ec88e6,820578391.6325169
d78d84e4e42f145e02e423c9,790842289.799499
3e523ee3a6c2d89436539792,790842289.799499
5f2df52db15d2e0ebd327a36,761743837.2595083
1c1ff56435675288e78c4735,880921606.7401971
ec4226205a38a45d97f35828,976616101.6007483
3214488a8fa9cf8b3dae877a,725034995.2953826
4a4fe76c58f5735ce6b018aa,947493151.8314474
ff3696c808d4835d6c7cc9e3,712957170.588437
1aee9081ac4a04490eb3f0e9,954584617.3032702
8dd954e7312e6e6a07d6d4db,685600280.4913855
daa52a91f1fee77f75550246,724828443.7209824
a4ad34eb244e48afe23a780d,748352567.5639999
0b4b741487c001323f508d5d,790842289.799499
cb383b7a746ed55b21a8b245,845981288.2420514
4b092d4d5885cc224f6775e9,579451867.8203259
ba12305002d24055c159ed34,609928969.4014208
bd74d43d99a240ef4190ecfd,801082878.0507569
4957e0b129c5caf47b026c58,770853860.8179963
eb270972f0f69f1671a0a740,764701691.4995022
d51d3ef396efd4760c979de4,833912798.1566076
ac65d147ee69785195ef7da1,703569865.9781995
53ab42a93b6deb152951f82f,935831179.0528529
5826567e12ee3192785e36f3,856115082.7193165
ab64918f2b2b4646e87297c2,946604294.7114263
88b0d688281db2ef0a782921,914501220.8548261
dcceb6a2073faf9f89f3431d,848920724.5545084
73bf75d5762e3dd30fca7b3a,676968153.1769825
a45ba5d63cd1971de19c25db,812204735.5379066
8467eedcf9a48fee0d72d95f,883342147.9818468
6184f12f3a903658f3319290,694655642.6343224
92ab018394a5398b832d0b97,765039187.346734
e8e215437d023387c4a55515,674062996.6888664
7b8a6949d55b5bb27c3c6839,778276105.8310374
33f1a7739cb556a78af083de,904789259.55811
39c6bd862f908b7e8088f0dd,917889612.5826122
ae556ff5f318b73d3b29142d,611614772.4634008
e2fed68e0b614e65c05200b7,775591845.355581
c62a4288a4a0336b1436132e,709117753.6608167
f23b32fa4894b6d59f73c151,841679520.3556659
4ac4fbcacef08524ccbf3623,563759874.4840401
5b5bb8156b98eb51a58e73bd,701589455.9797146
53fbed4f9680917f0615ae7e,648955784.0475719
730b528617c2841eea5addaf,926111129.4358346
13d08f7e14471fcf517c204a,718202877.3463929
da273cee807e254fc9aabb9d,893236190.2171226
b8f7bd85b61951ce83d7f57b,987835060.8500121
4954ce465ba712543bdf34fb,681388237.8810402
b7483c951d2c19de665f07b6,540436821.5445502
913cdfdd62e35472522d0a6a,730060468.8458372
be28b90a71e2922437f25110,730060468.8458372
b71857f1cc385219f114035c,681388237.8810402
a72041a40ca87928c695b2f8,730060468.8458372
65a626faaed9d9e3b172415d,730060468.8458372
229bcf400e309619268dda31,730060468.8458372
367bc4fef78a9800f8616d02,730060468.8458372
dc0ac888f1e87924e3994b4e,730060468.8458372
6996e88c10a94d9ee7d05357,726875656.3766232
cb8fbae1b4141461127c97da,864395926.1617248
d2de34876a7a6914c2dc479e,922643326.0744734
c666974c4303d43b87714c62,797552421.1501436
e8491a7994738d098a7aede1,976286063.3767914
9a6440e5318b2de28b180a2a,828983014.9377576
9ebe11eba1a88fcb24fcd141,678580949.1366699
78b0f0bd0494fba0293eb0c3,626631262.4817224
047b0ded64dcae203a3015eb,664937342.8816048
7b95396ef4d0e97de8fb4986,700832993.253463
08f1c136d5a456c0215ebea4,723988794.1406792
0880b703bf2064f59f2bf20f,978999052.2269306
cfc069bd55e152e40b3a1391,706354421.4021709
0a00771ee714a2f3f96c31a3,757252456.7976086
06acca3d0ef4685dc055ffa5,606895039.1488383
f802b026db4bf9d68cf00b16,611075216.8722773
4aebacb9ecd0a117307c7841,879813001.2397532
81ccb7e0255eee6274f5d930,767275247.6821873
cd17bb739ac79f80d6f651a8,1042203708.6404274
917829a0aba571cbe794838d,663940820.3250687
5b83b73ec31031582aabc527,570990864.2107939
5e18ac352e3f3119f5f9197a,818124597.1810158
b7eb15346797508f47ae094f,717783804.705327
5ac98c971b9293bc6a8a6aae,875194160.208314
e196b7cdeab1468d5d4e07c5,899661392.6281759
0ea201bfd515584bbf72f902,932833752.2352316
d2e6ab3b3106f36f2c3fc119,722923245.184084
59db28ba77489750903261d5,731694285.160916
b348c76e55613f53c8bbc94b,805365514.7337339
a1e38854d6725e9c48c128b1,722638806.6758614
b86c526fed01211fdbb62815,814661182.2653264
1d2b83d973547da8c168f743,692044693.7262396
0fe3dbfdf25d4b013b842b51,898823998.6304901
71a20a4daea6d31de942b2ce,928567530.1004347
35352b370a31d01748616b01,671792592.8190888
27942219389ecffbce2e1d9e,938587420.8594041
62fbacd4e172983a2a998daf,797362009.4209571
00c1165df93a4cfe679f54e2,931429730.5730716
207f669778ed0db0e619ed40,874353985.0905967
5ca0586ab7d20dce5e9ca8a0,729805121.4992261
cc27435df779f16e6a62b0c2,1032675617.6313107
7a94d3d31471ae313659aeae,878913576.568777
efebd19fc5a2ab30f2ccedcf,927270286.2721155
8037e40c0c8b20ab6e0d4b78,661062226.3107269
5ae3359bfe2a704de00e8801,845969332.0047293
a5587c93c012375dee920f71,748227684.9647806
ee7f7d547af56773a4b0afaa,783702220.7956761
9ed988dd6739eb7ad7aa5a06,793845532.7185647
26c08d7331ae19e1934a22da,652179381.6419799
767024c66d3a88bb18407b6d,757798598.1389842
6afa85ee6594d1c8296f04b2,636187882.57578
551ca6ad1ecfc7ac21f8ef0d,903046591.9816933
1f79204a8f62c29b0a1b29d5,591960128.3472677
3dc0fa238745fbc31ba88853,506222748.4806197
4bc3f597867c6844e9b47fc9,800655572.384099
53973c17ea7e89fbee5e6cf4,626375061.4095883
05397b2087e5cf381809f169,802323008.4563975
584990ea9718bb5598495061,679782407.113575
2e7c6a89d2cf2d835839f5f1,764543452.7498364
5c02d79c59fb636ca4cbe86e,696419169.2826247
114436e00c03b44096823522,834096539.0530226
60caee98c3cc8526d16d7f44,607766511.432772
8207612808b5947f2802d2a6,833613096.5682776
31a73382ae20331521bf2e6f,863847163.3091862
c58947cd4f238cfdc0007bf7,953451908.2543643
a7ee02ad2a4fa122799a2dfa,863333413.2301232
c77a63e92b9f727034913d8f,761457136.612357
56c6bf831d3c6737e3844969,892145645.8266752
73ec6f4da3c277958cd2c228,770256605.75702
7dcd1916c0485e0b80f9eeb4,761372161.8500878
cafa94c4a56c23ec73ee9071,941522179.8257626
d5ccfaaaa739b2bb2b3d46f7,615521716.7573613
e6d2e862f58445084b2980bb,719473697.1484952
62f96ed5c1e5f28117949a23,686433723.772278
20d8980a4fa8e094b7a5f00c,686433723.772278
0172678cb0737e21a317eda4,687703132.854187
6254ee88812e303bdedb8767,959273023.483657
a812ed43db71868625b351bb,778872912.6229991
2bd1c70db60a44d4400847ca,882960517.0775385
b057dd8a9c2082d1a78cba88,626400936.5375984
2fb149a70fa14ac05582ae69,859350393.5892427
47e282cb12ae01243d713178,666897862.1209716
ae47cf27964393fd56a52d7e,892145769.5851651
21642991a20d6b0d17dea2bb,702001515.1223412
43b10ad2660d7552ab6c3b10,773424211.0633312
64e5093d6bae57e8b4298123,895278335.1216614
9d8d3e6fb432174770c74e71,624771673.0937686
9f2498c12d7b41c213bec0ff,711535317.0976793
6461c0a03ad3ecf2f8112759,729620682.7544429
09b15382686c42fd89b24285,780775586.9356712
da846b08fe2205d2e2a3dc71,635441943.5566214
2a89ac6511416d0920f1b9a2,908120164.8794801
3e9083411c44213130b2ece8,881195153.7935274
0f0df5694eb388d843e1f17c,587982814.0711142
ee6a288e644183bb191a6526,668786956.512147
8f570610ef199a3ecc49a0a5,638583900.7758542
3115e2391cc3a078b5e6066f,846965731.9349298
c7e45098251c687efe670815,787710997.1816168
8a3b7f5a8da339fe19e8f138,848113046.7974381
2f801cf48edb712627196b2c,685818075.5458891
a147a8c29757c5d0c592d347,818237025.8123275
86b0aa633bb16582bab5640f,685622982.3795176
c9620e3e2dce92bf95c57c6d,670200507.9295219
b746e4a5c9d04cf4dbf887da,902253618.9569424
915842a8a03914c08a6607c3,662104787.4374712
e9e6e054c1d09a22b7efa20a,745454006.183191
4b6fb9b705d80ff350bd620e,715946553.5976386
9a51784f33b0cdfce8312163,954509879.1770184
176c9a90fcbceb91569fa3e2,880362728.1954732
c97e70a767a3661c4869bf86,894486597.2547321
a6bdb6221b88a24c9f8381b0,909026695.0684347
0a1e6a95a0f9598150c121ce,794510761.6248171
37d12acc69d0e3e92420e62d,819378593.3419371
d433ad6c3cdbd707e6839082,841323313.964047
36bec92975612d091a3c78b1,927501267.7107966
3eb97ecf8069775b9104af85,807914478.3945647
9aeed339b2d916cc89f38bc3,649729442.6455562
f404deec9ec16a8460397815,846644118.1650593
8a0114372706f30bf6867a2e,970478746.2935197
681e772045fbee930fcc9ff3,869221693.7527243
0816f29a68aa35abd5978e7c,711580834.5648725
670fe8f7b8ebe006885b2777,733507634.7283101
d36dd340e5875df6cba999ad,870729976.6986165
8ae869c5033c248f881ac313,980852124.1195707
294b04da3eaabadd55da9c20,790720746.294122
17b360d57782208f5afdfe4b,830341300.8849783
88ed5ebb575d026f8d440c60,609869210.1060987
e611a37562f88ebe07bb28d3,654086685.0983182
e685650979374c571dea2ec1,641242298.1202149
10d47d2c73f0ccbc97979bcd,775188381.4427221
fe96a7d758a874b1f0c42145,654177786.1377442
a7634531887e969c9c5469d8,588290448.6823568
42f38b1b2dc077c88a746c1e,608039582.10346
25e832098d9e6e7c2f9afe2c,890991562.3849794
b7dc47c641b46ca99fb83a0e,898132673.3046186
0391d158ab104c5cdba31872,889191353.0983267
a3c4d0ba7b85b9a6370e131a,908214035.8694421
27721beb237824844adbc289,736119405.8506771
6e807e25b64bf0de81f51c12,1005687168.6143656
d2637d64e4022075c8f539e1,746198738.7666701
faedbe92e3296977872a4aeb,914542610.2849548
5bbc190cdc5ff3296801ac0a,948686288.7325878
9b0abbbbfe0bc85686304ad6,771512466.1227813
f8263893418eb0752dae48f3,662382726.0726986
1e73d6064abab2cccdb6610c,655768901.0646495
c0155096575af5fc8db843cf,542416746.2059984
9c7f7b0ebe440f60d3bd478e,662382726.0726986
25187d9f4cfe89a525ef2493,696323947.3637843
85815a09bde2a30e296f65bf,657733562.4494951
fd45b984efcdb0b434033fd9,742055673.3099086
5dac2d2027b6c81c1b7ee3a4,655768901.0646495
7df538c0c831520e6d36e39f,750622171.2193035
14b81320fc31c7a513242171,662567835.766073
8026e480ba395cfe1e09cec6,662382726.0726986
80bbc51dd90d131d091521a0,744419175.0962914
ae6ac510d3e46a50ef24896e,662382726.0726986
06b90d41ad3ce1d0d389fea9,763103067.8182892
8d911c1a195567dae3cad99e,704629712.4191554
2876aa9ef0b44e43084393fa,712752700.6101749
76556774906f9e12b319c232,710039845.9313864
9662cce3c4b92d1c99849899,793845532.7185647
de3d078e5d524d8a7b65841c,764774173.807803
547c8638128424b89d602f50,941402082.5150532
c8a3dc3654c53cf66953de0e,697152872.3988912
21c8b93e50ac884e63514f10,817630952.8873706
49a0715897795017ee0de843,992373594.2677331
5d646ababb10f51c141e0d8a,663050286.9182242
da598f8a82b1ad1b02961cd1,892741134.1422358
84d8f7109615519f2ab0a48c,793595734.9247558
0d027b81f8391d73fe0046aa,987657483.5817534
079bc331430e94ee76f8097e,849663143.1305478
61055e6eb1910507640ce6b4,892901861.5909138
3f6effb8881ea683838437be,758721433.0826975
92c8d6ee8496b91821d7ba3e,733515263.7729186
78a08f21f7d7c51ff4d5b8ac,897998662.604629
f7ee7282cb9edc77740f392b,879823056.1614436
694b0a500f1619c4ac4c85fb,692131107.5084194
13d43933e04c3c7a9e5071cd,716868806.8233386
5abb555cb9d65db8e6c28201,765561628.1671988
ee8103b958673c589b9cb27b,803591773.6612484
5b3a467a3b0feb8ed81be1b7,844718981.2920885
e570a5157e02d440a78ca008,985158063.3237352
70298b5e8fbd66aee975ff14,747861346.4404485
2b552d7b1a1488dfd618b120,574211917.086177
f4ea9c80fe71a1bd0b692475,741563381.8521729
e6a9d5c9a82ba73e76817a81,724276689.5538257
9b58b5c993540ec3ab1e4a0c,813992550.1659815
00858277a3cf4f31b8e3f738,680267976.9718117
d937ac866f671e4a0c090879,895769775.1403729
7d02b3479cb2d89d55bd4fe7,954530500.0445198
bf79649b531e876c5f03883b,754483527.1637232
66a2ec5aac8969b2be538c1c,954530500.0445198
7637c251618135e082a9e2b8,753544308.2672249
e8c9070ca596f88bc2e0868a,708036858.2176604
64adcb2941e9553ee394caee,706490325.3331647
0bc8475715e42b752649b4e6,795794246.5205399
956ad3b1dcbe8f236efe2d2b,618103179.5087266
dc81900a751b64dedcb4ac39,850639799.8522557
02e52d3895522d9be85c4544,707225874.5816348
49d6752dd196e7dd583baf44,761058013.7965405
8364aa431b2e267e41efabc2,938839714.7529931
1b59d33f9000d2e1aad46239,612904579.0439534
74a791baebeffcb7e7b917d0,710532286.7071913
0a3911a1a9284f2ff81689e6,751051278.5133777
6276bb8ceb13d174b8e405f0,713403279.9972105
d573d2caf8c67aa32bbe592b,650633509.4100665
57cafce17dc4de3bf8a9ba90,974783360.4006314
1dc9e5c684c831b204d21585,925733120.0573313
48df432642971a97d3d4bd45,771060940.4166691
4902ccbe8456d3f0a29e5059,713463951.1829683
3a810dc80d3a63f8cf106717,987511945.7177901
c9859204696f3440cdb541c3,870097145.171242
349fa9cfa15d8f8bdcbe863a,893239537.2622163
d0bdb51c8020a37fe8344650,930639455.0647268
7b037e6e5d110999e51b79c9,783601770.6189717
f677c51266f5ada9e23f20eb,600965198.726683
1b85d69a0f8ce1d6ac4d4475,794579513.3264973
4570a3ca0571c70657b4a1c6,1009329388.377186
de32ca7785b71dbcc76a50a1,905139247.9642122
4e3cce6b581e74879c2dbc4f,769380314.2433345
09c4d4b5d1c0118d877d5734,901836294.9694825
b9809baae395914981a9296f,1006087851.6399238
fa56058283c975be76d7c990,1031800587.368207
7b32938ebf0b1b167a3d2d20,959040156.5248964
bb38c1c17612ce593e5ae7bd,638854090.1460946
bf0485c2e267d06b9b1d90c6,878804227.7972763
0357d0ee6e0646113ea543cf,901621118.1676619
ddf5182c482fca7d881fcba4,676341864.7188041
47e6a61fd652a3dd37556ddf,1027922226.5267727
a9054883a22542257c7e778f,609109757.3893573
d7c70d831e88d552da09ff29,857969593.8969965
d4d138bbc80a0b29ed28a4d6,705142466.4583678
dc9119767bf4f21fcccdcc69,841244156.5483601
e8caed8cd754b0e3d43e6954,958529313.4623218
033307467830cb865a785e3e,748211211.7338182
5498b3e3ca091bb81be87166,724289170.870678
bcaded180edb36336c2f5b96,1059765394.759028
ee4377ff95580b93e80ae08c,857956305.04205
c25e1e289cac1bbbee489122,909934633.462305
7e41d90a838048eda035fb27,839142947.6309913
f418efb887a15127cf2563b1,732292673.8154703
93b27fa67eae8cdfcb846772,759481680.0469465
6a42271a0b03bf9a856d1acf,824688744.0241228
2af9e271765438a47fa7e7a9,719306304.7125378
11429e0923f804d7dc5d27b6,778865219.5144252
c218434cb0b05ebcef935e5b,936377851.2243468
a98e4f4db7afb8a6c9f69400,712031690.3219485
3c35c8993bb937164ae4a880,871692626.1111407
c23a1372c81ba03e6dabb0df,731079217.7916731
cb332695a296899d1c798426,701645374.7468466
2ace3da2fc4e0c022f7a8755,888599142.3211637
14f1bf9aa68aee1ac094097c,763979053.175097
649a2784beb9b821d36179af,685792442.0782413
6bbb8f89bae38eff88c89c46,700719714.5607445
1905b860a8d463c3048b4e46,708399345.856097
3ec50faceb434f716d73613c,1014313205.971606
99543a17b33ab955d03adfef,841395651.4169884
edbafba81b92efa9b1400987,908783664.4523125
9b3846c7abf642e0a6220e7a,759155642.342318
691c35e98d0d5780aa82aa06,633823485.0040734
395fbdeb9f0c0586a2b20edc,723509640.2385633
4803a3aedb6c20eb194469c1,674570054.849053
bf95acc88b60a3d531fbd42e,607245681.3627205
b936e36ecacd7cbc3498cee4,849702224.103917
293c8a0a4a358fe7554a4ae1,746870021.5979404
5a72e2a62121158efe59069d,659442655.6430542
605276b332b5e5984b83ea8d,703689999.7622838
d3de7e975a9215d04567e467,736528102.7867304
44b623f7fca1a306560172ac,699467332.4789197
9a6a8802cbf3549870c55031,609758434.1378553
f43c684b789900c58c8b5fd4,736528102.7867304
dd7ec9d7dfad5364dd303f49,695668048.9466299
506f2b1ff3e4e7e43a5596f2,867168908.5566468
090d371309090bf83b6fe0f1,741955670.4933155
886be9a1881866ab1f300533,661497712.4776986
ef34f331871e8ca6573981e1,677619451.3369014
53bbf1d3345eabc2a8b7f5ff,710665073.040646
5bb87c8d49ba8ae67a659b52,763832341.3365644
21dd47ac3c4e1d6bd0ed2485,891170038.9202906
f59686ef2740247394547078,1014610841.6578851
8fac177c5a8b4faa21b33138,604487998.946132
b2bc172a3ab25b8caef50189,901324702.3185873
a10055de743532d7b7bd29a0,725063676.3630118
c344e3be381326a1b6cb5989,804072776.3390615
3fa4ef366575bc72ca5a0582,813013895.4860744
e9205b722e624eba0fd36145,685903680.5439603
e75699a7693c678786ced75c,758497040.7600398
23208132621583ce4a46de77,1071133168.2906172
558d9e4b57fbe6c7e0a09a95,1283801119.2113981
1a6ecf722b2eed8cdc19ba20,966151646.0161345
11734add51785f1ddb999c5e,688588547.358453
82c9ce0d018c1d620b7a6689,731237003.5624727
80d95b058cb11ec829b5ec96,751052360.6454656
cd89201cfe3fa19a4eb14bf1,891170038.9202906
d0a5f33f0689445e22db6626,720879328.9338653
c7c99ae9259b34bf9b8ba799,671905150.5892742
73806685dec82cf637f19384,639759798.2569175
83007c444fa52b34482ed55e,817987544.7052166
e08561df5747246d74136dc4,734245062.5355396
5b0219cdbb8ed527aec91659,865857492.6874965
119805b72aeb50f05d3a5bd9,750581571.8256314
fd20cc372715855081e24eae,771945520.9005258
e4a021b625f4ffbed391c6e7,759013227.6967697
902d4fc2c44ae5ca2703426e,860836402.1423903
71aacbd62d72d3eb29a744dc,772096265.7695738
7290697f96d8e2101089984a,791615028.7609012
314153750510e92ddcecf33c,918186679.271941
9d576cf721ad30ab1a4fd554,616340928.7694248
50160783a9a0503df5a38dee,760703921.2867453
0f4abd70b68453d3500eebb5,652399966.7567054
42cde300d741cb134a529031,703546702.9009168
1e9cb258a0b7e08244d7fcb1,780552062.946825
febc9a1b054671445d756cec,868064265.1589751
39351adf139f820864dfe8f4,749253536.1279678
b4fac45659e67d4e91fe65ff,609382828.0600452
fbe555f6bd0edc1bc950d9ea,892775512.522403
67308f6bb80d2a203e306104,687046668.2825646
799cb909791d43a1eb305eaf,880750791.256528
4354c1b6b27a87c451ddaf36,675577591.0315166
0b937a3ea4864896b744108e,597748761.4683137
b96d8b77fb5ba71ebce2fb26,611460367.1303704
f4b1645da3f4286e39f2fe4a,908862873.0014389
a2d1de4211aff373009809ec,747888234.0318649
50b619ba3e0b2a4c6512bc97,834637984.7027222
3d57abd322b0077efa1091df,954535172.0064323
652793275729ff3b69e86072,688664118.6489466
1e2270f9f49aaf3be01dab49,994780942.726038
99970db787f55a4d1963942e,653721673.9028488
801d821fd6ab7ee01b62a800,904023407.8594987
2abd46909a251b8ebbd37133,580623029.2099774
20a783884d6bcf1aa5697772,715262903.0749176
2fc38ab2689eb24f63e32efc,902087238.1121434
1f592cc4ed728909040f953d,915859271.6965737
d1dca15e36fcc5ec14dfd870,915859271.6965737
54f7aab6b91b48272a81fb47,879705211.9704871
b6d84e7d569d8d0f0d0c9066,949650125.691991
54d10cb2a44179fd4d726f1b,933320106.0122617
341c307eedfce3f735f4a63f,642292009.3204658
1e057cf20757627d1b006141,617658963.5533894
798bf22408ef6814759da1f5,899636060.7902262
9ef3691cdc2bcece41b47e78,836804003.9959238
fd5793113661540ee34b8cb8,929597105.0001147
9c4ce4e9f12764544cc8bded,791513056.585069
542b5322e59a3273e10dcda9,934436546.1725174
af578bfec5d84cc2f4ffb8bd,879367088.060688
a310528e34207b5dd813df8f,908589802.330751
ecf5c9bd618e3976ceb5697f,821773456.7306324
d342a1ae299065045a957767,1019421614.6516528
f5dcdfdcc8f414cb7a38309f,731839112.4708377
4090c1b86074c8e769cc72fd,729567905.1391579
7ef2d4777310765d0c8121af,837566497.0477977
39222ab30001b3cf45b7de65,831452563.5320877
91a73bedc30e0c2acd95d6eb,1160306294.1207461
d1e6d6900eebd9ace65d6c36,761279734.9088678
592c9c45c07388359f663219,820185332.1873248
738111512f5e5052927468d9,892219379.9137359
0db51d4771623f5fc1026d74,706057764.1138927
82c9556e19072558cbe3a7ff,678917659.6685773
c1e51ab95336a51885b4c672,893413330.206424
0eda675541a035b1f620ccc8,972143025.175255
cf379b41b70374ac4cf82dc4,909835218.0425386
d90c961aa01e51d63e50a2de,822043884.9173934
990379c9f9f210206c6f1916,884445805.7245368
f8189811dc639d760937df95,1021188584.9156089
3d1deb639d94b292552a123c,628531972.0105655
43041a793a13a4171f22e492,617316500.9987862
052d00805b2602cac76fed4d,800616571.446822
c76207e622cf8a208910707a,764113479.4166573
ebe33bde2abbecd6d1fb0cfc,595939181.9568341
2e23ee2beaf5293f57a5c504,649839194.8785148
abbd422c412c2d57f5df62ba,714546674.7230628
648217f4d8b5e0e65dea066c,845243322.3245857
52e7657a539be5f36f48bed8,894412192.9515505
3a276f0df8c12422e14107c5,883214491.3183765
dc537b5973d2b94acf6f23df,886195144.6083069
0a41279a5ea9b92bf8cb79c0,967748529.4200906
80ed77aff62d4c57ede6ba94,768886889.9383137
1fbc660f780245bd72015f07,894429903.7636464
df1f513009808ebd46ec0847,681869780.3349421
58708fd9e83147daf1a80c48,633330230.7507468
52b699f9900d81ae85ddc7d6,670322329.224799
98c5b154ec80083bf6f51835,964681523.8430233
588400f7829874f9de919e39,738656492.6998684
46a2a88ef09b2aab932ea02a,808148597.2670562
31474c62a8f39e250fb2882b,959036455.2535614
b40873d316de1c295f2a97ec,732594380.0141821
bf4b8b23cd87377169684e98,847245537.2739116
a34b3b037805f2ec489a95fc,773933367.2327135
963985c57392ed0423d74caf,684599552.3053827
a93a37e4cc75c069e14ffa00,718950639.9778574
071f284d07719a3517c55567,761317958.5837642
5d030db414b00948ec10d18f,739579757.547128
6e57de8c4ec2e42832cd4b09,948084271.4056013
d9ee40ccf461ce3e9ebb815c,683619138.5477582
ee13d186a24af238d06e0c2b,766493972.4154837
f27397321c007765244e56e3,807225348.5090015
959397711c3f452486ae591c,890655869.6231809
a41222195e5c7d7987dc3c7e,778914137.8693771
ad14cc63c36789bfc1bac0ef,554914317.8194706
79ea72e7b03cfd4fdb5219b3,684649063.3446836
cf68e05962a41395844e9c80,589432564.2207208
4a20d03d09fb9d0ee5565ec9,676377991.0981141
734c9446d0674b8d6545bfef,914330190.2879951
d9706de7190ae64c83e65769,728518403.6008031
b778282fc4b9c43055629e44,914228150.1841382
a4d4d6480b56d6198c0120d4,770432887.0212206
7557a9bc12cf0f2901c00264,852252615.4574612
41376f69b086937257387f1d,815763519.0939527
2910f3631d1db77e4b61f8b5,753918318.4655347
3a8a506c99ede47ae2257e87,811358148.1420902
25d89911e830697217d460f5,795236409.2828872
365a227184022e99f1d2a816,716971119.3156855
c6e34cb4e79a729a5df4183a,811358148.1420902
c5c3f06bbf812593d1b95a40,885571711.670392
acd6ad0081960c0f17b144dc,837053390.3101999
344a104d2210954497a5a388,704126291.2969623
c0109086d0f49aac6c3f3f18,770032273.1328903
c42c99f5da3248e7bcc73fa7,785808331.4415023
8e1e9ae57400052cbbaed9dc,855014110.4539039
8cdd55d191f206b0841e56eb,738788223.7366439
c1e0b47866cf4a0120e4b3d6,716408959.1630981
45a033d121ca5afef24161ba,810513941.6313018
bc834280fb45fb308d957640,675001527.237566
9ddc14c8e7fe7ffb078e0019,886878216.6330767
7d66238672def6f73c25247a,792244062.5412594
2c12cbaa1f14553c1d41b958,679920239.0701869
196969a98960a68088266261,670322329.224799
a5a3cab55661982b7d30bc78,655733784.6026688
6464d5cc161ac659dd963897,705209397.3575156
e9f44786cf982100af0984e4,896817681.4318926
6302e608d8f37e63f4e5cc27,694917282.020381
ab614a5008d68aebe34aa201,742314543.8047712
06bfbccfb3ec0b1f65f4b351,1001711328.7840931
f7f46ac9158f0a1edd01709e,804697212.7594026
6e233ae6294318baaeebb59b,904783782.6271394
bf6e713a689f574b532edd4c,920812539.5653971
a7e97bdf2d4f2f62f9889c3b,681980916.0791895
784822ba0060eac9358cce22,740653342.3823543
13c51ea93d19df6c273a1502,926371121.427923
176e00102fb65cba56279287,983064653.2449665
52e5904902e4d75ad87afde7,1015206552.90547
728ce22c8db9bd0abe3f20a8,1221468394.2077296
e8bf121ec117e383c843bc51,1223614332.9463668
878ff8ef3c862929bbb19ebc,809310956.4851459
ed80ba018de35d5d76d50db4,1000969485.5773337
9267fcc93ae3b6df8c12d9fb,709030709.5059652
babe27dc477f5e1b7e438422,686338838.2969481
a4173461aa676e09227559fc,710832307.1516542
f0b2a0602bb5a83f0827ac75,659467894.9873673
2da346c00d6fc39268f12b82,677907900.5407327
9ec5fbf8767dd0d2744a79b4,677154774.9344312
c85e9bd6e20ee2a883d0a7d9,675147365.5545082
191cb509fd44e580ee32486f,820018681.8341228
053d37bf1d988505b5e91809,606087585.006208
4d3a66e028dc8f3e9ad9e9cf,697116720.6912723
c75b265c0eb946ce77e32ce7,893641494.8669133
d233eb8af3ef7e325f6c8f9f,602434359.5087986
7f7f5313341b3ca499968716,642018526.6400285
4fa51848638f4437a3e31682,720105684.6294181
9090236db3ef719edf72a330,942352807.3242
4dacc190eae91b059dacbb00,941993634.7086484
ccd2f6ec8e9841f1068b7c76,795915746.9758927
a354cdbaff42acd1a0b5d82d,810487642.3356786
da8d3092ed0e085a83a7d67a,668673858.1545761
1181e18553eafcf5edf6fa05,952462431.719159
5b146f1914acf2ae78360fec,826994160.4639324
a0fa0aca2f6c2ae65a98ccbc,748134417.1111362
038bb35043651579f443c481,828605576.5736476
430c46358b85ad4a741c7187,690155621.1283606
4becfb041b0439429f2cffb4,716485874.0813766
feb87029d5a2e8125e165bef,628555826.9059001
61ffbbc24b30698ab8f735c0,758467098.8194562
0e3067f71dfb9dc2e03bba59,829824997.7005717
b8ec643c66478da376153333,801787791.9760557
c8bccdccc9186136a332e995,751595531.0036036
0f4765c8929a87746217e957,856660404.6583953
68c145df0ef91fb4d14d001b,662749032.8996415
e5b92a0c67c506ca6e92315a,685593278.3806206
a482103965890c922a66eedf,847832513.111224
1d917f9f5a3cd44cc4dc8d2e,668671001.543259
4cc968db25c2cf03991c0041,779237740.793997
91ba0c5b21b52734d1e244f0,620311698.6142945
d6a8f4abcb02142c6dd15b30,771191763.2584593
0587e7e1f03af8ea6c46290e,925229538.2478576
61e1e0c49f3aafee6ec9179d,681966634.1327001
797da4e993a993ef80277108,711811741.3173288
b8acc8e72f2c498fede3fefb,658298241.4347312
ef2ae24039bf2cff1caa4340,762429417.0321158
cfb8d15c6b0c0e6ee4b92109,764303614.2584072
05aecff6fd8d866c6c157a9a,854192671.6753721
b2e37eb7cde5cf4290649ad3,707688133.7282727
b7ecbd35179a7658f3c11b41,851258572.1904018
699095150a7f3f32c40454fe,930362650.5512944
989a4fc1590097414d7c3fa3,601637287.2904675
b6853999c45e21646a0d1b20,608836686.7186697
6ddb6863958ded0d72fcc6a9,635437785.1516626
f6fc3807b54d8c69459c4f64,769681278.3468498
6528ca87df8bb477f4b6b8c7,727212859.9885838
7bba885503ea7716ffea503c,660880440.2768747
846e6f1ba1c94966314345d8,711636908.1628062
04e6a79dd3e4d8d17c8b5387,966069009.7776308
4d60db10157fd0b5eab9a23f,805166564.7788608
0d7d434afcc5e93050e0b86d,942140425.6176418
bb9ffa04d913d06846d082a7,876582824.312387
80abc4c356813c1e4ead1e1e,682729762.4836652
df8979b26c9971dd7c3500d8,828478883.3844969
6ea18874ea84b5b4840f9b85,838181503.016973
aa75ed5781e6e8584143daa4,738910584.2081361
c8c8d083c9b9600059a8b8d1,835633451.3253332
5c8f3b7ccb4340263c255d00,756452682.4166906
79b943894c4dd68bfd8cde7f,713031295.9932206
64f36d32a3a64853227fa69b,829344841.5631351
d7080c3742cd9d72e9d0ae48,638641446.902525
8333d32b98625a2742cfabd6,997010118.1989884
bddcc7fb72bb973f84b864dd,953847238.6603339
5a80dd0f68dc2cf9fb1b0c03,614990800.5980523
5d82060575bdb7be33e63ecb,862002186.4770303
de416f239b27327e0f78b862,748278888.1491041
816f93a2e035e4fcf61ee4c9,838535520.0205433
aca1776ef24acabe172d573f,883364542.4489514
af32aa018cdfd081a81bbc80,545486519.6641968
7d133cde943d189c9abbb6e4,748872344.8748502
80035ad5b3b4a948469800bb,758279639.3553445
95bdebef7fdc2ac0e9541c51,812333865.2024351
d038e5695b32bdc6fff1f72d,746074890.5055256
2979f2d91d649a8c14f5453c,787110579.3180604
a0be286778d94153d3b22ccb,845467446.2746066
57e8ea351ecd1ff0825b1324,871650606.6897926
c84f96cf4570158c3832c3f3,709505479.3056029
93ab279de0b7b414ce758153,709494044.8409665
2018131ad3f6e5aa8f4be704,723064294.9125847
eb055771816b45213df3ff3b,652360063.2544756
8e3700ec731701361d7bb7c9,638444129.1276869
422e994aaca85628ff759004,837485664.3122044
569e2cad5c18a5f393f80a8d,823947798.869832
7b4ca3a8d09968e48c185260,732252997.3671526
12785f791e04b3a49547fbc6,862299861.912667
02ea72128a99862e9537718e,970751816.9642074
fd77ee8ca0551b5b614b40e1,980810332.9303725
ffbf6a54fb00029ba24dd3ad,733709584.9868038
a295b12b773127f15e83e174,843539178.8373244
90f0cf22cf9c8fcc290e495d,603562056.1983672
220d466e3737f1f2a8ed06ae,626947077.8789737
235c56f4afd6d87f1b3e199b,868859313.4822755
eb0f3b14782c9a484408c606,666186593.7686987
4188712d431ba996cd59fbe5,704011566.7950932
3dfd7e954d6f7f40af60bc9d,553082206.6457769
00e80be4feb1e8593b7713fe,704291692.940812
eabdd1bad2bc4351ba4a2635,724547001.4389304
850342685ececa472945f7ed,815583487.0187927
ecc4d05489c5ffc8164d5469,507041960.49268323
2406d47133763272a965ef51,687579032.121054
b9430e8c145c2a0d7efab2a4,788617680.7481368
4f8dfb8de411b8a05c55dbbb,699879806.0478885
574b6bef16abb21fd67db401,725171001.776678
e7ef0d61e27de15f10b0d643,725639284.1216817
647ec3f486cedf045cdd3b68,605054438.7359562
69d83d8492db7ade6c37c3de,690306302.7389817
6c07175274fba6a0dc467cbe,651839714.7663041
a5a71962df1b8bc45bf5547e,848904650.5348904
ff61abc1e7843e20b1bf8656,731687618.4157336
540c4d7a79864885d73cca95,784023545.6039927
17d0f69ae2c4f1aaa1aca9c7,661744337.2696058
80de6a9303eedbfd1c69601f,859443468.8771048
7cf573f273b14a6cfafa3ec8,660650249.1024377
eb9ab213defc2de5d878653f,711941023.874279
69f7ab8608b5328f106b42e5,754129369.9144771
9daaca90887e5144c35daeff,646203403.4495895
2bd08c0964ef4a95295db843,802783674.646225
34f0542a538cee9f3624d897,750253661.8104163
847a7fbd4425fd2fbc4b3edf,987952094.0203578
22428154baf95870f1d83fdc,759376600.2680988
18e89f083fdbce3da0a82a4a,830829570.3184431
63674e7ddf6f2b4d7c6d5c1b,667300038.4598652
0e97f66cf4208c1a57d1fb17,564170035.7603772
a90f7cd68b662c87d9fc2d5e,733136938.4052484
2086639384041f3a9b519140,704945503.3090258
d38353aaffa4af168518c6c5,744760645.5854135
d994f3919c3c8fe0ebd538ad,1248765390.0889378
ea9d6dc517c77ff8bffd596b,973964148.3885682
ff83788b9f8db0297f6c0148,736815047.2232124
9d9564415e52518c2817f66f,880744332.0364443
9362189c5d784741c9b0f8e7,1008123295.5072105
ffb510bd3f847f4ede255fbb,559041756.4697425
7d3e4ead63a869bae978027e,732873417.3137245
5dc404d1c214abd2d45b2a0a,981175946.2945356
64335f6d4c1a7514377be77d,735898894.0097646
b81801f02a73feb1db7f5e83,1184592921.2470505
b5d6fe84ee7c6a703891112d,884429999.7225692
af0502ae1fe341c2ce1b5325,614878333.2872012
ec43b2789c9cc266a8e0d1f6,736170343.9869988
7ff8b0b5ab4fd12f3be399ce,1091546117.4748325
d5c8073e3ceefbfbb547eee3,1041060008.3033762
66379c5752189c150954b4f0,636299262.9226685
6a3f9046cfdbf4eefca3ca69,652198274.0021021
b549a72c938d767ed504bd83,833180806.1240795
f48e503ebd3908838c1f2ae6,808998943.1485004
e58ba64bfa5280630bfcfa97,680755437.4707074
07edd16680605925192efcf1,749092896.7365036
70b821bc1c7dd846a8be343c,638053679.8706875
d84d7edc4a4896c4a8722328,741336245.4417449
6d592a69209ef3356e656c44,814380987.2017913
ca9b2ef10b512905af6be620,731458523.9979956
bbf16146922556095f53b5ea,687553726.4319865
86e80098f5a3e7dbd635838d,738579594.6953759
dad46c20f9f7d834e522fdd1,1030663424.9035151
e2dcb036931bf4b2aa030036,1121068601.5862877
aa7a25411bc0f9f93dcc40df,842219069.1572807
e192181121fe58a8bf94aecf,647880232.8125479
5aa715bbe2b178ad0c9e4b08,719555180.822775
43b5b5a9a1615eba48ab8b66,801474784.3961625
dc91e3fe1b190fd8cf2584c9,737634255.478579
1014341bbcd2fd5775631f78,794624467.4902657
7f2e9d302a6ed1770db9f7cf,864666375.3212497
73f4074e5e09e52e0e03598f,980179698.2900057
0460eacc73398bb95f0518e2,903444615.5524938
5a44be6fad8878eb2c394ca9,820390879.5466297
936cdcce007bce08a72112b7,798606692.3018508
8334a4cc7db8ed5c0071fe95,801324945.6732738
e3e9d1d073b129c697c1e9e9,731279523.9940294
dd9a60c3d502ca3cc98d9b73,694551625.2766399
949184accb5878f82fd5c10f,801865198.499063
bbc675f7edfa0425c78c15ea,582704600.3137076
7436750d73f2e56b4f29e98f,906574299.9870507
cf81103f31f74edfe0453de8,793451201.2667273
620e467297aed5c47e22735a,794108634.1990728
41037a3f8625082544979179,634224918.3679297
6a2db40e5f210a31b2f7119e,618424774.5311964
0083ef74db679d22463a1afe,799218631.8572832
b19be1ad7f60717a943ff0f7,670862923.3011086
0906b6a88fb1eb0d7bfb6bb5,711053865.8632821
f82adf71d17c261b41a5231a,707695520.4344159
bdda694c42c52ba4803d482f,801865805.8460135
80f633154b6f94b8fa24f213,781279613.1599373
f69aa18a64d8b8494fd9fe3f,713772119.2347049
3146f3ec9b237fa0944cec7b,701728444.4516532
5db3d671b5aa03dc33f258dc,667313564.7942299
d5239537894ce7f2a9cb5a49,750424203.4189242
bc28e66374356a4fcf9b62d7,803649910.288753
3697e556be961a16a621f3e5,686818730.547662
bb6f66493fbafa76d70b0a34,914335602.3574398
e78a4111d943044a9a32ed80,819038381.0223895
044e2daf937c0d8373f2e914,872963983.4450411
77668d4325802de9d63609a9,705675975.6168821
a85ba83751915d8d5d1a0e09,785668313.2075529
429460d5f5c5381e945cf449,773547001.6714936
a53dc5c58f7384729ba37a21,779816270.1271436
a4dba76865fbd14aa19c0286,804401738.6438704
7573c18a79e5e3ee0610d7cc,629306650.0365521
f13f72c1cb469db92b25c2fb,721848373.2805765
45dd7eee4488e88d71d46783,710371883.2537348
dd4fd04b9fd80818bd543f9d,845532042.6325822
500a3c5953f89b431184fead,889167499.9006853
d2e737461b916ba78030c76f,865756066.1484977
e1e69b5a90431b8a44265487,806589067.091845
49cc8164d94a2afe8b750af4,737901845.2394472
e9b054016b281140d2566d88,1353050018.2265983
32161228e9c502d2c21beaa3,610679827.237824
9017accdd4fe3229fc45280b,576621671.4967896
17fed4a312a9b773f64861d3,662628743.596219
8632f5681d04d9c934675409,859959412.0905535
8356123e4d10a479a12e98bb,956566151.3743834
70463649ffbda5fdf3c10ec8,655154699.9979626
1414ec3cdd3f6ab772fc7584,833272631.3492833
937708417ef2642b7d05abad,831832762.9513925
afbe90d764c1821cdb26e38a,742010835.4642093
14331a3db021936067b15890,788689787.2791463
793efc460dd25b67c644e92f,659388231.3532057
0a9e4dd0eec86037a36fe769,777332501.4139056
e5168779de76d99010e37c7c,903044190.2952572
016dd08801ad1a1e7f6e695b,909024659.4137794
ce509ce153f452ff8a997538,923768345.1613923
66d8ce8e6aad18a4963275fc,784830882.3458782
8398e3b96d1311c7264f6603,859180079.3734257
e9081115ab418ef1031326c3,720692691.0061305
5c8240a1ebf6138f81dac715,910692068.5776544
18cb1adb2078fef29a613a96,754188127.4910688
4167fdc804227ed43224a32c,742015169.7814041
b5d0ae257748ea92c47d8fc2,637958586.2059236
1d17f0ff708e6f0b93a990ec,785427861.2197596
764f506bb2aa1ac4de918a71,1129568736.3072855
7a861f1e3af4dbbf55b2c301,743730997.0799228
1562a23a312478d7a05a33dd,688234225.5853343
0a040fd24e23a77f0c58495c,702984424.7753341
7f0f5931fe148f6187ebf512,821353984.8621871
9fcdcb2be94744d00e734a3a,1089750004.774048
f181f74e96a93820a23bc0a0,794763045.7410235
5193b43c32a2bfb3aac6b2af,1023680852.7277157
6cc7718e834ba47a429d6874,739446978.9191808
b8d06f4ce0d6e71ba0fddc26,638963753.0781825
30a30e4ab286fd822c68ab5a,665066123.2382085
f99bdff027d28ceca0caacd1,710775011.8007891
f46f5e911c6c595efb5b7ab5,667264194.4348012
a7f0c831d82505044f370b1a,735809566.0897899
17069e9f4ba45c93738b109a,702132216.3645694
dd5c910c2a3d63b8fa92096f,715936425.399598
a33329c9ed11ee8b87aad6b4,727173876.0277658
925b457b5df270a68b84753b,712078362.8110323
d206aafc71e8aec2afc3f8ee,728719307.7743634
f8232717e74332384075dde8,579989806.8565211
f60d9f0751a14efe41be383b,616115566.0367615
13adc7946bd4e6e3e4416e52,569925493.3610932
230cdc90e6c825d391d5025d,753082079.3268812
e98cb170e4383546988c6829,715936425.399598
5bc46671989de2534553ae49,868314752.4342165
3b98c8e46cf8477a1968244f,931259609.1590178
f9f5fa4ad495197a5c9b492c,707404994.313677
0bd42f8ee9d36dae4cf35886,630999027.0087745
567ca46ac91cc53e3b479547,678836628.0989499
f0ebddf2bd5aac661e4945ce,922915250.3246257
eee841bc785b1824b6419a73,723231578.1305312
004776514ad269b380581066,616034826.454859
bd3edc7854cffd6b6debfb98,775382611.808248
0b42bbe66e438fa81a2ff77a,795250742.2581863
a33bfa6cf99e26bd9c49f8d8,815176811.6819001
8b45db8a4f2c0f772c8d44cf,627336896.2653432
262b5b0bb408d7cf53073832,789540014.1000317
5844c83fecdf7e09b188c2f0,681295404.7051301
9cc3c05f0e81b8f6454b80ea,598905238.4262346
07c46b493733d74c4f384b79,837185448.4641328
932ce2fe93b8e1ec0e7bbc8f,558263592.9947721
559fabe06aaee537322d0af8,667846179.801241
f4da2c8dd901cca9cdd51025,680872329.7713915
84eb4861db0816bc8722f379,815441212.6004908
d0dc69570223bce949a4c17e,799601993.2728087
abc2ff9d0e7848169fca170f,656641527.8090066
3e3880088f0df7c447e27840,591040233.0903955
3580dcbd0a6d7d6d3546dad6,889404588.2416372
f123231ff18912a3dfd7cae7,638180260.4516973
78a7eac41dd672cd1863e3b4,1051137127.7531772
97def72de478566ad58020a3,898213639.3958507
e3e2e3080cc309d34014e8fd,611535674.0324266
71be583d473084bc0608d066,894726266.8173834
ac6a4c672dfbe20f5bafbd89,814254812.2722071
f4fc081a112f5ee1b3a09e70,703725192.1924107
d8add8f5e0aa562a63c894d7,888986258.0132302
88ab887e18e38d0b8315286e,884385792.4551593
07c8af84608e6c9206ad6961,814530859.8408787
2b352d996677e67156391e25,719832609.882736
ced624c6debaa01c732e9f60,998114312.8080547
ef92f63b46f27ccd2151a21c,795139935.7934427
f4022026c279a9b77a894ee2,816245985.9062712
e2e2218086e6ef5377c01b68,995710829.72481
4af83eb7718f5823ae69fe47,818987777.5720099
ee98e745afca6de4550fe570,815441956.4954473
bd1fda425d792fb0de7b4499,630216633.4812516
86b2d3ad1dacb372734f810e,591040233.0903955
98abd5139cc3ea136faf7c8c,974718330.5801167
4582ec985de48290c5f1f5e1,780336240.0608722
312a6b2a57dc6947f95213a5,639092554.8334489
86a47522586da2884181f128,752192231.1971074
b41edc115f6b439caf392941,574714405.956382
fac682b61b813044a3e3ad01,976900031.7189393
63f4e57fb2cc22659e80d6fc,668655845.4729104
4310c7a552b20afd46f930d9,914725359.5829356
4f18341de355d2cf57a03983,564716177.1017528
a418dbb6d04e505c133c6c1c,962733588.2869749
afce1d7c5576dc49c80bdabf,681928814.135436
5ec12159380f4d1a85e8b0ef,674478331.0512588
78d10967c36cbf346bd58f63,754326871.5960314
f995364cc33c431b3c93db45,799202322.9314275
99b31d0b5d5ab75a2653b1a1,678713181.6935776
42d42ad031a2c62be9b5cdca,814205409.5459161
73d09646de4e0ab46feaceba,665829896.5296831
bef4759bfc25c7d44a8112af,681295404.7051301
c038742e427830aef3ac1c17,611451616.5755495
e96a7f5424558193663ef6f4,890213411.9385904
1af243eb63d893b1251f44dd,795139935.7934427
a083fd17c5e7c9d33540b922,681426429.1899326
549024cda1c093c9f8bc2ea3,810469970.0977616
164cf5fb9a759f2e4be67b6e,868314752.4342165
65ff6cef76efb4c83ac0611e,717592655.3684834
784b1db005d39c2f57666efb,875827900.229126
a2f06081983f748fcd74652d,828968049.5725596
66e4f010db2febff23b4a4f5,730060468.8458372
9702cf3039b86f97c003e20c,691125360.7348084
48de5d43e88caea594ccd27c,718558299.2994969
6732c28a236aa1ccc0cb2c86,780389967.1233907
8a1d1f70adbdeb233ed3ec3a,766575824.5439932
c775d4f60fea55d5511da4d4,796495508.4548494
1f4109e1a4b47a9b11c2c019,801671739.0872006
31ef69bed8e54b5e1fb245aa,732942341.7621213
882907ccf178b23a02ce262e,671431018.5079584
2868ac4225657a13f6149e6e,714172961.9468833
cf6f0a3cc030024f4e9ad06d,684606040.4332285
0a1cdd0d5c3c8b973ab1a98c,1087745128.438518
0d099b1e1a314dfd9aee5293,653962383.628343
898d1eb301c92ab6603e0b81,759922741.6094742
9fdf7d85fc65849cda3afda7,691804749.3657131
f5ee97750fd4e04eafa9d1d7,741138035.5865136
ef9cf29f71434be184a4ebd9,651946355.6478382
e4559824c3390efd6282960a,709542183.2354084
f8dc73052c66ab334cb7be14,674247406.9269431
2e992370de3eed4ec1271589,726887165.2611519
e2bbe9221780d01a265e2ef4,893667385.2426686
b65a2a140ad5fc6e3e26b6e3,716307651.3500696
3dea0748459a295fcbd2f0b6,695048788.8588417
7a1cb1f751cd36bdb6412ba2,789787293.1239
1381c0399ebbf19db3a11820,716307651.3500696
479b2c9c12602551bbd0212a,804851017.8891268
d463fae95232d30e0f78f93f,716307651.3500696
d0df2748d371d98d76408d66,685562778.6756504
9551dc6098b721dd495e5c57,1108428855.4588442
fa736ec3f2f066cba4328908,794923647.3689048
37fc4ce5dfff7faba6bebf8c,660861735.9777302
f336d60e41c8bfee91d58728,559797752.0563723
65e1a61d984712e76829c821,955414945.8173921
65eaf65f8dccb8e49a93b753,892190347.3618917
36eb8139a5ca1b8459eb52c1,754413121.855644
c357cc3d2f4b45ca3e1250d2,935866279.8703957
4b75f2b374e8674e8b55eceb,1001925970.933486
9c20784acde0823e9479be2f,1133691491.9997456
0f2aa0d9fdcfe894caa8fddc,819311800.4411005
23374ef76774d4f95f022473,1027597777.7853295
4224e69acf9fb071d4cab498,757259594.0966542
a41d05f2ae3e022c16088bd0,968146900.4021511
9b30c679d7da9169580773a1,774055917.7220541
2795cdb2f4d568a782dcfc3f,950901844.7676327
5399af7ea98c97b5906efe1d,756500042.1353626
5e93ed2a9b36625c4450b5bd,1017223719.1712699
d04d42ff91707e3957b4a29c,890328117.4769115
f32ea78bc5ea15d700d3c118,692698392.628411
8ce2d6e505ad1da079f34a8d,736065362.9539257
014799b9ef7d5244fb6640ff,988498235.3617334
f50a72cfa82f3742189b7fc0,862856003.0649874
8876b38f90f5571639b7d879,797799122.9291098
239a2dd25f604c730136c720,971314681.2894619
db297b6ab332cbbba338e7a0,928291195.48078
5aaed76349fc95f6c12ced7b,789773721.7850351
10c94f25ce3f7532bf4f3152,805381048.1264322
d0ac1f63c75987c92038bd30,1027797492.6320599
db5ea791b33be91840a6d045,740667403.7109716
8627562772d9d63bac507fcd,730954529.6998484
b1ecdceb6ac00b6b047c241b,1261810706.9697373
f499c1513abf0b05aa1f460e,1006963801.1215539
0d8b0ca08838d1dac052d51c,831375711.6598186
c54a573c9aef013dfa2abeff,698085236.5274367
f02865ea64b156bf4cf4cfa4,958590669.3701861
087b564ba475edbea431d4e4,830375494.6271536
2d3236cf646f19a25932676a,698085236.5274367
68b547621c25c7418cfdf5dc,913337849.9019333
097a1a08a389439cc2c760f8,623170932.9657354
e9c905ff64c7e2f8c21b0a9c,528153285.019514
464039bbcabc650d659f6683,911990628.207116
93c24fa31fa780d28ecbc318,743638459.138698
a73206cd21136b209f25c7cc,708306679.4492645
852a11f12646f0a1121824c2,671180215.0891166
61953f4c9bac7cac5ddda5d9,763234178.0887359
5a5377f2d087b7bb183783bb,753418021.8141866
0a85c354c48921e0ca202d15,974783360.4006314
12f9d50fad58e4e40a187d98,707571805.2071776
45ac018012e7dd91d41a5876,861635560.3333161
28f905e91295a47d106a3214,957240996.860212
395e3718423aeac3d40494a7,707573283.1721058
1fd7e9b1e717578f751c21c7,742123891.163081
e8bdc4a088a6b99a538a6f0a,713104734.8970051
45b894a8b028be29ed137f1e,972254656.5527384
f5c866d489889ab2f124799c,931080667.2791305
3d0de71d822da8a999bb6222,878890808.1595273
ecd0b4bfd66fe04c278dd4ae,846242402.675417
9a61bfe6ba2b8364a92e5a97,794687723.2491307
e8b8d0c4cb87efc13344bcd2,1021636062.9359839
1f39ea319382fb0e41ead713,942369008.2826625
d61700c4ecc128290bc42d3f,684268016.1592848
d87cbdc4896e0e0160999520,740559807.8663307
d1281c9f037ea5c4fa683b84,816523826.989171
310e768d2e8836432f8b3e97,806081497.6723127
c5498cdddd7856e99d21f52b,616265111.916808
d3169d4a467cb7eac41849ff,661883159.3374555
2eeb4b0d7afa57b63778b69f,925428336.6894789
7b3621124731bcd2e543562c,654386430.9961622
5703b4ab6e77d88f751bc6e7,900493067.0652617
2c567face144ca714454abf2,803046700.52966106
7169b5a3b9a796162de685cf,837919725.9143089
fd19e1b2e61f5efde879f6dd,1040240796.2913127
55f0e95dc857256aec65ec1a,813215683.7146332
ab03c034e2a420f395ca094a,757313507.2826347
ee3c0c7fe3fe73ad0449870c,685288261.597683
e59afca092e0ddaf60c9419c,815463437.9848223
99e48a46a1a599471d3260e0,522219298.1000968
419398139a3aa2ca2be3f941,659406473.6938999
54c33befb89cc873771c3be6,858246570.582129
cb29bd3ae3d5da88c99d3db5,729182119.7856613
24258361a4ba8f772a83ba7c,634435527.155174
539c12d2fe8cbf950b75a0fd,596858647.2640426
7b81996f3abd287b50adf8da,931633751.8133984
0d9e73c14529fa3f1ec8a56f,681927848.0798135
dd178fd542fc716e32b4136a,747615163.3611772
9aad22f3d25e46538e1558fb,838614241.6928209
93df4118ec3536b312822d90,847294125.0170083
7c6319c04025c4ed6aa3f051,681927848.0798135
98e04fd660ca1276d1510a72,691307647.130655
4a8eaccbde5a4a6747818d29,804649341.6326764
9f6ae3eaafbdfd8d5c0e64c8,989463027.9555619
5929c81cfde8ae068a8b822c,904291219.67389
b94ea2b8b847a47140d04008,913968402.2598469
ac1b644a8d2ec042ca91f89c,908476149.3503755
8df9256029f526ca313202b7,830569959.7802556
e029511780468f4cfbd10d3e,654568887.0850463
0878fd8b66aeb22f6af2d7af,699190437.7102296
76258b7b7e8778cd60d3435a,837140964.8383256
d64a2ad3297e2fad8ce66197,730175911.4643124
8af6bb75c85a2789156b3696,663160635.0448871
40db880aba8951909e6e4ef6,915931270.3083558
c9e20cadac540faa59d9aa3f,664322905.563327
7d5459e48101349c75d43aec,756028781.6846346
fb0664d59b6333ae1861f343,763672960.398386
bc6b57600fa9edfe13fb3118,829748662.740945
d309cdb5688ff7bdbb682d17,706323258.2293158
d17ba799e68d7775f2104b3a,829949061.2943366
2baa6afba131b74487c94d74,684281070.3301598
0b7c8732558fc04f4fc51ec1,873304730.4808522
0d8cda2859d9903f6202af54,684937258.4208574
0f2913c5aa681a2bd45a5484,672385489.4835504
de6010c57fe78d975be38c2b,875623025.0292851
54b474bc7cb126bfe8e6c144,782355202.5007935
b1dea7d384760535b770311a,786591788.3994863
9e90e02c8ed3ad137e4c3abc,682061382.4312807
b59711a5971a3b482db4d9f7,970751816.9642074
2c37a1280b18e095b43e19f5,724499543.5469987
fcd7c10d81aff25d9233214d,889846581.7203932
c3b8bbc492a7d7bdd63da22f,973133362.6085836
42aaf6521fdf1dc9bc50f88e,634381652.2615854
3c268e9119b8027f78f91954,782220452.1685259
c8d5a0e9614dcf96a500206f,884107073.0504965
6c778557da9b5d99f90b1238,816400381.7028995
4514844d15690b7331fdb6cb,762947880.8849927
d8e981acf77bb46a9dbd3109,693984753.9338197
b940ba03ea60d4cdc5d2d429,759136959.0606053
4fab4e66ead1948498d2a4dd,813037253.1965917
a5620899d410af623a3ff4a9,766546074.1755663
f45e3be8500d7bd91cc8855a,622558500.8495165
4b82eef445edeae7a55fd019,689227478.5208222
29881785ae39aec014c4982c,855945457.0700037
0d9f91cbcc9339146bf75bba,716283365.8703488
b839e76df5d73e7d53691707,861265597.3218987
7ac96f16bdc50ee7619f3548,954775113.2355248
a102a0a268840439c2c8f4c6,860738972.4542543
e1132006785632e4ec5deb02,757577498.4830799
a041ed3fc0b60fc4ce3cf847,919726651.8516798
84b758716f47bb0f4e4a2bed,840703633.9344672
84394774ab45e0c8b733bed2,724004160.0293002
2c1c91f2bb4d9dae38a44360,688948020.2634288
8ba9304ea7b8d2b071bb0699,580995954.3562882
9a76cc7c650230c670e703e7,845446383.7576513
9b0833992397c6e50b54715f,980446181.2175492
6f192e6a537c1509521e1e8a,1027748996.3281509
d1668e2d35a939ed126a3f8e,1004217094.1731915
a17807447696896bb61ef8ab,1172540253.661315
d043d368d2584ae95ad3672c,685800928.4846451
7f2e3f2eb5abf86b56897250,742194491.8852443
fdb1cffa6b7346fde667d72c,652126590.2268032
58a3a9f44bc7846ae26413e5,653325842.1758498
af230af0c73a5f2b72787c1b,865241122.8264205
3cd5562115870363ed5d7558,917845490.7857698
cb9d8fe7c18dba6827836403,764807443.6442952
742fd57dd463c1b5cb79f63e,838549861.7162421
0d30768d188b6bb53d599ea1,758627003.7648481
c455b8a15dbfff94c2909f37,802464238.404697
8541eec88f0dd8229b4fb041,744533623.4991536
54aad3aa4a166d2d50df48cb,917435842.7462626
eb9a59d4e85a3f124e866f47,756311684.44061
d65946f9c27e417e6bc60057,659422914.4154999
dfbb0ed74ed85bd186f40ccc,596002429.7564354
84b05da6a859ff5384f37ee7,660318610.9558336
e2da7c1bb33be76b86b9a07a,656631249.744292
456243bb3fab3e74df21b5a0,680606844.545806
a947c2ea296f1da3d10b0a06,638789863.5184933
3929df6d73b3ba01bc018476,622914705.3258832
ce44699aeddaeb77f23c9b9c,1037456608.8202233
3cd3537b5f9475657060cae8,945761777.3359964
4520ceed2e5fe3458850a805,860615181.4020655
00dea98fbfbfeae74c513bb6,910247870.7832433
16da41b1128c039ff8f83919,778256593.9596132
111d509185303ed970d710c7,806918727.5629902
83ad1ce7ef6d70842ec986f2,604775814.1427113
74f8ffe35e8d3bc9be725d7a,696368006.7699964
f5e7ab7c2edf566fa22501b9,855606504.1561393
2e1f3fb2323fa16150f8bc88,587014773.1473455
f8bf37a8f81a310e299385a5,654708825.5117936
7b71229680a50bc26677a427,826755448.3153262
1f7daef9ba898c4d8ac1c81b,749860880.2899911
415b68c7a5cfb073676c443b,729410986.3857324
856559e93205dd1561d8ada3,738038225.9719045
6d534e4baa1740d7839664eb,656253527.6808324
9ea78159ad117bd9c0b04291,690747890.98499
38faca2d6e338d328428f986,685066910.4659911
fcc6c3c10bb52776accaf06f,640769209.2588866
9120f0e5a6f505a2553bfd58,810559666.277616
583a8d8c5d7fa63125f62155,707287015.4020846
3d04304c8644c81114c36f98,1043049765.7876024
21fcb5c7e497f0580b820379,937200470.672158
6542b39cc8d2d13dc828772d,924085168.6562403
091f6342ad934f4e7f84045d,911732574.2495573
fe8305e287f6a8e7899c9459,878115410.3815577
d4492ffc4aaa4ca9c4dd2357,906766123.33693
319b9accf9980ef2ef81099b,895595559.6445748
fa84c07cc90e2a2058b57c9e,893103277.6789441
c4749eb8f59cca469236df01,721337651.3209728
b8a5928cf1f7e704e9933bed,881723167.197439
c2ffdd10fe424afa1b09f31d,828164903.3180306
f221dd5d745def063eeb7258,896734457.1012512
319ba1ec06c9b6ca6990f4c1,928914741.0337739
29e7796eabea247af4e8a0f7,699545083.2495453
ddbca69ad74877086c4110e6,947118683.6992929
c858f0f3f5594e7bb0f3b6a4,974769328.3815749
88ae3f4a8ef76675c66e925f,892445498.7873694
27e0810a702796d97878c34c,957778115.7440473
7450139ad1b39b2a380472fa,944016870.4366943
35ae7661d8191507cf9e7cdf,709686687.1032145
93b8ea95ca1c1ff3881d91d2,538342542.1825488
8e4709859d50a75dd08b03e5,686572516.4413376
7026113e0cd7b2d17f8a3459,694355366.9915996
9af956dd8d83bc715592b97a,648206695.438036
df10ecb67d79e645f77a90a6,755827073.5516564
14feeb619f409386e6eaeda5,616182374.8185476
1a6b9a6d92ec5e905ac97cce,739088227.5198503
057585ba19d6144408d4e2da,676064815.8504583
72699647b590d11ed9b2f2e8,666883482.2717383
cbc99d6202cd3a31e1c14a16,718383578.1494076
ce1d63bc4411a615b816a76c,921503241.7984995
04f0fd25e2456759753bd2bc,839543921.815682
8c0154eb5be437746213aec8,842625726.2864189
e23017438478050a655f6d67,761932169.0615398
8f0b6d6dd914911c7e90d302,914098377.6571254
4b38595746dcb78fbb459781,898839423.6105342
95aebb36dc0b4ea86db49492,872869836.2318441
f900f7a9c5e2ea51689e8992,837238717.6557374
3fa0d9e247f28968a5bf8476,675502176.0640824
1240f50cf2d8ef1d8713e671,659380864.8112797
14a55e5887af840860b41ddf,679101027.0581238
3ffefb3f453c54585fa6ef22,817765735.0563385
c3b357d17afd631df02dc39a,893801228.728235
a15aced0fffc97e219f99545,675261366.3759367
cf707785919dbb92cfc7b5f6,862446846.5372446
70ebbf6a402f0f707b893979,609213956.7005115
aefb3cb6ad2de9ffa90b9534,651572869.5756876
b2809471a0164e3d41b8fa60,893992206.4906601
6d11001f164d81734a82ec1d,692039294.787637
ad71acd782a4fce4d9af04be,753330627.3570161
ca86f53a857c23b15eef428a,789083805.7350601
580452a616b4f5170eb628d0,871301438.1082721
7dc609a3c7a3ab1f9a3146e6,786379947.6026511
e8fc9a1fd4b39f946b914398,722640566.661664
0d3bc6532812ea618d154bdc,881802277.4798899
1ee436f045a0662037f9d2cf,804100656.7004399
8697b1d337145af0ef8e4619,967720347.2044892
9a08127164a0bb61cefb3680,671265342.4019386
e08e1f260e5c3231c49e5a96,676142831.8349085
b96502e30fecdfae7796f1d6,706760921.8319702
a0b178016cd26a1d2072e7fc,635024496.6643655
5e3d7da3cfe55ad1fe609579,871804017.0465102
30f77637dd52e728efaddd6d,875937891.2787256
2202c5c9a16b771d1e242c18,890238762.788909
3dc8277f29d0a2406fa25ce1,748593014.7310054
a0f86ac00934b57d85b44dde,686829311.421032
9168a08b1fac4c5448626ff0,654278819.3154383
cec8daf847f52cb2845a9f58,749640785.2551812
ab7559b75b340275587e50b7,917203706.497466
a392f7f9ace844d712ab2b4a,819180527.594479
dd21c6799a32ce6ef27f5281,824163320.7919401
275ec6bd936600c7eceac599,966988356.1522906
978195f1745ab7e3d69e1f50,817851526.5103282
0e3f82238c54e85ca4229977,688637740.924986
bc168cfefe964762cdf8755b,722008342.4247774
d22d5776b6305308c9e774d7,657146778.4657124
94d3fe901550dd4ba77ffbaf,810781558.4549435
63717ed97f95e32b2ca321f3,752243204.2981856
a7df0496d6ce217fadfad10d,688465823.7487925
51a696388218fc2e412f8806,676592752.492198
a918c218ff761315988c6335,923495274.4907042
d3609eabe59175fcb4441ac2,899388321.9574877
8af2e264b801b3e155e52be8,956781234.2693318
76e4ebad138d50c690f0aec1,627450919.668674
9a9553eb431458a3e30fc672,931702789.061325
117f37774a78d65f9e68f906,721652872.3193511
0c8b133effcdbcd49d52add5,729628736.5253326
5e8b2528c1c0a5c12a476919,789918436.2352018
38d6842c2807d54f386bdb5c,812619135.6287796
55f747145222c070fdd50175,782063796.7715493
ca7d715827b39c417e5b75ad,703017453.2322855
b219848e66fb065d4d2441bc,811208495.3615794
a04d3f4eb8810a346fd29ab5,908214035.8694421
0b06da0ceff947975cf8951e,643316237.7775177
3f35c44229ba13940d8a705d,925807330.8565984
8bdebb8914fbcaad625b1764,731259375.2281121
f4635193372f669612744011,785253572.9574189
611a369172eb6e3e2e4bdbfb,988013493.2887394
6689af92cae5d7c9c3e2f215,903988408.2879612
e382002b0685aabb01891743,657416176.4136488
edbb6dd10f8c9e7596368225,703761428.662343
89b0592a715c9e135967f947,658045768.8870604
a67c6f6400a176e0a07d6772,876540635.7734387
5c6e6dae74e39d33621c7119,972759614.2881442
0e1c100d8e57de8296363d6f,606894818.1026224
e2e639b53456889ab5350ba0,845739976.656947
93acd9176ff299221e0d2152,789937591.3895428
cb482d76b3b4904c595f2dc1,643334777.2058593
a0e15809e0a284fde27b16ee,813705773.2682412
9a958690c3947f5a8f05cc80,823139427.4654436
889bd77c8271961a6e4925ea,721458113.8680286
dc082fe46a714afd43b9dc19,781005879.997159
99f8eedcdc31cc0ff6fda7a6,628291438.9195484
dfa744f733abef97d82dbb32,921091615.8202361
d50b80d68eb3b928e4bb4317,673810049.0853004
a58acad50184e66794d8d704,914299958.6431247
52871480f7bdf5ac3d785630,765357077.0562341
8b083d7ac086f52fd2942a82,762954191.6264365
301ce25214ddb4b5144373ef,998122409.343053
6d76a22793aa9b571da64572,826748233.3596629
d7c48db0385bdbf7ecb7088f,869990813.3609215
874e2c6f3e9f90db80d243d0,609286443.5103331
249667af8d0835c9830e2b37,637802156.6913975
75d3c9e0da9a24f4849f2078,678450216.8884046
9e45b127ea0303f973bac9d1,683510507.1740738
daa0be53e7a1d7ff76f32955,696307217.8539383
bf7463534babd284da6ca671,661887005.5161691
0283890ab76b10547b27e634,729430743.7298255
5fd213a5236154ae5206c372,942901662.0450425
317e95fad7d399673719537e,748727232.4786599
fb14ddcaa459b49a3b30eb3a,656392522.9087623
4cb5e4aa83c476a5b71d77ce,705390726.910989
f54d358d26af89636906f686,785346375.6772537
f002603a6990ec405d82cc47,858246570.582129
e3b7dc4e8990f3cd436bf738,802139410.797588
97c799300453ab511bd06361,684723846.2024317
3c1ee7e502c6bfb20873b47c,902377067.760771
cf7741583fc5315ba70b70f1,661965584.8966578
36a0a1f0432c954604825b6e,862273000.7970896
9836bf9b64f27104c7863b79,838103464.3645086
68a3f9ac977f56cd39a6a1b9,776876400.5241578
b676ed2d0af6807cc2b28ac8,793511657.5417926
430112bf4fa9324f0149a879,664445361.4778125
fa00e05d83ee890a38c3a686,688560431.2253848
7d503f126b5863fa0626d4bb,844394720.4875509
ec03a01c961659f2cfd9c973,972484793.0636816
6a112af84d5a81f3d16dfc32,1090955613.406904
4c5d3dd8802acb9ee22ab912,827441847.8113736
d029158b36963961fdcc3974,788367082.6699107
c2071e85fbffa3d2c2168319,721092514.4048529
60a04215bee81d26f20cf0c3,634694698.8944905
6d4a961e099de1939adc6496,797317611.5111486
2383b8bc2cd3d307caba34ba,616239001.8223095
d9357452fcd193b6c5284bc8,790144448.7576255
863f8f2aeda01a9fea1cb3e0,707343568.7332633
d1a6132098a4bd640321c7d3,617117321.3465054
6edd2530070918074c8e7d07,705314454.7733026
1cfe7df5431f3dc6a9289551,790467214.2501163
c617d1f15d294f0b0aea8ed8,839263750.459691
bbdd78a7ed332e679c8e526b,696287248.2783625
45969f25857aa7263927b400,828471242.9344765
cdacddfdb6ce41a3eb752496,687257475.911794
3f87d08afecc4aba03587848,758249042.5349771
f21d2c0802e3858d493c1984,633937553.3891776
660f3f9ed9a72d8875a9efcd,765486975.2993256
04e29dbe2175919265c82463,745284522.3341221
e4082fa99f92fc7a89092fff,828938104.6046512
05402dd344c77623fa053ffa,719239924.8288081
c5f7f0323f554a7419f78359,766681361.2545196
501193fb57014ffbd7bf218f,762670013.9135303
0922cc27581d9058e55a2239,546769368.9791398
4dcaaac494053749f30875fa,862260011.557368
506763d35b04358fb0e967ff,965013447.0571811
8c40078231bf7af2f3a06457,588317007.6116441
53e14e867f8b02c6043ae02a,562918034.7968822
2364014bfd851a68a824d1da,799578943.7766403
f788ac4a8b2a6dc11c458c90,694182700.1455289
093c849ad2bea8292c4d15f9,795153454.7516983
71a8b68f38fccf71a229df76,857412084.582017
ebacfa0a8e569ab603cccd11,588638557.8410144
c963faee3ac527dfab08f61c,779778065.9441984
ce3deac5963eeb96826c14f1,736212753.9581718
5607cef08511dbbf3288a5bd,832766963.7367473
8a9e6d0839f9fabad2fc3214,640888035.5842396
ff03a8cc833d067d439b9903,837173479.084091
d3e119e8fa4d96abaa8c43c2,743360913.462832
25b893f6073bd66258a9cf03,961210750.1320667
0d70ceba3aea278cb4a2082a,750853283.1674119
07f9017eb4b8c169eb9de536,920668058.9821672
7cad62cfb4fc3ad9acb09f1f,634052693.3156285
41d174db6f695472063ceef3,927350586.0122502
4ecf579a5d5e70d3b4314ef7,731430284.6801268
41df29e27c0bbb52aa8ffe49,686492222.5166848
cd77cb445eb0f72df89b9fb7,796915542.9340833
65766c8572b629744f00b45c,789977687.053767
946eb4523f76bb23d0348309,667043680.3148983
453202a234f5b370ae9e586f,908111459.8490912
4e1b5798dcbed1842f260b17,682238551.2665598
f1cb3c0b97ae1c6819fb86e0,1010204285.1721377
24a89527a6744456750baf54,758612563.4732093
a281d59b685eda4978e0c84c,845772797.2162002
6cc9d912370da36c38ac2cbc,813201922.1250813
10563c278e7ce8eb2066d398,821629377.7211826
a1b0b8d18cd78b7cd555dd55,705371469.1320255
3cf9282136fad24af0f7ebb1,707063783.531454
077659c14c3cebbe192f8247,714066442.8736334
c372834e8e7a4279f861aa4c,754089572.4626322
29daf0d5008fa9e3f0f30132,581102185.0856807
08e1ad8d1f0be0287a395ef6,758388726.2208745
19c07fc2b01a0edec4784e64,748624422.5163656
c2b5216a8050ea0fe4008f59,927716501.4882959
29cc054742b256e6fbc6da1c,767857576.5280768
755a3e09dba04bb6ba6c9851,800498445.3840785
c98157c582392cb895071f28,737505567.0572712
84f47e531a916b7f7dc1f1b3,724217275.5177026
231688922448e4d64622120e,692465591.8678674
9c7c68df14c238ce0b497dd2,727632808.2556728
d5e29042106130114cf3694c,669712714.2341782
08d4fa42a34c74c94db5080b,946043380.3220105
e89fbcbd4d3414e30c30fc29,787264561.7690356
22af7bb676cb4c9ffe014506,595863929.8805057
b20d6ca58e91ae70b6e0a1a5,907671755.2333993
5c372bd1e01f3243256e27ca,562969978.7799112
1242d7e61857ba8ad285b6f4,798404397.3558393
196ac46f656726bcb8087ba9,999773172.84969
ae513b65e06b69e1ff2ad8ec,704733963.4686458
bb26b45df6a70b6414958912,704733963.4686458
9425283b41165156aacfd43b,643795103.2051357
689b510fa99bda54284cfe7e,695190232.1181289
c57d333e383039db0fcd2620,826283581.088005
86e98ed0bd2565b661b81ef4,814268503.8076072
0e694269bbff1e45395190d6,730430517.0997841
6511180e3128e083bbbb6940,695352342.1795993
59b271bf9e2d29ed35352f5e,704733963.4686458
a4c324b1353d2f7ea3ae9727,704733963.4686458
193ff8d291a9f163a4f3301b,753406194.4334425
8ee4a7cef562d388b8444c29,704733963.4686458
53bdf5c3cd800459acca551c,777954762.250504
35ef99962cd5984ca87bd326,790368250.5292424
dc33d5ffcd2aa2b7d56d2ad3,756612138.9315311
05c47739fa4c4f00285a2c48,754334149.2316793
a51d415712d8d6c8add7009b,780029391.3997892
71493c81121558b8ba18c1c8,704733963.4686458
853a14b680761098d4bf6136,697083246.6770496
c9d5c08973c493f3acdef892,676221508.9085934
7dcbeb0aef2e2cac0d73315a,627997061.0100496
ae5a4da0000f79f12142e2a7,1021406789.3677759
1f6050fd5261a2d21d5a178e,642592798.3163811
e3f39c6e4a41fbdc4bc30e0f,928515499.3284044
9d157878dbb41c14b52a956f,817823302.9709771
e1fdbdecc84b991f582a2e00,711483266.9809017
3a26efe201689493724ba464,707307063.1733458
6670cde3fbc11c263c6c3163,796808638.4927238
780ae52ac9eae675f6fdb312,540190667.7530797
24f22d76b86498d5c3563288,829575310.0993497
fda25a0b6b9f62f92e3ea6b8,996319118.5933211
678ba0c80536dd27e385b31f,721114861.3057885
ba0d0663943a118228fd12bf,695956790.4003922
81ba4b47e9222c15c4102992,660880440.2768747
d9ec26c1c3e1811e38f070b2,570391228.2847649
aa850af0c6203104e6ed02fa,637456262.6035808
c697ec00214cad882d5e9812,665871320.280282
4b193d78ea6e3740bf37b36a,633627842.5618757
08c61259a756e617d976e8b8,723006566.2221223
c1c1dc8df6996a94ef3c7d33,644061767.3824185
3fdfa23ac43d1df0503ccf1e,969713799.0743243
bd4526ea5b404df442892788,678942981.7224082
1062419f9cf94418ba88b6b8,770096508.158164
1102f91444b8e1abb636f1bc,865671968.5158011
b96b4bf38bdbd61d4dd0bde5,813165276.9701552
45ee2db87e9ca0a1a9faf050,721337653.2988534
556cb23459a9007127b3ad46,893528158.0575471
a613b18945052b4576595c4c,913510978.2759316
fce385656705a8f4389cbb6a,782609938.1129249
bdac560af3e155db33d13d57,779187178.3180641
fedc2418db2353b7c97a260d,922916396.7451615
4565bcc95c54bf0c8d376eb0,803466473.3743746
5fc559104e0ba1112ce00f5d,855022800.0365653
74fdeb4c56b29662f13aa8ca,694657971.8408039
fbaf74ce4c2c6e88950d3fdb,913408938.1720749
5de0f045039122af0052c544,927284269.6552582
e18337bbdfb106a3f1739960,692595460.215157
e1b9ae3e0ce3da16f18e1079,847828441.8717573
a57435d71ccc5f032baee302,715551256.8383322
fc5e8e45dd0a338ab5835428,715685992.3126519
918bec54bd7587daafff66e9,777311693.7941227
86137b9624049333f7e0315a,727402325.4919088
0fca6767d8f442da1f8bc6d2,755724715.621269
3ea5478270517f299b20bd06,707100234.2403387
dfff73eccd591bb26453eec5,696002071.7681152
e2dad5c148ecc797018439b3,760614231.605113
b5a62d480bc544f891fd8521,700416013.3431567
cb09a84a1d7b929607d01ee5,788791056.240695
af067a8546e1177eefe24916,672218478.4726577
d6f9abcb58befa3d05373a72,972073521.1366136
ec2f16aabd36fd9ee2203276,962606683.7193401
dcafab7adc7b763bb934496b,1195610288.5937822
ede43dcb1715b959ba34a37d,709278800.544001
40dd67aeb6e9979211c9345d,692301364.1951728
31f630c44db4be5360a57640,891648851.4594846
ee8651631861c1b94283a953,749044367.8881882
b7d245742eef110adc91b5fa,743313988.1871622
ffc49242bb0edf3e22076501,726855132.6775548
5c5963c17bafef1a1bfd5e03,832105833.6220804
6c589b7e6a3cfad34e98bd87,739390023.4798439
71ab3644da08b8cb0a0b34b3,855969040.9743518
aa668782ae5d0c16e57193fe,700452752.1866677
46673c69814a0b3f25818dee,954349417.006708
b2a417a8d2440f9124fd2ee8,783320622.9761616
3e0ccd899ad73579898fe73c,1047083261.3261199
e6f2c7d7317fd433e26878e4,972580638.2363248
2d91b3a8c62b890fd246183c,915021927.5093803
fa653848d69ce620a41a73ac,921599278.6853881
3b6c94e3e3684eac73b3e7f6,970616232.5286114
a6a07d35b3834bc6f81beb6d,997100379.9787743
a39617b7adfeb6ae7d5ee5f0,690841343.4555882
95e5e774dac6f0159e8afc0d,834717385.2727313
995362e3fea8e54538ac135c,956201016.8208141
42525c57e13abbfafe9bb395,881878781.3699949
1ae6fd60628e7d186a5e0174,873339595.1112703
082293a465231208059c5d53,865278725.6816686
732615f6d1526ec9bd519eda,609236493.9766012
99e9c4f8fd7fb7929da10a20,619735437.148765
1a75e436fc23e7f48e639b9c,599585801.5796843
54cdeb67ca9ea56205e4e533,895541026.568439
c412ab869616d6576cbb8309,704481567.6847898
b17840ce59c9d9619b46534d,974862364.9013174
a14f071d8e5c338d9ebed23c,709573817.8840594
84d8504f0e860b0760c3592d,927944735.5577816
a3d03a25f84f4d50d2a308b0,670595399.895487
bcdcce01d86d648c4502d42f,758115655.5501866
33379968a83c8a90c23e77dc,643522032.5344476
ecc36a3a4610829ee3f88993,704460892.7979579
f4eca80958b7a22922b0efa1,704460892.7979579
3b4ce006ef95420847da20b9,704460892.7979579
4fb644a95cc04f7bc6cda786,704460892.7979579
f8fad48343ee5134dbae918f,704460892.7979579
6e8e08e09da8dc598b8a8b2b,704460892.7979579
56ff1f7e81fda0c8491c354d,704460892.7979579
444f102b4d54503044154ff5,704460892.7979579
e0eae2174807cc7ada38c726,664172290.8071249
afde90f91b01b0282bb94335,615965931.1516218
1d35c364daa0f021ef263c60,696014177.6076746
8c47395a28f8177923d7b75b,825071230.2114103
98c98982020ba42198aeb45d,640614964.9135517
ff424474d2d10a2c2a1c1892,686984405.2411063
971a322e9087b67650689ea0,633664482.7184896
45a7517c4d29f5bc7787dedf,634421628.2238027
74a51274abc8358d628ecfe4,827168777.1406859
11dc32d92ac579720303c019,748172457.9035237
4c25d939eb3ec218403dc4ce,688287360.5546972
55597a7b8637f24198415ed8,813995433.1369193
eb7173223a27076d16b87f33,762396943.2428424
709d17b62bc95253601f243c,788094011.999223
fdcf0e439ae8b2ff5730680d,718966854.1581202
2524e62e917e8a1aec5c9c26,686219151.8459971
ba601c13d20602c988d57246,786991491.0983479
397a7d1cfb809e34797f2bb4,693909629.4748412
b54d3ce25f3f03cf3fa0127f,562644964.1261945
d51bcf03d649839ca803c357,719771641.6090772
e9fac47a0f02f27abc96d568,758811951.0236976
a52bd93aa6b0d965914f1101,705041384.1026146
16601a92574531c1fd57a359,756339068.2608432
0e64230b70f4a227b444115e,745011451.6634341
ba2118c330e19baf4f3ecf94,705117656.2403011
055e29f236bb61603d4ce9eb,705098398.4613378
7c5c0f2d9a0e355069fe1c64,743087842.7921442
e781547cf6f8cb4ec0742b5c,706790712.8607662
8caab74ced535ec5e75acdfd,777681691.5798161
9d64345229b60ad1853d94ce,790095179.8585545
d128186867f91603af4fa481,836900408.4134033
f8fb6d1b0dafc28920393dab,836900408.4134033
33b92225cef255b0e4b4edf9,700705822.5843885
7eb78d4dea434674a230caa6,821356307.0504949
833bd3c8ef9d4da2f304a94a,750580212.496724
331f0957d55d7f03df7fdc4b,798131326.6851516
cee124f4b9031f59c4fbef47,713018197.7642126
8a9663cb622a55f2a1a8e3b4,727359737.5849849
25d4a0ec9301ba5d53deb780,838990679.7890034
38d4b1837c595b6d9a23e994,861986940.8866804
a21923caba05da05449d60f6,765213904.6286377
63cff4b5ebb2b6528ad34cd6,748454161.8079717
948c392520e1cb3a030ce86c,799305873.1059524
b2e7fd7bcd93309664cd225e,779756320.7291015
9d6be7123f2c6e610971374e,789871378.0869378
3676e34e4824101f3fd9aa2c,964740376.3864934
f849ad486e84a82190675b89,694917161.4474412
2fb8b2990751692b8ef1ab6e,766408290.5838318
5155f70c7f8978e487e71479,828198172.2637888
4f076c220dad47bd9bf248a6,826010510.4173173
480041bbef3a540df2a36ea2,684470427.666822
4ca66e564ed478d06c471357,720819443.7341652
454e4126257189bcce9b681b,1054721885.1604264
10ce9c7a0a58aad19778e5f2,1090682542.736216
dfe8e2542755d41d920e28b8,582028373.6544046
5115b0da9c95559dcee9e58d,783879845.5536251
8a0053376ffdc75d0bdde77a,1076286596.078649
5688288ee38f1a69894ac77a,740601477.5413122
1fe514ada76363511cc79105,949592087.6965631
885a312d9a5bfa8a8db5279a,748890706.4553338
c716d4dfb5a3c2e1120bd84f,880246215.6671731
689aafdc12fd1610c2393a6c,857331243.7886444
c0c4ecc8d3aefc53c4c06a38,771642777.9490912
30091c32a5046d563597bbf4,653224354.4769895
2e58c9b6fbe9c57c83bc0aed,751791039.3409352
3f7c5d8304fc650bf97247ee,919656770.5002707
56334a9db3ccc24faf138edf,899394399.7153034
6d0680692396c07afc1a260c,687902640.6268617
9e07dd563b6ff4572f5d9031,881278797.2630349
1278c9fd86258bcb435e7127,700209339.5021433
acf0f98cd8f8c8ce06f30ab9,809864459.9514486
5e3785bd517f4faa2bcf43d6,897750375.4465246
cfc61dd41ee5f5dcb76bacfc,626173038.1296054
2f171883b97d9c02b90f93a9,533553988.6906804
46aa67b5e0abe39dae442d76,533553988.6906804
50cb49d65d04a5d166f96e3c,1046505760.4221704
06c1673c4a7444e7aa80abb7,973520244.4627869
53881f29c7a6bef0ab537466,1006006100.5686444
2b028932adc74c961170a4ce,1045555323.4483944
f3a1bbe01d265470a2d7332a,880672677.1471056
b42d5b5b38686929eadd56d9,951158203.4202181
bafc63f23f097c24d36c76fd,1078045858.7569022
f164514211012e3a1686b148,938302956.0853845
82b90288bffe8c1c0b5a1259,889040560.9638948
2fe64bad1bc8a43fedfe0700,1089283011.7600343
da5b958667b31f4f9a1d84a9,1106822458.8620212
b3bc9a04a3ebc1b911326735,1149437533.6000738
9ff3acb07666d53f00d1f1db,1230202437.7778127
13a44ce5066ce00846b59ae3,1106107918.6934557
bb45c98dbab56e5abe20ac0d,1261159533.1285048
f88bade1cb7ee0fa643f31ad,905046554.8291929
e9ab6916a79b4d5182d33bf5,1175132775.7681837
144162ecfcba71bf09048dae,1095686873.1559145
19466034c2ce19c24a179fe6,908440371.3980906
3787f6da3e961c0e10d30e6d,1149798367.4699895
908330b0d2651093c0bb6719,1022963840.990521
66b7baef9c6c3c7ad24636e1,1181698756.806769
69cb0f3d422c2c78373c2e0c,1137002778.0306864
1e866483995b30ec7f79d9e8,945475341.5563872
866f2a55f42cf30c4105631b,945475341.5563872
fede7e1a7a6f23338af6f40e,1140224864.161083
7447156f2967391975d335f0,908440371.3980906
08451af5a81fd6a63c4012cd,1028671113.0979519
f63608198bfcc858abe1ab0a,870968841.2044117
e9a0dff7ae48bd3fa2ecfcfc,994300123.2200294
cc97f62e2fb9d3e31ef1c00f,1086935584.6985316
ed40f198ace8a4405cce7a1a,1246856236.9909792
bf17b59bf2ac2d06894bd786,1130460174.8317893
e118b149654cca1c0b3a58a2,959017301.1129339
7f9bdd2157f6c3d488c77ddf,1165731225.422968
9350225547486ad75c0b5ab3,1242647235.4069319
d1166776fca47427c77fa8e1,1173137519.5806623
f719b387fac4f688b57dc646,1290430039.4420586
6ce8991a39ec7b9883f85000,1280221876.784293
353743db4334fee80ac08d0b,1104742265.1024477
372a3934e8179422b5cf5729,1029373005.127447
81516aa72c98ded9223db098,1088116814.9824686
9e80db4c35139bbb18775644,1207712219.2531796
12ed2c22a923c840ef616a3c,1151911091.7813656
7bc57b136bcec053cbd073f3,848087892.7857573
77a06084509952c6cfe8f501,745022127.0491792
73578b4214e2eca83b1e70ac,859745646.8697734
527e571030a7d8fbbf1a41c4,922228125.5335095
961baf163a07179bceba67a2,885620805.8988557
76b41682fa6953a3b20d3f27,925298516.8281928
cceb25e83ecf22252aa92d2e,932525177.5862952
210ff5d4404ee8578a5ecf9f,818665856.8545
398274b1c46fd88151420c6e,776027354.5331271
5b328b80dd844db2e946302b,849807919.9972045
4195fdfe50e42e9981fa2f4f,794078007.0871
2d4031f171f965d7dbce0ef6,724216866.5804574
fc1b713d5605b0030421d5a2,884567219.0792096
cf6092df1f22a7c4b8ff9d50,641109066.2345786
8dbdd7c8971a514eb7cb4d3f,941135790.758442
c197faa8bdbd51c075a6d3bc,766694826.5032269
1985a2a5c3b2b0c7eca22afe,660240251.0715815
92a1a8b617b6d2c3669167a6,744424603.5631552
2a330fdcebb247d6a6fdea23,860432563.551394
c3dd975d0aed59a65a784e47,665514732.9152968
608a2339d558a6cea9478756,985166048.1532495
c0ccf6d535d1316e37e1024e,774178548.6391034
229a7640d41a8b8d6d2f8f83,921810832.3593936
e3950ce025371da2b4ad9db6,857912496.9153485
a7e41393473834db30f2c1da,848732312.0769768
7dcd1597e11f83093cbfd7a5,903239722.5800374
71235a69058912dec1d355a0,814528387.9066377
349602317da0e456d88fe24f,705999705.0920613
ddccad3e5a4eaf791ce3a7c9,649790501.1993539
776d7d1326576f07762ab3c7,964954594.513711
1b88c06bb3c1bc2bb39d1b86,686864586.0257504
1c5c4f4c731545aa3388c554,636417801.8419101
aaa67089a753d255215c15be,689710273.8239734
d6d5717a4b7e2edaef162b6a,851453145.4291672
0ba20e953e8e76add161cd6c,663776764.2219514
13c39860029403ea94b5439a,985900861.2843733
d5436eeef04e1a8e51a38912,676293026.241372
21f00ad1214253dd5bb97817,891921922.1301723
5a3119efc021fd0f102ab958,648972515.4952993
331c515e7f0dbb4460810999,924224102.8244944
9e360588b18cb15aec3b6609,648825268.1485064
a7cc7d2ceedf4d69664dc734,815746166.5993867
4e78cffaea2008f3919ba0ae,645499758.2868557
452e0518f7164287e47e6354,768549409.6253535
74286242739391c4eaecefbe,759036670.7909371
df06b65985649c7107b794a4,784735558.1268289
b6a21387674a509514fa5518,886962908.2407756
6752fcf8f1af18d61124e32c,785714646.397496
a7e40088cf53acfc65f4b3f5,907691381.7695613
61b9307a25be3119effbd0d2,754793717.061951
3061729865dd2d68858600b1,704559288.8820622
ad38d5660b6f1eef23b76039,693793150.3383293
1d493f3954b15e84c41afc82,610134947.4458029
57744cb947a923584fc6bcc4,663885643.9258641
16f60cac352cc0d668d226d0,684330905.3914294
accf7bdeeff29ec7a209c509,544989968.2410508
a694b9ab05641a6325764e63,793386768.6018665
bdeddd3f84cb0ffdd1fc27bd,760559382.3319225
de9ab30042562789601833f6,510349855.50284016
1a95522f43288e32addff2ba,613875956.8737149
3cc722d5c764ac261611c2b0,685975173.6468108
aba85a8a7ea2def1fdd18587,728106999.8793658
b272c1025cf5c1e1df47042c,754711762.6338713
5c449356b8b2d7e0928cce59,1003862577.4168053
a56d3b5bc13c9849cf676750,772455390.4703568
942c934c0d41ab822d60c795,632677938.9387844
b0fe09d086490092f1690fc2,744664438.9557126
7abc8a11d3d6c905de3f567e,748582170.801277
16716773b2a43df0332622bb,701540150.1079115
98fdd3fc6c9447d0f05eb1c0,761373274.576635
a59f39373ee368259b441de6,612288049.3782649
cb778195c5d61a7c4185424c,1107381173.7951198
c0277899d5f185cc78fc4a79,806351323.2171477
44effc9574c74ea4ad98ede4,739030719.8545493
e2d00e4fd93a02ea81895355,687769132.2378955
ab405cd390c0681c3c67836e,812600240.2018585
86db204f7ef6e0e0e6687246,664793787.0082804
97b791fd94b2339ba115a75a,869200443.4025326
3897d9b5fe3a0cfaed7c18a6,589741251.9720107
ce206b82f2de3793156baadd,707124761.3976959
2c924b9d45667f7168bae6ee,684793009.5349352
358eb586d9649d20dca9bfcd,865954169.5613667
71b1fe15c5bffb750c99f648,628944361.9760333
eca500b92ff96f10ccd45e54,735031703.9344633
7b63445c5e1ce95bd12c31ee,777161601.4127157
97d64459dfb368b1f6067ab2,769810725.3199942
1b09874d5a3e4c9e0d544198,751319155.0616741
54fb79bb019bfd10e5481ec9,896362866.190056
b3b63d292523ce0a925b871c,638321537.2880441
09759befd8899fc1e359935f,718480299.871141
62e0110b1c8dda16cc7da89c,660683255.9455386
d98ba43504fb49a4f0bd9c05,839640591.3697909
48815b454dfb64fe60e2cde4,820881374.9864011
40a65310ce666e80a9611d4c,812331183.3561327
a8c5674b5d110d99a1e097af,715942749.4535363
ee9e7dcede0ffc20442b4407,825392912.3437927
9e858250fcb7320b65bed9c7,851153190.2769032
bc76b078832a3a81b6d637f8,875910066.9704083
b06d3ee14ccf3d46fe2431fb,672663739.4700792
87332a7e03cb851342667b98,726393558.679044
faa37a79a1d72e4b8b0c80a6,710271819.819841
0821109831351eb2501e362b,885513651.6404012
8d01d6561223272181235c69,796052191.2851788
a0f1c94cd34fcba92f59a59a,853380319.6489655
f6a5c88d1bca87c1e89d8084,941869536.5675565
55118881731616058c929b1a,1030842293.1065267
bed1fbafde11c156b655e04f,697069141.653077
819d2a7c3330480b7217577d,857755466.5191249
e1967b56ab8ecd035bf39534,697496821.1410722
08d0615cff29645ee70e20e9,955800558.1166419
2e8af16a155fe18c8c6730a2,681181037.2986579
882e8e77fa1a71288f6b61cf,1020750246.072196
7930bb0822caea5f6451bfa6,694360803.3652943
993a18ae04d78d374f854262,956340231.1818273
e5527bb25c85988e00da339d,657434653.9209929
07bd45129563bd2fd974deeb,522354605.0315364
83727953ecffc17bed632d94,597404788.6054182
2e2d3f42f4f8369733b3bcb9,766461203.292175
3b23a71bf40e800a66bdeab2,682067447.4148544
894f346e0ad39c57fc0f369f,895048647.1807877
d1fcd31555048d043cf084be,826602689.6685197
8d48f73816b248d1166a09db,794490090.0192151
32d5a20c542a8194a6aae965,833272631.3492833
53870de54350a8cd7c13f014,868367591.6471387
31cdb68dc6476128c4bb2f5c,749702882.0646065
4be6d93d8ae1375156444f05,620418798.2108155
33a7f6aebc3e2d480d287199,837599531.6515754
e1e188d3f9940f9dad98488c,811904289.4834658
76167f6ca3d2c404104b77fd,854738813.016748
9297c340db8a74e10dbba148,864393304.650562
0e001ee8f27e1a2fffaa0225,770802747.0983958
ae3868ac8c44128b8a955829,814875468.2664914
bcbd20cfc50e2f032b174b56,801201713.7254748
253560c855216bd9eb102595,737361184.8078914
c9c769e7ccc99016f61269d0,704107882.6997694
7c07ba1982289ca3abcbece3,695229654.4733717
c5c024d11b3ebb2cd088bf6a,760352441.9206069
f0a8fb06fcdf8997bcdcb03d,712917331.918297
806f9ab2a016e774689ce2b9,684814157.5006607
4491bda913188aad3c66ef20,748359678.4244152
0c37c0d27631960f9e0fda1d,733290328.5715568
b50b45bda0905a116f238c1d,795782550.6242628
f0f8e755058d48542b9cc4e3,662565084.855228
b3005057f48c1794b7974f4f,811904289.4834658
e1e5b0bd721a67318a3848ed,632605408.9771042
d96155b72c02bfa04f7ea98f,851882676.9610612
3825ce5030d951ef0fc2f7c5,663295174.2410173
99587dcb4237fe90acb15b5e,530938259.47395796
452ae373210337b8008ea2a3,855560251.7952797
09ae7df5577582ce7e7b0aa7,801365183.4100263
b98967876009fab4290736f1,682512775.4740757
24a4a43ae4c687bda1066227,965795939.1069431
c509f2036a11b7132c633d2a,730135317.6877849
bda914dbacd42b2b7c6c5179,1234720755.8377774
5a681060eeb2fc8f1b3261da,829523664.1941377
016bb199b12846ccb0b03191,735135246.19255
ba94676bc0385678ce3780a3,801411880.2813656
b2183e5bca67574df7d5985b,603751426.9316006
baae43ea29f7e419bbecf998,781201416.1720902
ff1a7adf260e637bf316812f,753274285.5301691
8e56b5dbc4cf628ac12e5bef,733042538.3502526
c8941b8d7626f7b33628158f,981549371.7969296
d504ed869ece1b1d6e724452,703844044.0040767
1acb5576ccae1f0534f614df,835634543.0363308
ff228869121d053ca7bbe431,739915785.8339735
ee4dea05e93581750d613c59,749638669.2946577
5d507cdfb7c233cf96dc6a83,768109657.4916339
faae4324336f1211ce4c7809,661788092.1828673
9a8e471c8f4488c3799483ba,664934902.5085608
d040e15e50d655f4d19bff54,604752886.6408058
efc7e89ddf3de559154d8e0c,975415497.0546693
e91598736dbb7319952f0dfc,679511699.7513645
4046ebeeb7ab85affcfe337c,935336193.0860071
d12059af22bc7d6ff170430f,906225389.9093502
99d39d72083d7485e8944a3e,720668373.3736726
b9ab2dcd8d1855e4bdd540c4,991325450.4563885
97106114a8d353ffebbd07b7,616561541.3352871
d5c950db90c92be5fe753189,596949204.4527628
119833a13f3f7df22d2b270a,768656154.6514682
b2078743e33e1acc49c2d2ca,705206941.9194741
fb9371f86ca6f4e62ae374c3,627190473.5524613
6a39a747417143f0cd24f3bd,802284246.0415865
7bc0c9e2760e4b1488522768,890461331.2359829
3898683e5d24bab9eea24d30,899325502.4852687
be0e466ca7d6942282c8626d,712395812.8715329
2d65980024ded46854c25260,954808913.6099204
87aa28825a5b8ffbac5f2e2f,661729033.6383512
918b0d900ead8267aab4cdf7,672034021.3061717
0c85506b301862fb58b467cb,616811253.2581836
4bd031478b15017efd41b2bf,898601841.7340518
48bee96c1f65b8e283d67483,855299869.9784853
7618cb8d215425c931f47886,514595465.9962356
a7a219e7cd18f3c4b83649e0,551778589.333952
9d3f5b59b9735da05588b3d5,765288557.4965111
6ac5f5f52cfeed2f0ac9d018,826014919.6524093
d885902c923752eab7b619e5,698343229.171464
b183e2562cc4816244ce0e1e,767254763.3171813
88622b66e6c47cc62c3824c1,850418899.2516418
01230eede2a4a74ec4ee5105,809368131.8804042
060451a9e3e0416ff41d253d,1028195297.1974607
3ca0e7723afebbf53e390297,746946156.6327363
e2ecbfaacf11ed16fd71abcd,746522880.678426
1f0d83013ea5e4c3f4beb583,907497519.6479998
450c4eff7e37a271fc24ce3b,848378654.4525996
a70d331be751cdc3bd0aab29,638240684.4263132
41ac76d4fa450fe0c377a0e5,604484572.8286018
2ef8a530db816223dcf474a1,668956975.8713602
d09c1af87ddad4ad11b82626,616811253.2581836
35b1cd8020e7efbb9ba5adde,731976426.0215025
6714f846f2fa3527641ad96c,654932572.3375378
4cd5338bcf246ebf263baa35,716939123.3097191
0878a639ab8e6b6e69a3df41,715478424.2553493
f4c118396d781c140d8c9b08,647813534.1200713
27151512d4b592014137ac1f,851137486.0491832
8e5123f5ef1da66571ccb600,917476777.1681536
c491a13a87fa1ef595b35826,866501803.7586689
52d6c4bcb442eebdab338116,838465867.2556846
e23d93ade25e73614d7bcd77,925974478.0308545
43059ceabe98412315566838,1105291293.2482185
93b7fc7c4f07a7f117e687a4,536403501.53879595
09caddf25db3ac8e1a98565b,676996327.0448593
e3034ebf243b024cbef83cc9,742366005.0996683
63cc884a9c5c888de176461a,751506864.098424
069fb1f8d0f06ac2fee87314,674993301.3500804
059aaea3859c4b9662ab4df8,696683632.6083142
148b157ece514d99be0a7f93,585516950.1359572
9c4f397c093dde7de5d485cb,943299911.2297434
e28d8dac5c1c75d295a9eb3f,696683632.6083142
a804849802cc0820d25f955b,696683632.6083142
fc43df7f26644fa464ecb090,760247925.0250692
608b26adceba64d9ebc5486d,696683632.6083142
be8bbf40db0dde8ed4cf338c,696683632.6083142
d255f73d4066fe559065266f,530390325.836376
c552cfa8e6b8c8be2c963ae8,712099942.8974668
5ee020d4adc767b3b16fffdb,718699511.8828442
2a01945c2ce528c02b391c61,851596203.8473258
dd7ee555ce0b2d58dbd8a9ea,650311003.5779315
a732aefa7ea4715325e9e80e,733909585.3874918
c6faa40acaccc1603c29df96,760247925.0250692
fd8caba10cd4d1df27605358,685574323.7068802
788c49c17df556bce0abf6ce,956671361.922337
2d0d803cdbeaec6e2626eebb,684117734.1913482
0872074f7bd512dbd4609c85,675435555.2164626
3f97341f90b11e6a7a7f7c2c,767054435.1610141
2bfa301ea435f929e6c0d1ba,746079443.6611693
1d029020622a600aad4c2991,904459665.3470103
8a100bd7f5da66664a2680e8,655347852.6044476
1441a28c376a20c90d72cfac,638002403.9449564
495eeef459e80680720a0ec8,735721572.6290112
df81d07cc6e8fb0a01c0f404,837818513.6395175
e23ae41983b9f112f05bb703,789519504.573879
a2ba273b099221390bee92a9,562925870.4248822
63dfd58a5c43cc7c0a468209,512034547.7851097
27aa789e29e52ef8d78b9bf5,940397672.2148719
fbd613ac06b6bf20d76822db,666001635.258189
2a805135d8030b614d9df9aa,918565889.610535
22c9b57a67cbef0920d09174,600976636.142864
fb76da6072bea5801e407990,761058557.3360223
9050b1061469970ce28742a7,751935979.1505065
96f5db1dd0f36d1087172fcf,811289033.3785315
38cccc333e2c38bd608e1880,829339979.1717771
efede59a47d17737f90f4bcb,919247323.155823
bca5301e6460eb859b7ef34a,691540997.9933255
a23a13e43f3e08ab82c6ef82,601621802.2338371
8437a42a8e7ebca46eb088cd,565013036.7291055
6e3cbc252c449fd4b758b97b,739632418.6385571
6cc6b0672aaccb8909f3a751,653030951.749987
c60c2efec3c12959d86fe3c8,729679811.9030485
d0e45d520227ef8a1f53ba28,717110568.7173356
e45293f1e6ceb2fe79f6e0d5,731296429.0915817
4202dc3f8255586e1ccfff46,668177517.3535818
1d04d5450762d664fcfab674,877236067.8329217
a3f969063f78dbd95e6ee795,751505596.3380362
2e3fc1d628f6727880d3d4e6,773388530.2362684
22ea31eadbd3a54216443137,512034547.7851097
6490a1eff73727bf62458b0c,832576316.1297667
49721aafec7123f6ff4d8010,929068888.3556254
bce608b4629b6c8512ea2fde,723552707.5634979
a7ba3ccc4831ae7e539f0cfa,749095294.3958594
959b2293af0ee4f7c9fea7c0,776136996.9738572
bbbf74a3abf9cd8718384a65,666417461.6216574
680a71ef7ec15bd919c06320,1049166504.7281691
0bcdef6d56052acd2afad93d,630381472.5965166
1bb885a07f57936b919629b9,802492346.4618652
8a222af682e2d7796643ccf7,648172886.9219154
3370a48ec22302456c41ded9,634173983.903251
46fb04e7578da5741f6da4b8,668890794.1791401
e9da7f2549d914aab6a30e10,615705846.6018891
10d0506d84d778da572ec635,876198641.1520679
966e8fc9af08e76f8b276245,704877350.8447057
0da2a849e0f83b17b006e50b,717225976.5216435
f7101a05db93cbefd6a3b31f,530545717.748223
b74fd7f7db38ec233c6ad71f,633865866.1620756
0d63e52a47fa884e36f10810,663756346.120249
77fa49bcb52539888d481ab1,702813120.5093083
6f412fbb33519fdd31e741c4,570472319.3605019
6615da422a3864d415b28fe9,670988390.4402044
f258fdece395f0c4f4da6a96,823453088.5110292
c54c645c340f59dd5f47bea4,636195000.25502
bdd287e9de82903f210878d6,720899796.4183986
e110abe74ba0ad062c9b575f,767353171.1657571
47e5ea8cb7f5ab6703803690,906556130.156876
e71c6f7437c633e2d9da643e,688190735.7833964
783161faf2e3501c38c0aaaa,667468485.2861499
5fc3de15eb0cd87be5ed2e6f,759801834.0415112
4066155e224520530ce985eb,635617280.2188175
7745863791b5cc6d49f84c8b,620625559.2699782
aa7551be1b8d6278d38fbb00,983111646.9075327
d654c9bbda61c4c0ee1ae2cc,565459154.3014114
d224080523a2bf2e81698d15,725047071.5369589
5f8d0a2ab1f9136de446528a,844424495.4556389
405fec98d5a3c8981173311c,676032323.8619208
2a9e77fd00aaaf773d130914,640872757.9819062
279b76adc4bc9f8dd86759b1,818813246.7742832
f815ec1a63e980717c9c3290,683582174.1480488
a8fc825e34bd9bd56ec5331f,846749599.858619
248ed6abe6e528dedde951a3,619544474.2282623
2bce6544d58b6970192a1838,566133380.203717
352a76b301243d22d1b31f79,663697646.1130663
bb9991da696d6e1f13a32d0f,606012994.0160443
8e88e6cc55ca769e472aadfe,689487967.8387587
339ca7bc687766f517ab3274,591096874.6489584
93375efb2e74f4913d21d94f,626746590.9128226
17d7e6d321bb7394546e6b7b,663528150.1931974
0f601f5ee798174ea9d52caf,726590626.1732895
8ec8cac469f2448654312aaf,1247381427.7262607
affb62139f02e524692ebc5b,683086660.4016461
c01199a4b2fbf0f6cbdf2a65,733276655.3436702
4d1f49443787c874ba19f968,938460881.8185204
035c61042b7dbc7ef888d1a7,963152825.0607157
0fc7d98f75bc1c0b782a328e,972619662.4779892
b1924a5697dfe829b5b8ad76,661258067.5680003
d0100c18dba3c334327b29e1,654908534.9638073
add1a20e8bba47aad2edec69,905122798.8537669
fe8a78de9ba7b59a112e0046,672692199.9722259
b319d049a3a8e4a095940106,672028565.3126144
303dc73dc1130de9aa2f70f3,619198059.7197549
e471b2ef30c388893119a010,926753094.9780638
9309d812688d0d2bdd33d830,736848529.1450655
fdb192e57e3e48f70a492b87,702077348.2674739
c514c9a35632e5a9c0476a31,735791721.9486952
3bee8a9981a1e9e13a05cafd,712200381.1579944
9c942287410db3d0739e182e,747571564.260237
f59b9c03bcd4e0e06d23fb47,750284094.8930683
4c11f4ebc622483532c24a06,630086428.8442672
1f53612f7029a21e2e9f74e1,863028319.2632064
1f4b6eaf52fb940e666c1c93,664336424.4270468
dc65f0bafddf39c6c4b2c9f2,686108851.690949
344823ba2777540ffa2a8fbc,910680743.5868423
8cef9b18f20e9c5a32e7ccc9,888235762.7083629
413d6e4fb772beff60f73e2b,794564040.7670704
15d3ae51558bfeef80b9e97b,807654267.8685256
b81c26f2ea6b66c8315d1146,966601932.0680697
c3786f81345d39fd8b353da3,740097364.2095795
6c568d2287dcf12b2aacd388,748303789.605899
e6482f3b6184515453d16bf2,895119043.1983362
32c7b848ef60432d98f415c5,780819972.7518653
1689c3e3982382e27a4ae074,671898773.5459635
3d0cc51b7a2392f3be3b1666,714255928.0236001
1dbec7879e793ba9685741b4,750770854.3788067
82ff2a63a863c089ea90bb5d,749937354.515916
3d9856c3ee0a4b5a833c69ab,658857038.7145811
6f293451319bae38c71b8266,731028140.2649915
dfc817b569fd71d2dd47e980,942262747.4319296
c34d46d83e76f54d53cadcb2,660113606.9957398
e08ed8c82d05dc3cad8cd2c1,761661718.6482654
e21f2a8d9c641e45d442686a,956029265.2752159
f1793973b462cdbffb1ad648,929110008.3467374
b15bcd6248958d98867ea585,751024336.893167
e640424f3b7d1db403c36ba0,973786338.3690585
658c0b009a09339a3f312145,704067980.2521615
f01fa45466e2730f935a4128,782113971.399245
b4d69c7bc93efb3790eb1422,933789989.2978562
c2242a77d30c0abbed667ce4,922762535.5954261
39542105a7c46ded0cc373a7,899326476.0714165
13f42390057bd294cd787822,687767634.1481417
183d99d88d1e7d995180918c,803238911.7822909
60dd7dc49139e7816dd8b143,697193692.5978793
6d2ec752890a2f1c4094044d,943933579.0699475
0e776964ba3733f3ac18a7a0,928465737.1947814
92369f73435d1ac3fa95f185,723455802.1830525
8db285eda04ca37b86dc9724,913845513.5041147
a7b14faa46e7b73ee4e95ee6,704298037.0394716
010e676743f6afc01fd0838b,891278751.1324201
987199d3a23c08ca887b301d,809841585.3093008
4fd8643e1c43ce9a0c18a19e,833112056.6343228
4d0985935e1432b3916d45be,699757746.8559002
4623317e8c9044e314ccc4e8,724094711.9696301
ef8430c4d15e5887b8103bc3,891278751.1324201
cd6ecb0f77acd93cc1c9038e,883978577.6788065
b0962bfdb6a2c79a0ca84e48,710776519.1836494
7bf592c5c34bfe6a5df3dd40,688808756.768484
9337becb0628955b47e45b98,891278751.1324201
9ed0bcdb62b2223d716d40d3,730547473.1391004
4255eae670033d9c9e9a6e3c,803450257.793288
c5346c37454ac2b13b92240e,953238022.8767736
94fd4bb5f41087921ca12b58,673040707.3834015
ded674ba9c7b76cda404bac6,790125764.4365847
ce25e9fd3bce9b75050aef5d,913608428.8902211
4e7d3cbe3c62123fa7e2d969,882228484.6154827
dcf5b42ecb23800a458562e9,998769487.3054502
0d53bfcecf0397ca27e5f78c,683386484.4571664
f4ecb15ef992a677e8b4fee7,616498430.0524812
46eeb8f186f86f7859274d4d,924821639.8022457
b5a7d4288dc7a7868678b9e4,846460956.0035307
34f99327fe595ba6e32d89a1,666819263.0030675
9a53016fdce3d3b5c2baf3fa,872088051.0252575
26be10d0ce8b763e9b457e76,857294473.8272262
2e111ff939191cc6df2c59bd,820863911.3614944
ddcce0b9776593e3ef3ce21b,672984390.672681
937c0b6350beb0f51e53ff8c,684291528.371075
f50941445773dd62e87e0416,926753094.9780638
93a1aefcc4ccafe4866bfc76,688420786.9669899
70c0a72b31dbc1b97c102c13,891278751.1324201
8aa9e1e89993aa49c5c3eced,825637384.6508989
2a5ecebe40fc09b45d6ee5fc,689908080.7056854
5f798656baebb094a3c83793,930199981.5580562
596b6f435f76058493a16cd6,865447838.8317095
1c510a71734e955f75187106,783866764.3175372
07de14db9dcc2d4f9eac0dd2,875668536.7183708
29503210dfd57bfef8f16802,987491310.6208868
89575a90c7b9b960c8f4e052,628286264.2559807
bb5a6045d18e19613325dffd,875733662.7947712
f984d34c8f27e3cdb7c2a44a,722267844.8162413
90822d4e3a369948cdc4d998,680299655.9992055
5b9a21a42d5f50ed4b10581c,747291021.4494213
1be01d052c6a65c5ed286bf4,786711729.0306928
b73d317e1e8ddc3d5d0743ef,875616185.745042
bcd302e3b5342ecd8cc056bd,947608701.7100595
eb8956f0c4a885619bf1ff79,826629009.1200694
d5b950c5510c19ccb926e7c8,764574585.1865785
1e37ea0918a00bcfaded3453,817505274.256662
1d55f4694f3e000ee3ce47b3,709053487.0817115
cdc3e114698984145df842c7,710809851.8475273
9c611e246a612ac6906abe8e,973126779.5777006
c0c820463dfec602a6118ed6,741087000.7632513
6302d4fff078a118c3211794,832929207.7859904
c98807fc596bb2f505b4da9b,939844445.8159077
cdde8657b5a215915a04126d,981722087.6359112
3b2fa7905fd8fcb3e11ebcf2,741087000.7632513
59764968800501c68631aea3,801715232.4710737
9eab02171cb5f15963670172,933808667.1379551
61f84e5a07f37865c31d4a07,906919550.2983747
1494f223c9d3ffba26e42738,851229389.8210211
ba137cbd10757ad20e5991c4,623823519.8264937
d2fb81a477ef3690cb11c93f,1000414657.1135824
ec4f7794cb756b995d5d207f,754334284.141006
ea4add08aa912717cd42f9f7,915568068.8507559
f11d7627e2f18c9a75595501,969659057.8988138
8095589d5e1a55a76281e13b,903016052.0470773
f5add08cb615eb18b3153bf2,971456099.0746772
1894346a27970572aa703cd2,698085236.5274367
805a491334f865f06ff42329,750992076.9626853
062d5544f5c96db90fa3a526,1060467330.1411147
332201e2583141f3a02dcca4,890191319.9154811
4baf1bfced8e85013eca94b9,741087000.7632513
8bc002e1f02beb4d83a6f6ae,869188815.8402419
adebafcf3eb0d34ae31718ef,1047629402.6674955
60b5b0aa0c1319557cd0cc85,943086547.7452195
3393fece8a6ed311ad865e66,784918337.5432554
df4a1968046eed5326119599,752626832.8748401
b044b9a587b2c6ca00447177,843168520.3914196
005ab848b35907e42aa0f4f2,892468122.2962391
140a0002732574ecc516e9a8,788505782.2622472
bd850d1ccfc4b21a72f3ec44,754312916.4925295
c6dc8c201ce38ff2ea49cd68,786382944.4725513
572ae40f693551547e13a196,694248381.9266129
b39d1b2637dd8e307c8ba13f,828888873.8898864
2ad02d6d56b95ff3382b53b6,699878769.9262874
5201393754f4a5f2a476ef0e,931728003.9047335
72a66bc6d15390eb05a5c688,1214075679.081574
1f1f3e47f3593e4b2824e628,866745595.4975209
bb7e14611ea6b5e4abb5b89c,804058516.7119853
b82f8abc8001cd6731c4ef45,645507041.3041098
6228854021e72af611d2e59a,794023024.1907551
6d21e1de9c880bfbb17350cd,760620632.3358705
7cfa0c98191ef9b7c45f0520,660002601.8641062
a739d80c3fb6b166a2c2182b,700466925.1075842
36f85981124e858c157f83df,789171946.3405697
3d6d51ca99f2747d6b92dd19,820536576.931503
092b7b5bafe25bf485de37a4,810799195.1846756
f2e0163fa07f89820739dfcf,873687798.5222691
ba47346e7a53412e78363ac4,865496229.9737966
f86e80b2a831572b85b04e55,870016526.0263596
199a6f7df516a685f086dfa2,650318121.3275793
81f6d6790aca5e9270c3d1a1,715577458.1669861
74f099ca0d949c8042569d51,598610563.310545
4df3717406f9852284576caa,826472536.8696743
5246f7d8023a4c178af6d10c,713541074.1667345
69d9908e13bf7c8ac4c30531,593135858.6099857
e336d9d892441c7ad886a98d,784418154.761837
f82e1c70884ee1285e1bc491,640373110.4625831
0ffbcf7d58378c85b4103c7a,873606304.8983666
3679e1844a35c0c87fffefeb,722127258.138113
955a15a734e56eb287555307,674129222.0602944
722f262a44b2bb6fc05ec35a,610005243.5621278
48c346042d9cb826a3714466,632366674.9082563
bc4b7bbf5df92f476b6be103,644357405.9567528
667685f89a61aa2ad5c9ac7d,711924589.8344054
8be5fca8f4339712c6f3e29e,683615083.0156896
09a5fd22f920267b464e2a00,644919513.2826079
f6d2d31af94a6a73912dd9f5,767565002.4551363
0e9a5ea81f6d91038d8711d9,769457590.692374
8b2d8edfa6788ddc0c7b3eba,651681661.8408647
2f48a73bfcc91272161afd39,738780624.3916807
a78417c74b8c99279912e427,692025943.6429582
4d69f7c7e0e837879abbdf78,621655490.5367018
926a7b18e48cdbf6ac3b396b,581845656.5656997
a06733f7b3ba964c20ae2698,830743495.2036409
02d598a32d864c289e3ba6b0,743376493.3250918
3977cf1326ff502251f78f66,680836518.6520523
c3cdfd0733404ec885eb3edd,859219422.9814112
a28bb09e30bca82627e595c2,886769801.9229002
0a2f8c8ca6094e6626d4e8b1,734966514.3136777
ac9baabfd96d58e376149a7e,705245826.9234992
700a052900adbfa149dd5b6c,939440295.314192
4b30968cdae59b4ef3298f19,790880287.9780158
c673d94552bc3e451672939f,838035844.095486
75392e8381e1c891377fcb29,705993691.1162157
a55d7074220aa6a750297c08,711521792.3845402
81eea19e7c12d65d21e23648,924153420.9243722
69df7bc1d82d9723c70eca70,711521792.3845402
815cfcc4d26738f74cbb67ae,822705414.2653723
5ea150753f8d07c71af45cd9,726351488.3524966
f851b02d18e74610a900bf14,851979544.7867736
76b9af8036e38d5d30ac4c7a,974510289.7299435
4ec5ab39cae4afc3b0e69438,923082796.9389818
c74020c85c9fcb2a2cb3ac74,742628784.801646
6d6ad5e3ebaba1c11dec0f16,944026704.3027322
acbe4eb98668ff4967a8cb86,749708405.6858768
16a40e3dbfbb9c703e04028e,692975305.2914786
ee5fa0932e098cba28d950b1,739279415.296294
5f9fa56b99677a489a9966bf,804058516.7119853
4045e30cced205e8c5b2373c,872748409.9524547
eb2c7a973d4d6ce8e6ae87a0,963694471.9825554
99c69eeb96e1016a7e53b33f,737980787.3085421
aa7f56d05ed29183b825d61d,605489674.0720898
4630a9af58fb79c0008e5fa1,748032426.020346
ac003932eba3a174c5b998ee,712940190.7159921
56a7470ed14454665aaef75a,970616232.5286114
a4e4f56336e07304cb946b1c,893528158.0575471
00ce045307538da1b0bb7972,796808638.4927238
cad720be1395e2ab5869807c,759428713.013006
344be03236aed65e74b14a2f,707166312.177419
58a86bf535b4c16b50dfca06,601238269.3973709
d52c3915fd7d2ef8c92a22fe,707166312.177419
8a4b7e86a90a296e10a49ea3,670258855.5755539
e1717a317481b0765a7a6a0d,754365406.2480028
97fc10f5ce4a6fd7357381a6,707166312.177419
428f4bc76d4cd315ba8f89e9,713527356.5906373
4d882ac2b82569f74aa08824,522765439.4414724
948ba87dfd7993460c967cb4,707166312.177419
1bee6a5aed5417181a3db77f,644341244.546511
63cdd73026431f5566fe246e,754635713.8040075
013e2a07f94a99323b64d370,1005301153.575463
ff56b24cf15289dc6d14800f,726608817.2167996
7bdb94165857bcd37206cf18,610142280.7767866
1d1e29d9601aa0eddb4d6c2c,823006650.044681
a8c9489973c54b93737dfe20,620857839.9556701
254892c6b84c59ff5ac4f354,769580863.621412
c6e9772058edb2268434d7cf,624157359.1181017
916a413537580440c4ac6028,724843801.2219534
bab8e472424cd57faab87ff2,794006045.7762809
eae5eecfa2fe828afbc94b0a,686139419.7219962
da26059a2cf36e02b8702320,718134353.5725329
e18fecb7e40bbcaf26c863cb,884507247.7953812
a55906464634558b94d9298e,759158704.8145851
3032ae39e739fe46e9e198e5,809326323.6253476
663e062b85f16c2419f8456b,702549399.5033901
aad0e527c4bf6283f76b5bed,952517847.7194602
32fbc0f1934f7325a404a2eb,814814645.1489828
07d1137c1f0aaecbbad32f7b,611055664.9638951
3058b792e3f6781e438a2e9b,701541094.1157011
33d6b1bbab4524c3aa03756c,580510870.7301182
c75d43b8089321e359e14264,657419849.1364003
29ea1796aede16cab8a50497,600951403.7431276
bed21c41b31a3bf2095aa273,927896727.353626
ec232a7ee3aeac713516614b,667589821.6562741
bb7c68c2652c7e124d88631c,634598834.6570041
697b6c6f7666391fc689cfb9,660803433.9266787
d912e45dda1a3a628fdf50d6,749170563.8577415
96fa88a07329d3988b6b41b3,769281525.6150885
66019487c37339e9354ca999,908657601.190467
fd2dcbcb8a31e97f31d22a53,846318938.5575761
1a309175498997e1b8f0aae7,730976658.44116
e83119808dd08ca090f5ed85,779783882.1353729
1a26960e24de046588ca7837,617046712.0488244
379c4fce87557848548b0944,563516120.1212867
b2d7355eb2aa975900776275,915985834.6579041
3b05e06aa0bc40b9db16416e,596410071.2218813
4a5405b1e181f5b10fec35a6,906380387.294184
aff22625564f00844ea2610b,925775679.5892332
b40addfc0da42b0e530503f0,960044389.7910703
9200d647b6ce9aea67ff8ac7,695736373.4595047
3057660e38fb757dbc8bd898,724763416.8590782
799be2171dae4763df530e4d,901894188.8383496
819265a930d32a97533d132d,647060323.3876557
9ba689b29d0696fb7ebc44d5,957054304.9400195
0f7e28b6efb9d550ba28a1e0,703180861.8788457
57551742fefae23bb32571f4,711070169.097464
9569a50febeb4163e28c192c,826829722.4293808
1d03efada56f8a70bdae6aea,770578414.4742657
bfa56d6230b858591743473e,712357882.6587045
ca54914a1cf1028b9c8b681f,712594525.3821007
54304b6117b797791d266cc0,682784692.6079354
166ae8e3d0704209d6715240,729728261.1270372
b56659e70367566a4ddb81b2,811054629.1256312
2641f220611056a1f5616dae,1014101744.858809
08a82bb9fbe4b7abb50cece1,671051807.1509497
b40a9888ec0379fbf85516a3,858792711.9235048
d35462df6c686296a3c7bb23,816009579.3261981
db244703ce223e6acacbe85d,768403717.8694525
a90df94f959030227fa015b0,762975558.3734914
d97d462ac4f5d9cbbf04e9ca,869175634.3419137
7fe6ac57e87b8126ac4f8530,636469722.0953188
69c28dce8eeaa86605143419,785526643.6281068
2bd6682ad8343b69fae1a59e,676614935.3894918
2e6fb29cbc1ccc3d97c92c72,879077298.4679639
9eabba4531191127ee91621b,886117853.0117679
d0c411218ffa7c3ebc10783e,697306354.3878925
0c61a011d7fe0227be2b3575,801044586.7254543
2c47c3ef9e139d8c4513a090,756260398.9807959
f6503aab62a68ca16eba3fec,1010750426.5135133
e7dc05756684b070b36d681f,634981668.4965497
17484950b143d0395907ae6d,730659514.2467281
3d997123b33373024bd2cbe1,928262642.8296715
ddba305c2a3ad29db24a0658,708234275.0696485
b65efc402cfddc0aed4e1d76,717517260.6570612
4a7ecb05c9886bc35f6b9160,710160787.1891217
b4e14604b888c994b64f94ba,658844382.776107
ab37764e5f4e00097eac947a,898405743.9753065
764da64c41700da5ee80b8c7,677422154.4186795
8a84a073b855e37a12327357,845641743.9914675
5a6878f8a47f1fa2fc1d600d,929360658.572672
505f3d545ce83d0c848f828d,930908791.8926703
6687a2299f38c15598d11eef,835407584.1676612
533134592237b2748915eed8,728269869.3019055
daae80933675e767b50bdd17,851804713.5317774
945f85a061dc4e95e779e27e,820185776.5875762
62dc69d80cd6ea9fb7fe52db,1005726535.9048165
153436858070f7e724f0cbc1,786354472.7828782
7f9875a5336a32d73df2402c,746471809.4373579
ac11141115d391be44e6426c,801247783.0424845
f8243b7b679dfe8303180d73,1055541097.1724899
1376106ebc19c929df27bb62,1266750920.8005805
f591597c9a1ddd9852eb3cfd,1005847294.9168386
a748841236a7a7fb33138845,742556976.8055851
6ef43ab43841696400d91859,794801060.058497
601310d800d88f0d387235e4,921872349.3560758
db81ec58863dcc5d12839883,820577265.8428445
68d35dadc6d0dea61bf4b513,880987581.8183893
ba9be0b67571b1e9242664e1,782849008.3342149
1690af2e30b05da545f1576f,892853082.9709857
fc72ebf9381496067101da61,639208584.5149837
3a2e95f5eddda4df84b2e2b3,688759345.924104
a660d5809085b4823e287a5e,743329560.6985493
799301c01a3e7fc2af5a14a9,678316675.2411928
824cad597aae34d7d59ac939,695217860.9424129
23cfc154896b93bce4356ae6,638125734.44754
a9b96d2a23ed155043085e87,785692574.1912427
f5d529ff6a35fa78ab14de21,689422723.8897804
9b337cb1451a8fb078dc9a07,706785445.2369936
cd1fc7362660bce494b5117a,869663482.9769106
26454cbe44a07cd0df12ca07,924147729.4647381
cc5563550bebb29c83ae3054,907964452.440249
109bb36f29b223a81dbfa340,835995688.3209237
31081c78ce92e1d8dbb315b9,984131344.9486711
502aca1a1097438b32eb362e,732523499.1118135
4c90ce573f1d61d11294d05c,972645330.4220209
87f1e9ca16a7ea48de04fa73,898751439.409558
224f6e839dcbd91491f3f1ac,588315819.8169589
8ee7d2e0692e49bf9d308b4b,742814772.1214564
a3ff6a1fe37a1bb736b1100d,836627337.7427154
97d49e61c1ef55451e52c8e7,836627337.7427154
b6514cdb1e2cf37e3ff8090e,986586740.6669188
