property_id,price
d56159653f5d2abc5ed5acd7,523438780.1181663
45550aa81c0151f1fd9fd8fe,695856552.7986093
735deef3382aa15930482f3e,587851570.1301634
0dd49fa8bb7be52b851c6dc9,723143370.274332
7d3220a91e78f8bc2924d1cd,548525811.3398529
d3054072b2175deec2c1f8dc,376461698.3198951
b7574b06d593fca4eac59815,369793603.0544051
79e822115c5c1a4531366001,446867793.0823067
d3ed5316a463d38c1bd321d0,797189527.3894473
2f1880c9b8f7ac2715e1236d,672021271.3786652
dcca1c7f109175760ff531c6,634625913.8928032
dfc4f3facf91bbd93ee0fa4d,369176605.3764501
30e134a6cbe61d7954d0f56b,361155368.3785773
385fee7bd9ad7722d45dd034,449161077.2572276
87199c236bf22903d1aafdd0,452002474.518772
19e19ad0cd6b5e84d8aa970e,378795243.3579667
907f968e78d748fde69dd44f,545219798.253825
be094e5db0f784e3aa013aae,553514052.2852306
7ab96f83915bc84f8c03c1bd,359671756.7699468
07f4aa9b9ff5b0b05d31e6c0,629909124.6263487
e9be8cd37abed8ab510ba1f5,564088008.458856
5f6ad58df27b562db077b5ce,575540962.8429654
ee96d947484aaace40f9b77f,557334137.9718503
15c4aef8401208054697b81e,847990618.7776134
22d6cb11333f2839b8112b89,580584190.9269572
288c09c33907dadbae495c11,720571270.8475531
f71d2bca0c5fe2720a1544c4,394240412.6243698
451744cf3ce55a98db8a3562,446865038.26010156
fba9ae05a6a8a9e0c6268a9f,430691485.9895515
1338e58f7dcebf5a1ea59388,364932745.27700746
a817e8da0ada143ac87277ee,461912902.5094385
46d8bb3e9a0ca584d3c7a317,409690139.09994364
b2506aa9463aebf01e1e00ca,365413226.6117632
7ec025b9b6e6f33bf65af41b,360977445.0454729
2ff531e27672ecd2362eed55,644983981.0394524
9b3cf0d1b91b9c6a2a887647,557521777.414419
7db5291ce4602d9b2b266872,479608660.9688666
65d5918e826c33bb950fc008,540366226.5470977
395c34e4b8f52cbdb0522459,529847278.0880851
855f4b67d2bd6d18fd03d8e7,414928945.24785495
9ff06409b37e5b5dece4604a,434839944.92449194
0508cd7bd2c77ebb6fea1e56,644098935.3079314
b45fff2e718e54772d46a3fd,575222318.8619432
cf4d2297b73dbc357d21e31b,526084731.351659
0ada7044c5b29925abc90879,528836427.92761374
6305f02255274ab5fb6bd39c,607193344.0646858
d9a94194ae1350512beff3e6,569452537.8588773
e3896296cb80d50d9ad3f903,746904699.1337044
6514f355887c64136edb5595,569234376.3239958
f03400cc18e12903b3ffbe5a,752026460.4223975
4e134600155a64783b3f8c3e,595438444.5627936
d63ebc63c82fbf66d8b6ffd3,571809737.5502518
1bd64811bd59706844230198,547861116.29299
a83921284639eedd4a511cb6,776141849.7183881
a2f3f7a1cd573e2a33f52e2d,703469200.4976959
47344a66471fa51f61c64652,703681286.2077742
78fd849c9429091347d7e5c9,585455316.441305
c3daf2abea55af99c9579319,544905248.951612
52864916eb1984abca41ec66,557372119.7589196
c62494a9d7aede44f2f84023,603743331.571039
a2b576643f7a032371587e5e,699867208.7967032
e53bc68f0e97ccead24f3e56,415158898.73381704
fd82c710aad91bc90af490fe,592610855.6647687
d436abc2ee37ba3dd561e940,503478695.92966104
216a598114a403676011cb51,645640686.7638613
ea230d5eccd2b687888173bb,689245584.2352439
18bd0dd7580f2a7cb19a90b9,457999906.939169
b143c8ca6d334f6a73c3f2a0,423993325.4876902
ab388cb4fa511968783bafee,359997976.9081607
6a4f08cd04d558a56af732d9,610629635.8640646
7216c895aa047c4f405c4941,648912876.1762607
a493488dcd906dc74cf8a604,629656400.001898
7844b0b2bc65dced90a355c6,729424547.0367129
c1976383069b6b82ab29d092,419496765.6522291
e5cfd99e2308b7b73581dbdc,417081650.29954875
c18c2ea88f4ac53970b53d2c,459397452.3421274
842c9f0e4edf1e5a672ce15e,526500610.7969963
7dd1e46dcbddc6bf5ef694de,489064327.48530436
6cc4f32b39180bd1ec7e117b,566022213.7850869
79e643789a85dc4ffad49a25,828667201.3737363
b3402a9173d289d6db78e09d,585755238.2941642
a446507813234e358db8b573,502049054.0068664
c8ef57ddfb35061d1876f94e,880793757.3437791
360be0df2c003005e3db080e,588017555.4052091
9ab245a4c91877cb7a8661ce,545347775.8946041
a57a34c7486e7a40e8deb316,557373395.4909545
ceba7d0f56f6cb03538962fb,568028795.3542082
d5475993f9db58c3e4baf7a3,652956667.13121
d37a1dda09e30da13ff5bfc3,505079516.6596974
68a8b8d077a8232723bf37e9,580346207.3670413
e1eea7716ca6490b7640717a,478544963.68514764
4ae6d75b10848d259ecba576,541917332.6078151
17afbce5c0b56732abbea936,644684417.5661535
84a2673eccd3cf3bd7fd3eb0,561635737.2668011
f2f4e6cbafe527b155707f01,561279118.0720621
de2e3a592cda5b76c9573c5c,625318904.00877
fac651cf404a58f24dc7d286,888644543.8467355
e6f312a0877af26b69855a3d,711901997.5267277
333a643c623a9bc75f3a40f2,657361257.8795129
64593641e470908ef23b46cb,602493212.0198973
ce9f2f0071be658ae75ca6f9,695387999.0006646
9ab385e399a4673732b6a799,566298540.301574
3429c774b736cefc051e2c55,617002501.8362784
a51ad0372758b2bbfe73f8fd,548573536.6738731
8c801a266256e3fbabe7e3d2,768083075.5593244
ca2f81b8fb6fda20aefb0ccb,646925369.3115245
3c1b1f86087f9b99380e387c,643367820.7747464
b0cad5d612954b8cab18101c,676464268.6877561
7eb991f4c69215377e4dac8f,488402031.4522863
0d130b8bea4321300396fa34,558625801.5447415
8dfa059401e1dca80ae65ae1,507509273.4746058
3e3f264cd0ac7a65ed2349a2,616988305.9154382
112dce80bf512f3f24391d23,450598276.43002385
ff25ded6333278149f8fb68f,515927925.23227507
d555b82c192794e87e9d536f,642692096.349548
a787382d96ef9fce8f27bc70,626313556.9696872
8c3aa295f7bcfd9a43eb2037,644875367.2334197
13ac95652fb3cf6c43dafc66,423113504.1494159
42fc6a80b882c32f6264ac10,451896138.9843955
1e9c53e09220d689a0210ab9,364282639.54558754
3348706086aa3db5c92259c3,382114166.90370727
66d402a9b7d05f29282ddb00,392950235.64713806
cf88be51d6f31c10e5868ff7,388707117.5388106
30b3f38716be209a894b0942,382311303.3854449
0a5908a92d0ba3e36f54b1f3,498976799.4595661
dd206b6ea2d7f6555109ea39,437404801.7986055
c641febd8bc2ece3e4d2d8b6,403702674.635106
c11fdc02a288af0572a2bca1,637231717.8979651
35dc60a65969b264ab283d6d,371341352.85878694
d9cb0f637cd4feaaaf8a21c0,496080933.5882677
7e8dfae9a5f1faf8afa706f7,404051360.97419304
a280fe7610c254b935c9dcfc,418717687.26086783
85524880fdc4e4daf90e96fd,463000877.98208207
f361109d06f6609c16724b39,566729186.6081176
3f6b2f0c0876c21755369cb6,628359809.4758528
de26819064a290ce78d8fcc1,421243249.65559846
91be1260a84ab7fa3521c495,665724838.704021
18c8dc4549d38c918af2972e,622792806.3783445
782b0fb8641849c2c34291e6,461095236.64540833
54933f8b33a4fd6f031ed5be,567887279.0907815
953176c9a901b4f61c030432,565118414.5203737
357e2add3d68167a4f3ce15e,631021463.6658139
90332d50e91925eb9b614bef,493732455.5172572
11723d1d472bf1a3fdd8b72c,642169185.1720357
01f8b6799e2910f7769db175,636248388.1825768
a0d5001f7dd42d7f0c91d2a9,589635708.4165345
d4439c35bcb88e1490916c67,605666349.0725219
4a73dad0ff8a5262e8b07c4b,634456148.0926601
3dd8085a65f24b497ea59557,703897314.5416311
39ef085809bc80e32e7b6af6,744791102.0183369
b98ee16e8fd7d1c75a9da13c,770267405.6423049
16deb26bf740fa61e258f545,748410837.6913794
732a3bd457d7798e1fd892f6,795429942.7381655
1376058cb128a1c7729cd2e9,745963010.2054434
cac7e7c3e13af91bdc7107e8,619518955.704375
9f3dfa6e1422f6aeac527c61,610602165.1458939
4dd3d1288ccb66ee4fb9c097,820643772.1657399
15fb97d6a43731d61e95d004,700046422.0913401
dac29573163315edf99e0e7a,775104534.4151415
b93f2864087d41c3c92d43c3,742359719.6972891
cd4656aed92f5c0a0b6b7c0c,742359719.6972891
556210496090b42ac10cf1b8,699867208.7967032
762979729fb21e56a32ed14e,699867208.7967032
ea935b76abe664d5e2c4736f,540366226.5470977
40e9ef1e7c6749b7a8d04ea9,567946273.7843316
058265732a484ac8d5497f5c,525608014.5294702
6f52ea8340cdd283f9a79720,518586508.2000474
cafe7c1ee67458e05c84d5fb,607193344.0646858
3f45ed2f08a2b03b738fbb5e,591214831.8226686
f203b18854b75c4564d7a17d,645163924.9829953
d5333f639d11bc3ab073ed72,424890126.83780986
c14f644116669a160446a945,428093255.5821841
de585856ff546e00a5a4672e,426166541.0767318
7a80663cae7c191b5d025fa0,432478867.43982375
71f80198e68fbba902650b1a,413661123.03847986
f3523e0626df8cea803ead0f,401073625.06952864
619abd5f978b1573761be86d,402460286.87612116
17a2323b855e93533a9f09f2,571776707.2230331
38e8630f2c05ea38e2257c21,570765160.3645687
1e3798d739f85ee0e5a314ca,397381898.65770805
46d0544f411bbfb6b452858c,486226033.5010758
605e7a71eecb13b23ffca0c1,407498401.8504669
7515b37b7ae7c62f3dafbe7d,499760755.6915013
28be121ada9c9303be802474,436929246.86401105
331d54f8a1bd3dabce73d6d9,611677112.3592327
22d167639ccaace593dffa31,499754516.0717078
36cd68fc3ffab79fcaa340ab,432236977.53191763
db924733e88c361cdfab874a,791575899.2815212
64eea2e9a13a8edfe8ac7027,738660571.7959914
97fe6eeed892111bfa20255b,683177336.072917
b54e6757829ac95e2076d954,804053438.1577343
dd59b8122458557041903207,650475560.511842
b35c58fc1c05a77433025318,820572774.3670901
c41964afa164d8b75f8dbe92,769369583.7460694
96b3ea80cce599b68f96f86e,567615669.1519085
a4bc87ad4f1ad97c0a63d843,630402444.8305932
16e62269e6aa2ea052d05f71,914771442.9672887
518b37b51f824fa0fb5075d3,602971356.6531917
e083d83369cbc93fb94842a1,649805453.0726167
57deff02895d5286eda10d89,650627472.703027
7ed35835fbe694bc237abe38,731664269.0162736
b48efa9ddf36e85164354f26,1067653328.7380838
5910c9b29a1025bada93a5e1,650018153.219396
10a650e8cb5425c97f08f68a,561022123.2875012
9e0feca2ec3043ae6f840631,682446651.142021
35ce37bbecac6b164fa21e6c,516480774.2660026
c4955010d066e013812a85ea,679837096.0903213
d5a83c31bec18d1c3eb9af7d,696519876.1680408
70217bd08583854329722821,612899286.2158232
28e748e7aa0a447731e06706,759553695.9941688
27929c0a3e0fd2d6d2969e03,681691278.2772738
5c5ea0d8bae75e0a5c88414f,559391227.2772077
2233f50cf7b04791cf1ddeaa,771355296.3789697
bf430621f17dcaf17fb91ac7,747258778.5961
d8dc9de06461e0220bc55906,474567339.2174642
d988975f8c4e6ee8fd8dc1e1,724360338.8786635
bab884e0f99df269805e83a4,762489477.4374462
8fa9b20af1508af7a01e2267,996382183.3811982
b6f195d44ddbe10b78b97191,469494904.3140342
2ab0eeac4a228d5769fb4365,448316974.6179394
347a4deda03bfdde6d1c163d,471658405.7018496
17230f18b30b94606fea047d,393053249.51894194
eab4ae491bbbe7b8ab107229,483847903.3249104
07c753474a847bf2bccd55b7,576414125.1665094
b7ce05400f0261743073e072,579591673.0407592
4a33d213841d2af537aa967a,673687133.0955383
04eb0b590ce7483c615b043b,628895718.803582
a01a51af09a3dc387a18b58c,472288480.4877012
270b930a9e22d5016ffa4019,600883446.1118073
5ed1320fe84a518e267ff537,718047956.0958755
f04b574dc221473cfd616e22,810862636.5061966
6f7e390aa6135019dc5a828f,471240656.5369386
776d4a19fb3852fe6dcd3ddb,479102369.04076684
b7f164b79658952248866c34,673012822.845531
aafeff5826516e363471e439,383746520.581434
eba6a2b80a17a846ae560ece,371300599.8937183
90e62f8656ae504bf6175e0d,793437148.7395384
dc4331d09a1e36baaa6bde53,813461593.7581314
372d67ccb9d251e290891f0a,364276597.2850918
a7801c67a0ddd71c50ba38d3,361673628.26393455
e4d6b81f169cab8ea0244d75,478197341.1506103
cd5c6655243a4be0912bc92a,557373395.4909545
f7a7281a19733251134364fc,617218898.9573444
a716ec25a219961fbe90f367,561279118.0720621
8bd45966c16d4eafb49ee2a2,576204969.95481
baabbdaa5e8f69fc90d303c1,672474944.9156032
8bed46960db1b2a7954ffbcb,570287433.768319
dbc123f9502159d660f375ca,936460238.1171714
a4683facc81ccda10e9ae388,695387999.0006646
3a576586fa1aac85c2ffb75b,717295915.4311974
b1fb98d0ba25b21c6647d423,646080198.9372901
97fa4be3ed93c37c048f507c,528270122.1235519
cf184cc576effe39c0f857b8,674283140.1114498
784f67fcb2d009d352740ed1,413531973.42569995
f4d6ce332121f814aa663fca,621424828.7420479
c87ae84ef029febca1e633e8,517905934.63527924
e876c6fd9c161861fb92ad5a,652924257.8424962
9047c4764f2c6b1a10b87e99,1124211869.8877964
234c94e9a248ae57bb5a0771,464556665.86127156
a49c2976ca4f24f3a6b622e3,437135277.1780438
ffc171cf73514bed077339a6,384985006.60918874
fba83f5feea2522888377066,371805774.51698
1a593800d5785ecc36c25ead,510776244.890396
ab157c9601861dc387a91b82,649096017.566577
f87f8003f15b0fbc12609514,551095599.2826455
f44d035ea2b15b2c69d4da50,597997048.674382
fc815b59cce7934f816f0502,657115578.485972
32915b77ca68000ba9eed6d8,539038994.8732862
cb083fa7ff634f424a351840,589738560.6471725
4f3c7b9bc78f882f858b3d3a,449340402.0665712
53d33316e237830ad463a26b,602247631.9112234
f5d852e25d51377686c43bc8,462521915.7057042
64731b6eaf4fd2bb6c155013,534651052.2675496
dad7e45e4706ab2564ef9cf1,569627439.8696488
255914e9b13ad94efa6ed365,582047790.5389917
5a8950a64b4aea4ac13dad45,577271684.6088823
70f51b4abf26651111305b1b,759062501.7105728
8919ca18fff7571002e440ec,675126008.6743042
f776a4e0c8c82b3d29756b34,774911721.5150294
7ea4af39a7e577ffbd600f0d,682252033.4443554
45fc0d46c7a4df7ff6976fce,751898345.9837179
7cdcecc706fc7c79cce45b20,590152814.923595
3503f56e09e639be4762ff2d,763119818.951935
f70ac0d227db6f5333aa821e,788932349.4600275
20db610da64f80afc1621b12,691798419.4221478
c80ef212c870e2f20ed2234a,604239530.6265318
7dc68d5cac1b7fcdab35586e,587262734.986174
a478fb93a131fee4119bb9f9,797596721.1445621
7749b2b534213ec7b536372b,660124730.6599005
43e59f5312e304fc21c1e052,985737096.7076025
82a7920524816f3db7f5a4ca,937653949.2731841
1a7e331d9ff88ae5efafa8ea,616299630.5055559
a57350d4c79a415137281cb7,367306348.0456635
f3a6132006d54d0e22a17e84,662995833.8679038
14caab87a129f51b2b70508e,464559420.13203275
ba2423d79744d763aa3744f8,552356076.8028972
1caac10c1121a795a172889b,877404798.4917852
40768729f2697b87ed6519d1,561777973.5827767
843234d3c6c20bb60a17fbee,916684190.6273391
cd2e4dff930a1c7a1a569992,632873492.180402
5a6eab133b7e95155f6a9012,695557073.2807004
5bba6c40aeb129c433d2c58e,603745906.5169513
ad3c644b506498127c7beef1,559326326.6935396
a379656c49f4cb1cfc5b3f03,686566287.8864943
998c1a6ace613d8a7468ba5c,579951983.5240021
dd610d7ece83bb02dcd7a22f,424592506.0582297
539467d04a2b3e78c592b11b,359581108.6625096
e40fe4ac43cabe82c03dda59,425467128.2898935
5561eab714583013b422e7d4,731185046.1055758
d9110b2b5b1c02766da9e24e,504498593.9318059
c72cf05b93b9c290c063b08b,649621632.6083646
d71cc157c0c43935989009f5,573333758.6555631
4199eaa19ddf8ac436bb2ba3,582647545.3357823
d23d12bd86def2657038a481,601249617.034286
ca438e13d8aa6285858da0aa,550549214.1686852
a173eb804f4bcf6bfe889417,561213877.5144619
9b3677d498c2ccf69c756ec7,697352558.6085886
f8c787390e4c6d2e99fc7c3d,480847084.2788784
a188aa896d1b4520ccd6b65f,367166034.9200786
9fa39c9eb4b10a20dda6c3c2,614479673.1563551
7bc9022fa1eadbd9ab39acd9,435391102.1758468
46f0731f62232b32eb733dc3,556173524.0708008
b6767d1e329ff5e28c42f632,554669167.1772794
abde4b06769fcb1d5577fa7f,535669146.2202968
1496d159d31717ce254f67a7,465806511.1961619
1470749d0d2551a93827e441,568354313.2075739
3ac517f74dbf8cdc8feadfe8,518376400.3922546
fc6616c62030a53d2aa46b12,1055776362.2724601
8497f34947cb4c0ff18a0eaa,603248532.6961982
3b2936127f5a4684a1d3de22,907977938.8454444
dab58562904cd13a93d913e1,540432670.9536905
69d1e47b6bdc57512f1838a5,665833129.1382588
23c7f9a0534a4ae6a24e38a6,669769826.9932995
640e9fe41fb79ecba89d8951,819227250.4563571
31f6a25d56f3bb36386d07ae,944615821.6231841
bfb30ae71cdca27f5a5494c6,613430762.3628582
baacf0dbd690644d74f3a929,675870410.9661252
cdcb874d2e62220d12230632,753649472.3562756
1421bdbd9cf7572b799b732c,507635334.65520054
ee9e5adab1455d38edfcaa6e,896425914.3765827
1fae43a9450fae02919962b9,826559633.4046512
5f9ee280509afd55d24f39b7,552860967.4313823
82902f2082dd405ab538ff58,545371308.1901633
eae52c81f779a61f57cb5b58,556280507.7804368
4ec0aee1b202642d2739068b,655775895.5760386
f4c6c3210a3c2eb935c6d5bb,681895392.2958753
14a14706d405569501327924,390282129.43430185
146a5a4f3d111dc7b955ce42,677838452.4304838
99bdce7cdea643b0442976f5,802827141.1950345
733c7cdfd50db77066a67140,482114125.6995362
de328410e22767c66d919423,548629559.8284703
d0116b53467b3081664fb268,693069611.3826679
dc722ea5c4d62773f9fb6bbc,429383461.658855
e84605e3aadd50b064c8eac3,700625381.7075832
31a3719e57ab1425e7267fad,644996460.9017298
34993717af3f861b9735df6e,685047348.8421443
543822711986a454cfd764e3,691548295.9037758
5bbc4ff9cc3ddacb39469e27,673295926.7756845
d7ced905983af0800c19b7fe,672677373.7285466
02d5bac2567ee9e19041ad42,729041763.787882
f4897a8a0a911a2acfb8e8c7,598325403.2814
4ba19ab08d1fe7f72d0dd37a,591940218.4835497
b7c07f8afe037d55bddb8e41,381056004.9729563
40b20b5a3a986802d64f7675,500176140.0726296
01fb5931cb55f5308382818e,785359759.8647747
7cd0c7174b957df1f004fc88,622956723.4349716
ca13bacbf6dc8d1b09fe4c67,739866821.6534271
0ed0dc77661be57aab63bc83,522589095.5712884
d03558acc19951a882bd568b,423258240.33106977
b8cca0d70fb46f3a31473e98,936317397.4905005
f665a58fa8eda69547c1a159,883422081.5880374
8aa5ae4637ba83e672cd3ab9,516181953.07178247
a6da1996f66e545041d920d6,516300664.5221525
b828609eff041a68fa243a12,506033461.1179221
3f39a260b81dd7de1dff2b31,497893397.42056817
40fd167916ff071afdc44792,581703862.9379212
6ca31945172976c3a11732c6,603910175.2370884
1437d1f1601d26a3dca7594f,607674826.5986903
ebab054e5f256bf4e382002a,697762334.7902336
0838d0df248d723da4e25ea9,576152637.6133127
7a134e45b9ebe710c6c6efe6,709587149.0794786
6e9c7f27d6b89c5f9696fae6,360842924.18393075
bd12c705950c46e679c34bf6,575998735.647784
fa2c1092f17ce021964f8953,778531529.9431059
e3202b635974f7a3367c0ff9,585337955.376719
49bdf0f970af03d83a57dcff,679202447.1086097
91af29fa680d8033188ffc39,459199224.3840798
cb626b981c0997d254388e76,359497908.1189011
155a8e4186d1626fdda4d0ee,574673434.922663
d337476c2cfa780518523a6b,416215467.53445536
7c3ea8523ece273991a190da,555568426.1199434
674c02227165e1c7189c54e4,563241514.2565917
17056748001fd65cb961b384,679979770.7516601
f56bca5bebfc765162c8cae0,609577458.9983104
5f4b0ec9c7452b888b33c3e8,417478439.95258355
13dbc077e552640736267a49,391805935.74063605
cb645955c851790e83e696a7,714880517.2110478
649cca8c83352caf7442f20a,605223633.1660987
fc8836e71725949c5f3fa7f7,578311798.3280818
4f431d80287051ca323f2c08,746645424.3801075
42defcc69fa22e4c858f3c24,714880517.2110478
291a2f9022933c9d81311e81,699704591.0540679
d48a061a2040d851937413aa,704407140.5345296
55d2ad80322427ee3426dceb,485989628.11784273
8c41bfacbc1a6ab831b26fa8,693079926.5090591
c7214222fefdd8d2ad7f8f8f,614605451.4370376
b3d9a095c9c73004643c9e78,700063499.8700932
d49aeae19e13909e75dda2b6,718459971.4939363
dd10dcc52d2549df85f2a8ec,663939618.8891747
6732b448d2e4f32679f235ad,582032091.8088341
f08a5c2992cfee4c0910f68c,700063499.8700932
e3a62f080c25f404ca995e06,700063499.8700932
7634d584c3042533942e2dc0,614855036.5903945
ae58dee872922a9c678dbfcc,801703303.7464296
5ec01e911785dbd5b49b166c,621741448.6477354
9bc12d9c9ad95064412c3413,800305651.2364525
7acdaa0cee1ee62e15f4490b,666766594.0642359
d76d5b14d0acc5295b8057e2,592900806.6883651
32f3364ac1fabdd13db1cfe5,384037351.4334452
8cab957b322f1aba06bae4ad,529294093.5683153
e3dc8b417819e9afe3fc7d0d,451251733.18544835
c71fbecd8f7310c201adbf40,555887831.4890659
54c9bffcdc46819f67e4b3d1,542879416.0207703
4d94a2295f612b96264a0db8,677876295.4793065
874f4a836cb74be301e068cd,738834524.1772496
a18925f908acda4171bfbe36,827281932.4236366
a587c7419568288d68c46feb,839694845.9950526
19994da77ce4f2db3efe6660,468883236.14583236
9c4dece6127f1f3f3bc1e0f7,454583206.34241784
09c28a830f8093802384071c,437967691.331636
5766f7cfab59c920081e3046,454583206.34241784
964b7d9de17c1ce396fb83fd,449207699.99204975
44f77a86369d6607753adc09,554729015.6604781
7f25471be85adf0baeb8ebbc,412914389.26549864
6859481703fb0cb34c1e564d,491948376.7272242
7ba0c14dce0cb09ef5735d9f,585558302.9719514
62cd6a29e98a5b7a5ad38050,491610183.23702216
9c6d7e6260e4fe83d43706d4,488119014.04775745
5dbcb55dbba823dc31b041f6,611643355.9831918
85abc5c0353c5b678f087824,511182549.15889513
56dd1bc39664f8e9f316851b,582867497.2552626
b23341faa7307d9d6009c6d8,857020842.3565077
2af941adae2e8dfd66542055,417857581.14218485
268f887f25d416dcd3c0c9c2,737899901.2658786
9ddc7272fe43f07035d3da63,564987964.8652868
4002635ca8b087877ad22d5b,916157638.1208258
b515b1caa608ff42574e5a06,489783351.80739015
710542343cece039a279dbee,841677382.9056948
187a143dbd6d4bd81d6d9c32,506750343.3579824
26db92c003c8e67d92d88aaf,526451913.1403837
641ac8f4f60ae2b9cf6add93,603502820.9810729
784714647351cb6745c867b1,841677382.9056948
5fcf1e2ab4edf13ec844decf,601988616.3839079
2575d932e98c421bbb38b267,679342405.1299022
af9d2f5f62bf74a7fa9c74f4,558242609.1811843
4db8d529af9f718e6d81a85d,359581108.6625096
9a3368605e5f563e29182f3b,427649122.8677614
5ff696d8369101b6dc60e2ed,391634607.6424001
95ade3ab8dc04237acd6441a,416871163.2781099
607ed21e896eb5ffb50d5ead,432066088.8036005
40d9a852bbed67a6036c6d8b,547033442.3310826
97badba651a94721af5df3f0,573333758.6555631
b2f089146c30929c4836f0fb,628445316.1918248
936307e2f478c3ff7b9652e3,638992602.0384469
b6d5cb459999de084965e993,674989203.7874454
aeb66f808982c6308d891f55,511295164.5011817
cf8418c60f4e54dfa09b1e6e,466717172.6941597
1dcf71e8fbfef2c6534576df,582657598.0143352
c78b16f05ef58855da0d4f2f,463763404.7343637
19ecf1fc86396ada203c2a19,394520474.6510146
985fc7ab5aabf1831ce3d298,723665444.1881237
8aaeae6bcfcee5ad928ce28d,848933966.0073982
1a93cae134c79a43b13ce656,582647545.3357823
ffad647e8ee35eaea6378fb6,724507521.4466199
c21a3eaa136ef8a912ce7b74,672583131.2655898
fabe0f299a4e4bc6f51d54b9,582883583.7480578
5af99278b1091dca9b0b0332,611636965.9166888
3f0c845deec1c24472a35efd,579423443.5931313
c10f25fd39dd36287a6cde73,578458758.3856386
f37d31c512866b575780c4b7,719602069.019326
5d34f871e5a5cb3a655a0b13,730227463.3843498
95bb852a958d7b16fd676e3c,568693601.2097265
24857a7a80d5f13a52eeb054,866777191.4351848
f9796e9d13fe1becef435e54,963611957.5428299
1c2739878e452a340a4e8972,861394628.5700717
698f3f1929a2dbbc69865b65,546746560.1486682
bc230105784ca8640e499ca2,492744399.2473537
622fdba953206a65224f2c82,442446451.18254274
6765fc17d98c08142d3d7757,554457476.3610299
6f35fcba4ffd6a58bce85892,368656500.9626544
d8654c08e95b39e3b4891cd9,667204713.396753
33305df46dc2186c7e3f727e,622967304.3821222
0cec193a20d720af010383b1,578411927.1137489
734efe04fa6b326ae1d072e8,401804731.8795671
69190139558b2ef3eface18d,360743581.7641683
bb084299ad23f245d7cc5b69,390749801.57442683
d4c7b3372d70b898b167b92a,732677194.8530498
4a119b1bbf04b4bd6051c5b1,575738119.1658493
f844345b6224bc76bc3c6f91,435902147.3929692
052505ca8210e5e651fc0b63,465919807.0440259
5731cdf8cac0b8371d786c90,886870281.6981889
594d8d78af90086bf8cdf09c,571465330.05703
fcaddcc78938f3a234dd2d3f,486623938.2395278
1574958978c9b5d23d9521b5,439518509.09355533
55902baa0ece72e2e8c869d6,642191380.8467928
46161effff173111bb6c3a32,538918360.8310635
b3fcd9cbfd485e4e1da6c89c,450819707.13350576
213ddc1761cd6b018349786a,426259032.6749588
be3b1df5f008636e14bec3fe,594051594.5049533
dd27922be5b6f730f8b4e058,393590322.19946873
cd2aeb1b2649ef421102def7,674218203.7519362
a226b4af016a772dc7e39ac8,485719824.76515955
dcef5b332fd31d0ed8d754f3,405142413.66732234
481492907baba4574d4a6f35,590158903.6686181
10e5e54ab66b58b3f41ec381,427133423.27920884
d48866a153ea0fd23a858cd6,421594232.7390279
d273a2075d28e343a657d9de,791881787.6114613
90a711f776d53cf654614649,941467809.9473703
f87c76eb5071c5b309e3ac3a,395061399.05419904
74df03749e60c216a3e1292f,434213235.2677129
03a84af05df0f577e09d60c1,456361089.1906055
78682041182f01ee4db04e8e,576873487.0808053
25c76b5a1da0c2d8158b3732,679762959.0247693
af8f09175265e1546200ff86,521993568.3112574
c8d4ffb290aa9cea002e8d67,402342636.4372791
cb89ad8156c3428ac80a4db3,395858268.53098595
7602cb1e6fef087d8ee81aac,703860274.3301888
00c75d59ed4777481a50cbd3,557946129.8360299
fd36cffb856c2a14982a5fa9,512657814.27472246
06ccfa37fa6b011ac38422de,411214868.9836135
257b533b6a66b40d0f097c55,600999115.8909204
736eef4bb36681acbcc3c41b,594514784.1851904
e1a4437b17f7bec650d8cd97,426025700.0733435
ecabfcb8ce9bb47ec3089c7e,426025700.0733435
a5a46af0c9fb5c0a03855660,663863768.2431939
920b50f4355cd2674ceee068,580842680.8987647
410e5af026805ec8088f2e71,495138742.2348023
efa0c01632d13ab59f629ab1,396885735.3448498
5965d19a68a8414b0419bc68,596175503.6753738
64955a117f2d9264eb59fa82,571586593.340121
8cd46b5c9cbd056d3712f155,546746560.1486682
65f736c3fee3d14c31a57d1f,738989095.8999821
66e9c614882d58c022de7a2c,886870281.6981889
8c787c1e6161b18601e6d7de,382879510.3743189
29a115ba5b198689fce5f93b,364538530.4009476
de8ee990e70c8e5ad167dc89,520382188.24174327
0b65098a19c2fc1caa6577ed,590158903.6686181
70ea0403b722a1dae1ff9b18,732677194.8530498
5c77e242474e477513b60ad8,402649718.97582453
1655a92b20740a11a5889519,409824979.8461853
1709b1446b20b21482dd2d36,557372119.7589196
e5dba7fa0cfb81488b0c331e,622768328.6513082
d09dc3a3270073e5f1cb353c,575738119.1658493
368e740cb71b9175fe5b7b6a,622967304.3821222
b8a8ad4c0215077d3e5aa472,762016523.5595658
1f4a78e094987ce29f054fb8,401964728.923284
aae3a99ac764b8e9bfc562cf,567301946.8970026
a63ecc5539e8725af4128cb5,562503074.066541
a29e18f37ded2e901181d7d2,541616522.4145308
14ead7469d05e5eacce6a575,768291842.5601734
1cbf39c44f6b0fdbf9554845,822065386.5892065
9012294b64280c565a88a1d8,575435882.1168642
dc0e9ce44b9932c6e48a9390,761642204.0844706
a4f272acb4b3b4f5fc72e99d,637638572.6520728
b0a7295da89516be1c44512e,601054106.5659356
b638b937d4f62949b9eb9fce,688693029.9558336
cadd4a6e1075b57f7b74c63e,605953661.6182184
a88f4eeeeac5ccd1ba9b8a4e,767766204.1886036
29616bf14b5f1cd42786a91d,520734241.06595653
f03f97ca55e9a43928c18237,462710389.9365631
5fb9bd3aee2e1320dcbea448,460651439.44031245
34bcfc2f0cefad790922879e,604441595.396776
8c9849cf3d20991e5126420b,879071312.3604796
ca7b9296080c9fc9fb232782,723701175.9916396
63a5989d0dad994a6af7734c,413661123.03847986
7d25023ecf668945c87e0666,424890126.83780986
fde3d4a4a819b1fa40530238,503916558.415705
e3338ac993873aca45755dc8,432478867.43982375
bfeab1b12dd82efa96efac31,428093255.5821841
2d564574f0191164ff1d068b,401073625.06952864
5529d858e9c9e3e92ce8a95a,435444965.3554897
2755af908b841e9024718b3d,435649958.0227233
623df36ea9610ed5c58dbd8b,467162858.45906746
77924a3c7880310a4822e5a7,426166541.0767318
24fd0b7f75feda5db89a4127,443168051.0813675
c2b9a3b2747f32d26c8219fe,402460286.87612116
3c3c7861a9727bedf5e3cb29,644702558.9633373
822ba8fd3c7392bda84461a4,570765160.3645687
4625168852b335b223a05bb3,546408916.3282282
b732ff1637ec53286e890865,486226033.5010758
706bddaf0b87e4f076247450,585613849.6664451
917218fe1425d2c222da1ed3,571776707.2230331
7ac0428c4b7197ca14f3b86a,499754516.0717078
e828e83be8651bc2e07641e2,502805834.63164634
4d069f925100b6cad0b657b8,432236977.53191763
a50640d13126880a423521e8,611677112.3592327
45e92799de1a5334c3d2d72f,397381898.65770805
93ca9e75cbeaceee69b4f0e4,791575899.2815212
8fc4070ce12262679c381515,738660571.7959914
63182bbbd5f94cea67de2d8b,747258778.5961
6e163c3a0e30e7bf1e909661,683177336.072917
3cd016f68705e73b819cf74b,567615669.1519085
3da41d55a2b9f78c2b10c75d,561022123.2875012
0eb8f10c9d5ded1b09f60baf,612899286.2158232
330c37fb5065311564fd35a2,914771442.9672887
b849cef46f19e13d3fc9d5c5,650018153.219396
7bc034984b19479f29886cc9,860266867.9658107
5cae4522fa829a1614739b64,682446651.142021
bf6bd06201e60a4c98c8623d,503788532.0339267
549ebb2f616d50ca778e92cb,618202786.4962825
448ad6cf4b43298a39c7b5e6,474567339.2174642
e9a37a1a4150461126dbb6e9,595760286.0452638
1d4c50978603ef41377af057,650475560.511842
bb71a24bc5ea4051d84ecacd,602971356.6531917
286ab2411118455780314355,696519876.1680408
045108344bf09b01b597e7ce,649805453.0726167
d714e15ab5c2d5a2503bffcb,635178099.0891383
60823c81f0b98e8a57192a9b,731664269.0162736
dfa988a524343181a0d3ead5,630402444.8305932
fe8bcbd17b16ad023a202843,1067653328.7380838
69fe76202cd89637a15de1d4,759553695.9941688
e7cf67cbc08fa04be9f0a3d4,516480774.2660026
670583e7a2ec6e337429fbf9,679837096.0903213
796935018bf2b241646a2dae,769369583.7460694
5f5856dd16c0e5131835e650,681691278.2772738
ea2e380226005bb55c724ce1,650627472.703027
f40defb11ff73ba4e3db7611,636111200.0418165
a4b2dd2771f49951c027eef2,820572774.3670901
a949ede7227c8f8587715029,724360338.8786635
83f402857435d4fadb27fa36,762489477.4374462
36ab522893b5f01caea4cd0d,996382183.3811982
8e4875b7ecd0898571f0b1ae,402432158.13908887
7ef3f8bfd0368696369ac957,417543999.17055553
73ec13a5687c542137eb9a41,428848813.7423388
6334eb4a37d102ee00c6e2a1,377201199.3762408
fab91f0b03598c943fa425dd,444872842.8755864
c57c3c7edd591e16c0b7c1f6,409935535.5069927
03aea1b6ff072f117ec733af,497558216.647848
91b57e8d6c41b7afe949bcba,381173062.6439848
ebbc5fdad817b304af3585c4,368811876.7862207
0232a50c9afca03cbf4277c8,473346202.9667875
05b12b1916e51a804419c654,420132924.0471966
95c9cee9b36fd1d68f647aa5,428417354.92494273
3d31144a77cb51647f3deb02,416010622.97732973
ea87e3259c2b0d6263d39a2f,440094010.6827607
61f634438de4a10a861f42c0,415491396.7490262
c3ca43d0474dea2f2dfb9791,389557028.28964335
a13a3638569b89ddf1260470,464048215.7112639
124959d1429de095473bf5a0,502137044.98094827
4d85bbc09ae56cd85a8f87c6,418550530.23409694
2c13f29a8b9ac9b464e3a582,385073934.74774474
70215712bdd8ae7585520550,383466023.6352872
3352469ca509e8ca652fad1a,456191055.8699104
893caa7433c200e0d43e9f27,595302995.7851418
767cb14f03c909c595c2a731,662843541.2040584
11433baf7716402e8c58bd33,627336928.2552886
e07ca567b0678126a1aec803,620640863.7395514
b2286067a73bc0049328b55b,638832498.6670493
c85d56080167254c7bc19303,469934732.6129136
5b9ef8d6defdaf13dccc5ae9,502946756.50051194
f7972b1936c6d9e95d3f632b,503479018.63117975
defd03ae7d0c0a44baf80abd,485338420.9091923
6fffb7958a58a73b0e16f2b2,723625911.9147825
5d86a1db39e324770ae58efa,436778157.0826765
c56163e390d9e5a7a76e77be,662243374.2966911
fd5ba2795eb7b5fe338d6b4e,530427561.88374877
24d6d85cd0e2dc3deb2db896,575277068.3150212
feea3a2bd9f643219de51c46,431902841.8029904
055d7c66464d7e327711b497,471511905.75282586
046aaa4162cd410e92b216d0,533383159.52619785
b6bf2760cfa26cb28fc989fa,482503369.0202061
3a6262eed8967d695182e435,487019765.9405339
cf3665f24927de548639ee4d,693254259.5199531
4c243fc50d5511a1288bdc0f,507410151.5971786
d753227b5c685e93b378baea,619750818.4153711
149e49c22fa0eb163a36c932,466598666.9192156
8baa01b8c6d29c82a6108cb8,430295527.14470017
2d437a09b860d9d46644ea23,395338636.2507153
66bd80fd26836fd426be5733,408585862.4131666
a30e69524af9c1bddbc5de34,614301588.8393533
fcc96840d952d32a7300366c,463931381.26167494
659bccaa707b94f303610225,630229660.6984342
df1c66d8dfb9520c6818a32b,578598693.6653967
dd1dacc0c90022e5b40849bf,592212126.0038372
1a06bfdfaa9d9ac754ad07bb,415018009.9446659
a0ecc8ce0592a40959bd755f,688489892.6686202
739c2b9be0941e4c126d2f3a,512769791.4724836
d723eb2516802250027312b4,551578604.3236804
04cc75f46642efb1192f1875,805441236.5532289
9f37bcaa95fb0044aeef6075,914823606.7884936
7be8abb5d23794ac47ceda32,473697879.94770306
c06c737cc0cef7fafa3fc4c5,538071626.679576
48e71c45f41778f8dca24cf5,485704575.739369
b41f7c1cb9cfbd188f8e0233,654728969.1170837
32ce96d8adc8e549b90b4a8b,550950353.7435936
c6bb4ca5a0c839d38dd8ce19,669777629.5213407
1d91edf33a141fa2181abc4b,577608738.4762163
aba4e24dcc6998e5020731c8,550950353.7435936
00af33cff3ff7c6927306df4,903611246.679103
6d2328def08bae481705e20c,709439370.7992625
7815163b8e4a54843d121dc1,738143131.5290364
c9f92088dbdc0d81412968dd,743289808.7125785
8e1bd01ce4b7910d42f59be4,779577194.4240217
5fd89a857727753eae6632f3,740091429.2978894
332e395d4ce62523a2e3208e,739352950.0952529
4fc89ee51cb0e1b9d6459819,685821828.8929616
2571fe181b6ab939eac19d2d,829794434.930024
af98a0e223a825cbab78ae49,548562443.877433
ae187fea3c46c3fbee7e6e8f,642061624.6529937
c681519ec1ee1a28f6a3607b,851807813.8614494
bebcca3e75e747b5a01f5485,854678875.2720331
0842a0730545c623043b1d8e,716946926.6697447
973afa2d67c20297aa108bda,655192676.8762289
64a9f0bf04f1c890cc6e31eb,630925005.7003593
9e92b27f554068b7dfb640cd,587821248.0224789
57b7aff18c444fa3c577b079,489547574.2056782
6b23f191d2ccbebf9166926c,805626428.29860425
b80c961aeb98d24d968c71d3,748655443.7389277
064c1cd5e94efdf8c7262fec,669738281.2303133
723078b6cbdf02c88286c596,684718100.2027521
e239ff5eaaebb287beaf76fa,626155765.601457
b3b30d8b869eaad2382c5447,582756693.943341
3f295e6c14e23cff1468bf82,889367863.654628
be78bb0e06d5768ac1908247,510859349.5324332
4daf52564456895ca7f4429c,582664192.6546626
c832701653f1e7f01913660f,657599636.219611
82433a009defc21498037127,727569790.0734288
b53d3d578b1d7d9e00c8a00d,707232459.9895377
36fab4c38cdd91de650e6abd,828344238.9522378
bed932e11a599f7cd4bfa31a,811202862.6096435
1d9addd835c9fe8665e01500,474323810.8567829
d8216aa4e029c0d3d646efbc,569452117.2386557
c1b0ddd3c104ec4482d5025b,581945553.0717922
bd0f754b0fd9b7af284419b2,539742759.5712253
01e907d7672006fa2bba8b0f,445379507.6260727
7ad046b20064565644ebfaca,489903962.9020107
1ac2b23683ba89e9175d1b99,577539416.3604475
ab4c55e78eb83d80c153f50e,486943752.2811986
2ad54bda875fcf8c6b675bf5,448166263.5817866
07e76c765d1137cdd7c2ff53,425724112.95045274
5531b9663c5a37a2bdd97e9a,423511214.6257631
c740655aea4eab7066446c42,371345540.1270863
3b6c37e7e6ff1c03ee4fe995,651388788.7993785
1b5d3ddc71634099fa1f04a8,581948432.3898336
1ad916edbe6fd38f40289a04,467264211.51750106
a1368aa4d3ae850bbfd90bca,668319133.3189813
0f728f676325ece6a001b4d5,519472172.7423442
0f98c4e431100aa87e6fa6af,542042401.499721
91a08474a18644c43224c62b,409848152.081103
185dd9366a6dd1e820880917,601390724.6272393
e364018f4d994cd15d4af374,971806605.6235317
77348acef84ef77f6a076268,516121842.7969843
7f8f506137780f4cf12e73b6,459142263.43951
809082a38e6fc3faa66845b9,465002395.3888935
2072a783a44474cd0dd10d7d,589247247.9095299
b71905255273cbb0af1290a9,564924909.7252638
c7d5f021595b58c507f47d3b,634490349.4317216
65ba1feafecd7efdcf214ed2,524349103.6005892
72eb64cd02ad2a54b65083eb,820629679.8340684
35d79b2ac92083bc439124ac,596211818.2484933
2f7d36523df4a5eee3edbe05,687370612.6451474
b0d20a04106ebb87e2cdea37,605498749.553803
43650eb8b70dfa256ca64979,682252033.4443554
311fa1bf3c405f9bed13b38a,418717687.26086783
d12dc721a59af021e8ac68e5,418717687.26086783
36f9a0ea831710344f468bba,418717687.26086783
1eacbf36422a54f1327fa291,418717687.26086783
9567966987eb1d3117677cc5,383023026.5471787
e5bc85e227ed7dabfccbd005,418717687.26086783
d1f39f86c82916524273bada,641952483.643387
deeb837c2c6bcbd01930431d,728929821.4725826
57aa22792684debb8d4079dc,551095599.2826455
5b0530f544da162b9a8ff772,812677871.7785625
b7d66c5f1ad06dfcae5b33ff,382982047.8154554
bc353a421fc579770e432176,539038994.8732862
45ae1e929b0fc88718151191,445252904.7871576
b04449c499843cf46ccb695e,621048693.3490447
e4d89c9d33a0f2659df21185,591639100.2093722
b2a7a8ccbbec39b63e4cd028,696992765.2505138
3be69554b1cb31ed5732a836,482387566.15145576
de7f584df6103e8bf95f4a37,413767687.2974842
0f4de499e5bd2c57fcc75013,566729186.6081176
b4fd0aa09f993bbfb1fa8abf,454242417.4367463
88a83e58eaf136a82ab1fe37,527714157.35377043
379429ee3675d1adbf816cc5,520289336.93427515
c6084b85c8d95e0ededc25d1,747335225.9955925
8eae4346936f8c6c67be81ba,429784757.96442163
a13fc9e9b4e47340a5d53bcb,620471575.1840588
7b8a4d701066372dfbdffbec,590171523.4694707
a62a6094ffed3ea7a54fee73,633757941.5665115
bf0ad098fbccd3548d834ff1,454242417.4367463
0a231779f131c36d8e6910f4,562338816.9822378
51ba7338f5900d8ef12206fe,556017487.2971678
81b14dbf863114fdddb38579,929896757.4074373
adaa406ec9ac311e9f9c0bbe,517384784.62389493
4cb11f32806c0e07b4251984,423634124.3584295
3fee486268a1451a7b9fff7c,679515911.9603463
5666f3c36f0ce4eab2c39299,675810150.2883235
8a8dff62516671aee2250cb0,445003640.4865075
ee4fc6a146e888e993a4412a,568426878.9664524
5a16b30f4d580352710e92f1,556617344.0858847
424bb491c71e913e900db76f,668604699.232013
100bdfc998bbde3d00548bdb,792860769.5492841
d793efed9a723e77ca8272f8,562152773.1004106
725c029b7c5807a4b0ba2bc9,622792806.3783445
b6d3345346f43dba053ceccc,719122453.893372
888bc3c4ceaa108e048ad28d,613743629.6036136
267e000c89d3416e551462c2,546064193.6271055
0ab4a4b8adda35f634812221,656372386.7764276
823ed628bddea9b56792d108,628359809.4758528
a189bd7e4eecdd18ebc7d353,769870983.8447294
da16828139a19aa11bd94ffe,671542195.605984
874102a58234cc7888902d42,723470071.621028
789e5d19fa507823cc4c5296,684508957.1187526
174bcb77be3b7e408e61d7e1,646467796.8971542
31a1492e589f317a58a79df7,568807124.776128
0825f2ca4baf5b34231ecfd2,652636869.1893268
ebc96ea800887a647422b8fe,595394134.7802893
969b956eb7769b6f509d3ee6,659932508.8359448
6ef9135481d8fc882a1a735f,518926238.45088035
5f501c4532ade3f412359a1c,702696908.4953158
c6d075772255b1efa52317ac,551330660.7840407
535bdffc5b79d62aa6179c48,759728998.3969978
e95653d504208e8da19fdd03,671542195.605984
e4e529e778dbc89f854252f1,610369976.3104511
ec5866fcdb9afffad2d7f5c6,751552114.6093774
814694a725a50c306d774342,634665685.5224053
1cd6531d8539468cd5f4b315,377584348.3629863
0c3e734afaa6b7c370754082,556617344.0858847
f80eace37237614562f942aa,834114149.6345739
3aee70815bcf6effcf0e5fdf,622792806.3783445
ea21ddfa37d60737492509cf,606009855.070106
67c78ce1b8a64f36ddf90cf6,585172401.0081489
fd2efcb61008dc9d11756381,530745417.71983534
f51658b9fea670bd943d6db7,634456148.0926601
b83b0a53ead29faf9dffc0fe,613791246.5790418
c1329245f57c5d9019105382,806281789.6972089
98665b825fb3a06b914d39cf,749342201.7556113
24e90a7d9a2bd0c30a4f661e,652268653.4384764
6e64677f8d730e1f9ca240d2,560891527.2912927
a742819d8e4cf8fdfda6e094,659020608.4468312
ed75d1c40109eeb51fd636f1,685555684.674306
cfc2ab56604b4e3734d7cbbe,573860745.4983324
ed5622c308bfd10602e939ca,822634407.767328
5f537d233678443192d22642,616104382.9419609
aaa79ce67339dc53b4f41dd2,775915492.42144835
5f467c6c80023b0174823d85,652249686.7968509
46fcc0d53b263beae95b8eb9,642169185.1720357
2bd47c19e5d29a3157fb8465,774911721.5150294
9c9c2f05352c92c02d080e96,827040901.5915042
cf8fb8db6f74c236cad0cfcd,806913197.4022298
f42a53a05dc90e617e0e4c38,418563068.24504006
bd612d494e2f21051556ebe7,582699088.5493997
ed1c8ac25a3db5120c92525f,650337101.6122805
2c30c2736472590fe45277c3,488090469.44299644
bbe2c06e6f90c4234a7781ab,601401193.6337172
b527813993b7bf4a10c05683,601298105.1299839
2f610d2242d583654337d468,567176964.8980676
dc25c9240c67effcf655b02d,503129024.35573924
c35f5ef73168d03cba1b1f4f,422808799.5013924
e88009be52bf5803ba3665d3,599870185.2984636
12a63d4fcb56c1d690e1bbb1,621741166.6804241
1d58ad85a82f7731e0f198dc,617841674.051082
a2fdc7da13d098cfeba13b76,458103087.4224381
1969ba34b72e61337246cb5b,396413004.41334045
8be43cd8653accbb8fe8a270,579830734.9307512
10092cf2f8afb3658ae475ac,492158344.64900273
0fd313e5a0f02df07eb6b104,361673628.26393455
9b5f013e795f5fa610d03238,450855015.435677
b1ec4b8badc955f9f4fe2131,727738468.2222508
e491adef93281c097ab08dea,428079141.20619255
9a65fe451b30c59beb3d62ef,458109125.93847114
0d3245463127143a8a52014b,565867540.2796012
a0e3198470f97f6a169044b3,611147548.457365
33e4901b6e72593513a02207,493729248.4839739
f45234a3f0aceb12341be024,643709947.7886386
a71d53ec4fd0d64f8c06da2c,578068495.7806698
f1b30c4ea99f19a81d12f73b,580201879.2581677
a52e2c893f85b49e2499cbab,528212354.36272705
b2fd7ee866066f3ae0dfb3c0,651115099.7623821
5acc9d767e3117bed0fd8464,726477722.3942378
0449a82dd1667c8c564904f8,679455754.7841419
a0a8d63b5f43b87c0c7e1fb1,528850596.0467328
03de77e22e987fc3fed4eb78,980184650.4734917
3fed1dd17fcfbd2b86e73143,513283791.78091574
04fe204d03bd1c9876242ccd,720017428.0039979
32bdf33933c29b1cbf89539c,552860967.4313823
3f6c05c97778fbdc86304bf4,604911396.4588611
478e13e8c1cb5bc80f1080e0,548601941.6227837
3128a4896665d38feb72b456,733270407.3358835
fba6203abad5f4b3b721f29e,413997712.18648887
b25f461b3d48d833a73316a9,700625381.7075832
1282e129e1a355b161621dd8,764190173.51874
293320b55fad21ea3f4a5899,378721762.1851436
de2f5db1cd1024a9734871c3,433621989.59757376
200897b1f8bcd7c116a85306,605079266.1876599
7023f5a68e1ce9cfd23fd021,390007489.49797285
13faa4142e9d60412abb4184,470929462.78822553
d74d0241fe5222f5c5b67222,536736953.3824435
0e51111c47813a0b0dd51b64,617634554.9733392
25e3793214088669aaaa4ca5,638119502.4743311
43d7b77a99e86e8bd21a19ff,795890599.9186033
38b87cf007043b76670207d8,690947347.7982569
8fedbf13ebb7cd3475fa3074,716789891.3368357
4be510fa977b93e34a789f26,523690199.64759314
8f165174bc07c28f9fddeee3,371376206.0078467
7ff6f389e364e67c4238df8a,405265075.79218733
2c91099736f3158f7f09778f,464008240.91529214
7bb1bc81e6eb3b4390440165,574578712.0438716
74e43ea3081841278c76cda6,414733062.93403816
9b948f070b94c18e00a857a7,427916852.143003
99340b6cf8f818392d501e9e,745150760.0766892
b27088c3ccd93e7d8d5571c2,531018917.9583705
4b45cba0d601f29c2b7db97a,536725665.3520768
362212de783981c9ddb767bb,464876906.1284088
5aa78a2bc8ec5e2be315fbcc,515177138.69518757
92fecc04105a999a622ba3cd,562697427.3552412
5098115b26f2473c812b70ed,551521706.5313835
e9860f6b4c3e6699e62f6c31,433225781.4741302
71273ae563da6bbc66aa87af,372410965.28747886
6c6e7af42a6ddf62b04c35fe,418370022.81372815
484922bbe02cb218ced0e779,416795948.6081037
76745c2648b66151008f6399,401408692.19500244
2100201e0851e80488371b67,460390831.7592268
5885faa4aac834118c5e4351,457036961.1607369
f340405bd7f2c4bf524c50d9,513324718.7524237
1951c1c8855fed5db8031e5c,476314549.36162794
7dd96ddad0fa88f5c5978e39,460940598.1383174
db7535339826028d0fb3355a,456127948.19149834
4317746d5b88142780e6897c,600704551.5333042
5796e37eb1a995db5cc06eea,445399297.98117834
817915cc3582112fb5541a49,565008831.0627759
ba524c4e2f13109ce814ea38,491053228.27559626
c2439ab65fe194d1d60eaa07,571936621.9041836
92e4dcc5911b42e7f70311d7,541465813.8547328
6bf86a580c8b510b7447071a,434237313.7055561
975482a692bb98df98b2f243,429100252.2491331
336888717766096b24215b26,508499315.0597084
ad79f4fa23a28cc84487517a,621046324.5419167
d925c1d4dcb68990c7204b33,556153490.3594681
f4658aee77fa0e35a71da7f1,539494987.7388325
210d58091ea74bb902915250,587266526.02182
186d4731b3af01bbe4d08b23,628220141.749658
b760fde2d4df27a168ce0e80,602450742.3084718
2e653d2567a47067df169d97,557521114.4338874
8b63358f3cdf8df0eb1f43e2,566081996.1218096
c09d691e4c7d7b8c8f6a8370,662269024.328359
4502e2809bb5bd47b2781212,574935895.1153506
d03101c7f823dd7d17e49a83,669161725.3223128
f5dbd7dcf63b08f711561e58,569671729.0790788
9855712ed7be7e865656de13,939256520.6811202
5a6397b85f45fba27dd9311f,1062291939.6068597
4d1b0315b5aaf21bac150d96,560343001.8884823
32c7a2d032ee21f8bbc6eccf,509466023.83843404
beae197df95b84881128790d,526888281.2068942
0cf7a6d43221664a060ef681,659952277.085942
c431fd6dbad57351a497fae8,518013002.5372303
b1f8fdc8e3e25517ab80c065,427085009.5957033
7b346d5a5f5ec7165d1f8644,427085009.5957033
947ba86487536d611f548142,916157638.1208258
8398ba3b03595704b5897704,599098042.323624
3f895518a7fccca44e534578,428079141.20619255
232e859fc353dbff75c97cf8,643709947.7886386
b234ef225690d57e7c2af4c0,611147548.457365
393e2e7ea1f20eb6b4148d60,510391621.29178005
668db5244c4d5b5c76b0b395,739518797.6849214
646de9441934226c2ffeff77,726477722.3942378
de53880a3299626eb6c2cdf9,580201879.2581677
07f10df13b244dc33b464582,631802604.62918365
e4aa393309860fd5e30f49d9,566245001.2890077
8c714badfcdef8ccc73df9cb,732236687.0684236
0f8ded86be8d3543a5069b6f,378529190.79592735
3e9d73530ff24d3f4a543091,456115584.4166352
076ceb408227ab2563a663d0,360936692.784598
e0ae474a5307ef4057da4994,359411079.29283315
d41fc79d800458b1691bbb87,595281755.0329059
dc8262e1493ed593103acfa6,473299645.53779316
bd6c24498bf413b6c5adf81a,401666350.6175658
885c77c839d705ca7d04d383,558180693.0455685
b8896656cf6f5dd7c33ae46c,643637216.6379445
34a9e3ca94ac06347d879942,685412355.635996
ca3b5cd3505049f1471c47e8,638992602.0384469
8c05c66be6008af7f6dcc10b,533687627.15142924
565fb93190cd34ac8b01f01b,533687627.15142924
6c8119e00b901efd2dd40f0b,570341944.4693421
34c92caf68dd0cec9fc383ef,680176365.8904943
68939c438c34e79a317a4f3b,581608554.2362317
dfaba547699e319462abfd6d,773087607.464771
dd1d2e305d37d9dde55393b0,492651962.01340604
c32df77def9978a84f8ba7f1,518948104.503333
62103a85a8ddcfbf5e40e284,569954655.3923453
93bcdd2a8ee1d5b61d00d58a,738001551.0797961
9700892d7133ff2c0d1763e7,609396622.9776312
fca6d7455056792cd61e2ddf,801823924.9492661
4e84c5953b493be7ca96103a,528325963.308714
42fc4101da60fdb41f41f0a4,474337061.0261485
12d40725335f83e2fb9b937a,715273121.5812594
2b9681901b216f2174af0089,650518706.6370516
9ab74e81283becc00a779172,448009366.79730964
8f378dc1215f9213f187c02c,479973910.43741924
4a3a6698b5490216e8f8e6f5,827469516.2812958
0dd795526c080e8efdf8eb0e,406266721.4496811
3e7217f628a1d0fc9bc47071,369141376.4621074
157195fb2358bf2d5051c439,936820502.6456438
37063e689732880621e4e733,504895401.7120462
3bc68bc2d6a2b81f9e3b9a50,399607908.31565815
ce21f368495d385fbd98de73,564755685.7555048
1a6af7fd6a5b0602052c4c27,672502050.9136305
e38259adbfd953bf085a69b6,506112859.1944245
0cb6801c9b57e874102ca349,845805916.9676422
79f1a5bc0be914956d632658,658625576.1291704
f571f85be35a72b2ac358d27,459872386.3236313
163bec92a997aa8263f5a909,658017302.7795281
9ce3000cd80aeec2c5188e8e,439616034.98706555
6a6178c4cae2e92a08b0dd0d,595472410.1597185
d52cd6eee468311666218625,957070555.1298238
8eccd2a6352c33d8c7abcea7,561508452.0807378
53d3e32b1dc782308e352a33,661834411.7287287
be26f0523e5cb13846539384,415987100.9981115
ad7739088e8febc68abb42e5,495934066.13969177
add4f9dd26fa34829aa25eaf,745807604.861179
17005d6ec889a947397ab980,377965393.7550121
3fb3a581a9a74146dcf9b71f,442822230.6794797
51c4a8b438bb0d97f712af31,566328291.1138364
0aa1332c56bf357f492da2c0,374636777.52367055
6cc06c89c226a062fc46795a,440862814.94384754
682b38de3539b2a584446922,448284726.81467104
1cfe9cba4c2015e7b58f05a0,532956828.5404381
17d34f9cb105ca5010191142,643067288.8921099
1fc0faf46f3b533f2cae2c06,659118169.341944
12f9e1f78c630defe302f781,724565179.4423326
87bd6ee6f17d2bd5b61b0ddf,767122430.4853482
fd4ce3ddaf79d1b97043ce0b,611231093.8364834
97aacb0847561f45a5540f21,534366851.892588
a6dac56445613d70e49647e5,706649363.1799072
8b1acd29eb268fd684036180,579925935.2828966
656c13ca7a1974df58e1b826,806913197.4022298
56f72c2d672b7bc3c264f7fd,760940931.5706038
3771c66b9ecd6db0b201d4c4,365936605.85938555
45e2395bee937c187e3486e2,482748875.17778677
7c6880b05c212c66b8961b71,598648881.3724538
e0ae8d2a51c771aef5f245e9,484679611.27663463
3573093e56e95a982a41879c,564563948.9207023
0920b2df9df4f0e509a7efb5,401985717.86308855
43600371d44fbbc81f6b6fa3,363788343.7468633
2684f67bcc89c8a5b95e5592,572326599.389615
ca463fbe3e5cacc152aa70a6,365936605.85938555
0935e87627068206f6d9c0c4,560123963.7982117
10afe23f1f58f96422c97934,398370425.14235336
f3c8cf1fbbd6cced1fba0930,519484981.88157475
abfda926d174a8da1d946e27,483830519.2111971
fc9fb2f209a4b5e66f89712b,518049392.50900704
15d10635d71919d0c9663fde,617714968.0014659
79733fdf8881b0d25412abcd,711742601.6433696
7254c91fc9b51e76c6fd2a99,562861774.1932191
b732021729ecf88d6297b48c,783426230.5762378
edf4e11d1f1aa6f8080c3156,602153703.0548931
0706ce398b2bd64913e68d39,752284502.3022794
ea4a797b3d73d1b2cba9d651,873041703.990308
6c598362e322971968739673,390724088.7807508
130a119701171ed3c439c527,603624946.7926713
849c918d78991c57f32f2031,593076788.7611037
036fc9e01b2b1e3ef4574372,545441817.2192113
e4ee1a81aa121aa5f55e20f3,503933801.0694381
de926223fe4296d96466c685,527548966.54141855
340ae520163a220061bd7f28,460929267.28790826
11e36a3effeb0119b8bded5b,547089635.645253
2492a7a74edb57f784f6361c,390103706.6105574
1900e7808046a5fe89d8e440,665280735.2226851
fba35c04cfb7b6db50cbb57b,537087235.3882194
daff79365fd94d1d3a2bbbd3,400694657.1369094
51230c899cea0054bb74cc44,395142940.7345211
5e04875f99a5e4476c0b4186,728297489.4700477
542db19bc6b9a1366715dd7e,630887501.2111044
a117f625c794b7d52ec67cd4,462908275.3882506
4c59acda820b7b75823fa277,490081186.60188925
f040a167241599987e7b0967,483579198.5371279
4a016eba4744dd01954f137f,368958139.31980634
0d995f0ad226dd21bc96ff6b,481305969.13529915
3d44c742b1aa4c022a968ea2,603853419.8163649
e47aa2541fb576b9915fd625,532319070.36006695
61fe9ea90c8a777971db8384,462106714.0645601
4a611bd82c9216a3771ca7b6,515395394.0000396
0cc5caa9b48a835c92da7653,513567941.1484811
9a7f24ba55c92696d377bcb8,616802358.9497652
32366fe92222b329e3d03b29,614578392.4353825
aa26461420614755c2a52db2,595670706.1116623
53a447ad5e011909080c0ecb,567791681.327308
9d790c8c474c9de2afeb00a2,401209267.002898
dbf200ef5f1e15211e2fc6d3,552420307.1972238
b96c9e2591a4cdf9c4e0c09d,501255662.1735987
78eb6f51d94a61a967da24f4,623642248.4423208
fb338e93dda9159476b8382c,484723292.3369055
72536bfda19f78d370d95f26,675347320.1659253
7c581e2b9daf20131803eed3,499293745.8487145
50cb0ad562ab5ef4e06f84ed,563621063.2344686
a24901956dac4ee0e4b0c91f,701374377.1446537
c1b386f478152f9be1f546ea,464745358.38340265
1f34129d15f992a3b62d4b21,371343475.1933434
299117d35bcdd48afa4c2eb0,568959465.0503165
4ff6c53c0bcfd1d24bac7ad5,593542044.3261602
2e52008bd11000eb776bd80a,579387660.7077807
56b78bb57b2d1f064c47891f,451494130.9240406
ef64a8989a6444cc529dd1cb,564610904.243485
078f7c6532204fe046b13d14,735333349.6366385
28c0649dd8b294574a876e95,602763098.816093
6b9b9d28723c7ad176a9306e,650135243.6891408
a640228932682c0c04538ac3,470135436.0175184
b19efe9cbc26d61daff5ae90,495356530.5690849
dc69d70e4d2713fcdfd93dd9,735333349.6366385
358e85ba765ddde3ac31be33,362501060.4166352
5e6b2661bb7ba0ce4776d483,359502818.9201647
0b6dcb5c1952dcea931e2c20,663288514.8455876
cde84d2435eb1d0d4ffe2a43,514611742.92220134
bac550d41b2cbdc6a110ec7c,579550646.8951927
78fbb49efe7dc0d8e144ad83,679202447.1086097
606affed5c707249158c4b49,576152637.6133127
d44778d36fc789f8b8c745b4,680115750.4922531
27ee3504d1df34ee8ae5dbb2,709587149.0794786
60bae7a45a084f117eda823d,686780982.5016762
98aee6a36f208227a992f9b6,571407815.2668097
388a6dbda422f886e503e685,566946321.7201483
2869a2d2689af65497775b1a,698858832.2688125
19993833220392781bc15279,644708274.1016607
f0efda3f7fb18af1b44d6aa5,573042142.4571724
cb915d1ef92dff803c5cceae,713156575.7302732
4bf02d040efe5358d4a5940a,870373006.075074
1382140d8fb634851d4d210e,645763280.9658021
b8ea07763f2e1a3d635eb23c,435645715.1087694
8ec00d454698c119085cbee7,369501838.9829012
30d5185ca2ac2fcda2bcb79c,411450049.6153461
d0ea7bcd8cef8588ca50c778,493767607.01089555
fe6c19c6f54606a611d412c8,432415903.24235666
f22ae3d17c92427f5227cbf7,425455973.7405662
92b3b7d8dac6b2f6d5fcfd9a,529887796.4163008
8c44d216517f5c59e2611aac,373191443.0664032
b85fa4bc59149a7a25447537,380933445.38550085
99f10097f39b32a478877340,551818177.1370934
44f8d5ab70828e06198579f3,536575604.01026255
1f674965c913f9fe282d07cd,393125369.095638
60e768892afb284b0e5042bb,660806220.6858612
8a6d013451e46411d35c2b6a,483741838.1768848
6f953b9964d60f6a74c81226,562835900.642184
05076b448cfbf9dede72904a,524415896.4354168
47051c25acf866250b5d3ec4,595954462.0720513
0952c73b02dd5432aebdf2c1,683637773.6494193
cc3ef2f4fd5568aea96c257e,938985180.7462546
834fe4a1e9e4efeefb5aba08,511047365.8462847
104cd052884247b14d697673,795135079.3987485
8bf61f106e60d6be03799de7,573893439.496004
c13e387f56342f88c993f0a2,553601864.26313
ae664789baac0c47d13c3c19,527402228.30558825
ecd1e3003c5d74a3c7cbdb11,853946012.6134642
561cf254aba002fdef8258ff,967672253.2741
98799228c26c9e4899bed65e,874248932.3084505
03025756be203027ab75aaae,772849329.2305557
8997555e7bea06f7b90ce821,641731729.2549762
e91a3f962129068a3a76d209,728249850.198156
4bd0a354d75759510ab6bb46,714281966.4315375
f6c1705a83c039f7a7d46255,646933656.3700769
0c4afcff5f5a90cb79807682,780964353.4002086
d3222a7545e302bf10894658,481712046.22700244
03463535ae93b8b123eaba8b,598240019.6859837
360e5cc9ee1282e5a6ea17dc,638113327.3648678
07f24808e42c9e11a7c20232,553448293.1383767
b80d0456fba49a40fd774e5d,822788893.3486288
f865411c20924c43a080794a,667883972.6832551
c578eb2dffe903475aecbffa,448235751.54150444
d639498fabe1db1236656593,449689166.3790972
e6e3bcae6ba114caf108049f,442342619.57479125
7dd9760286606c45e6a15926,648187582.4586089
2c5f07a9402cc93f4c683759,682639427.5322595
e3295e732bcf306a2d338387,444697994.1542529
240ccc45a242f80f817b04d9,632996541.948132
a7ff59863f8719590146e71c,571233123.693643
e6477c2014ad081d22f12b9d,425275121.41382605
807687fdb46614d9aa139b20,434338010.642723
317d8f9d18599b346639a4d1,493423702.6752125
b85acd44e18ab485d3ac543e,434099307.12239075
e61476e47d7e7be706d23fee,773582967.032661
270a97e07eec2be02cd89a86,786535655.1706421
4c9dc4494a3428435457f575,412421099.50779736
26e58d0b13e7f7f5a54585d2,596693656.5986053
166e1e60acca831bfad07736,837814205.7958554
aa25d9f8737f142b8cfa970b,753395966.5526458
44cdcca08e1e66a1496fac6a,517203716.82049507
d75b7730e8c291ed41d7caf1,570897509.0008777
6d1534800bf0ce97197efb6f,571109557.7748365
8b13054b3318289aac1f13db,377870285.2621463
c6cb6ccd3f5876c9b9e29685,563537432.7105546
0356797c1683d002bcd94899,847751534.1316066
558cb38bcb8de04588bdfa30,548601980.296966
0685f2225b939147c8482e6f,369515119.54215527
cf1ba56710023ede80a8381e,615695345.2476097
2d4bd56e71f90e6fb387a2b4,1076616990.8710954
b96b8e1d636f0c10c63e5c6e,690372056.2178978
534be635a841fe21c7a702f2,578603043.302088
dd5b4eb5d20b8b9c813ba52b,480452459.2872835
46941e09b153ec19f86c0c2a,1005626933.6098863
9f06ad3793ede2ba7f39de43,560974609.3990711
b3df8c66475021fc04f107a6,494769774.6717228
468df200fa490e667bfaa31d,456032190.08591616
8130ab67c5e0d96a9a67fb12,581926274.07216
f7ea437311c0d217b0d572b2,438172942.9984378
ca0b59b35225b44447967ef8,396102997.61693794
90961073d9887bc1023315a0,420884084.9099969
a1421c30fb33a249bcd54394,443063880.1514022
c87d9677bed80b0fe06308b7,440130447.1002023
d331a4d58875a393080fdc48,442609131.01855516
2f3281ef06475d2114fbf9a7,415159971.7569298
487ede1f7f155194b69c531a,477604605.7199787
04308f869d7c992ed3ea646a,623982076.7445744
912471caea3c71e3f9f70877,731185046.1055758
1baabd705f72393167dba5c8,567023193.4356744
aa4c66791884ea2a8357924a,425467128.2898935
1ce08c19161bd0545eef8a16,880508439.8198348
01eb0a2c1033c30830161321,806539479.3090303
b2759de47d28e8cc05c94e36,524452455.9041165
bcdea05b890394a10d24601c,391258746.3727591
db9f66f68aa772fe29e37edc,415156201.1909976
bd094081331ab259b1076261,467653465.34419566
81e7c8c1894e0c3a9315ff27,476366750.21029866
7cc9cdd32c209a62908a18ad,572047800.9706222
1e18024ab7d931bc7ab5873f,635996174.9232031
baa146a6537e8630180fdd35,856661467.012847
8b788f742021f2438ffbf528,503717956.60588497
66d41314804d77ea0f440695,544803649.4355881
72dec1e6e65f6117e10a2473,384638478.7378605
4066da904062a0041a809b02,572047800.9706222
b7570bfc5ddc7caaf610908d,572047800.9706222
f6c6eb3fac9658c4951c4222,570789871.668567
5fe25ab9cf4ea071cd6287dd,415159971.7569298
0ef36d33e6c378c946b8a65e,572047800.9706222
991a94dd1e99de493672da14,570789871.668567
798d87a368f073efafead25b,572047800.9706222
9e8cbeb53820394a460f0879,570789871.668567
7b5582907bf47bb9e873a513,515166379.72104853
0f21ea53a480e4363b8d7aa9,502710554.84690183
ee667413d1cc49427ad448f9,540432670.9536905
12bb70a95996dc6e286086ed,540432670.9536905
9e9e3655ffa5921889cd8ae1,606933301.0335429
f2bfe55b6188070fc5c3f59e,510300162.8220231
1f00fb18ad48b32c666fd319,556548746.7430044
86f15ce6ea8e97837e6b9383,671433883.8033233
7002d00c9acf8b8a4a5865b6,678193671.5106381
3e85deb0237521f1a7a8fa84,601249617.034286
1bf77cd1c4037f4d2ed28036,685370863.9894856
ce8e1e2e4a79fa55a8547457,561213877.5144619
73a8efbc036911954c07b91c,550549214.1686852
9a2051367d6dcbd90a4d60e0,974355342.6508757
3804d5b313b742228ef0f1d8,576755681.455866
fd7b741b96080ca5b964cac4,762247182.278847
c4cf9ab3776289a412684892,639635276.9017893
1c51566c7dedd4a46503131d,705836744.1772219
62259b400be228a30a655a59,504550210.32078964
e5092b4a94f1c231a0c47680,697352558.6085886
6f435cb10e5728ef45be9f29,954354397.1689756
04a071d777e60627223e28d4,362593509.2093247
1117078fa37ed101e9120923,631326585.2520328
d56fda10944b088d9cbe1162,416477983.55926555
e01c49250329331a442615d6,425058943.77463365
30ab0bbf876dfa515b266c9f,426638352.2195896
6aaefcb58913bb3f49954b2d,537848471.6622285
629a6122db92e378f0eab96e,642297220.1377572
a8549fa4bb56a2bcc0e15b11,375229211.3700098
34291b30d129222905ffdaba,478147232.6550577
cd5658fc146ae4b5d78fb565,544604269.6605935
ce14bec246191176c16c4e27,495472766.19436526
46529f0455fd35b2f4a489d0,654656490.931285
52b3823c59546a6ff3de4d09,365180143.1606944
959b7ea50d93bf1c36e35005,725874350.0618587
5c6edbdf110bca5a66a51585,375229211.3700098
d4f6cc3cc6e923cd37d0fbb7,435528005.06398046
2865962bdff8929888a51341,443431694.60122484
105bcd15e02d39f70ec2ecb7,421164702.4507438
b2357bf117ecb5b9082871ca,365180143.1606944
273cb73a7bdec0d291e845f1,416477983.55926555
1f4cd62152d4940990ac6a9d,389070323.99710673
a13ff325f90eb49363f59052,607274743.030714
40871d7ade3e592560d0b3e3,523690199.64759314
ad2081cd75928b8f5e506944,739554215.2807672
1508ebe40f90f90a68f6dd69,416477983.55926555
d3cda82d1fa53a7ca1b46a33,682394940.486535
dc20d46be2470d85ad9e7e45,435141846.6238942
0a7fb26822c2ca556f62a257,544604269.6605935
40a1cefb3cbb7e2972e30d97,438463621.4875912
4c3a2b3e3d5999f747ae0d53,712345429.8909243
a8870552db951bc4e76e7f9a,412907762.3669406
cc48e66185c23195cf958612,807994558.8751343
09d4b5b5c2f97ff88215708d,583224280.3703617
a59320023948e2d915c07306,540181185.4738517
a74214a0d4d40b898ee2be88,563068406.4159373
dd9f28d722d43112651786e6,500391287.3582362
275360e29bf3309e09ec41d9,388239314.6556993
1e21ee2ab4ef88194cc85166,419606537.4059129
268c1e17bc17dd646d1885cb,419885482.1442697
33e22ea4154e8f71062dba8b,544243582.1170634
5b5db88fa09ecd8f4b9cef6a,525602375.91102594
c41dfc0b917edb6e6ef7b1c8,479907013.85369945
3ba6b07e752fa580f630eb8f,717197286.8566499
fa6db64bd7cd8b0f1c0e2453,719448797.3837631
2422ffac7337b402339dc550,709432952.9335233
dd6d47e2626e2bf24f842f21,667843322.8522
bb433dc1bd769d684d8b3352,648602996.569733
812ad0d57e4291da184bfae5,478191373.3785867
51a0a1a680770b625579e25b,569044209.2433922
a91fd5b9b1a791a6af59b70d,655731478.9670961
094da6ca19427f1a943105f6,539591140.8854744
7af0a604d1901925aa179436,627224687.0546196
890df90091e14d1c3a1b30e8,521867493.6564836
aac17b54a68bd216e2bd1d45,365342813.4739988
fce26c7fbf0bc93937ea5198,606849097.0475204
b4245f075bc41aa29b55d324,538111870.3282245
bb70d80b0c6ad3022160c8af,372407792.9040565
ac85c8f7605ceff58dcb55cb,411540838.6439597
520415ebcdd1a4059d18e2fc,608211040.3246515
81547b223494084af3e15bf3,469187750.19024867
a0f1496a0b4a7cd8b850f010,744483341.0009844
436fd4dce2ff0f71232f4b6c,385273895.28481
3923f0e655615aa6b52721b8,573442834.7857833
afe03b938be9cf14e98d4a0b,384415239.1594444
0f1c472b94feffc41f1caa44,431228671.7570564
5b76ae185e6b41243777cb4a,389127584.63852364
d70b133f81d6f1c9d93e2ed5,423096078.88111997
865459f5342a0102d255fa07,385773788.8105945
fea5eb95dfad452d6786b042,418800101.9978518
415622d0f7adb1a9f7009a63,377384303.9199635
543edc342ad39b149501aaeb,400633946.91719896
89e1d01cb5bfdf567faca443,603880414.8777226
e86b99e5dac8ed0d8296e950,383287095.7901935
2c85b19f02bb3768c10d14fc,512929947.8953486
c17a3139c360750a6de5950a,419066244.7783382
cf76e6077d47a14abaf0cfb3,402969934.88992125
82ad4b3d5a215f17e745d77e,575956507.2802582
dbb4260c89524c78de7433be,463489493.4323621
5b312ebdf71ab7971f9fd2d6,486092696.492852
b3413352f0280412f53562e0,394680776.12669206
28fc5f188c5e11717cdb4a98,396272137.63448447
c4d7a906b747428aabd368cf,513804810.3549718
a4dec2ce375ab5e4bffa5966,573824335.6040648
546d570784c7ab8746bba80e,484732776.48787385
cca9a08bc4a91f317b851f11,644875367.2334197
bf43226ba66a3e2033d32fe0,619636295.5193279
c2717194de73e1a1d8dce40f,377699193.8219459
acfc06021a7a81313d85f62b,439414098.28145623
2d531a26f8b1a8afa511e3dd,519387090.9226567
4a8acae29064919c68fc8600,575459893.9095063
691b030abfe1190802349715,405361448.9520948
a302ef23e1d0d6a273274cd0,372790594.5479686
a742f415d6c57e8493762c57,569793576.0393589
4672d1c9c3b04fcc87a0ae9b,527795944.02012414
371a0ee537001f7a9d58465a,666064665.2202857
ca5eecb01282d4a84017bd50,699988915.0228468
40eefaf8c26b8b4736308bf7,753537825.2213254
a7ff08f7e09b19c1546453fa,530742313.2598586
07a6da2c9c4833ee4cbe8625,592502714.8663158
b2d32589626abfc81e44cf70,606294272.8079106
aeb68eb7eecc4aecd5529717,624724582.0220071
3c0b438c7a4fcbfaff9f678e,653209338.5294445
c37b357d57918c3a651a5760,597938386.9986165
b65c0544e9deed76615a3138,486080627.1004367
3a8b7b9048c82797fb01a8a1,547055338.3149328
7549cbd5c8003204c85ce1a5,750949767.068926
21b4c1ad11bb1feac4d02308,689383496.9138528
b972611aaf1b68340de16545,764391088.0170814
eb3356f3856526dc140be7f4,868535102.7662528
93ba409ab36d3e10eaae18c1,706621807.1989073
5717732a654405ba208c0f5f,753183521.7510829
aebb556fa6c9275a9b5c543c,586022620.6507504
fc72e535900c592d6053b806,694354308.6229287
04d77c8ade9a55fddd28b00c,648149753.680887
028adaf559a05c8882893767,784949562.7183038
95781f187bd3fffa3d1b19f5,658355592.6123892
cc2c78d41e3fe29de0b4ec4c,598836378.6714298
f78886545677e19e472fd0c4,623854242.6067849
3dcdbb92628e6a200adf48e8,627956067.5083225
4993d1487d78cd9ae2c23619,539507893.2195203
a8a2c61f2b994411af5d9bde,558625801.5447415
57fd11f829e31e198326ac98,626313556.9696872
59b9a5730cc8a41bb7a1d16a,500817541.2596542
85b8a65f1b00f78e67622bfb,757133238.426462
971c610e55f133a1d1e6c2b2,715697276.1209214
0f9867abe3ea0b9c5363982c,632882954.0534164
086521dbe18727963538aa7b,954431984.8513677
bda3c74ea6f73407a3c0a17e,546329808.365362
257c765ac81bcf773473039b,516974965.2123143
80d2415c0460088d69574285,718516942.0906796
1554f8aa4c8fbe17e9e82d0e,739395453.066045
00f6a62599f25ac506113149,768525361.324257
ae26e4726c16cb2f6a6d3f2e,1062973615.6393824
8018df1613094a9e4606c875,702488202.2644533
eae4a1cce7c039c644f01c6a,651975125.1867541
b07cd6c30350efc5de211a8e,766624428.8899602
5a2624a08494481388f6daff,797173028.6569215
b8eb177e22c63e84738e7788,518592952.42022157
ca02c904cf5eb96ad20705ca,660749969.4420513
8e6dfdcc28f830f2696de9cf,613926511.8573921
99fdac6a2ddb1136f7117f0a,382720521.20949775
22e9f1b4b5e887cb5f0dbfd1,512769626.4916788
d89f812c7edfeb3121bf639a,402927441.8305676
19957244dabc3f727733527d,429044108.5451404
ad1322132f3b533b4aced580,405948361.86468536
40c2ea5f89f5b77cc09d1455,461430009.69649637
140c4de69883df9f3fb3a538,427890717.8503488
5529091bcc05ba5cb2156b15,463775836.78910065
55c5e58ec636586755df3dee,483548393.83565986
6049fb02c166ec9b4471a7c6,601271406.56503
758b4df32244a51b2271a891,432724875.837881
2ed1ae5e6fa77e447af230fb,520458192.27489007
527a1c27e038e45d2d1fcd9f,380538519.4601382
1d0c3ba50087cf01637de6c0,593222606.470419
d0804da971548399183ecb85,545231164.23866
46a7d0f520dd1e78c0cbce0f,545231164.23866
57e5120d0b71ec6a67746a59,493817599.9542479
b5292c1e1683d40be46bc2de,620948618.5660949
01e9c7531cf3c63c04b9189f,587561934.2311974
06e91b526821a6ad1372fc44,403866770.95124567
34bca71dc9c74a2072f11e9f,564775677.3167433
22385ae2b3e7640e8c40411b,524840211.930763
6e4adafdd872a2837921276f,516133759.5774058
8cd3031963c612efd0049f8d,499026843.48567283
43b2fb09efd1593a94b61b4c,673963371.0134753
74448f56811e9562536eff6d,531877695.0823515
44f0e088fee626993778e7fb,934226672.6653844
6e6f7fa167c0f617f50c86cb,591792399.8013717
83da5fb4c15e3daf727a3cc6,764763755.081202
b45c8a6224ae2656b4189526,884857088.0638075
0d926a0b5ef567c627a7eb0a,679411953.5043224
c73a1177d787a5ed72b8a9a7,465038826.0920694
75c1083db5c940e626c02f53,393827426.5158265
b925c9218f5132c6c81f3a18,361108924.1235773
9a091c59b3cb4c730372b34b,385237535.14140046
bcc704b2e178dd20497e073e,359460915.3817524
6f65de020f663622146b89aa,417783305.9673406
9f3680d00c86707fba024dac,658112160.939121
18d5cc463455fdb4d443a6f2,473735199.90541434
f1d76d78f9266d9552bb86f2,558468293.2913566
74dbd25d407e51337f883659,582109703.7333374
88ff73eb829a6ec5bfcc0222,622728690.3569219
ed5559fbfaba86299e87ed89,834032424.3984245
5d97aad3e83e26b551c3399a,1061194846.5449288
2258ec00dec6a2b85f439135,1061194846.5449288
6c94fd185169e708a08d3535,401542024.0750775
ddaa88a11432ca21d3eca774,377059468.05122614
2749b5cfd2728ebdf124a0a3,459647110.2425102
a7546a6c6194506dffd65360,542382823.024125
6de7bfc5e8149ebc40ec0e4b,612631653.2673357
6f83f14861e13af92a2b8cf9,414783513.00924814
d71d0c8357f09fe2f77bedde,645750476.155742
90b28f5125a0b8a0e3b10580,603228267.7308195
940e08f8fc66ac29f6d76687,584563679.6606042
41d2864e1f73e29f222c61e0,511307957.743058
f7399e57df358ae7adc9e08f,755015751.2191905
1679719f26e7c650f24eee6d,596291007.9575449
0803ef3270948a30b3fee2f0,462778063.1578483
4a3defc2b7d2cd751c9c970e,665393161.8411134
8bd2490f83568ba653cb74f6,916982034.4772308
b4ffd0a2cdcadfb962578199,784316255.7063614
7e5064603267b61520d8f83b,402089354.68778276
88964e1202647db0519a8a00,547949574.5022938
f3d94d0616744b87ff139533,550819362.5276324
60704a08df293592e4cb5719,482583782.69402486
347d5081f7bd36c8edc1f352,631092649.1682872
41d3afc1118758b5314db48e,646038838.7609239
80a1dc97797c41b61f46ec6a,524672323.117359
c0ff8812c1e8eeab07c698a1,421579873.8335756
a9a4a765b1daec2f3ed59a80,590491725.4215643
33258f995a375ca192ca4d3c,754219293.922243
80b6c823bad5b4c0fff46657,933798431.5335811
719055eed27f361071cb9eca,671563665.1102722
9a354d8c526efc5bcce59dca,588135920.1026776
9850d970fe9fd9bae89f09ad,929742677.2562435
f2c87b07466aad7328b7e0b0,905294395.8049798
27ca0c2320c520342717355d,357684161.44946885
e958bd2b19db118c31f893cd,357684161.44946885
46dcddfc78444011abd29870,411522397.28671616
061d3fd39da1b4b1397054c1,622982881.0623472
3d1a8884a9687e53e5fb0bb7,605349802.2318602
1c0236d4bc291372483a9151,755021544.2897584
c1420f278d45b85c56f415fa,603124697.1800387
ce6fc507df0105c68c29214c,429044956.6603021
e4f26a73bad4e41c375dd897,664894321.2006367
719190aff81379902beb6497,790153242.2030513
da627dae6941b59d1eb98e35,541401440.2324892
2189d3297ea703e50ec34d96,658112615.3151752
c7205874bee601a7b01a0cd3,696076700.5268915
a22bc19d0d83b13a53630b7b,497745840.37371665
8acebaa9fd7e917d7e3b391b,452223895.8632395
4e104916ab915cf3c0bef846,787821681.5029434
b0df95e9fc94d9aeebc960df,594963773.6725707
ab419cd48b81038c5a30c721,402013805.6388477
5b9bae6f556700e099fedf08,367483402.67163587
989360149d9cc6088391db4d,685149760.3399725
bad7560aac04600e1ec1a9ce,634341341.6358432
08d9f04bc4ebdc74e9d80b16,607708920.0414025
f4311c45516bafcfe8864c70,636549416.4308069
c84e1db639ee43ad83f930c3,451494130.9240406
f778fa43c92344cfbd700432,558943330.0025522
2019bd32dbd09fa285a388f7,885107627.5752734
4db834146c4e73b515d510ce,444747277.08185786
9f9f2548425519863e2cd6b6,843410027.5765177
6c3bb7e1696df587990161b1,368051383.178588
82f08aadf1eeaf2058b50592,545906510.1539426
753e74e4dbefeccf3e6b27fb,491747629.8199814
a26149f589edb9a903782a3f,573837699.5240113
bd264728a0464376e22b6bee,543930823.4081656
2d5564a502635dce2d46ef8e,661629130.1073512
05bcc7d7db8d352216a4af59,591333468.3134205
4794d9994512f01a4bbb6c48,478350917.55433214
64a4528640fe492865ebc0dd,594613937.3921387
f655ec98cd42b0bf2d7cfbfe,542207409.0230417
b09de5f1e028d4fafeb8a22b,614430399.104418
4c79f17573007a39bb2b4b7b,719116519.1079968
824894236c20b081af2c9868,646368873.406859
107e76f0c913e19217662faf,588228778.1388376
d5e2bbb69ba3876b93af2d3c,653298124.8770028
a2905faba4c1177603e6cd5b,487812500.87950844
d13e3d432783206eecb0e192,553434248.2230688
6fecee4b1e5f50c0b27dbba4,912269343.9952854
57891292fbd530872cbe68b2,605385201.9088315
d0d6a1b5c60ad420ebf2ab8f,626785486.9393036
711736da4f0e8282fc8c9e69,805412119.9997538
f32a3b542efba398907ec912,557535678.793985
299a94a02e887c6ab1de59c7,434155281.7419819
ad844bdb1150508a4c6d57b8,606600578.8398997
78c17e6ceb87f7587364c873,421974486.75409055
22e8713e2051c88cdafe2364,399085599.8288626
79c5085c14068e492e402a26,765244303.0823537
205e9d987013859f391b27b5,574894215.0709733
36aa7d0cbfe40adf3c86a134,941095041.6270972
d54d787189cc8f014ae58aaa,637032213.9704143
fe2f1459eb0a380dc31e3a4e,698250393.0698618
ad663952ff2ba1953efdc460,717365204.1097013
b7320c35e90f33fbb1c28813,466330422.1898559
8f90134b8e68948cb18fced1,446075951.91101664
2dfeb06300828182d4109c43,567567885.8870333
3f5a0cbba1433e9b6588dd73,536605895.4356577
f952c40e24c9df4ab2d62017,696270708.2223538
462c7546b358b00e617ce012,529730597.28894293
e0df3391aeb8d3f4b00f418b,501429763.18243635
1e48878318d35476c3e87520,424006788.68464243
e3903705d5a48c6d9f828ab9,541567180.1888158
9e590ad7d22105456bebc767,559926814.2002275
d0fe3d393eee5c0cea5bb6e2,454585481.47413915
57b3791f2c5acffb0097f7c4,435388053.36549073
e11f9a5cf9d6ab0ffddd6096,642420519.3060466
9a3920f803b087c29b487cec,658366892.8246657
6cc0fe8ddc318f1bbad360c5,580731391.5544091
3e0c656b64d39ab38201a112,418462498.1266821
cd55abdb54bd56d54b11fad2,580731391.5544091
7cd39eb8de56700519d8f287,568713659.9368881
d762007a4ea5de370738e875,532956828.5404381
f4fc67d9b9c6078003f9af35,513523919.46585053
dc0a4632d7378c25be351760,682773781.5817451
530a3bae5a13291c69bb8474,490420816.9244558
32b678be83da2a07b37f3012,485774990.4037994
349768047d470d2fa6ff1930,739518797.6849214
e017c3311e2fdeb50a686547,509579442.3333209
bd0329ddd50f2dc4dafebd26,651115099.7623821
f6252e878aef5f8a641c3d6e,437072587.93107194
45ae8ffacfd00fb4a4f53d0f,930293388.8994783
d186e369ed884150e71906da,683458233.0085285
7b9e6b7eb3a5db0443193fbd,821655556.8024062
1ddeeae13139b7c9ada353a3,425382069.39948404
a1ae6f9f5d02548c89b23904,659163437.0371377
dc298d37c5235e15b4cd68a3,541462515.089721
f640753edfd8fb1a995f1de1,443042082.4287606
69a1f439de0f06e1143a0006,567375057.0098665
98f253233bfcd16533e2a448,513072956.8282373
ece6f8c652d4227370ef0fcf,838928823.172147
599506739a6544839bd97b81,647644819.6474192
a12f49f4ac3c5bb0dc7d8d20,521905675.231418
9da00f8ff8e19d26c1342274,629413705.2483122
cf5213877dfb4df98f0dc10f,604728699.1446395
84c7006b5a63add890a224e8,710638821.4223778
88aed38ca59c09e1a6202672,758303371.4747825
e6bda9370c80a5f7e5cb6b07,1135720979.688568
3b54ab53b6e3453e333a0939,393333020.20136803
e72ff7414cceec6b162df345,523220323.12319595
f2d4c1faeb7694370bc65ec2,447110319.3604644
e1ffd027cce28c44c0d2f80c,538412754.328624
5c5039602efa36222e64108a,469326145.52280915
b50f2c871166ee1009416be6,598612045.8798894
5e7e36116dbc08932f5fcbf0,601366612.2500765
325ce336d3df17a078db5166,411511702.0907881
a26e967b288a1eb6d8e71d46,388241220.95766747
139331d23d9e3c40cf083a7d,655717206.6506065
1704b2d5f4a33401fb153608,484718277.9388202
ee70354146295365bf241d9c,532319070.36006695
fbb0a76f05908c118f7a3df6,404658794.1027041
2aeb794adc9892354aff7240,836026100.5713631
b0a32581cbb586f9710dc3e2,573444173.3506651
ad7f3aae29fa1e7ec900b563,581315344.9097463
1695225258263bd2f463b21e,657271984.829307
f72fb486fae49fc1de1fdcfd,924488888.2394059
6b8f7074aed7ae7e6cfbb090,1058602499.2732613
619dab52b321ab297a604185,700345179.5533468
b5bb9af24f9de68e91a1df76,567791681.327308
ac3d21f51637207d3e031c2d,610591245.8326575
2aac28d03c2110d871b5f274,423561834.33010185
9ef498b11563827597c82947,471012249.115676
4f2ca698ff03df0c6386e48f,752247207.5607758
606df4826416ea0f146ddf99,547968721.3473076
9ff08a6ca1c63480c563442c,574343410.6467636
ec27554aa1c62314f4d46fc8,422442772.78541166
762374e94f17a8783a66d598,544993908.6856883
83ca3a41ca4b5337107c197e,586637450.906542
c166a9293fa27e910e1fa9c1,553035970.6329821
57f8a1e37c4ffb1b8cbd342a,723255910.2802283
393d99ca47315ae98fe9e7c8,678763177.8170981
9bef4aacc63605f2b2b62292,615782523.706207
a266efa4e41df357ac4edda4,552468035.3190417
adfdb0eda9aa97f0d3005c4d,670416282.8008631
f05aee3e433cb036653b4375,543864038.3115116
2dfd1808bb95170a088deac6,840313646.5802355
dadf0a00434e8ceefb3e26af,722471246.9745185
4336ff9b2dc1d97ac8f9694a,380082292.66071934
eb14a5813f860bb74740da2b,418638651.4413174
3d580d0df1bf9dd124c282c9,459730779.08775836
49bb5311607e4c7600caa03b,543762352.1013669
78a39ae05ac53535ba0fad2c,576851267.3363439
936e18fcf06ca3c46eda7c8c,591920789.9182035
23f12add67accdc9ed40f59f,420449637.05846965
eb1b9e15dcb88964f79e6a4a,529143531.8591396
e2b7f984616fff25e3dd6a3f,685412355.635996
b8e2b98548a234a245d7935c,542248937.2039165
79382c56606e701e44d55033,609396622.9776312
983874e637a1a5782f31089f,444829247.0300845
3da9de8f610e5c40401a5b78,513278803.04911435
cd69a049dd8a3822e228ebaf,549507303.1417165
604f1b5149f770a8f370fc75,404693946.5709045
0d24fc1c5deb78eb1a0caa51,638895002.886852
583af1118e60e46c347ec593,845881833.290543
13b181b46359620191e6e4c1,383671881.5424329
50d8333064f0560cbe549f89,632728063.0718796
d9000c1afed253d05de7819b,383172759.1795881
792ac070d1a314f585f09987,374097995.6640795
3e874c25176a3abb336b31ac,421639129.471293
419ce7158ed62eb6897cf09e,375289648.5483645
b6b87c05c4238be76d94da2b,365437525.32138616
980d809e549333b475477bf9,409925089.0432763
a7df3d344010d5bb7dc70bf0,391658554.19680506
3d474c6a88ceb86e00f68b3a,411737898.84002393
be4bdb73add69f12f7aa6d06,654936606.1900839
fa5234ddf23dd0d9cbd3cac2,394679292.9902969
91a08f81b621333ac58c3845,456019839.95040375
702aaf395bc78986a008d70a,466881883.3382864
86b0c9c1277e9143ee765b43,371958062.1756232
9c2c22e70cffe6836f554f24,503158675.0999004
31f56b841b122b35615bae2c,378590437.27864856
41227dc9c9948a5f0688e426,518075966.46920246
781989d4b732f961f91bc3e4,378692101.0519405
cfed0221146f4d83d641e1aa,549913722.0179801
8ec491780efb2c27df8dc08b,419164388.6585228
8a5866428508658b4a2a4cb4,568908770.2985252
156dc81d6e14a71716aebcab,451429703.8672511
c24be8293c8f4080562ec0fa,407176012.587201
7fa11c05ed1c123c1a457b1f,550923482.3290977
a63c36f6e7e7ce7c7e7fe457,610119277.6178168
f9bca38d3e08176649504e74,517851560.5204308
3d389130627ca7bade643f47,457893254.5107453
70314b0bd995a4b03c771ae7,416427187.3316646
a3c3c9fc04cf2e2a051a12e6,417913431.4395492
4cbe75a162b076c4c454dfe9,413976164.6100821
0c62d4d501a426cc8fde0c36,592735979.6889714
533363375cf2cbc50d86773c,563250315.0976554
21d0f28d5f30a64352e60ac4,406130817.97481835
471b5135fced50f7cb4197e2,414698567.8454945
1c7586fd8a1a38bbda9c92cb,459269506.0992485
a0f28aaedd12f3d0eee8c6ea,374502160.4912176
8923182b6dcc9f2d8be1ab53,531316522.5120231
67f694b29bfa494bd9d9cf44,588322294.0298314
b721a5846527d5338322c9d6,363222274.674474
ed09fe201c9ab02a91779dcd,525086039.2804061
f49045b312d12268eefedcba,561065228.5455933
22ae194316f34d482bdf404b,407176012.587201
4f450ba5de4766e5ecb8a4a5,455335035.2075409
235a2209cde8f8b0276c845a,549688253.1532371
f563f0899884de7f9bdab405,450315930.00106335
5b462279f602c5b67ada82ee,538426828.9545999
fa4af69aa064a4306cb110d0,489712324.80908066
a70d32ccaa78ae9417aa7e4f,412765080.45092195
77c9e5e3a6d965ede708cda6,408220550.4262274
5637f3d3278ea049333afff4,415597879.43857294
1b1c220eb91c9448b520b76a,556918840.3826762
f4a6ec71ad7790df9578324f,523267416.97290653
217e1715fdd5db76ce93cfe2,444059526.7237165
2cfa1397c901b4e940d9f673,405638336.27962077
44672de0d6d9d0cb3b4ae938,518075966.46920246
1c50477e5b3a67f3d8fec62c,438597018.34282225
0a2a67e8b310471b115c60bf,429786260.4799312
06220a42e68510eccb4d790d,429929803.73415726
611a3e1d63c6ce5ff8779243,499264943.9453011
1284d7ed08122731aa7c0461,358605534.52496827
d44eebc871d1fa6981c32ccb,491103645.89938647
43272151f217feab78190393,568908770.2985252
6bff92260afd556a98d3e3a5,551071340.4577171
00586a92b53f4a8f9f6b3022,575423550.6323004
745e7f6a83b55196f231466f,599678600.2695626
9c558e10e5bbf230f16968f6,664760665.4797769
1b425a31cbb73b713f291e19,750928397.8161821
076ccba20dac8bfcf184b8a8,650586962.5237485
c8fd8b729f4ac6270aff9c9d,383170647.16108054
52f026e670e9851b08c70542,550600696.3963176
00304df33a3c9a7e396ddd3a,719991981.8594084
ee27eba49457286b5ab76172,641416743.9647573
97b57932e5e20416bad6919e,659516376.0662407
e570c5f58a20fda42bfb535b,782220593.8942461
79acb227b5ea365414982957,531382684.1466524
d24258de8d2ca10186660a1c,782170718.6150298
8a8c202c069c20696c2de85a,523543977.7992728
40f301afabee5be092ba20ad,568337859.7629229
afa842858299a6ebee166e31,640298596.5066655
7641dcf512a05ca754930bed,643947433.6822833
8c9b472c55d4b99e44041de5,552849603.491152
88b98c026b7650192034535f,783590807.6098236
9bdb1bc52a9ddfe92e6a948b,732431700.5879886
4abef5720fd889512ecff70a,702861259.64621
58b139bc16fa2731e4b76f28,579633267.1077713
9ad9ac8728cfc2387285c24f,620832662.4648616
75fd5603c4de9678627f81d9,785082652.7541972
9f4a25a5550f016ef2370229,655119633.0436354
d4f4d0ed36ac9affd71f302f,659319342.7109444
51bf7bc1c19fcd42e71f2463,708687981.2213535
49ce19caa1325233d0de331e,677193259.2897213
5aa1667bc8db26bac1c72f5f,744205338.59078
b43b36ea4f81bbfd4dc4d781,652490026.5841411
2a623b33f3cc1f54620b5233,634127312.3570441
8745eefb9e2761ff7eef558f,565387137.3976018
0e49eaa5cde9375b1f026820,458587897.96706194
f5acbf43add5776430d8d4a9,542271883.9746276
ca50f7143937a99accef865f,555343419.695529
0e1bc8ba1953ec8c28e53b9e,650515320.6471468
980bafcd065c8e3d6cece127,628184523.1067921
c81133d5a58d7e8eebb10c8c,712334008.6099445
09656004f0a7f544580958fb,830158582.6684035
edd342f84fc90478e344ea1f,428163467.84691
76974826c758eec5c255c5da,839901875.3117458
63b09e45c1b7dca181491030,480584179.4074232
89952b237fda041b09f0efa1,606834791.8401352
219164e1d9b14cabb9bbb8ab,725725200.5994755
ac8aa244c21a9b86de4ed599,715999217.1740733
92ba222e2dd63a4453a30637,526009810.5275159
bfaf8b7796c8c57bb5997be7,813644356.6590905
dd5a565f854eaef90976c5fc,870869106.2489026
f8ccd21343b112d8f9e7123c,611553823.6190459
a90991f865ac81cdb3de201f,519219320.2697503
fc57fa9bbc16d1b8106c2c70,672064103.6993922
9ee3218bc61636cf0d7f8107,826542153.2006384
c00592c7c0c3a863a1bab9c3,516405447.5983288
f0aa18bf86a36daeb59946e8,564720437.1537304
e186499af986f1959f729b9b,548969114.3818568
18420ed4661539a2d72ff400,544411312.7649505
957731b9940c9131d92a22fa,698858832.2688125
9172caeeaf6498737fa0c6dd,569405896.0895754
c798ea36d2e4a8119723eae7,615298631.2950369
eb963f082209fc077aa72bc9,785536421.8152199
07b7ba964a8e30dc16d66443,843541857.2359105
7fe364ae771a7689d2fa5584,697851537.9960972
c59e06a2ed37fd750cf39976,696726246.2181737
ce03d8ae43a426e074ed35f5,889328110.907905
b76c45ccae25a06dd5fc432e,532804327.1245802
f855725acc115bbbf03bacec,736320966.4844313
b0b0db3bbe07839bc2b600fe,648610369.751766
cfc8dcf337e020b875ef1572,717493473.756389
390107256faa08574d7231d2,619805806.6839684
fb10f3b45e865b4626f65ddf,672628572.2192359
75f167e2273fbecb2c81ac0e,611227960.964946
a7b15424d7c025d885636a72,686735772.1344746
f9c11e980254045d7478f273,546519465.0244734
e0b13f6dc213d05133252d15,553434248.2230688
c12f362b9060344ad044cfb7,691760777.5456446
f872f224d2af413cd104f24d,612892371.7486365
092045750c36a8945c526a12,405457462.8938882
5ef33cf17d4b45277edf35a1,422075847.7175311
fc64387d7c3c91a6e6e876ab,886911611.5212898
c1168159d4e2fffdd5662757,502421204.4930497
cb604e3a56cc847189462004,516986147.91310734
9e95710c61a4706e21cf70b3,401256141.00010526
ab37f67a3afa274e719ecbd8,498628702.2873558
970cb360eb64128037be7e23,499728819.273793
e42fc32db529e088f15cec8b,630167400.5826706
8925028d6e7a6cfce9967779,445007809.5525931
759e76e38d84a4188dff5446,748153755.9706892
83a376df2024c4c9fbf2a0ca,389160545.0749481
a8bb80d99280e332084b3950,564113379.9446268
c16ab4a11cf67a39fec6f049,473470788.7898364
9cd1127b1bc10db6b8ce5d4b,663789887.3543172
ddfa979b1d7cdea1d7dd0a86,417348770.1709694
d78f7a1592c0779093150ddc,658558166.2312775
97ce3e0ef38ad12f7fa8c4d0,360780045.5208827
5c789f2834a1a69aede6316c,364222916.31620854
c29ec380fc7295a9a770a74b,359419817.6058601
5987f6171a2bcb37062ccc94,643720847.8430173
1e91de6194769980800b4de8,588191292.1901647
0a0f206f04bfb10c137388d3,720776011.0137562
34dd15023216e187daaf5a07,637769947.5294815
33d2d1db291a13affdc209bf,579072652.1858132
6fa5e5160d7c2bed824bc0d0,486519496.22769743
8c04aa7506b8c80c1bac23f5,571697084.2912253
e5d445e39104d9ee6b244822,488730047.5294299
2ca6b3016a89139ec7590f9a,789583823.640031
e567e9e5862b13f0085505d4,374019047.7645309
edd1c4fdbef4e6beafbd39b8,397364507.57637197
039a9029c4341b1528ca6b46,374280614.864527
fa1533051ea4145f7f710ed9,409702577.4591716
9c99a85c5dd878568582dd9f,391539848.72074884
9ec426691c80918203394ee1,382270021.1525879
66f58d9d1e1eb7e81cab24a2,675777821.70874
0d0f8ce05ebe99dd3bb7b23b,528219540.3929313
6a65986cecddc5c47fbddb9e,455683757.5838836
a82fc744f537ddc6fbd16883,613087202.2374591
d4c40178c19d6cb2fcc88e48,520823616.83244026
4034cb3cb77e9cb39cc98fc5,561773957.679115
41ae9d3d280d4eebe510606a,535316762.3226002
4aaf6763c105ddf2a6eddbfe,549228517.8531365
633a7038a23ffaf4b3f7896d,607782196.731819
2a531aa9576c5f91891cc8a9,472253736.3529163
85d58cf85a179e167428ffa5,571094144.6481115
42f05e5d4862d653efda75c0,551584710.8890425
256a46a6d45d168169f63aab,492639695.8231184
4b0fba692104472b36c38c3d,553096526.8938736
253c85b226a15d0ec2fbbff4,428551470.9477983
b0bb2299d5f456f800993a11,649348138.7274681
47fe78f6299f757b231be10e,587946504.917787
4d09ece928ffac7e7d270bd8,594520369.724277
fc762d2d172737cabbdfcc75,589004595.6498178
2809252a96f47776d12021af,584628997.3017039
29eb473852b36dcfbda0c702,584628997.3017039
231c050bebe12f568ef92afc,563362339.6387297
acaf9e18bbc7295633d92e01,742490802.957126
860435300909449c0443c10e,748810451.2461145
f967ad5e086f485c27f09990,616797737.6301436
678927546243e932b48d6058,621171879.4366219
c537ea2620b8c3a3f013c0b9,523710237.6414982
10037227b2a24d9a72ced322,602244379.7104064
1b4b3662ca18e731acc18928,737269537.7616986
e6717956eeaadb3e95840256,1161942591.742751
ccc4457f68fcc1a416e3acf3,599313478.0965251
94d91969cc4b9aa1e856d801,776206706.349079
2cc821cd7b5fa82b27308f87,420565598.70478725
f05b3779581ac0015f29571f,623631458.6543226
dfe09a5f848e8e819c361ac9,424672781.7797614
ba87ed2a657b0b042a05460e,416963938.58793736
f967aa89a4440cc1c44bdc54,558434642.4874468
81fc8d666c8735e1095d0d4a,500532100.4008051
fd8b9540f1e9da778d566d25,478333240.1224612
70baafa9789d2fcf1bc212bb,528387135.118584
4911f8879e5bc9c27ac13bb1,405516465.76368815
ce53f3477814fdea2889cd2c,514697666.7850863
62f022e19ce6608919eab5f9,392305569.7175562
55657bb933aa2ea3083e0b90,396228445.95878124
808dd470aed6064f02aa5103,463267195.6476998
39bc028f3b42d9ea48808ad0,383532181.3211766
c0c01ecbb9189d77098659b8,461090125.9232431
57c68d470f6248d00b6719e4,601298105.1299839
26c66cf2f43bea00e6387326,593158255.9816899
b5f0dfbd34392f6855bb4b52,545439533.158354
25202264e18928158b89278b,570214681.1658171
e93abbb49b24717d3a0767e8,923778535.9806446
906e1f2e1bc5cd51a55b0266,601401193.6337172
eef1d35ffd08dd161a36a2d1,580358312.9060532
35e0cac576415a4e61acec80,576847029.38191
53ebe061b85f046ed12ee9c5,705224955.7904342
059d77736dc72013de7767f1,521801710.6790504
17d7986a62e0b066e4e5530e,406986848.6051002
8236c798dbffb3db51d5d744,414981292.18687105
587e67078115103d184970be,418377146.4442663
7569fb4aaa9a52d6a525e3b0,418377146.4442663
db122cadb7a9c33f420fe246,418377146.4442663
e852246b7661d30dd2e1f0ab,418377146.4442663
f04eb16931448e87aec205fd,484252097.62049085
90e858d3740d4aec0fa21c12,440271500.90122867
65647ca6e47eb2b9ba20058d,565515017.0154704
d0792d22549d1b3f63baf3ad,446406935.9205611
76c4045b5dad9a8226e9244a,503462870.7491647
fac4f0bee67523194fd4312f,544062411.170032
ba89ed56d156579ce288dbcc,534166428.54094607
adce397b6d1473b9b6d02865,470838738.47852093
f1a924badef699637ea8fcc2,431417908.0690442
3bdce823d3b96e8f0170d96d,662571498.5420444
439004dc23f97a878ebf371a,615885866.504443
192e05cd731950f91fef1d83,491826799.3462527
5110c49047db23ac3aa4ace4,690072240.0711175
f4f7bd9d03eecf35e9f37619,836386600.9681871
141dfd80a005f7b32bf70375,829099671.1959068
08513fe1cddb2cad74874a59,628120153.2220416
6b23aa3ca5edd20134811cea,563362339.6387297
0fcab263453a9f196468e552,724835445.2729254
127e08fa99afcaa339eff684,489172980.36477053
d2c46ef63db73ba3cb7e32a1,531611077.1914315
7c50c93bc9e8846345892c12,606834791.8401352
63698398738ebc7ccebac817,519887216.2463711
417e974a3f0d97e502e49800,595227548.6050782
6483f2fcdfbd26c621a527fb,550969722.2933486
3b739666f401ca6b2135652c,608875339.2754481
1b750e6e2e92e8222482cb46,642756346.472428
dd34882ac55c57480663f7ec,596291007.9575449
026c6384ceba017c5f2cd66e,529378582.66241395
3f4272a3a4b14ce152fc3abb,403740828.4026682
5cccf025fcc0a7d9ea01b170,432023448.05660444
c8d179013c5bb6379693ef03,421034179.4777096
8c258d10ce32150f5fe5b712,643874208.6804942
eeb6fa8f820ec63aa0aaa303,603228267.7308195
ec8b305ddc2bc211a8a05d0c,444492579.5861061
5a84e6d2ab8db0fc60775d03,572622580.8475804
015d17895f32e2a8b616ca1b,504654396.2707327
6fa35f1af6d51d341a3165ae,549153831.9345869
17821a9cb766b0f3ecf24e83,431166493.9533618
23141c17df584746755dc508,484959156.4089874
00076c8f390d5dcccc133309,635961313.666444
25488b1c8fedde6250b413ba,425515541.9501558
5ba6b4953759b45cb83512c7,630104261.0770626
8ea02baab0c59eac6584f62d,573082798.9844465
b5c34f90096fc88b8ca758f2,575731667.0224794
35bc25d0f9de2ed4f714fc8c,631327700.9273576
8b0e1911b8ab8028409dc9fe,879694487.8912642
2ba1672e49c023258d262d1d,446313976.19780713
2d778563921376962d126cbb,675709218.551371
bfe7c873b2fbad871327994a,643495826.5753334
72d0f19409c85dbe32cf6ec4,779208122.8768309
d406baf5cc9b4473ae9b8426,449565366.34408385
070912b7e5fb205918c1f4a3,440641234.7452635
659abd72d12756ba0670f466,380577830.1625074
7a464b948b65544159cd0db0,575472483.0634736
e89774d061d50c83b409a071,376591218.21916246
fd6b2efe5da2c35058333bbf,696131241.3393118
4577c1623c8407e95e893e63,532186132.7160279
21adc839dec9e8efb128abf1,531488521.7929177
aa843a050ebe8e4b3a04e9ef,631481419.833972
0252fcaf7bcde09274d34be5,734833820.1183927
46d77c92811f0c87d2d4907d,668413661.5825129
a8c662f906075eedb098ae5d,559786046.9102682
b8b46931b93b7750e0d1ada3,525012548.5789049
efde559422ec1dcc55abc686,619088688.8751178
339bc881458ca34bdcb771da,699218779.6013538
d7ad6527cae719481f849927,689658570.6065422
df3abaff81c430b4ba85d4a3,882698863.902332
bfd2f20a7bfb0d865d7f7193,567176964.8980676
fa3ee96e6b6ffdfd00aa335e,668499555.8103429
163228979751798ded8c3fcb,602239580.7867397
3578144f12e13e98e8cb2480,448431372.69597256
7136cad475a0480044707984,581167459.133167
93f5694b4854068f42ffe55b,491848055.6135493
51608bf64739db05c47a3bc8,491396346.78410697
6a01b6d09d516d67f4a2fb43,364624065.4032904
5f26f33bd89fa7563ac6873f,438385162.55438983
aba54b001154ad881dfeea6c,418380810.44186807
b2eb63e5da917ce649a72142,384415510.96565765
1427aec89ee9564b95e93cd4,494026407.2132745
a0087db5e9e2cdd6073021a7,452001263.068595
4396f94f7f3c403c43d3ede9,519076252.69433945
aa703cc78a1ce659901e711b,531523979.14776236
0dd1bb83f0f18af30da139f4,528349240.39496326
37efd3e2a5b6567957c62081,481506595.2195856
ea47ad6335e74dea06228b16,525253433.7366667
8a975117ab302b77ac057823,565513771.6509343
ca5949c4bcf0b63e5d1be784,394628581.9206859
e9f3f41366d5d784c2928937,500688023.5681797
7a9c505db21b777203d34bf6,424733977.1433007
238cf9f99c4b01777a97f82d,390479692.44548225
385fcde12021f4bbae6ac2fa,387631690.77201855
d9eaec557a7a6674565db1ac,1053512413.1494476
30b0c440c0bc8c6005855ff8,699576090.6206015
09feba43c0b8f3560fe09be8,691548295.9037758
2547bcc87b618d3d7e22dc21,567556695.851205
1240a616080d6ba5459335a5,774143336.4743667
7cbc8fca4f84908ed4e7192a,652443078.4937509
151a16e94d538a7a6d658ee0,841677382.9056948
a8ecaa9120c6da21229cf145,517765849.38375324
3ca34fa833e6ba10cb4b1944,844093406.4506603
dca2e851b82c512f01611ade,684866098.4218671
3747996611a842c452865a9c,623220048.3114775
3528df61a44a9895248336c9,503327986.61675626
398a67970cee5dc873d71bbc,984352809.9012021
1ba2c2eedb352ef9bb59c638,616945547.4956743
f6f4a467f40bace72ecff598,597199204.7669227
b2af9047dbf58867ed0c42af,1169537508.043404
012b8d616667a6dcece0dfaf,801029393.3836112
0b117f10e699f10f97a7e7c6,564050428.5936831
8d5192b6208902ddf4804839,562697631.8817185
b86cad78da7bf06b5ac39f99,1017545947.6926879
4cc8c95dee29e43463a8dfd9,523781102.2832223
76846ed8b7ab36821b848f2f,507367602.17260575
5428bf7f37a94ce9fb2dd435,526291943.8683578
b22c39c3df7d8e32cec2ba43,447887020.816928
44f5380847c175a42becfcdb,849126583.3830575
fae53fba5d405b2e6a3abf01,360006653.2640992
3b52bd5eee5ef8e3871dcb3d,597307923.8350021
21eef7da02b0f2a2fd987135,461881148.331323
1dd6b0ade195edae38a4a20a,578225007.6129256
f359afc7bb50cf6a61ac63d6,385837285.5871142
b0de107a8cfad95f09876eb2,577015760.5140759
2e8c76f4ed59cd3924f7136d,580030687.417209
06a2efde5244f7d653ddfb8e,582162054.5474894
f72e2f6cfbd32d97bbff3ac5,714941100.1464477
9705748d2bb061678a80826c,597947439.4937379
9620068cef0622c404e15960,447102584.29925627
cf2e8824527989d3cd29c058,400391803.61673665
6e606a7c8bc632ba0ba37184,410529599.03446203
63fa384ea296390350f23d7f,530832520.57893515
4d3f5e7ecf4d361d7eb55f5e,474667361.7343988
e31a209077a3e47712588730,657290897.1064895
5f18524e839c2987594a11a9,697430235.8073293
def06f49a0b8230ab613db94,495914506.3781205
faa72370e4c7718964930805,495914506.3781205
983503bb75d84c410d1c5d3e,702165262.3007236
30f381306494ebaa760b990c,535833903.3630908
5e72dbafa642e4f416e6f01a,534135480.4431698
3d5ece38670c1c96df4cfff8,535833903.3630908
1bd6861d451d128c8bdb72e4,736247339.6032697
072a6f084d31a5a4be4060dc,668771046.7187939
4d8deb43d663fb079262708f,564626154.080114
f00b8eac1812a500d7a732ff,645395762.0119288
77a62d5e2c89da24f66a2118,484423428.5491286
961886897eda4b0ce54d1d82,564405415.7754632
6f6c83ff891e43b7c84728e0,542682413.2025357
ca8c85e8100f64416146368e,574498512.767946
24297f4a3e14c24c941e7720,621366455.6147178
98d7f0935f021acf313630a5,780065714.7827015
a362533eea6c235049bf3359,737880466.6832367
2ddda0ae748b38a6258f660c,685155288.1762575
b18107a422b9eb6da9fb692f,695244539.8799905
11cd643195dbe5dd4567b62a,613887299.3059361
c9ee7f0666429c0c15c37499,404332952.396757
c386d1ac4fa8dcec4cbf9788,606789917.9049913
21e0bc9789139640ea33ed09,596744037.861015
cacb91ac1b835d62422b8a8e,590816743.7458159
bc41e69def6bc7490800c4a4,378580779.9000624
7a13669d2d7ed2e50b80b4d8,366690938.5610678
08dbbd8d672fd09463c061a5,402462583.8705724
cb93b0d5e9a26628b0462b14,648752285.990406
d6a43f209f810455fa41dfd6,471353946.5470691
ed5dfe95f82f4c087af07045,550942448.7197754
02060d2f56e979a61427f806,457727372.25876766
88ffa9f0bc3f6c9f2e589a75,608467629.5863034
b48093abeaa178d1f7fbd83b,690363252.2929265
b42734770dacb7e580a6d742,746978471.103671
d3aa845e96d22f31a3656aa1,421250234.13256687
becc3ae7a71d597bcb16d261,741524597.8796598
8dcfc24742ba669335a2d65f,661232063.848546
45e2411d38589a2d85774c5f,593396751.5519941
9761b0f43949eb5307472ba2,690000915.0767667
e07035cb49625760c7da85d1,392583641.839647
f88bb9c5a471504c13d3616c,437340905.3137419
4bb5265c6e63449e5fbaa270,699971117.8476247
ac73b8700744cb7835f328cd,769807033.1027255
a632ececd6a023aae8a7b730,418256815.8514121
858288683063dea9d5c57420,393182721.3752728
d04f549fdf8f34bab19a171c,389933600.77151287
6ed5fa8f114431d158d35f43,404535194.99799496
f849dfccaa8163d24ed935e2,763723750.393653
bfde6e7200fc27e6e6f1497e,596743631.4860923
59c11d3de7153d2605cc2273,481886053.0139829
33ddf4e1ed8c864e9db16887,618515069.1699661
00f5ba660a4fcf6ddb96220a,570830777.9127977
a13004b87c6d7e7bf6b75730,653783471.0686023
eebc02ff14b6d270746ca055,694209087.2809069
65ba6e178f3565a84c6ff973,621979716.4633931
a57f40f00f80abc7450aaf9b,552800096.7910124
df37b916acdce817865197ae,640694373.955652
b5c074ee2e2538aeca099fc4,1064766695.2883059
004c9da9ef1b3b5e309e475a,482009248.3940665
c5b47ac5c4b7476d50bd56ec,586833386.7115089
778ec765417db9ee48d697de,512223905.9006763
b287339babba162e290d0fb0,420976768.3098325
4d35e00e86a9d508d82ea90a,386186442.9183968
0dc2a023fb6c5e0b92d86ae2,525859561.74285084
5787d7c671378e596edfb58c,604352998.8576881
8595b5517cb3f1ff8094d67c,581427565.910368
f4d53276bdb5899c6f059c67,772515994.644172
9562ef63320854bc6f94b5a4,452213367.4075946
c04e72fb6244d9a9b28322b8,879028988.6140946
3d141576443a97b0202c9672,609607908.2681463
7caa4bad394586a46dfad854,742072753.1696515
8420bb74fadc0c8853cda025,395981557.9600173
b274adb68a37458cc5181fe2,637492685.3217204
8561bc940a91f029147430f1,643720847.8430173
258a968e403e747af5693a3a,641709491.0231738
0de34892fee879f449facb19,579657267.7296315
9634cfebe7e6b095f0065ee7,486139722.45821613
1f3544c9f47bc00fcdf59d74,377690751.4471109
e3077f6e47d130106e7165c9,450696341.2677218
f0ce47907c3c30b6b5e990b1,571996926.6557692
1432cf7de2beb14fc7603ae7,652382936.9132394
60f0df18cb4324ce5f4bf650,633648334.1488832
7c1dc421f5a689aea5babe4c,584324526.6843191
020dfae44183c65b708727c7,419811772.9830298
92a9c07259efc617e7d58f9c,509867329.0868893
18531c57f6dca78763d360bf,416453784.5527753
dacd62440872b6e94ea56fab,505112039.14643383
b607bd072e8293d6594f3829,507238884.91130173
eb86c1da60250e5559fc3cfe,552815680.8204378
fae649fc7256b9a3ec036583,492822100.01288027
b7fa81aa571906a93e9b6cba,665033517.6951845
0823be832fff81b3f1291859,414565952.36043465
fca3a0fe5db369235960d285,381223470.05462253
496fd5c93b2a578d970ed55f,367451930.8005965
9c63c6c27c74c03f071385e2,611319177.4767505
6ebe90f7140b738b3696f086,582664192.6546626
7110d6374f3fc282e4f4bdb0,410859806.63142556
d33994c75d98941acffeeb90,658574623.6781727
b8e8d84450f5e0bc8a721c94,652618661.3137184
cba57e3b393b3e392c7431fb,625973281.897526
fc2ceba651bc629e7f690849,707232459.9895377
857761b5fc5c7d101cb765b6,664483106.8565776
55f67dd7302b68477e803399,487064851.92155015
19f538269846412f3e150a4a,675252140.4256598
75e0fa8e5c83c49d3a0dea48,887191847.8896402
fcdbfb9e15352cf210cce7cd,926184278.9688104
c2b91ce4b1bc8c576a0ce1c8,805520128.1673076
73eaff92528288fdbcd61e2a,566755317.5286837
f6544a1c169aafe6c8142907,644477224.6576506
cba9aead5bad82b31da51e6e,448218299.8375265
b239bdcbfae846bf74791728,834964640.924825
3b823e81c5378ee3c977e863,400574590.5942995
1b4db5fcd1f92d3aadd5c28f,625784466.7690723
b50a6b85399ea2c6b5c33405,830432950.91194
1e6176a558f301d81bb050f8,627285898.6866453
8bcc1b035ea93a5192256b37,531285984.6507789
71a3f0980cdfea0ebb869935,411771114.4925193
8cd0345dfac13ab380240b0d,400574590.5942995
e66b2c71519ef8756db69b97,399571924.92366177
c843044c1fb30819300448d9,398371077.29404926
4ae10e7fec364242c88e511b,454529475.3851315
c9e92b994e48df83dcf9976b,849218670.592071
27f41f09ccf8d182c79cd48a,560880305.8083843
d8a7c0b01bb545c414e12a23,952474741.2340771
f3e2fddf1dbb400788a5517d,595374012.896727
89a066b7d6a31dd066fa0d32,548519790.1806731
c245bfa6587eeb55227c8a4d,385818612.90066785
500d7c5346ca11ba934e7ca5,566110796.2340165
536fa59adc007df763949045,619539681.5097382
223813dc0188fc229b63e8f3,566953437.1686196
7c972ecb7b90537b1da0deba,395351510.95324856
98d8411005ac05d77cb12516,599275396.463627
d12c08cf48be75014a149873,570249145.7737797
955544a0bc2eff312e965c2e,688843971.9278007
20488db7a62f765ac8da0a2c,684904540.6336333
3f370094239ab6fc817e9ec0,613257911.5728068
ff54bb34225682d25c551178,570249145.7737797
d0c7294b2184d0b4d0e2fa07,613257911.5728068
104e960974eee31e7e0eac6b,539484863.4906145
0d477acd9c95e9ec63839a53,815740727.3511031
6d255e0026d70dd44229a2f7,664316861.7936672
926cdc0242544bbc850520ff,442261803.31761116
e75a05dc0018f29517948ea1,382992854.77562517
dc40c56571cbee9c2b7770f0,530475272.525057
2f76a2b53e091df35a125b13,456127948.19149834
a4a49182c79c72854732594a,533324730.77624786
50287f73d47b4cc4c2e1840f,947807629.1938664
5efca36c25884a2822bb7a81,487363773.2871292
4347bf26ecd61ebc7a16b4a3,840998738.4371318
7c979648ab3729b2c0cd2106,608121927.3035007
f40acdcf5cb9925c09c9df7a,709967414.9497027
6ff3eaf8b5a2f16efddde1cc,521894778.7422312
d35596846155e74d1a637d7c,548639120.6671154
a389a1ca097a820fd9af9d15,641676975.5466297
ef450748c440c4958e5db54d,587885496.7020637
02779b92b2f9bafde0c75c11,714999811.5619708
77e5e0b64140fa00b0227a3b,397260591.3522976
eb55b0778607da932c3b311f,587885496.7020637
9fa391febd5d0a8e4c6ecb8f,396569421.12697554
6270356f1cc3dff186d0ff4e,746306285.8818613
ea7d5c601c3f8c86ca8f15e1,437219146.6319629
072efeafd082025bbc5a25e5,459918305.736308
d8bb6151d30573c7595ee7c0,579370798.2306279
f26c43f2304c8c694c818a9b,567023193.4356744
14ea4a7c57d830eba13638b1,710466089.4351745
c1ac42dad98d2f23dcbf140d,656589615.6425056
aa6af44635b5d51da4b02059,854654972.0477217
291a4ea1a695347e1901bd4b,710697244.4918882
024d2e34a561efaf4811c17a,652388639.7878965
e5a40a555d11d4429b9675c3,592633817.2288685
3a10398b72905bd710ffe9e1,604721911.9574499
340d1313fc2dc8e5b6918262,590590116.9432362
699bf5460c63a4d0e4542ade,552217749.8731806
e98bb3a89bcec8650e33e730,470871456.5110145
5de86bddd492f76596b17a0d,671301804.9534098
95dae083200a9e43a5aaf210,702928487.2580463
23fe512fcb21a0b84781a318,367162573.0082151
a9dd62f527cb0dbfa51aeb7f,522976513.50211775
8964dbb5b0cbfe509613a63f,542288695.027065
f75009356c700f7da7106cc7,538899029.5146557
6f502f363fb55811478e3b88,409846056.52028286
a48f29071cf207b27ddb03da,550077152.1844847
b46bbf66cc82a4345c5da177,505513096.57636666
a460aea3370926825b0dbc13,556566575.0253378
7a21a8d99a85171334695004,622782044.0619146
279f6f594d3f8ca8e8a5e2d5,577817576.8233078
bc3c509022e3f6104cba5203,516536878.82781607
654d2a3a0e02065560ba2484,421332087.5051349
02a2ebb6eca5772e3526d78b,551678946.819445
d4646b7f4dbebf9785963cfc,668775004.0315897
68fabddb27fc928b57efcfea,517326113.0980633
53688de79b052b3185fa9435,585257297.9148362
bb962a9e3861b06ae1daf833,745477399.6051075
d80c5f0b8ba55e7cf105d282,648432446.5643171
ed88c773fa9ae8bb29645fbf,492562286.4489591
0c3af9e0e9c80a68acebd041,542121127.3071127
0faec12daf0493a512b2fa0c,886179641.8105732
1807debb0a0b590b9ba4ebcc,703806606.4578618
20a2a0dfc963fb8a355e704b,717676340.1500685
a2c033f497e62ea10ff8ba3d,1106300344.1257353
985e40843a30150e6892e4f9,757951364.6661435
2ba0807f8cbdac389424ae04,658817226.5138979
9a565e7220cbc3d5d340e8d7,711507863.1818217
33598222854631e92fb72baa,615810093.2692806
03fb5bfbc1895115a04e8116,639633758.0319657
5045ba9a65b4bce4fd305f82,691833755.5096645
277f6440854cb0c98728e685,798170781.108381
12c7037cfa63de49e984a789,649399601.7637105
ed9976e922a774cafb601f5e,379522914.7151514
ccc70d1d8e4411331730bd7d,426205523.97947025
30d38a7bab2eaaef1ff6be0d,700443358.8428243
31a6c440ca9eb29acc0f1086,685479613.3582027
7a82ce4b2dcd2b43485f5047,823819680.0003603
a74be48ad396ae4aa33ffed6,1015354233.7904612
4ea46b833575642ecb2ed1cf,361108924.1235773
b780a0ec18c61b0760df9433,456462819.5545536
b83a5c303a2b079585b9b94f,653614380.0083106
a3c45875c0834b144f834798,412151624.5062948
c3ae3f44bbae215f7f2fad9b,377577146.33468866
5d54a0a596d49d9f85f1b5e8,572727677.958592
355d1fb69bcb4e8e8ed9ba1a,613151436.4748011
cd791a46ed616911ae7d4fbd,609510299.7788407
d2d2f335839ed35571b19bb1,676910881.0501834
0823b0dc92805ab05d3f8650,954701920.2601944
f92f4d135119fa88994929ec,711232094.335686
401f0de98764e9fdd4055406,374703240.7867835
68a7d01e50462f7506f8c8d7,447485803.76775557
e4434407771070783b97c014,367670738.51317644
7e1153d411af129357ae5c10,393949292.4935189
f409c701e200046f574f4e06,430886041.3557187
30a8b9c197bc42f088d0b873,814577678.463743
d5abd56b5a8ab8c2f61a07f3,904338853.8777449
805a27aeafb3ca91cac56d14,783065458.2479683
1ee04111d277e8758f740139,580676796.5957136
b9de7d7b9a8ef7c64e5f6bdf,585518865.7746154
5a12a15af3c0585d81ba8f5a,537856883.8143008
abb63383766a9853c1091c5a,678575596.6392865
1f95c205d5094c674f6e45a5,656995936.7520599
4911a6285f548dd30c8061e3,645659651.1059158
0b9730cff49bcaeb4d703c06,667490673.3415864
f033750cb9db15e886b156ce,679506285.6639937
fc7e93bffb7fbbdebebfaa2c,798911929.0720924
4f500afb7f7bb42189820a18,887644428.1034452
3921d7b508fa1591d40802d4,377152004.8878977
caddb9dce27a7e8012478da5,507633502.8693822
4eeafa126ac5f301cf60f9ff,416213384.69108236
59afb00a84b4f2a9ffbf71c6,551584349.0450878
7baa3608aad1fbf357d789a6,668177800.5335635
a5b8869e9cd3d0cc32a0b298,834433209.7978972
d084dce4ab9c4008ffa3bbc4,609285046.2280241
e3ff13537ffb7172336ab5c0,625312669.258657
1bc2ae31ed1970ba52b1ff60,625938509.7204323
eac7136b26bccb3c5d2b6202,731769928.6837412
073fccba71b28afd815be434,557006728.1907548
9b1c23d616e9407fff6553d6,400952221.8340334
4122eca7b73c1347a7814a70,530151496.4755394
cece8267e60c2461d6c409a2,566246457.8109721
ba4e89128058d5564987dfc5,400952221.8340334
69843aedb25a928097a22a89,406094296.72722036
a45863121bdec787e119b14c,385629512.5833975
02e8811bff38125bcf8e1a6d,364141511.14934105
d709a76487a49bf257489c0b,368945694.3287847
46c42803286c800351fe633b,475157057.5506948
2ae3ae7f794d558ec119287d,547853727.6042681
76991a35e9c1b69e1616659d,509966780.87365615
3de5d35f742cb4eb68d5f314,604157459.7939515
a53c748935206f61751dec1f,397613921.65550834
ddaf8a1e5e6922cc3dee5caa,378301470.1986854
841fed959f036a03697868e8,416307017.5689122
ebe1b5c9471f3441a388f7ac,599794188.6105027
f0f9bedbcb57383511805d17,780451659.2447838
f9402b785deedebd3ddbce6e,578707647.6076381
d1f92e6b18faf07ab70ca1ae,535539040.98846537
6e794276348acc39751eaf47,683406040.4770229
4b04e0296820d04421db5219,416476921.43688536
ea0ca17e989ec57a480aa464,585337955.376719
cc6fcb8ea6556f676c13a76e,657968891.9997592
2778de5e56ad7ece898249e9,644821160.7996914
9f0bdae4f8609ec93588de3c,746398083.2179259
90dcc3f9428a4e7cc396a15b,669927230.1293788
2d7bf0032580e6b6dd1ce36b,607183704.0978858
c45d86d17d1d0519b455b7d4,631922544.4396199
4c7e7cfb286d82aa96356fb5,506080692.784816
edc204c3e18368e0a9eab593,793689200.5375291
e789e801fb5d4501b5d64e2d,555427598.324811
3997c10ceccd2f8c8e43cda0,561274438.2531636
580d8eee8dc4b7d43cb193c7,595561518.5879487
c823e3fcfbf0c43bf2d82586,725371337.416838
30677852542c78698083d4f3,1161942591.742751
8fc78c514a2f1cdbc5ae6e1b,697762334.7902336
73c618d704a2e1ac2bc41954,601231705.777463
4ba85374c1d1f1d3f4632ca1,384829976.65462184
9a471715e4c4865b822a6b77,437153579.43436146
4e9f1e21c855f1166428fbdd,519564055.0970035
f11137d27a5d7fa57f94e97f,579807161.3938121
5fe5f3c5919c0ebd57ec8e36,560625765.544155
e40742774df7d2b614f32de6,436199078.0259842
24b28522c72f7fc359f2a718,642261305.9415591
26ff1e1f4a6f6bda702fdabe,696809078.8865927
9e617d1fd8a4f33d7b66098a,663480566.3487488
3b4e889562e4078f8f369172,393571335.7870186
3a50d40f15b1cf5bfb338092,395278432.28349745
cb2188cb8e534973ea3411a5,459410564.6639081
fa57f96bc6affd285d10c4f9,368945694.3287847
c0ea6c76eb977d83c163fd7a,367080611.2252027
367cd12d7f4aa93124047eb9,533147145.1812827
54952b5f463c64c605576601,550076902.4697112
57eaaaf24cf82d885f0f1dff,542445345.2736726
f2ba4a7a0765c3ce737b5c81,571696061.048384
5282c3c48495dc31359e70c6,373846884.6134045
552b01d72edb192663998c4b,709587149.0794786
5f3a1ab21669ad9234d4dc63,566566298.599271
68f431548c330f84c46174f6,624954875.0042629
048051ce9bf8f6a48e9451fd,609527539.0113055
fa4028ad48fb2082d167989d,496824677.17793
5b1902dd7768f5144ae7704c,679202447.1086097
be0a8f4be774eeaa42fe460d,731228708.7281208
16263617308958055850aef9,573042142.4571724
729f5fab1578f8cae4fca8f9,751813588.5983773
bddb9388922dd56737d8847b,720285699.6699457
9847a4ab995b7b1c30196704,651021497.3555073
d19937a773269962c7f9e8a3,609577458.9983104
b3c8714dcaf5322475ce2c60,640296996.6981052
875126e5776dabde40e29b09,521290617.8060383
3a36f59d7c0e6c4eb85ca0cd,700499946.2952055
630f00e15cbd7826475d1509,582032091.8088341
434782c3d1dc2b9ce7bcbbd9,605223633.1660987
a470bd174fc7587dc1449c89,578311798.3280818
99c6f87ac92cc323c8caa005,503630666.48962075
ac9ae945fe25a46184057606,977894397.9430578
15d910dd93e0aec22ccc2083,713156575.7302732
6e1a9c8457d3ac6a57598052,429780312.95306677
14e179618d1a44c5c55e23e6,458100464.5085838
2b8b979cf1952fcedc63ca9e,374321524.8938497
7cfc3061c0b2f3bd48375ab9,549070249.5002779
7200e3ba2013876cdbbde972,393972276.50912845
9ddc1924043ee8361201b39d,563121852.6060818
f22d6cc8c9611a7c23fa8969,569263379.2531391
b7c0a0a4f5c5b986a70ff249,392673411.4323155
adf176b63ea23e08d252b5ea,440651534.80789334
77069fb9fac6b61aa6a89ae3,975546486.7074591
7f0f27f6d30c743acb3e867f,542717107.7145451
7e299fd8c2d53ff1cf95aee3,573374812.0771278
f309733881a4f89d9c8a8958,793752261.9243326
0f937643c067371018c8deee,513698139.88443035
8e35609c1265ddf59e1c015c,534062610.161199
c1ba606f32ce0337cbccc2b1,643934254.2096559
15f02dd18da12f4d7b0ac2ab,676993202.7337687
bcbe8ed608f233d5ed7362c1,912823359.7246859
14611fccccfa2a6499b2acef,458871885.0409362
b10b428245022d55db248b72,424412330.8206807
13e6c5cde1004803fed93cfc,463811266.2917917
ba31c38eada33f680d44627a,763491542.716468
3786daeec4a4fb40ef07d8e5,539608459.4096026
7736ac030d8b587f44f7898b,592383405.1506755
98f89d21e5dbe53f8704e745,732685179.6299417
981fcb79db3881259eb303bb,464061132.25940305
08bb88dabf0070f72a801a4b,646725553.4852664
32d56542ab5486bdaf4466fc,590202853.3257278
c0f911fe7ee2113ec59cb5f8,634565983.677533
3adadd50e603746e5e4fc082,579385915.8405575
d117e9672b3ea0435e7a894d,464061132.25940305
020473766363019ee40d6685,626522730.4734806
b04d16faf40ee02eda59a9af,459039705.63539577
bd6f3819a1c0e551598fb9c7,399068701.07840914
5520cf373444931ed8630635,384874433.17965144
40355fef059659469e16e3ec,422024855.14129734
deb844a2812586991b3022f4,588347265.0431968
ac0b895f523b53b4abd013dd,539457808.0335535
ac208e250f5ae3e5e1008351,479013438.2867454
0064cd1c55914cc8370a096f,466462316.86970466
165fab7a9f8dd404cf4e9d9a,397621692.243065
df3eca0f59974a812b4ea9b4,890987020.6361089
1b7c062b606d0560e850a2e6,405265128.9591278
87ddb3a17b601cf7c61e8c07,611437783.4291167
837cb6389640f3919bc73e9b,699155801.0344323
77bab76414ecb20888cef7a1,693271924.2447629
a9268ef5b7133cf6ed1a376a,695992349.8163722
cf7cbedea50333cd2dfb0e30,707232459.9895377
b0cfed2d25a5d78c96d39d20,588658985.0929396
ec0c283eeb8db461c20af1d6,596992507.5532429
27c3b7ba2991e7bc0c9fc322,580143792.8356462
0332c7ec0d3e547ec6d61664,647471703.0188718
e58b92216ee6438a921ee0d4,550528846.5511626
f7959842378c94c9f620f561,450556422.7046882
cd0236af88ded6bc15b49eb2,592383405.1506755
d40e0c2222c0debe89735e88,450556422.7046882
2bc9bbe0f0216ed9d865a85a,566938377.8011545
e9bbc31499ca187c6a492175,598865384.402625
f2409d037bc8b3e63ca69fd7,798092028.242696
5ad71b7cfd356a75021174ab,411074843.5801298
67dec8c47ad4de9605d56db7,482179741.5887556
c6d679cc07ce4373197748a8,853521843.5219624
a36ff3637b7d2b1c52999ea8,609259143.0550497
3a384d68b7ddab45e01b6e99,496313048.8149883
42d34ca2252acaf6e777d23b,666336164.7698507
c4b2a42a8908cc35e649fb16,580994847.7935848
18c38418824075acaad8f960,491688979.56882924
85bb6775065df76bda33f738,619248197.1965044
14cee0bdd9dd5537b96d0786,488778444.1069439
ab332133aca64315672a7192,505721254.91763693
d53b60b0f2c65918153ca2e5,376647523.15762645
ed1f81648083d4d2726710ac,463386312.67319226
b6692a933facd74b4b11569e,375268350.10062736
90e00fc58569167c00fae7d0,435958148.66267747
8a514fffdec277cd46c7cc71,436236681.1047837
7f0b4b5851c77d78805320c5,483067289.3309405
fed1a608e3c0f2b79cd02ebb,430728743.8456095
075a5474294e25da55373a09,397197546.26493436
8826b9e008064cea38855d35,457868429.3277201
660eb3b40b2bcd07df8f5c3f,435645715.1087694
d55cdfba22aae78b6fab5491,387738493.6783769
ea6e83dbade169818975e5b3,602402424.135991
dcac44d3f8024c6ea1632432,398664707.37004244
2772adb268cffadfb2917c2f,404373318.8884733
3192bb7190b9130c4e67be4e,494230091.24793303
9d892f73b02f001c2f715607,470079921.312733
c27d72aa1fc5d37f4cc105eb,670584711.8833388
6c0ac32bc8a66844197c5fb4,493761209.2719747
52338f4f7c8af6c649106a96,451745402.9630991
356815b8ffc300fe03073b7a,503246183.8289634
22c780d56cb97fc34f29e9cb,377681816.6051711
806907598158861a6958388c,423114233.2220074
449cddc4dc3ef1e93b7f7c26,602004116.9370048
b225270821758e45cdead76d,412211837.7472692
e07bc486c6f5541e4788f83b,929713064.8776006
970c0d4928a9292748c0fd00,599759325.873189
f73f720abdfe4b5adfa2bcda,554641236.3343506
48d3b0ef6e5f999bb90fbfc1,887684270.0447329
b3ec2f8af6e9adce047536b8,737561673.6353269
0e1c66f843e06f14d7264864,538117649.4937232
91c4f018fc7939d150593935,685871227.7057841
102434eee07ed18268857a9d,859130827.3092562
a4c70eae507d630c2f285eb5,703626046.7773949
45abee1de734dc32936d0b1d,568412330.3486992
82bdf442e186baa829e06da1,652212870.4683784
019cd320e02a64ba3ba9a37d,578988495.3635222
ba1b3c8ac8afafef56233c84,775424491.1905153
3c3a0f57e030472879f454d8,497945071.3543568
d520e90e7d0c44a6b8852e5b,648465325.8983202
38328747d2e1e0e568c05523,768204659.8126084
659e9ad0f593b644071cd850,911221944.5232759
3e6645f2cd377ba17ae2e46e,504204559.35929793
307eb683db84db535106c445,1067126342.4489033
26c8961848e3a77d98049638,564856445.7017894
52373e15e9dc1ad371a0c090,743062842.6511157
e5b2a446c12222efc187e02e,621472584.258895
156f706d1d30de19f7e369ea,524127551.3760198
aa94d2ad36bc0e91bf561be5,679336519.2158456
8ab41842b8e41b89d8670ecb,484320490.26714724
b19ab02a8e22f3e88a26031b,849398849.9629946
a6b1ca7a4e91c4c0f4366984,768987438.613608
a277d5e8216fdc3d7c93eb2b,771857702.7380354
f939b7271c4d399a5e647f8f,596138836.739934
941392f9a135909273422dec,928690868.8384652
e07d8e9e38e309958288a516,892872046.8352234
258f10f742fcc835d53063cf,802538041.620784
fb672b4cb1b66f2022f36a40,838374108.5980334
ce9dbb6d009cbdbe654edcfc,675180532.731881
22e524f1fab17d5b8616d741,742223059.9243412
7f0d874df9235245f47b04c3,647527741.6571043
27a8a052b815998c771a1f55,742223059.9243412
b80593fba07e21f8bdbc352e,851115181.8456056
d18d990404e7fd07424f5a77,404731297.47136515
033599f7e7ecd8d9c8cfba46,646273862.4979844
51cf2fa527c3db62914169b7,549312564.7192123
2b2fa2ed0055a19859e78446,515935396.4912025
a8e1adbf076dd737c079129c,730135172.4420029
adf948af7b24f9b6f29610cd,451079668.2737138
23473bcde48f634641769e22,415788644.1765394
c90486bba327ede32dec60a6,464201838.2353918
d254d88ea0989a609b71fb72,428079141.20619255
2373c595d24a7b862b518ec5,619107928.0634826
ec401de1c0ab2dbc149da048,517151991.61053514
17c0a8fd3a2c8b5b18d61e4b,501498014.28826916
1a1016e7a96da2237b391be5,496890993.3743182
c5b40b510bf7f121c93a2332,643846504.9111881
aca37e216a27b4dd5337df99,625073920.1475691
96f59167d17d1c99f31be997,578660460.692999
062b36cb4a87cec372f9f91d,581918538.1250207
0466a7e06b152c1860d44334,644717420.4505259
f44726680d0c594a2d430bbb,772734010.3556283
8aac8946e7ae5725971c5557,769016935.3843428
e1aa6c46135f4d1aa1b7a1f4,768676146.4298016
fdbe5801070756d1744211cc,571424750.904792
6ec4c88b8d3a16148e2e7348,512638454.28403467
57c87ce038e4e523b4ec189b,630844714.8010396
9bd500fb24eebd53d8262b62,532192877.412559
85a86e01443aba593f95dae4,625501742.0249623
13e2ec0a12c8a48a753b85ef,438524130.3795131
b93dc01af5f49e6dcfb7a547,371941532.4506963
71a42155184509caba01a1dc,410593887.31803346
25fb1c0c4aace859265de172,568412330.3486992
6f63e4f866bda86d5c993c8d,374974354.46476877
72bc42a5c73e7b1f9d54c835,595954462.0720513
c06f36b42021a1512cb6e3bb,406696293.4593663
f1a7fa5dc1996591ff97a34e,550365274.8711311
6128a8deb1f0bfbbf0d67769,580000907.6498952
b5254c6c29b4f6984d328216,398195153.4170184
6cb19c3e491a60bb2c166669,582664192.6546626
dda4ee9f3811c29e2b261a5c,648465325.8983202
7a564ce9a4ed3d2b8fbb1103,568412330.3486992
63b982fab95cd17211a4a58d,508420430.974653
5272c50f1d8fded01f7fb0e0,680255435.2823042
02b47e60ab77588aff6cb433,503602069.10928595
ddcc7f7a087aa5f4797a8a5d,582664192.6546626
77a887ca508d924ad5203194,654196419.0783478
b57ab7afef2b8aee016ce6a0,674601021.8911486
640a801d503d85835eb65a42,654728969.1170837
767ff947b16b2271f516c28d,991498743.7141365
1dbb46a250f504e9c8673bed,635526770.5898571
fd6e9c9ed7679485dfd0b022,614540573.6573032
7dc4f9de14c2924b229ca0a3,628275466.634182
3064379f468404110d594c87,551727906.2323285
6005ebd6442c62f8becdd2f5,633907856.904819
b62e960eebdf95c2eaaaf9f3,697410942.8267862
7b0258f1aaee97661c34de64,544341312.0883489
91e2f9f7d4ed776d38a3274f,641916543.1376829
d505277049a254f960e114ef,556287045.9406774
32040dd7b8edfbe331773288,596992507.5532429
70e427235490d7d9c9239676,577126489.6123554
1a2aa38b8e18fd7ed5be77ff,592329418.9142836
4883f7ce7086ba9c8ddd4315,548667295.6009299
4116cde03803e63a3e87e847,716817023.9300014
d6de5d741702387dc3f4481f,564584530.8715739
2346533f4712f3bbd036d85b,658574623.6781727
f6a12c0f02fcff1be042ed0e,707232459.9895377
eba3cb8156e0115bd7dfb525,863073063.9569181
ff27ae490bf03513b6bb386f,556670611.2172909
e87779bf2f8af86fc4ae9583,464177396.36484545
4a809b3987cff0290c1df8fc,452066097.68306077
8f4241a17d1211687bf232c4,425785317.4081036
bd8c1ff6f9919ec6f1dccda9,389839050.8805832
081e008e772c6a79b809a87b,451078957.1613215
0eff08cf4bc42dd442a70231,519117866.60736847
b4e084d14962cc58d4089955,582699088.5493997
d02c3b5ac6fa0ed6db06e490,611551050.2863926
e8abf103cbe9fecbdd758516,582699088.5493997
05308c4f3d0e0887e4a68a92,434230152.6389454
256a6ba3ff423a899229f154,506220604.2668
097314d920292b46eab5dbc1,569557903.4476678
4ce0fcf14266d144c82f8d4b,511630956.85415924
548791b5faf236b1c03b7523,501234706.0228556
40ef1682158d0c3cd07f484b,787725764.8351545
7b473504c85e9cb576f951e2,645452178.5436237
730c7382d76a07904f559b28,407576251.51777375
e05598d3c49f409b937ff2a1,416965004.025718
844dc89fe6588acccf0c7536,437964962.78488564
ad1492590bf61d2cc83b493c,525775128.00576437
88fce3ad9b8a965dc11336cf,364416464.1637608
b76d853ea415967415ace0d7,628659215.810611
c12c81b3eb12bb329466e88a,744836817.3297341
4e27458d179a469435d02ff4,545529342.9649228
8d15b4bb1447eba7a680ef47,487394181.1230786
482c7150c7555cb35558398c,711237914.0168889
e5d6be06fd53d317c8e5c7c0,599968710.643336
f798e7105aa8aa66750a2c85,595515613.5863156
eb24e0a0ebfbe16eba466280,585275114.105983
618dede0dbd48df4fe610af1,582882116.9622445
6fd936b82bcfd3cd2451bdfa,529176721.83011323
adbb5c4ba7be2903799a51b2,568964926.6776302
3a99197868ce338c738a3b20,569981275.025296
d4c45f35f214fc226ec85b36,682307727.0645063
c3140ab2134de662162af508,358852375.86647886
0fe23ccd8e42605f4d9f78a7,369595665.58106506
8816e8101ddc4e704053e23c,547853727.6042681
64ecb100d7882ddec6bafbcb,544886597.1722126
9151a8c65e1f01ce591c595d,576034150.8068905
c8a40314be3014c2a218f5bd,685018437.8466871
29bd4cbe11f44759e07487fd,604898344.5170457
72ddab9ba5f24941e4dbed6b,751789454.5427334
1f18df9ee1b19359816ed13c,649335290.9434947
fb82175fad61a81e9b665fd3,862968222.075977
dee2e190c4e2539124ac3ee1,680204645.0439066
0cc2f3a49dd703e7554ba638,793922515.6207476
ece0394e38b152e6c1571324,503630666.48962075
e14328c988a27176e9fc63af,764374933.0210743
a91664b9f15f9d6f262e7b2e,719638620.3915347
d54270fd6b09b38a978cd7b9,721675613.4358253
40c74dec061500aaa78f78b7,411048801.2772364
cbf6faf7b47b43b2a77b3654,725539212.0651472
52fa1eb3cc7cc2f77ff98764,523278175.89049864
bae512bdd3b04405c519bf4a,742076804.2213677
e7fbff0a25cde72a38e7c7bb,707840187.3244914
d3f297fadece964afe5f1cc4,611441809.1305479
2679ba671751ff16e76f1807,507023728.55023706
8059e45ca26bfefbb18d8e40,558256069.7708203
9e7ee8e17b1e76965e96ef95,616896009.2979523
9039bc918a76e486041842d0,624978479.9487504
1d7912750a5e345f7edcdcbf,633669068.4131061
4fe0482ad622080f55a0460f,517617160.5354229
953fd7541735fa8d9a342642,756469248.7053093
0b3021c156324d1e7974ce3b,687177876.0859499
b0a8e4b4ef6678e6b43865e2,641587293.5945578
bb47fda808b52f30364a4d6f,538344305.0792357
d846dbe691d0ee3ac5c3bec6,663703931.7246579
21932b5a5fa65d237ddb6293,538344305.0792357
07481a101afc1d5db45245df,989134437.0963719
d99c00c516cf57b6fd9e877b,476573838.22400016
6dbb494acdc64c03742fa730,751812653.0734055
35f69c7a9870ac62735d7639,595322696.4330976
2721f5495ef5dde16fd29cf4,663663426.0131717
0c068dbfdafa3429c71189af,526524794.65610015
f3293c4064d71f9322ca97b2,739322279.3194392
5eb268b95d7b6006b064f9af,548601941.6227837
e13a1c06ccbf814945dbc768,525592390.08878124
935a1e8c7e62ca9d3bff398e,616954407.0110652
f0c7ecd3b2261873d3664748,889520229.8955855
d2f20425e236285124eaebad,539490258.1135862
05926b977b5df59857194ec1,569800881.5712059
f548ef815603ec44f4629a60,616144226.9247086
6cd147720319f60ed2599361,744118418.7009265
6302477fe8172d08f3b4815f,421991496.14212203
b0af9b1e84a1886489d46b91,548573536.6738731
5f3a2a31f6d1838e0a9531fd,645866213.0878037
96786aff35713dc21f6bfe5f,622956723.4349716
68de232e27aa83405b4a19b9,1025087559.552312
8d252e9b0912f09703110b81,418972712.9021446
f4e646df504728ee1e6ad0d8,407242886.35518134
e89cf4cc82c5283f3db6f5f6,451532912.4089458
1bc2c099466f9a989266be0d,402380508.45355546
bef2008b362c4af1fc3be566,466972896.51987106
7988f76ba063d25a4f467730,508503408.31323755
391a98a344e894c6397d62f3,441894981.6927342
5ab0b8b0d6d93c4654b5cc14,803401984.2151549
305d6abea2f3e496e3b6fcf4,810304727.8102795
f512fde4fa3f1f7fe885de83,573907787.2505233
c7b6e7a287602275f7854ef0,642366537.579739
3d11a16b008c26fe43deca03,692966563.6655457
ac7f21d22d013874c362d440,1095284229.6601286
c933750eeb53302db0245782,638946570.2062083
766a8ff17723a5c34324576b,570559458.5529748
802fe3175a2059f12d7edb99,402897578.73815054
508bfd077c80b6cdfc5a10e1,543537611.4042888
ddf8733adb641e15837bd728,464132540.40956354
17914fbe0c3634dae8ce9d71,500116137.72424597
09e4397bf9794fe24d87d07c,526723129.3066643
302918a3460b98acb64fafdd,527214425.8845783
a7e57a8be8fc8d8a844cf9f0,411394121.7293279
7b50b071f4d795c9b5ad7531,536483382.71497136
91a7bcd95c0c960e4cc22d91,568332873.8343774
5d4a23137173c0e2288ec418,561313779.8143905
751ba0c00d4fae1078c02fb9,676415051.0246826
e6bc998ad1d87c5be3559ab1,477992596.7265599
53aa9cd32e2a6aa346d3d789,477992596.7265599
06f22f7a8e4e78f45ae81638,537167506.2147312
2105c17a4e2f97183e24aa4b,647102872.5604213
ec13a869c212c39b6ba21b57,570646906.5772974
0b49dedfb53ec812962e31e7,777571278.1122423
69e6fbd4d3816c4cc37b265a,610375843.3948131
ad46f8bd482500f3bb935737,577061024.2688487
368f7a70a62962bf31ec9583,588017555.4052091
07412230b931192771072334,554903063.197327
e63d334d9ae8b672dc7b7d5c,588017555.4052091
3e1c2c5b0831edf78f7b7082,554903063.197327
226277c02e8532922a1c769d,671218828.3870041
7902ada9116a1cf7458933cc,576204969.95481
b21f6e217d6733230a8eb7b7,576978614.3615974
09ac622c303bce9ad5514442,384125019.25551057
ea63bca8e3a77fe88d88fafc,641529438.9433355
a3c7c54fa12d5b57dd997210,653966778.1815368
cdadb2607807935a0a5597e1,554420219.6520841
8d041784b65d33c76e5245a4,825854498.731672
e6807209b634455bad257998,399568197.83132744
b1e3f1efb232cb0976506cc2,691145253.1709074
dea95d98e8bff87b905f9172,653252274.2020383
44b6382d9195ceb3f12d4939,652284037.0784954
41f33deb9990562def18c917,873921775.2109017
0a61250b2c208d42a3077bde,601231705.777463
c714b30713eb7877ed3cd92a,474749319.6340588
bf120b883bfaf7641eda65a9,475200482.1121709
90b34ed38e0f18988f11d77c,621056944.6440176
feade1f4b3b06fdc12ec213f,765422934.5118835
00bff9be2d524083e3b3149d,434972363.28671193
f1e38e53ddb8a9d5b641d934,594064424.1776202
49dbaf0bcca86f32f86e641e,736748834.5290673
18539b6cb6884f753e0ac18f,553825886.7632701
7586a79a0151387a1c0cd85a,541399193.8209733
d533a334c2ad9d510865fe54,577199077.502217
95f7bbdcfb59b4cdb41b0394,567615669.1519085
4a2ae08359e1ecd39b43afbc,631536311.3385136
e8cf39cada5b7755f60306d1,588334674.3069253
0489a476b376f7f6efbc193b,375301784.1182469
7b31b5e53015f8116fedb0c6,629677962.3179806
4c0892a39011cc6a37fc1145,598067999.812633
92d7d4fa9fd09075bec14a3c,588994970.0017418
5e5ea93675900efebecaa19a,403841842.93014747
084de1226de9a6f4a6075c2d,557046289.6401724
54f16cb9563346e15b019102,452360549.17804927
512a6de80962ab797ed2bf72,643535676.506229
871befe27fa79fc1e1813b19,616706928.3463975
4e0b1df5e05ac505c701f519,399193535.0646403
37227e66adec69299f853e51,571054849.57718
0a0e3ee960f60d04ffd6bc0a,444627726.5449606
82b15a5da307865c7045dd56,712224457.1420494
44d596fa36e3992208292ade,477588589.3350513
3569024b3ae4865240973e6d,780743050.0790045
31d3215c8345d48ce9734c65,402045094.38841194
147e7f5381d3c951fc446376,440524254.2849812
77deea164a3a622df41249f5,406132862.1190643
3cdee5304896e4cb9604ebe3,490625612.86458313
f5418917530b72c9fea14f66,639498582.3366871
ffcbce226963f10da8c53fd7,529496261.1578335
2fffe55a1584619bd7c489f6,564631260.5228293
3920eb3f72b96fcb58ef778a,395773657.9048056
d10bdbfbd411ae625dc80611,560586854.3294697
d61ac80c0d4737c3529f4a2e,499639097.7383829
f8948886cb4cb018eca25d19,661409072.4578431
da5bf7f1c7b2f4ad670e2382,427898402.92964244
f406c9c3c92e9b31310a50ec,615074557.6302401
171b560236ce760573a990fb,602296239.8784657
4d852bd93332172bfb081aff,602296239.8784657
2e1f7569d134a931098a2ede,913807339.1098983
6d8d2ba62c52445d78f687ed,581012789.8010916
65ae1a893abdc2eaa63d9271,519994300.2414666
c9c51c39725d7df94822fb20,500160539.8173586
56ddb54e50deaf650a25e82c,519602144.9602203
aeb330dede55fb66654901fa,595561518.5879487
4f4e3350c429c6afc0bb0094,714246217.0856074
39377d0d271da03ad85c7bd1,542445345.2736726
bda2fcbba2b412981e708054,555427598.324811
eb89d0b7914010148e6bb597,555342347.1784493
513d0ddf1ce44ca671675fe1,585337955.376719
14cd5f188cf6d2433240b5cd,533147145.1812827
dbbe0b6f5eb07a5f9ec873a2,745272433.6207987
f9acdd3fa50068bc0180d008,393639963.7361602
4a85c36fb854e922936b57fa,410109859.053219
937876bdc44c3b8fe063a9aa,500160539.8173586
001399d3861c5792ccb8b515,561274438.2531636
f28514aa4d6ffa36104411c7,851756015.4982052
3b185e3e31f7f5e6a1b3193c,599861319.6609957
f4c7cc4a249ae7037aa0b35e,801735007.507983
b74a02ef5cc838952bb9afd4,585319281.7041719
75f5aff9fa70208ddd843779,529786030.1554489
b7273cac93fb7a0034039600,711237914.0168889
b73bcc0cbfa173c9fa404369,595515613.5863156
3c4c18326318a7207b589dbd,479142269.52492535
29a230f7dde5753e65b661dd,533727906.7126726
c083a5c64c4d6952accd7bdc,507294370.87440044
1cf29f882ee8b458b8f27091,600779111.2817
94c15574aacdc5c3cf5a406b,405999397.7578074
661f7eaf134a5b142843368c,578130727.1140078
14a5bf235097782f468fbf23,383559393.30538374
d2d46c70dc048c92c8e4f09e,577758533.7063056
f6faf74c3f4e02a6b333b7af,522119079.62035096
6dfa362ff7a0d55693793db3,642186745.4028801
b070e3747bcf22ed67509efc,625935490.8106056
7333f19416625d6f4244fe02,575540962.8429654
3c86651d9bbfbb335f15b544,835995207.9428413
9d8affa93ce4dc7c1a21b3a3,557334137.9718503
eb8cc67810d95d1b102410b7,564088008.458856
047f94605add5f6f84fc3f90,536767662.7566985
56ba332c82c36f07ba6bd271,560168468.4366829
5814a1dd61362ded4f1d8d8d,720571270.8475531
141ac7bbe9637f9e5142135c,679258186.3002723
08db0ce5cd15db2404ff3d28,487358505.62545353
c38677ed0876b7996f596336,363534621.393165
daa4d7da8d7df8efc1adc9d1,391305852.28869176
f15c6403c6d4e3676a607780,441006390.04224956
4d0cf77f8cfcada2265ac585,425032040.9832093
4caab3951bd6cb6dc71ac8a0,565405271.1158024
7cb64b94877a9361f20027cd,397844627.41398257
3f438d6202cfd4527bd8f983,530329037.9803074
b7763beef728bc2021ebb841,390136955.0116636
4cea8ea969dcc433fcb59d96,589751380.7463719
24fadbd1dec637edb728baa3,799727055.7743205
63cf422266e7c39a6c895b3e,618928093.2572796
dbaa5d47ff63125584bf7ac0,671240228.3334899
da12ac932dd8a2fabade4bdd,589013603.9175223
f35538e95b4a567f9b834034,582649482.0679319
6ee1e976768b68cbc8008950,637982710.5198386
a910019b3d18da92b4c6862f,518504230.20960057
a09413ca0b723170c26652a3,469579753.6394156
2b451da55be3683c33e4de31,626545195.5202079
561840990333852ace562b82,509163627.4016224
b6695af1ce28eb50d7a2c25d,888561368.5949093
9327563b40f2a0f888c68f28,537802153.4342427
3438e5d77044f21743e56edc,508875433.7395156
63cde4fad1be942dc5ee695d,442822199.9936878
8e712705b7de6e791c8735de,450598276.43002385
85de01c0aa787152c77c6180,396964981.6552868
c9b0673becdedeede0209697,480517437.80129015
15ee6357e02b76367682d6bd,616988305.9154382
5f284a75ec8e9c72abc76695,672766101.7947536
37e696957da15625da71146e,796017638.1171927
96a478c359fea0014fde607d,573493932.6380712
1a61721fb7306d55dd77b6ba,573493932.6380712
a7577260fa10bf408f1997d8,613138087.0124464
b3f8ffa761119a5441a44ad4,671002855.1948428
a5c85b445f503a56e0e2a924,632436039.0288577
5aac1a1d5da10b76ba4b690c,644718641.0054959
1420543e2eb5f38e4d38ba81,569044209.2433922
a530e3ff6d7bc1abe333245d,547594983.8888764
aa9988248c7dedb016d8b6ae,733873770.2428409
fe8ab5495cae81b5478026a4,556794200.6295756
b463c62e3c21e339e7acb52f,550549274.7170697
00a5133e7373eae3f0be8f2e,455756215.0244831
38b424cb0e54f0f7f2745781,552860967.4313823
c43530f324a3ac90f53a8849,679661698.0023769
abf93b2418fcdac14293c9a7,551027798.7762257
9b1be976725ddd512cd222a8,672677373.7285466
9b7f17ddae12105d47fad7eb,686919834.8038696
3caab5e89722761d5ab2498a,460016343.7861785
a2f40c8227b466249d6cb659,693069611.3826679
e6a5007ffb7c1321d4fc21a8,526400296.5823455
0d50b435188b7830a6949026,444371839.6665563
d4bee60a74c2e2235f507ec0,612249458.2788959
b474103c4b637ca25b5d89e8,591809075.8843353
ce6ddb82d2ece3b8d58fcc63,549312593.4912052
28403f16831effcb75471738,373868502.67738354
03f518e2e5861002772345fd,383466023.6352872
011a6d0f12ba108ef15076b4,370837035.50194836
93ac0b004ca60ea56cc2bb9f,472403208.9756255
1b70fbd3e46da8c47c3eed61,394141528.52793944
cb40d6ea6a1eab77a60c1ba3,479148533.80234593
87c73db5d50e8ec3a22e6ccc,552470713.1478832
9aea45bade274e4ed91ec301,464007596.54325205
43c22bfa9a14df7b0126c12e,432156950.3824607
6d848e54ee68e6d8f23b3b1a,422452384.77529407
e5cd7a2aed48057b0dc8d970,391162553.0654107
bc4b94c892fea57ebae3eeb6,435836697.59132886
e7bb12e99318573a6e6ce1cf,578948261.2280165
4b52ebb0f0a8878def4170c9,491993786.1190023
3e85b447edd3b23b5a0d3b79,650908910.8677664
15005fe7eb24aa25b9e3cee7,641916543.1376829
22e00f8057294350ddf4d42a,660005696.4624952
ddf2583bd65f02abf7ce3280,492268585.8630392
704e5657734af93d19a0e5fa,744945498.3852406
cc1a11362066152d21d4cc60,830367792.191608
12062de068acd322b610fcf1,578631327.6050042
e9804af0513b2f68daf182b3,673286712.6698834
f13d8f4b2e3114d71e5ed941,503380536.5648395
11bccaef3431fc17953eb81c,663421963.8930116
ef2b9c11f884cc5f31c26f60,619076087.7388083
25986c851e13c92ede6c6d6b,569276473.2172366
37e28ed39a51956880d211af,566755317.5286837
9530217ea0b5d2395adfcc9d,580505861.3583355
d8607e3261ef1546eb0c30f0,841498090.5709566
22a025ad47ba22ea9fd1a094,647504748.2273772
1c88ddc21f3e8e4ca633621d,397919296.8828733
e45ba581daff88707ad842a9,390976239.1046911
d7e97cc158c6c54b02fe635c,535995758.56694126
04bb7cdebb8b66e783058248,559551124.4567786
d60cf6dcb7b4b40077536604,656658494.5070264
85ceb648cee9f6f3d221254c,610589338.6914476
f58528d3ddce3bc6c71bfce9,943522844.3840431
c269765ece36cd93058efab9,655609901.4179538
919bdfeb16dd0bf67787d53e,579370798.2306279
ed8eacb8746dbcc3c2ef3aa9,544068222.7227681
15ec532ec6fb73074b9b12c9,1008208503.9258739
58a724e8a0e05140b07539b6,710466089.4351745
2b7a5be93795a65d29970b02,520403151.5236252
6dde9af12b6597425160a47a,739984833.7232997
f0ec99c13c61e89310ca9b8a,520770800.10741687
65c83da72c07b8e74bf581f5,422240425.296777
3ecdb7a7d178b48361340ea9,550547571.4581425
af22669e3ed10470623fd8eb,790404347.9391074
748c981380925e1247b9e64e,602031238.327353
78ab6cb1f62a7e781d4c4d0a,379390444.06253225
e80ba06329760362c7685ca5,430883612.8511671
3cecc0cc43ef46670a8e69bd,558883897.1949065
527e4b1b06637b5362c8f17d,441759285.3186211
cf9eb2cd0f20b13cc8816bbc,550339859.0022416
4b3a6baf8196a59bac8c08c0,604615153.4408839
9bb9864a6bcff25b17477717,469815964.64089125
4f7d630c921cff500705ee5a,396566753.4952494
7b7c0544ece4aa383fd5b4ce,583187380.742454
191094739043620c72aad2a0,550514121.4923246
a20435d582c7646db231e7d2,645042851.0248494
1555743ec7e2f38904852860,502833687.32630277
1c7452cfc46652a60b7a4f05,663559279.0768089
97439d5a82f970e7f50d51b9,584444835.6160629
7667cd57d0bec809417c9b11,617468209.6565471
103f6eaf04b44c4013acf097,579077116.6176467
e6ef433629e193042bd30f4d,796963388.8206564
2ee7f959d069c9ca223115cc,722969602.2474297
b46625b69fba1afc154471e0,896630782.6532147
5cc0700421954934cd8dc445,841874888.0490263
066f1b68f7c053a196662fe0,710219895.3290797
645e1c7b799a489887086a1d,889520229.8955855
f426c41d6d8bc99f359f480c,449089669.07527655
d1be4eae680cb16d0c842606,616144226.9247086
57a5f4f83a474ae156f207ee,548601941.6227837
53eab0ecc3ff098d55666699,798834971.6677934
54022fa49ecd9cf290aefc89,571198837.8356241
545db4962e6294cc5ed07727,672677373.7285466
8e17bc9f09099ba3138c232a,658475136.6950657
3b4b303bbeece313f92cb85e,727751478.8536329
d0119d7bb15452c473ed28ba,601470890.2695462
1a36f98c62f5126c8064314c,718621715.9886882
96a77e8e42d676b0da3fa572,530598268.5780545
d7d6f668e3e40d957163276f,539746126.5146093
5b908b8abd8dd0862440c172,610059939.300325
81716dd4aedf72a6a14392e4,466101705.2243408
47d252717c4bcae3e1ff19e4,545231164.23866
4f0b2f7e4d787a108a4d2537,500371135.3792089
90a43053efa1d292af692a87,443340310.2282298
c3df4b9fdaa4dcb13723b5f1,657858783.906741
4b905620f76873355d317dc1,482359421.0830361
ea16314310144a10c81da9c7,413691582.73989826
0e5db1a36a521a5d2912b238,442046969.1919372
c53c58dd7b26902f67c3becd,436407265.84998953
6c17875f20f58b1fb211c18f,649602392.2049215
200020552855ed39d1af999a,525328853.5871594
b44b862cbd855d46954eca5c,512879401.3298196
ce47299ee877638c4729f60a,458182908.61837476
3a28bf9841e6a9d3f1bc293a,521463477.43642765
3a488b9e24d9b8fc7c222e20,368757564.8869868
5469c33200ffa87952b356d0,396963296.3440796
b57174dd86ed451448dc501b,456348148.75531214
ebe09efa32acf6d680341840,612204059.0658777
33f7d5aa494288cc90d60456,749270695.5109652
de9a32ec454c2696cf75eb0d,387976182.15946794
df4400c44a166c851ff46eab,527339646.4005262
5dcc8f6a6854a864dcd27a87,477992596.7265599
bc08ce9f24533cd644ef08b8,468593501.41813236
2935cc0e053bf558a8b73054,477992596.7265599
f08001f2590d7b734467c58b,597166541.7892917
5a9892659590355b91442979,590898109.6876026
ea34dfefac91681864c2bfe1,521294370.9805285
ee3b5d47d05a80c07751f7a1,593507299.5683448
448ad01af4c5cfba3feeab26,593507299.5683448
bcf43ae0b4b15ae168abca97,596565885.7987593
8ccd326e4f515bf7e817a14a,542976854.2306261
94535dcf38c9c6461a73db02,419212250.42169297
9b3557302e940d4da341cdab,514109722.8337543
edf8c961862a4ff8e1e44f1a,620448572.5447527
6e508fb72f189a4fa91bde58,624621684.330792
7d0a4771afb00cf9a38ccb81,567197967.1531464
8c32b6b31d1a1d5736c4df61,872499743.8557467
da782fc0c8a79e3e250f0f67,444848264.55347854
c86e643b7f7b57b4482020ef,435979875.419788
4632f1e8fc93e268ddeba07b,525659266.59838074
2cd372392fda500e6526695b,504091059.5181178
a05ef49ad8b2d6c466ac7412,755962786.2579132
9f50ed2b7e40847ffd877f4b,584472903.6660147
c00083aa30ba7d953361674f,583462617.9688293
50857161c59b991304f5c55c,598543407.1319759
3676f63aa0ab23ca7cd344b7,473418743.6289256
3710ec95af4702c45f165279,637728154.0141172
16db516a238934a730ced1e8,571937329.1668735
d450dd622183c7cc43a20d70,415728945.9556879
ba84fbef80c8a82895ec599d,817518062.7795979
ee85a12b8f764bc15164dc7a,527538879.424027
0038a3b703f4ec779bbcfe6b,688041086.4505805
aa643acab634ee591a2a43ce,510391621.29178005
d6438814f4ff3853bf6cdb13,595963023.9664725
a37522af63bbed2f4d10900e,566245001.2890077
0b715ccd3b3e01444b855857,381544608.9981457
fbdb9caee4455e99259cf921,404440763.90484977
b3c02569b8fb721934f51c52,389293561.27285683
c07e2ef0bed4be12e41c783e,508011997.67626804
1b4e4016cb766bfadea42f73,360559565.08649474
ecf4e968c925cf8322f8a0bd,359834008.80600303
6cc0e6bfd30ed93fca2bb217,381323906.3391168
3e7f514983daa92e49a7c87a,411133624.8697476
97a22807207cdfb341d5c50c,380605197.23509204
3f9e95762d2f2056e9716039,524610500.0066762
255c5b92d71a00c3a73b9aa8,384384426.19007933
58d24ab99d74ae4c449c90ba,654306950.1667144
51d1df6e1f28c40dc9074b74,688755240.69241
16261339c3a99635717fcda8,671113252.3034589
1475cdbbac4aa486266e439f,774781206.1845444
2a9974fe07b1e4427e386e06,885008103.7066005
cf76689ebaa20c70d9db4d51,584298874.4325212
f9379319f992cbadc43b9189,763871390.0412171
62313cfe4272d263173e1ea9,725670504.4231476
b2c62bb0cf8d210dc4635653,579836570.7683909
5d2fd288d33283826210cb90,580505861.3583355
3454ab4ad567d2d22d990fec,554425774.3213037
58be66aeab226c35330d57d5,723685781.2844887
315ea6fbd6b3261cae7fb900,707669510.9803443
6930d8e260fafaa5c317dc82,473169235.02564025
0fa99fd0e8cebb71a3bb0871,387812240.1285637
fba946e4ceea37176170835b,473796154.1428427
b53d4d8d0bd4a0ae84fbc22e,449488881.65233827
8bb1a2ecc997779d1addf12c,358485377.7276834
6dd97377cbc262b07ea2eb99,373820298.61279964
5c50853824c890a5a7f0cd70,434525622.7045906
4c3865a97f5877090e7a9649,548677756.9643322
a3cb2a035f98276076f2d848,521031736.86514336
40d04ff9c405cccfc82ed5a5,438370403.55848986
22caf82aae904c79057fcb3b,616411051.8592567
eaf87358d89af17c3e004c21,676386632.3646715
9ab5ef2c5650c4bd05248990,363232007.1180025
d96e3063ce77ab1235e2ba26,417429918.21125555
665d62a8019b27bf5ce6e6b4,432962869.2759217
56234f11aae98489ae00a8d3,527034350.15427756
76a5158e1a5c1f9fae8ee882,598047213.5397826
d974970034de145d469d09c5,506498839.2196567
7b5db1e4f4f47b4bf7c827ee,379958739.35401094
73ff6ce99ba5dd8cfab0faed,544993908.6856883
e1cecc8f17883ba6e2723826,532564374.7418171
857870b1412b84f0f19ed751,384415510.96565765
d89dff35fa1944191aa9ed98,619754582.5478396
86b89233e0176e034ae3cb7b,670354843.5273758
dd3d529f3745159d9e7746b2,631708990.5767606
af10ec1529a63d0bc10b056d,720593052.9419824
a2645174e4e15c49331f576a,659771511.9007305
311dcf366691c44243b7b89c,511481642.3669866
4cbc74a93e33f7b4812e1a7c,443385602.8579838
6e0140e1d667cecd155c6e23,423557392.2723752
dba6308e2358f30b7ec33f59,497669273.7064581
761ba98d35074faee3594dbc,654037911.4674847
b961220d34be930fada80887,647949429.7630162
c9c3973bb37b5c688a7c0157,651061105.0319829
79a0bffec81b17d606a606f5,659771511.9007305
135f6f92c4ec95847e8840eb,621088596.5151753
05858b1e4445f56f22e1f4bb,575607696.6423016
623b7d96c0fa09e50148aa7b,534602845.4561153
e61e5d3288f02b904d3b1e38,570249145.7737797
0d173e7afc8f8babbef6ae97,527832843.7993532
7635a792e5002ab99ceef583,797415435.9531096
4da93e7126354a474d435a4a,583477456.7121378
a4c71322f79dbbbedab3191a,740372321.2522665
57ef53ecf8b709ddc05aceec,610591245.8326575
65c3e09ee6f1ef0500ca4316,503037352.3075299
74d0b6e87c2045f95fd493c4,608767773.3716141
4a3d0390e005fa5b4c9403f4,659265495.1393557
a3aac701ae444b6d91b7bb0f,687888592.4569074
4afa3a1b63c076123e7a5279,638080504.6692257
c97adfa6f5ad3e3db6b80edd,576006604.3078605
58cdc29143b85386c76bedbd,554804698.9111133
1f81176d8a0c61a7177c6c2b,686581663.3406256
1c2e69465c75fb3af2d57351,579052817.9857262
7a10ffd970cc822108ce7cf0,598246820.9681889
3bfccc757ef82ff2774f2db9,593129114.9862955
3c753ecb3a4f8ce43077a6c1,690423192.9251579
100e9e2623cb0fc52fb08813,817081800.9294782
90a269d52e47c1705f9b6cf0,722022027.7154704
34f4df9fce2ec05633d0cbd1,576678971.46332
1e4fd826fc8693b17f6efc3b,617001853.4683567
efd9d848677015f13688453b,428814113.37478226
07cd866c871333283ecb2d23,613620324.5370582
76a307d6b36b8a51115e91b2,522242418.3293221
080969c751cb94822aeeb755,435176452.93222225
1e37fb708b70b6b5e8fb5cd2,594405410.5296825
4e47d2c8ccf9929ad9c84544,495597163.3738796
3c877a0fbe08cda958ff8f46,678390759.505279
ae59a0d6441697841d86cfcb,456783369.34290105
2fdb80ee4f9a35663e92b3b2,625499923.8861941
3a513410a390c75fc14b0b3b,391116502.1438512
0616401503f2ebc05af7ce4f,380962369.6492997
98b973c8597d5805f87dd074,580103081.7738057
7063abb555d919d5300af3aa,874588012.8033644
88c4b21ecffe12cb6c408a6c,637728154.0141172
75a4421cced1111492d00298,459410564.6639081
0482cd89d767b3b7de976c3a,428649636.429837
bda9e5d8048acbbe5a9d49ea,439498333.5608616
2152ed6b2b2eaf16ec272cb6,473660681.8215638
9bf2e0c1bc82010e92da2540,576152637.6133127
110af3c21ecdf156898c7c0d,619214581.2909532
2790ead3eba9370f00024472,514611742.92220134
9b06c7cebd33cd26cd6cc089,566946321.7201483
fbb89795386c14f5088fccdc,749802923.3195071
e8a3d9d6134ae8d631791e52,645763280.9658021
5c535b7d92e34c0fe4b66891,901449785.2187563
d88544e4e85add30aa795ce6,422140085.2515437
01b78983d268b52137e5ac1b,458824742.96512437
25414034e50ca33fcdcda4cf,442265630.4997599
2212e0125cb7f75390020951,605163432.9205184
a4d5ea1b907e98be72b5c49b,484026127.85417235
2df90c0a3e2b9138fe276a75,1108517874.6690443
c520b7e8de3796450ce49a30,357734126.8650938
35114fa32397272437e67a54,451845857.95792663
bb5726ac16b4ade709151159,538300430.5916584
b4dc6733589bb35444b74c55,591306154.4496284
3b0b0bb06d95c5ea1aed2d95,413372592.23539925
fb7bd85c05cd74d945d22de0,670378609.6199142
6396667677a878ff61e1b536,538779903.4110632
47b5804ba1a998c3e7544092,805329106.7658731
ad4d91ed26c1fd5702b94064,569522912.179139
2b802261b8bd839aa0b04b16,736417643.8266287
0bf9fe130da23aea7142bb7a,980982174.2965257
90511f2411d4a37a7224b995,583860316.5620824
1355fdce5b97bb36da15734e,594267478.1732973
775a6affce535c5a19ea5f30,833043320.4516835
e36d70d72c2758d7fef242df,627444825.1678941
2fde05df6a3aa9f57385e6a7,438166414.04706264
5e0100ae728e347eedce5b14,616144226.9247086
a636ffa140f80412f003734d,711024442.9999616
74746d24b9bd86e23338bcd9,548601941.6227837
99c539fecb3bc233288ff905,475546817.3415514
44760087930212643641eeb4,578362393.5185016
2c5d940b5ef2276f1fac1ca5,889520229.8955855
b26f22f1fd5a991ecd1e07f8,618548989.1872451
1ffafa78622c45ea4127ce82,558118002.9744925
32a555016892e7a74d231545,530598268.5780545
8d06037db08d0754bb67da4f,710219895.3290797
80255211d99c72e343b32798,769063135.1856786
070062cd1c769f3be9255af1,578362393.5185016
0451f65828e628c2220df77f,727751478.8536329
d96f6225db81dbf3d1a0e9bd,417686250.7572617
b1527eec2e6709dc51e03f9e,652443078.4937509
5464fe43eded098294d634ba,583860316.5620824
ea37ad89fbe4159940586718,382433883.99632823
4057a676e7012fd37af9c3b1,442261803.31761116
51273a81121232e7f30cfd1e,383216679.467501
3cfd9ba5c6993718c0c532ff,522589095.5712884
8567e677b30c410df80004c9,570089314.4983237
7a34bcd9f86f5036b526c3f4,668273529.2895367
3dda25226646e1e91f4c948d,668273529.2895367
a2529027db6b525e365e7be0,546534049.5559292
c6115d5e908e04e67915a581,510849416.1846653
8d0ae601094562744c8dba4f,525314127.7626267
55209683056fe2f9faef7fc8,480262710.0489378
e840095310907e82a159d683,668273529.2895367
278fcdbf16e3064ba42c6785,682500552.6522695
74af10afa02e7724eeeef108,761081626.9857373
b763f71e8a5bdeecf0f3f0e5,360980014.3440834
5472d536d1b6b731537bb67e,401135256.52450883
995ba6d1fd63d5160fb18e71,966698393.1569803
f424ca724e7df1c37ed78aa9,725303137.8901361
c2aa451b62293042b7244fff,538773646.8034934
d4ca9506161d3f4bb3ca57fa,370038814.53958654
799862427c1f335eadedf4e8,450927737.13124156
1f3b3bd08063993c23586c93,392895335.4803745
817422f4c278ff27a22b05d7,565484666.2682087
db9798a3f9ac287754f3ae01,831715927.4045098
7ead45d1f505649429904307,497995942.22429866
ac7ab254166442188c6c5c25,642790621.4936652
67250a8950aebdbc67f7fbfa,613103098.2006432
641f4319c315cbb74872b8ac,367099888.790858
710b0541a025b1b6a5a80c41,458453340.3178282
a10f459124248ef30f290cad,528883375.1756896
1aac53220223d0d823e70d0f,421108936.57319427
9d0ae0c4dc11d8c6d94e545e,449424498.05997396
be685d2954b8c7337ec94942,519200319.84485656
e43151473292e4e98f121f63,422849321.9840633
e04fab3d74d14be3b8dd2c8c,674176019.0052791
c77509a6eb6665bb8eb07d95,772895595.5170026
9753470e033b35407a2eca2d,604485297.7754108
825f57ad0527d4abf41cffc9,588881086.9954963
0d8074979d302868c2534262,672261858.1048146
15a3e60c7a5d55243057d7df,448174254.8461832
6de06f867a28393a9e95c7d4,363529133.35107195
4d418d0079828e244dbaff5a,480559744.00948215
2de93fc191360ae22b0402dd,434528420.08703965
86792949f2e6a347208cbffd,561313779.8143905
6d8a0768adedcc1070d28390,634482373.6757878
459963742bbaadbd9db97723,538984004.093684
235b10cad7233d579a966948,703707447.747936
4443407341bec8b7b0af40b4,739518797.6849214
d7047492f4c53a0cdbde60e5,509579442.3333209
5541cbe23acd6ffd4aa0d939,577061024.2688487
1d0853f825cc0aec6f5544cb,528212354.36272705
f016623361c6ccc5163e79d5,651115099.7623821
d280fed64d1c23ac9d79ce20,651115099.7623821
7e86f11cd63ff6c8a3c12fe2,548454179.4045988
9d7f161ee660b1bcb54574b1,695387999.0006646
a0722c5527c6d3cd5cac9477,570287433.768319
278a2cd98528eb1341a6b685,364252674.66973555
b755f88ff3907bbe2a417e07,738009808.2533323
2bb55b0a92d62454867bb158,547681829.9655062
960c9349b6ef9b747ebe5829,718877749.6988963
2c8352c418097f82a50d9bbf,664018816.8267322
47d7ba800f164f397fcafa9d,467052441.7202231
610061a0e67aea7d222f08cf,788625095.993632
a33de2559b5f56d1b3cfce08,683167064.0592008
f020fef57e9069e4dea2d71f,897828709.3583152
883f095dd3f7e972d7dd3c2b,540973896.5508144
b0b784bfe2d3c1b3b1320613,902035603.3510323
1ea66dd4a72d93f5967be730,430087552.47834677
90b04117887941ac898a67a8,363669034.86752665
022357a3d48ea87d58ffb46e,405540899.5788734
292224fa68b0303a90063801,409129535.5276706
6cf924390dd3ed4454403887,383270878.5579055
555a293dbc104e00f182fe34,776722729.5142874
e13ef02a57d35f71a4fe6121,448936235.6864103
c82929467d22589ec62c0475,456453683.55244833
18a74c9a49ad381aee5e02de,580808847.0251797
da40d46cb91d9e59fe12e6ba,413947043.2773264
6320f26d77fcd56675db6b97,556096712.3306079
3307731f3bc518012912f1b3,559453962.4093971
ba94572d1e050bb92522f112,418194214.0858238
6e0d6bcb01e99fc4959d3f7f,363152592.07030743
dc3cbbb2fa00043d02958219,532659661.2095776
495aa774f4db66db6df30e93,589962685.0536156
6ba298925ffad32daae55385,579370798.2306279
8df5099d856c7f9de43990ab,670391490.1916358
93c5c5d9d1e99824178be9ff,614632271.7610945
ffbce3ccf241890ec95104e4,418997064.0059108
2c03c38782e365e68b32d6bf,458024649.83134794
7734421098413f27fae86fef,701154854.1930437
2b50969f1faab80655bb9104,522255960.92328936
025a98586386211b1519f9be,378326742.585164
6013b8c04f7b9fbc74ef1ec4,367233557.5294606
11075db1cf9899c8640e1b90,510643964.61869466
61ba09084039a467410aeadb,510079086.44688165
eb2880c2433c4b2500fd40ef,453098145.924167
f7f8607535159c82dbfc6c14,369239453.25975066
35c7a7c0ace36f4b95423c4c,433334028.0400506
c71123c31d02408cdaa74daa,1008208503.9258739
dd8aa138623604829d56ac2c,363152592.07030743
cb94eee5ecfc75d0fd5ba6e5,434880222.1762338
ae6bfb4eb4770f2266e3b961,474600728.00349367
573ea1962372999346590c0f,836001452.4394487
9f7204b4bb3ffb8591e3164d,677426673.0059295
a4410bebf9843297fe32d63c,911961235.7107744
2afd9dd680803e3c12d5242b,718958007.3664993
a7618c242fd918ed894304b5,484021313.3234633
5ebc5cc2c1488f681cd119f2,670391490.1916358
cd53a991573ecb5c53f47986,534663699.98478365
75ecbc0c0e8e76bb8d734f60,679255058.716588
47c2934aaa5934c68dcb9e51,522621160.9625434
386ad1ba1cada9649f3415c0,478342508.8061454
9ca0839c9c294674e86eb691,562899464.5994239
bdbaafd11259af6300321a89,530818115.85783976
2e41ceccc918145dbe7de0be,504420625.26327217
11df35a3fbcef34e47747e38,583122058.9190023
b0bcb64f2f2ba69cc712e0ae,587601052.9461043
bce0a4447db2d54d36661011,481148802.1768259
ef7ba10407cd74590ea3fff3,798321323.0655596
a743dc3903eaf3576046ef3d,622430456.3259714
b3d072ebd7908688d908d350,713847035.3816276
a48abdedbe3d132276dbe403,652388639.7878965
c6b7e739125907c86a8997d3,804197170.2381074
813d9415d9abca46ad4d92f0,707507181.2279644
c631f8920a2fd1160f6b15cc,558606184.9395076
16194707d4e85fe332411bd4,710466089.4351745
31e241881acaceb02ef915d2,557360432.5731862
a3f1214ea44063ad10956fca,615079561.1151397
ab086fddcb949e3dc0ed9b5d,794613533.63293
ec4df02b32d90c019125d108,477531769.1724924
09eb808ca3859318d6328db8,501276623.0282423
f520fd12dd3ed32ba78d357b,724534709.7469307
0a2f7379cd1bed7d2d2d5a01,553137496.7518913
30652905d3eacda34ff61a9e,497054024.96067435
0509650d34981639b9c64a22,586265905.5708992
77cd6b199ee485314bc74626,439761366.84309316
10c836c2e566dfe9edcf3d8e,641820812.5119406
e109ccb29c02c9b35b789c90,1011349864.7507691
2d60a221b478264cab9816f7,639377635.4814279
d34c48ffe935cec3358b2247,723274242.5436052
9cbed1ed72b444c22d8c1614,695023389.3048602
735c3aff4c151dbc32f9a76b,490356526.6562663
a4b6ceedaf89cff74a292ab5,905067714.3458915
052957f95b6e7b41bc625009,534799404.47547877
33a61cda27fadacce0d1aa7b,650712680.0095178
6c3bc8c58ce67b8bb9f5894f,843884017.3489461
1988513503246248b80c7f17,570098816.2172956
57c29184563b31f5f752c5c1,615607396.5425432
bc6a7d4ceee8bbff9ac5eda8,674690438.4881959
f1b7ae24195b4414e6d6a001,615607396.5425432
e7b3ec90b47c9e6009ca8a75,886655932.6754826
39b62c6fca161b80bc6726c4,713911217.32174
55163359d7cd910861059389,992553496.3056922
df35908d6ae2847dfc73cf9f,917004621.6280098
ac822dd448e04e9f8dd1721d,591973336.9093255
7e86148f53beefced6e0f3e4,513321403.76230973
6eff15cd6372aeaab2e665d8,437794243.01000535
0a1af9bb571b90233856289a,467958411.5155589
b3cc5930a3cb26e35a45e09a,638266033.3110492
0c12f73305bc7d72bdbd9789,489948744.00964004
ac048209de77cae737d60545,463445091.68532974
9239fafbffc066dff0811302,404442997.1568255
8e0ba427ea909cb7943929b0,510631419.8418474
b3c99f30b16fa80cdb4f213c,523862898.03734815
d1dc16c82942902c668a5c9b,506403306.4269629
5cfc9e48ab90da0f4e98a7ae,549278155.487217
9abad9f79352ed42d1a9f099,388566820.02271557
dedeafb60b4a39950e7a984d,388566820.02271557
74cca5cd08c4bbf5d0404d74,718418752.3199785
b6aa1cb0187c4a1715517fca,388566820.02271557
e22bad460ec1bc991f14bfbc,623587631.5659049
594d46a91315527995cbd807,979128224.315705
2c0b4c8269cbe25a4e85e049,406478745.1282472
1014d3a98e886e1a7358e29f,639418888.6127151
73d6bb3d6ae08921a6117f5d,506083475.2434029
de3b619a7c80549db6ab16af,490055243.24940056
da34d6cd832009e428d2b467,362144728.0855924
104722434c2deed04a901aa0,387900210.31709254
cee66eef685e4764b9553a02,544993908.6856883
58b40969f1b73182cb6d30db,544993908.6856883
964e9c3f87176e761484543e,538732859.1403223
19487167081a9b0dd09d7975,670880633.9540977
7d8e345c9b16d0fd69f848ea,704002984.6194652
7d4ba999100c8e694fd820cf,558903005.7619543
c6b157e7a6ca08d04ec4de4f,404724182.9160094
84ec2d5245cfa146dab05065,568935655.2967625
c844a386941b86a3d4c0312a,450239373.5337333
0648aae13097ac649fe714b9,601304315.575374
34f220a8ee1f24bcc5790364,496820330.15880364
d12eda0ba04f846d73cd7acf,666175247.8221943
c12904320223ddd043f39c63,473418743.6289256
8bce0097d22b34a804b502bb,539639809.6897212
ec1171cac1eee089be6f427d,544801296.8930434
5d85d77a06d0f0324d15d162,619214581.2909532
0349908483ce628a0a5fc164,679202447.1086097
d74da3bb780515b1273d741c,749802923.3195071
64cb8fc8412c9247a5c243ce,645763280.9658021
3a53919313bd750f2b1af906,606953821.3222543
91d265ffaa6b407e9747b15b,709587149.0794786
1db1d1b76e09197dd915a8f1,616062312.0730819
6645a3080e5d10779672d139,563593981.0131729
3ff6e77706eae698f86eec29,651722000.72664
4670d21fa84e40184f03d5de,612291715.1516024
ee8bad3fdc93f7fb79c9cbd8,599656432.6011952
b624f0438025478c9f66fec2,880993458.1773403
37dba4927e327d3a4a0c1d36,522263181.28566533
8d16b1bdea35630a3b09b192,576287995.8403908
d54a4c353cebf18d452be515,378345337.8373724
c402811ade75f5e3dee73ac3,641595488.5548965
dd926903e87d691a0f15dba3,435471320.5430986
cb01687abe09df6838e1b224,538638496.0545131
6ad3e1a47d1055b55d14e091,579412602.8014418
b8d50a94e8166e471fd8282b,545173498.3890977
a77d82703468f2f9e8f2ea0e,793524858.75638
5d2be469f69f31090769efe3,706455505.5226749
c4e8559ee733a551649a5dcf,870885755.8573091
5996fc90f923d6e8527097ae,650887547.3681856
32d5772adbcc785ecbc2c55f,404172433.7183214
5f088237d263c37e78264bba,425082134.71980256
799afa0396b9f268f239db51,375586708.06435513
bd23b1463f0936d2ced5fc67,469329182.9913226
8f35a5d800d98481d7a8b6a4,665988594.5468351
371b5ecf08973fc6e6849d14,594110464.8470833
fa70a55dd0e2053a1b566de1,362343014.859833
584364cece0bc4d17f0e7fac,381290165.32916033
cd968f8973a267790a38f2f2,446076914.63945204
c46b122728ef4c9ae8be444f,547837595.8358493
4056182cbd8c12cd87ad9e84,534092302.5156087
6ac747618b6ca674e86cd275,450110081.40503305
afb02897c700dbac941ba8b1,578559612.2043227
198cd3f4e9be65b83f01ceea,623251051.845445
c92bdf97d7f0a9a12c024406,520516513.039488
e00e5934d1941490834c3145,677419656.4921465
5b139fdb19ff722a846d71f0,736278308.1077998
8b554961129384797391d1ae,762678929.448802
854e27be18fb8f24fd433eb7,614578392.4353825
241d9f8599ce6cadac1d6609,528543623.04187804
b85b37ae83ef95baa03752f9,544443506.821379
5b3ba9e56e24e08e1f81e220,432655608.80224496
58c6518f9d2d0526d31e7566,406134337.390778
38a1e2050dcab9b4c70c5e83,398096835.93055296
da94e4a5fdebe3ae7bb1adcc,548575178.4921273
49fb2771ea6c1e8950cc9a57,577207037.4335744
f2b67c40a560af8729bc6072,566027494.1242107
13fc2dd1cd32d9cfa457a5b1,527262621.60291976
b6ebc3b8408793f5058cbb90,677505833.63048625
75ce506dcb994b10497e6816,707682777.6277674
6dbfb281abaa9a6956c080d7,368913622.7650794
af67a68803a18663e4b03eb1,436298978.0580379
a9c212f77a048ddc33ecebba,404660533.51350266
df89fa06e32e90b0b6c2014e,549054991.6568136
f20a7f264a8285a75dacdc1d,792536609.7602146
61a363a73f3c93aa1775c4ff,432212129.9478403
d8c1f7303b205fbaba2890b9,368274225.9641062
70962daad7cd15ee8af564fa,681801222.7399446
087caf4bce7b0a3fe3c47dc6,443501647.9528069
5d2200b04fde91f830478aa4,436325137.4271244
821eabfeef3dcc622fbcbfc4,446430308.34565705
3d722d960b860b4bee79ae2f,397675555.0477542
4d3d887d2236c2f897f3bbd4,404790072.1381579
7fcbcd9e274b75a157cf5d5e,541588151.1703959
88ea2d2d7cb6d641df3ad76d,581289607.6035281
c06088db17767866b7f4ba7d,616589197.5699838
e4a9626b1107b9397d0067aa,707437204.9778153
82abb1fb693f34877bf1327e,528212856.4711899
3279efb86571efde18eeebef,439981524.0472135
afca7b219d52b22522abd00c,529913361.04340905
7712f963ee37e91abb7342e7,647449128.3869233
2a2f455525c8e0bd709db91a,487239114.965038
833ded72a8cc9c0d606a7a74,663143284.9720861
f3bf0be37be6292ba0a8736b,794971376.3231474
c06c8b6425e3a7c2d7481e42,445003241.8356103
27d4f17375f76219b446c092,430164962.4710637
9b7de95ec90da0dc8cff7011,399336693.12223154
8fdc9f203c3de5d486de7ba0,360397431.96965355
ebf2d540aff82f1aadf95f9b,540795674.9439572
51c48d17e774d6cd84f4c355,467653465.34419566
5c1d1ee26cbde5b766cb4ca1,579951983.5240021
2d26b8360f1da9a677670fcd,880508439.8198348
ce1b06502cb0c5d9846cff9a,468671238.9070165
3186cd0a3125adf3b25587aa,661419750.4883628
f839de5370a225ff993f5b2e,630948708.6020718
2900dcf3f944a7fcb33aff36,401173383.4064558
3f54091296f773f5a1bb240b,568025763.7198253
499f6f4997474415f0bd596f,575362479.2210349
110539d2ac34e5180e3fd95b,708890766.7222849
dccbc668caff517f649cadbb,684906117.7470464
823c9c7abf2d00140766a2bb,580657662.1630826
94af5eccfe170cbe7d428184,606218019.074456
dd21457e18f07d7a927c0104,417413604.4398485
5219cb469fff40cd9606bad9,418717687.26086783
5a83bd697db5076016c0671e,387754195.6577822
2a1edfd6cf74573521ed74a1,520425058.84089875
40aad45bb7a980c9c5e1884e,628359809.4758528
a315b497dd8e80464bf0480b,579894191.8286873
7095d576a0b963eb340d8fdf,566729186.6081176
9d6288cfead77d622f5f5b95,738936496.0585581
4caf356c110a50c6c94f3eab,691650005.6441822
23101b0002252f3d4b3e1d5e,684845213.7887967
8d1f7b0cfde7e496e7bfe972,618967435.900858
28e572584fea1555e2a517ed,504800269.9601007
6666ab486afcbc162fb560c6,787690035.7887383
b0978c973ec3291e950185c1,636134255.1639519
d6cfd3ddca2a59f0b6999d77,587915960.0510676
a77f5c03a98636d90f50e11a,645816621.1810335
e6387696767d20cfa4918ca9,553553249.751105
1dc0fe5bcea9d08874871326,381629454.65378016
ccdf0abddccb1a670f31c2f2,731416600.2666808
3ba769d65f02217656e0f5b5,649096017.566577
628b3b56449724e7d945351b,843640339.4154191
b47713520859d58efa95bb06,680969934.1645256
e6c6625db90e519f9dcf1b23,566835899.1889805
3e1a1b2a518d3ca2fe3950b4,696992765.2505138
24849579dc9ba7fef1b24396,551095599.2826455
6103571d9525ded3c09668c6,392454735.163267
a678e89692df9b14da9f19b2,403654210.19986314
47bed52dee0d311ae0016b08,545800423.2954184
36c0d26b83e575a500a6c30c,508594389.5906964
34447730b60ad12f4775894d,742504380.9611108
aec1778ae3b5e60cac280b79,656372386.7764276
d95f38f5d1293c74ac52e823,742504380.9611108
5dedb7b64b6ad0b514de2bfb,668604699.232013
60c71a98253b5550d773a529,553553249.751105
099ee1a7c91105ef46b5e7e8,649997128.4068205
b56533bb19eefcb244e69470,613246003.6353276
62f46b8989bee43db86ff589,434102071.87491333
4d485ae48974213b1594c905,573860745.4983324
c627c6287efaeb6fd9049312,382982047.8154554
976945e68af6a66f6fb0850d,539038994.8732862
93e443a5b3864d52765e6484,560891527.2912927
6ef9ce7a53ba3bd892e21f1b,561547661.83572
6f3041147f930cd6cd4fae05,437135277.1780438
3917b95a3d05a5e58c117f68,399791860.6613365
d61ccfd4239026feb484cc93,404954437.22557354
b443781523fa0b5be4ad7739,628124013.3158047
6f0fcd78c473e4e04fd411c8,518926238.45088035
7f134c92e20aa9c6f084edc1,532786425.79671305
75075631f0fd84fb0ff49417,541728619.6208135
eae4243c274735d616c6b9bb,827780051.44295
25d233d2779009affadf5e91,693432264.5924782
1990717d8c7aa8e732bb1165,782113375.9664594
71b99de83d83dd970b00f07f,626976489.6941767
243ab5db6e47f3536d04d312,536254787.4318316
61cb98125f43429f7f93c898,734833820.1183927
6ed772640e5a311cbfd17c31,471896675.75913554
d9f0b4c92bdc9476f50638ed,454394585.55640465
796eb5ae3ca5b63c9fbb240a,619088688.8751178
e6f3eee9f5048005f24f0943,582769229.751794
291ff191bb029742387a72a3,805314337.1338398
829bde7f8716daf76f65ffab,593974178.1910409
110a2f124bad0f9381edce7d,620056089.8999182
76b719681617ff7f28d33df3,695545193.3028188
eaa6d58e226904e9993b3493,438259606.706724
af3e3a83257eb507b96b2a1f,843711164.9848572
43969367322e86c68b51c2fa,403678860.3550182
50fe589dea73e764b7735938,381704374.8440991
13c9960a03a1c446aa5515cd,567023193.4356744
e7834f52ebad3d3cd00d069b,569360879.9532456
fae37ecd6046e53ea121b1c6,643033469.6935879
8a0d2f8860a90322d6c3b61f,502566741.75091046
008c7a02d158f3b17ee8e015,397864757.20767695
3ea6e8da2cb0bf83872dfd8c,415947072.8443176
9b184e58842bcb14dd42103b,502683350.31290334
43eeb2567c61bfbb059fcd4e,565495551.9088565
ac7f6087e19c2d3502368fac,404942697.56939775
73494d52196ef9838b1be34a,597261105.6921809
112d996c4c0662bd13af3ea0,607673348.2851897
8c3a02c9ca043cf0f322ba84,581558978.8941605
a757ba01a02acbdee50462b6,664640960.1245348
64e3401f22d18b573ff0504a,547497444.1961906
acd7394afcee30e084844c63,493938433.89479387
35255f80583ffbd504250554,476146179.86787486
370a0d0da794efd58cab251d,620944008.3775
cdb5f8327360c750469cee74,557360432.5731862
dbffe8f46b3d9da2e57c97fc,562713631.3943111
25b1ada57fd1e5c88d939c71,551215007.2045039
05f79195e285c126125d258c,397968280.9702865
62c017eac96743cfbb61e86b,659309791.6005185
3ca7f183cc0b303e5d455309,834687437.4314251
a3dbd504524f980ac5325150,571916766.50051
5703df84eef7ca9bec5bde45,886713766.9872708
513aa9c91c245ee4be31507c,550182322.497768
d41d07d1aa700278cb81ff30,762430996.4773929
207e39d9cc4402edd48864d5,566136939.744456
7134b03f54b10f282ac34fcd,633486816.8974974
6d860c215908949c4ba1c536,377984310.6045624
f35f884365b1bf6fb303d7b5,400202191.27757114
4f480aae78aa068901ee9468,448916783.80009466
39a12600317b58457f68b5b8,396444107.1190678
5f0c7a6b4f46203648a0bacc,428714802.85032237
d01f6c0b2b338289e9fe3768,383464252.05677205
613ad83abcebf6598f0079ab,515736809.43819207
effc32659ff9bf30faffb3db,515736809.43819207
73fbb3e6b22b957ba6b7557c,484377410.87717813
6c8c5e22025ca4f450a428c3,492955961.05972475
d6e333e793f75c2ab34fb127,434023079.4257476
b82e52830b51e823ac7187fe,409906295.33879316
35ed4187f732a1ea68dce712,550029150.5307318
0c5067ff99e15fcf99792cbf,550029150.5307318
0ad01fb039a198262ec59b72,647240513.0854887
906014f0ee3f3f4f0576d4da,410292860.2540554
13477d8ef90576ca84258984,398992825.4377531
3083a7ab1deb092f7aca6a54,513418237.74570376
a92ae34df90cbf8af7695ed0,790571250.1405693
82d22ca21e31222068e1ecba,685081960.9348148
11727589f7c66554e9114407,718454824.4823265
9982169d6f3e9ca61dacfed5,810978262.8938007
2de0ad9bf15232d6056285fe,616787465.8929298
eb6e6060b78676d13d6bda48,667618812.39845
6f37300b1fefaaf746f53907,495906237.79188097
7698775967b96e3e7bf66e6c,674577183.9182707
863e5cf88a808b8ca96907ff,690726463.108895
77b5c9a5f534a5b80cc16d09,668260776.009351
ade0c9cf1f9106e342c69bd1,673398953.2752236
6fb45859693c703fd9c812c8,508377052.47700095
45badd183bb1a4c630174f3a,480829527.63946307
f66bad2cd4b09ac29f540f63,530281976.06721365
fa3017d74586eb4c3b5b7db9,763671148.858948
f09bb33b65b5ebb8fffc3a21,694545978.9327503
600dc823c42aa64f60fc3ab9,781077446.7264627
c1d9119fa7ae7d44362f18ce,727048381.7904723
a1305fd943ae63715529209e,762636903.4235563
8d81b4681ad0055c274e7da4,746226726.7316087
cbb10e7618b1385cf922e815,927263043.5618197
b09111ea69c4be8ae120ddc3,827786261.8297644
099f07f9ec4ff6d835337f86,669533718.9837638
c70f6bd5ca138bacfdf8b5cf,584671405.1977133
a6c86ab7381f6c43fdd61a01,635429029.4782109
58c2b87098ad454b1fadb13a,586093069.48299
6afff7782d129021eebee968,510158525.2332307
ad92f3ea52673dee0a56902a,759421375.6020863
3e040e87b89a043564f0d0a2,775177801.332225
49d020d2056717c2108b0927,1068053281.5053324
a4ca465294c114b1065bfead,763031642.1761094
ca9520c7b8432b0521b2e8dc,490609453.4626939
4d20f253940a4492b4f6a9f0,453980657.06745166
09b61cf8ff3ff09ac892d073,445626376.923722
86e81141e429bd81d7f0e73d,544587159.9866607
b9826d7a6132b16df1bf58e1,500303540.82786804
a90c60e05e29b77963a11246,433893913.28389513
6e9984a3c3daf63fce5cd3d6,609769667.2971829
a9eafeeab4ba51d3644f4052,476655741.2287194
f74eed3a7dad1bd8d92854d0,564208351.6620271
5b377636fe30946fff973f3d,551696549.6761032
5bf6c1862c0bc967da2cc484,689146758.5747603
cd5111edd2fe80f56db29531,636596354.278096
c76c4695ed005277a59451f4,622256946.0666701
7dab6cd1002a8521e5825bcc,812884399.8279781
5b57258272dfd1babb29e7fb,779220741.516968
f68b7dfd0579838324895097,719135595.3254348
812646c7de863919cae5edff,583982247.2490252
0da10eb6093728074b34fb75,570612691.989305
c64346c8b0ba32a55292e66a,507041600.3078471
ad6317cbcbb8bc27b0774fca,663381516.2638516
9f43c80d2fa31a09592b030b,717657570.9829783
5b84f5de073000ad4d4b1a04,643969158.6719552
d94d18cbc812d560c1e38ffb,587370174.3037256
ab3110b5dc8ce81471f69c16,736142439.2161951
138a1990291ba31024455eb3,593664326.5894217
646bb3de5a1cfe4bfb7a7ea7,597774622.451142
d8fde541f142e6a7f0b28099,657503515.725204
ef61986cca74fe8585b1b287,411501577.77665347
e1d8eacecd35515eb19f9135,588767868.752963
8346d64ed6211083fd420ede,403420926.80466205
4340fcb9c80733260565c24b,666694907.6086836
ff5a27ffe7de039e65170f9e,580333489.5726182
ce407c1e25333d7c7eba1b0a,688041086.4505805
f927027bc766ae6c111fb685,412790459.192414
3f9a3edf25152433969f98e9,515192585.9740258
987476ca395533347581b2df,596429788.0242155
17d0e3208fdf10c77e95bdf4,426437721.30508536
b485036419de03f5bad01f35,644717420.4505259
d3f7847147c88352bd3b9707,798098939.5971336
aabaec5accad3f545f864a3d,452236495.4524754
400a103762ad652e81c8d3c6,880724369.6265689
acf15357c1a919b6ee78f676,575019858.4817342
8d983b9ca65f19ff3d69985f,717295915.4311974
b9a80a4d84eb918792324dcd,468936808.05537575
223b3c04803ae7b855f9fd10,948039616.5944159
e5c8f2d536c3f931eff2d70c,589432739.8794173
f976ec33e004b2d4d32c2eb2,444229788.04571444
cb00e44cea76a92e9c44e793,446882690.477287
0e6dcbf136294f2a99410052,455673203.64809453
102de0a5ee4f19454b922b96,556570088.6735045
cb1c8ab11838d9f0a1197e25,589434485.8698089
2e2f1072d8db7372b2c2419d,437746692.91228944
8c4cc779f5034e9c10b2e698,394785990.34556174
85734fd69714897264ce2214,513917981.28777915
5694c1f689779fb5ca95686f,445788208.39751035
f3bb60434cb36fcdfe218478,426135901.96173596
cf8bbd3528d3e7e2b8f50c29,576234876.4417778
7db1c8214f229d865da455cc,495848695.71510303
f3478cf008a7ad268a434ba3,688424335.5525104
5440ee15bccc4eaf827fefa8,933807157.3981305
78e85ca7c532a77700bfae6d,738697346.6445994
eb5e382e1372c4e94f467673,601397765.4008499
5a11cc89d3b01eb87535ff1b,510655878.3454035
d0f5cebc2059ca89aae30c76,425467128.2898935
883371e374936fdd74d09fe8,485286909.8710983
9ab4e5f8cf2b807603329cdd,470346162.2689783
c37c7859956931d77cd5c9a8,467897373.6992202
730804efcdd755786bf734ff,445042861.4562959
9d021f3fcbe5f82fa1c1fd94,444254661.2231351
975ea2f56001edae07f28fca,412440221.25909644
8fea95d0a70b1ea918803f58,510079086.44688165
4718488d664194a3c0c5b446,488357895.4983464
1b87ffa033dcbf4e2805dbb8,522255960.92328936
1a77ac51e03c77ad280be447,467653465.34419566
228d165257ef052ad50433c7,458024649.83134794
513a83ac5bfe27c5b813ce4d,379998398.92125475
73bde441e18a9548c034372d,488531288.6169811
26301269301b6f96862af599,731185046.1055758
7b30dbf2f6d835ea0c14b392,516395615.9746813
254de3f3fc52b8cb62141baa,701154854.1930437
f566603aacc78da47a283804,559453962.4093971
990c8d65ca11a97a1d34c5e5,565495551.9088565
a9878134c12696d8199a1ff3,570606735.857821
58185ef7646efa724e904f5b,621495751.3333728
37d5b8f329ed1ec29d4bc035,979849947.2095164
e6f948282e81570fd03e4df2,632507038.3170443
8b801b4cc1d254d0277fba5f,484021313.3234633
33a334a16c4547b9d7842c3d,530818115.85783976
1ad9e105d9da875001111075,563370280.917185
08ad96681afa49c74721daad,531685569.002628
beb73d27906bea7a7d880791,836001452.4394487
bda5b2e5a87a4905a30f3b8a,558606184.9395076
5cf70a67ec25288657d6fff4,622430456.3259714
baeb4e9d612bffb63ae3564a,707507181.2279644
1902f509aa05287ba42f546c,786592676.4143379
c0cf9517f20ae81c79ceb0ed,585538803.7598039
2ca8b22013c529b412ad764b,522621160.9625434
b38816ece917027a179663d4,592776551.4360137
c89167e42af0d42c88e8573a,963921463.381019
09254c66d93cbbf2675b775e,798321323.0655596
89f8ccb0c1e2136adf87a10e,607887281.0323038
cff851746578050bdfd46090,674690438.4881959
d53ddfac67129aebbe054024,905067714.3458915
53b5ffa0cf0dd12e4eeb6a2a,490356526.6562663
62db5fd2a4eb831d281ba8ba,641820812.5119406
59b5fe8d4f5ae272dbaa5ba0,561213877.5144619
3c1b7a0a306e16e8c22d78c9,843884017.3489461
5219c3cae1c92b52551a8571,614637737.7212684
de6aef9a5e47a614b75ee576,520403151.5236252
d168181ef0dcb853171cdbb4,728313087.8438889
6c8e27967ec63e6dec4bd6ac,992553496.3056922
8544bc14286a51e60ffee7b0,917004621.6280098
ed48916725be6970cd2f273a,365132886.8363763
9ff3268cd15cf039ab958413,455920002.21611124
16cc5c280124618cd5d00027,436436035.8666343
ac028c1580f6e4da4ccedf0c,441090249.4640333
673f2b913006ee8b33e75b5e,562233566.0561785
191f96722301456877893b22,563170102.7577308
a7d8e636db44cf5d3ceb67cd,701593559.6935587
1310e9cafc0b9fc21c212f73,578247242.5489861
1bbbe4e1eb264f5c69467e50,459514731.41766864
283c1142d027be336a7bfacd,361673628.26393455
4d09c2354c67243c968dbbcb,530150016.0781821
db3edc43e89840a65749cd94,551422214.5860274
0274166db611aabe4e946a83,458103087.4224381
8153b36347669087e363801f,719284105.331532
e04473aa943812de1d662058,651048019.2047236
7742e8923a4b832e3d94f3c7,727738468.2222508
536b5a8aea016aaa90fe744a,747202183.1972282
d2c02052de9c97c531a4453f,609543546.2301468
48378a6148532f71abcc2f98,726477722.3942378
fb0dbfeedbab00cdc7eb93ee,536965674.3520203
699412bfdab1157487c81725,804529615.3568811
a63c26369cfbabfc9c2603b6,565867540.2796012
34e5602cb58501859e32dc9f,534431383.069822
da83b03a6c9d405f55714b0c,624249100.0110635
d938d682332fa9e5c4986024,631802604.62918365
e9e39766e2c96bc783d580a9,580201879.2581677
fce89a9ffaba32f9f7c5895d,663370368.3638422
2d6aaefe0f50db8acde6fd1b,732236687.0684236
1710873f951e7f695fca3568,447298007.9924707
0ce068461fb3bf34eee000bc,531453759.4658206
b5606ddf3a4e60e2a0e0d6a8,574685937.5369314
2c2e56e3e5210c111c7de708,516613364.4757776
94118bd8c3da3f14f9c7836f,460990821.43570673
d20a5b3eb857e1f4b548066e,623452457.5231674
ad37e23456bd4d90010f7784,640833642.4470457
c5602c608080e2546dea5463,547875360.3001523
e3bd8bd5884a55fc1a151687,593881229.4674892
aa31e5995379bc38dd40b8f3,616218603.1941876
fe8a10fb4031669a9b21c919,575957674.8648013
08eaca41f26eb387b67bf30d,632436039.0288577
23ef4d57d130e4130205f30d,581339466.9673582
d6f1594affb8db7a865e3452,428032263.149654
abd9cf3c36309d590e58c2a7,492966332.60869515
1c177af5bb41e26ac0135b4a,574349958.3734815
a05da8df13eb4b121d536912,627002715.3477222
5a5a581ad5540fc82cd3c2ed,483285481.5750576
b50ff8bfc0b4c4b165c5ccf7,646552520.3804139
2abbf26e80643dfc1b75edcb,590457906.9550761
ec903c33a379d8d2cc04ab36,563030751.43771
c062d873af3b7cb98ccbeec9,642583157.6212382
927de0269795dbe0566a0326,856979687.0071925
ee703dca75c4dfd5d035c9a1,474896243.476264
b8a42b02c50438c2ad7598a1,369383730.5804045
f7216fd19f41ca5ea66a9169,369383730.5804045
f487761a658a4247563faa38,538117332.5171752
caf878b42daeee3c7de336e9,466546714.0789569
29d0dd2d4b120dd54c34b13c,553283100.9265853
1cfc7d60ce613536d23b093d,1184172639.7811744
c6c7409bbf52c86461aa1dd7,931914722.6114604
312ef52e0250429a5ecb3b27,717381297.7221028
48299e52748ecff3b69f7a90,478071584.8234879
a02f6ef1f148659297d46b33,560735078.7555287
67f664c8f9250a22c10b4f67,728331576.8827479
4977af03eebca1aa266289e2,699247100.2592988
39af71aaea23b5c1e987de32,435541355.5666297
d69b019e6d54faa1cb044d39,737899901.2658786
024e94e72ae88464621539eb,639498068.6872357
b980c778ecb2709696265c10,579018231.0512758
8780134f8b40f0fec4d1b661,578803293.9854013
107f29b67164ad6861cb7059,719276290.9255165
c8958d280d0cf2d8a0b481f3,545279550.6136867
1f8f74ce8831d5532f330925,566566298.599271
7be46b6dd9891ab771fc4be4,494686546.2574127
4f4f7d2b14079ddf8754d6ad,576152637.6133127
5921ce922675f6517f8f0007,575998735.647784
49f0323d28ef0610248c87c0,697172184.4455563
3ef167ca6c4ac77f6968d17d,516181953.07178247
8d2f9968ec8aece8d1a20137,579673925.1354538
4bad47078442f3416b2c1ff4,446564507.3842004
5e1cc2905f7a701f895123d8,753717652.8051622
a8633d3336d097920bc8a9b3,666638494.0067128
72fe83366bf13a53937b7034,886870281.6981889
ce78e1dbbf0f7aee98e244df,716160756.4215661
11be39d287e5a8bdbecb5994,732677194.8530498
40a561bf79fa7a08155e1183,445991202.59644324
3dbafa8cd5225e261ec9b6ef,383787553.5738188
68cd88b657b59f5671f59e04,392932786.91250396
6a2ce95a8be0654f193592e5,481845538.3366606
4e613cde51f9760d3c051562,717629160.7203767
1b69d2c7fa8f802c4af1369b,529034977.76132804
f126c4b36c00d0ca11c21a2d,524556134.1440187
e6a7e6b41e6c6bbdc16e1e14,578411927.1137489
5a69ebde2e113923ddbcd18d,642377877.3546442
72f0540aab38ebaaf9a389f6,709228685.6387352
75b5bb7b5ff8ebcc863fbdcc,575738119.1658493
096912698fd9a59d94935478,546746560.1486682
f0ad965090221d2349e90d5c,637638572.6520728
1c224347a1445ae01184e0a2,576873487.0808053
0ee7273686a0a92fbf48a383,582365470.9524419
e2094d28cacad3e2a711c5ca,432511656.6361664
f50e0ea2c3831235704b8c72,398444645.6637402
1e64759f297a66524eb07b7e,613749769.741982
7636a187e29abcbd8fad6244,405153882.64598894
9b858a70a031475e422e375f,779591468.3063399
56c2e8e14f9c6c9a9f046a08,518415841.41260356
1bd7b990be19afa5acc78bc0,509092897.7773154
8b36b7364e4a4c80a6e50bed,943755216.7780195
d348d38769937c8f350297bb,673778444.4458278
f4350916cbddd5a544c6ae46,369244654.6839113
237bce11f35d32ff029498a3,550106716.6608486
faf92fbca9baf8cce4a00063,441832404.8660914
812c9b5407424f956d308b06,697665615.8100346
9fd4adb5c63fba5a11661b23,563362339.6387297
168f81689afa1f055d8bf7c8,645334947.3667123
2a9bbffb1b98c49d79bae509,539712602.9774507
b95ecad591e5c69fdad8763d,464930014.46539176
dc51caa89a74da37ae644ff8,464930014.46539176
d97895a836e6ea22ff3265d8,380776881.3589401
de754bceba2d206a9cb4f116,388561715.29717654
036177aff84b1901e0f18759,425953680.64169836
8a6cb559a488d6ce1b641585,544273561.5470564
74c4f233c7f385be73168e0f,533147145.1812827
27a6f3e8f9649ccce7680f0a,559728488.8868748
711045fc099712aae3fe4d14,470110946.3348089
01e033f5bd502c4ad398ece7,542445345.2736726
a99261116e0158109b3e3bc3,419930834.47177947
2d8d64261ba659302da4a481,519602144.9602203
9adaadeeaf6a403e1c8754bf,653513928.7016283
2ab24b9c5349427998338d21,544146756.0045226
09ce36a03c52d6721bc5276b,512486554.5848015
80b37d5ebdb325edef39258f,732431700.5879886
78a080fc98669c0cd9153904,864711433.0644598
2d14ad8ab9573c406e203ed4,700671750.5354369
145f33a8350a080231306bd1,714246217.0856074
b0aaae3a435fde30c4c02fac,595561518.5879487
b3f5af523b5d6d938693ebfe,555427598.324811
25d62e6b1a1a52cd8080354f,1026727472.2948102
5a06a8b33611251b62d77e72,719317047.7590147
e93a9b257ecd815c860d0b82,911290372.4814236
610f192d22864016cc2df1c9,480212957.4905429
4e665d479b3bf2e25cd463a2,663326724.9215115
343be18b0f77260f32ec05d2,409639852.44561964
33dbec39ef8c0667e4c3f039,681968093.6217515
b24fb90a2aa5d9d0c7e1541b,693212600.0213578
b56a3a017449fc4ce417009e,608492748.6225412
e0dd5e6879d824a95c3c1773,575225602.7242136
156a20e2bf9e48b9a360f9c4,399240316.7897946
d5583fa23ed97a3b9413e910,577735971.949046
4e6f695bcd4d3c0d8497c1fd,563621801.5608994
da7a511a5f470d99ab2bc4a6,835344240.3443525
22a6058ffe790c98a8922258,776529384.5811367
0c19c54de06d1c139df99ab0,744511317.026094
48e687093fb26d29cda9ad6e,371713823.7139716
3ad3c519ced4b63ddbfdb0a1,370940234.0914868
0b221ebf810f632568c1e2c9,463472398.7353405
7930f32456e796e40fbf78ed,606132468.9097253
f084bfc530f4039f6631537b,605668218.3397149
f9793063f561dc76c0b49a9d,548858310.9717101
4d2ec23fff8eb502a9d93353,544471045.5597026
a6f570e11883e74654898d75,523158223.60360867
cdf11b53a23fcf9b6032cc8d,524759763.75640005
6f968f62a6fa4dc255397bf7,650791496.93741
d692ba46b098c6658799ea8f,403634204.9430561
774a4b48d34052a978b1180f,632873492.180402
acea4c7aa1185baaf6d3b60f,551129801.8037095
07ce6f95a7719abc9a204b6d,530517548.45213765
b371665aece480b8c1602773,608776117.7259034
5edc37d9746cbef8352f0fa4,581636899.2406939
26617e1fb3b4f0e4a70e1b0e,815244651.3206316
b1a13541b37964b8b85f4669,517288149.1997858
94213637892f5fe643cbe8ca,517288149.1997858
742acc26686d04596ba60a34,525625222.8429536
acb1d16ce30aee0a39f01f09,669648833.573345
e0d837e6d5d74fe91d39d23c,564009485.3293232
29028322a6d692edc5ca713f,468804190.0595905
03d54a6e80d48c96a7f6a1fa,627551784.4345652
8616b310e335f539ab1109dc,620865697.0648457
6c21f6a3513869f93b32e9ec,750200189.3054909
10084cfff54a17bcda6f19d3,621707706.9359983
169c742419c0d4335d09fb45,691963127.198691
0f06896d7502890175cbc4a0,760785853.336223
7d2e3464d5f2f79ac29e6c0c,384958443.74584234
de9053a55630670ee8e59c9d,694661558.4820776
8d54b9bd24cd9da341cc942a,657025634.9645733
95570bee1792641c7c12e4ef,901905940.764813
6d0c5546a498fafba15f2e17,431355140.6512613
ed43b0ac46067bf886457c01,512519510.9490218
8890eca19a9e1cdc9e0f0541,776093555.6726409
760a5dbccf4eb4ccc2622b77,499279482.4474157
20fe2d7fb3910ef786cff965,549348244.2207661
602abdc140c40112afc1dc98,390049155.04325527
b7f906741cae6861bd5fb922,359997976.9081607
4d45fbe5a5d39188b5eccbfe,716118916.8258777
08f74ad7f06f2c409903ddf9,536483382.71497136
7be186f4eeff5c0efd58e424,462051263.01799595
3d1a767dc286fe1cb86ed9f6,579228040.0695628
2ec9f5265334241fc594976f,595963023.9664725
d737b8b7b39e99f7d877b7ed,566514331.4718077
8fc50169e6ec98a3f4229ffd,775220376.5011846
942133ad6b84f9d08e1d4e7d,501334757.76836294
c965b03014d21473b27072f8,588834751.4861428
f1c8da86597a427e24dcd557,634138820.5245908
8ed5e7770d03c43ed19abf42,641504498.0173525
68ea36e3f441cb6da8d36198,544642655.696041
c97715bec6032974060480d6,585755238.2941642
e6eb47d050702ed49ef5c49f,579980573.4424574
5a82fa348f3b97e74cdd3a61,644837262.3370961
cd05166ab9bf3128c23fb8c7,579681933.6943536
cbe4318f63d73fea6238079b,569551475.55127
efcc8d268982e95fe2fdb311,643213487.7800362
c45d7f326a2f279760d1a4ae,534431383.069822
7c5ce0e65cb26773edc9ddef,571982693.1140959
357fda0abf79ec95f73e3584,393350108.70997024
a1e8f0c7cfbfecfd1549b0b5,539192266.1441214
3f208f32cc24d8ce1506ed90,557897070.7534808
87ca8a2b3251a38d45730f5c,673926367.5628405
728961e03bfa6e3242f06d8a,501847923.8694837
b9f9dd0d368df912e6e0ce70,585263193.5163325
429b049255a7edf227a980a1,429328965.1522039
a6259664a05091ef92129c7c,464760753.10224855
674c915c52b27df2c06b8bd3,554747011.542357
f8be64dc83c5923983fbb770,555695184.4126571
445fa7f5e8e9d7f12e8991d4,861137831.7862126
0842816a5ef4f24435c8df22,709550796.7766881
40558b62d83e4362efe1fe26,452788218.1133716
bc474096496b98177e40f590,497662875.46631736
2b55989b2253416428ece917,497662875.46631736
7158e3a6d456211d4533e246,417213614.8512629
d4fac54e137f5d27ce5f457a,470933968.00613016
faee80ca0efce20e731823bb,777544057.4681493
8ec09555f5a47f96a8683699,716985719.7381244
2d7a48a6b9fff20ded24f86d,372162904.90927625
514b09016ef85b9ddc4fafb2,640347204.3701189
a1c975ab16effc6f97935e16,686666570.0178864
e803e3806630c6579f004610,664002110.4501939
26526235b34fa5b7349df00a,376447074.27787846
ba762cf12cc038e5c43bc6f5,519654925.366171
45aa335dae223bccb31ff7cc,567083677.8434814
1dd3d7e197075859c1ff5b23,597097474.8252639
2db9b3463f85dfa87347d6e3,592154994.7489487
f72cc14d79ce15491a96ddfe,889926078.7983441
4e25bad08182b79f5ba9639b,628834067.9478643
e724a1db86d8d0c6334041b6,406187655.43770325
8fa53bd51f5d54be50b3fa29,409374506.7258522
fb7048ba61e9e6b1de829bdf,473589580.01046705
4bf70f19da0bddec9241d310,578206337.4505755
13c7f3592bd432c7cd0a42ab,639735231.4380374
cb64b363295d36b9b0fde3cc,667414498.9215761
bdc17ea3f30318b11df30508,501075677.72402567
cb7f62ac4c1afbb4256601f0,513253040.02143705
5d6c275d9d3326e738c875c8,810457264.3486818
9865836c04a9582688f50496,414044744.2578929
55a615b65a28b64d46ec63e4,588873709.5484853
dcc9e2c9c1151bd9f93f44b8,778361960.6502742
1a2c0e46bc18bf3224450064,774112131.5198499
3de8187003cbf6c4813bee45,407198907.52198845
d62663a447beaec69808f85a,423967418.6723595
1ae17f134221d5d9ee69ebd9,594919728.7290114
35e55d060b1c4239a85c0ebb,401384963.43368685
45917f1bac415feac7e41124,436888617.4790629
ed44705c17c414af8442b6ae,659389002.7697922
6f01f2c67343ebb8ec717a5b,602885486.8583566
8f2218126da9580268661c70,705725152.1004462
5b36bc6e78872d2ca6d3d1f9,628703800.8885056
c5c7631ddb5b485d0e992f7b,590994515.0114509
43c88f1874dc7f91c899df36,798258656.0001366
dc544c90e6ee38346a6002bd,747366866.6497042
02990998f3621fc5a3d0ee63,443268573.73742425
dbab5ea45ae910567c97fbb0,660760715.8779335
bbf80c409ab3a6784028eb6f,386697052.75847864
40e56beaf4a7f28f8108b132,386697052.75847864
e857db57a89e165eade00770,378777432.894037
41fc4ca2b3f48508d840bbb1,442632404.1568055
08c1db1e620e975c4d476b2c,468551085.19041425
8a1d93bbc83f4728657317d1,582751732.6155506
6be0ddd4180b5eb92908da05,376579151.17732763
ff1498465e4db86f4f652e87,472402775.02684134
6410d336f6e61c4a81403c61,460279573.3179357
169cdb07bd175b4325fd28fb,386188927.1117148
546b56fbf616a6dfd1ad9d88,576849667.7242558
666af58bb684c2d8e7574e86,622290376.8605901
9fe75dbfd537f9ebc6653f18,534202751.2878865
ef961c130fa3b9015b103154,560809892.2208928
035ea0f13f2ca01c902d5388,449783616.3746248
7800f742ee14c4b4142f8b58,674593280.2878509
0c621256c4d7ca81045fcde2,542439542.7625918
50db9d168354ea3d75a03a6f,599943642.9072417
7bcd1fe7a140b6eeb4df2aae,608242615.4764858
49a4cebdb22fc2d72bd1aa78,408862117.7599934
69ae1f2868fe714ad8e2f114,386626438.54348975
ca4f4a66d83f2043a7dca261,376452240.6482756
c0ef32a7a294e5891505bf35,376452240.6482756
5ad6f4091b77715b7f74587c,882919121.5532504
331e915e2a66fb70380282d6,452597855.97598064
3a00543fb00cbc044a5b3527,383941226.91663295
81df59c6d8be19568d16ea3e,368705475.48799026
88a4da0d72977b0c56b31061,500393131.0119395
3ff9e75c6de41de517d1c4a4,383454459.65882576
147f80fbae69dd577ff19950,426853722.43985826
78beee9b7fab8600d420fd27,517681543.00786275
c3733b88ebafc0a05f5bdc99,436659877.53504884
568509a7aba60f8fe2d0cd5a,426573389.1136368
f6d3f7e963c9aa1783b3adab,699715833.1790872
ffcf6794a400aba909383b41,681988819.629495
fa0aa00078cc178de0cc7d96,641508848.2267696
eec51f949083f39691e37e15,630641684.8605912
26f3d5bc3adcd1396747a414,575731667.0224794
cb9e058f82b10cf80990beea,642774484.5101097
22a0f3315f7600e5120db131,419159439.3564045
bf6845aac15fde9b89a7208b,499996268.7313233
6e3cbbbd3f4d0578144cf021,441204450.341533
98a0289e513d5ba036b24252,561898260.3259827
597d3f78e2f413acabf825c0,461772974.8096145
43a91a731e86b9a0784f717d,557662552.8839183
f34ff57e272cd08056e6a243,535931737.87847304
6f68b289516faa0b7ef36a34,444956783.6705017
8bd8a7e19b6d3b8bcabb84d9,411844027.5091279
74b64bd536ebbcd7c30ef8fd,634770932.3670851
f968e756cbe6504fa0f32458,405165058.5833451
e99d9dcb9880cbfd219b4297,683115587.685446
4c9e6812520f4aea4ce435ae,484675542.2565278
78419be95416d2991ade8be1,476340497.37066454
d417ff438d2a418b1f9e50b6,491484490.3793448
3ac77ed776aa4630c7293240,645504376.7272787
95173735a8f6e554f083c065,571856536.5543654
83da39bc1a2eeb75e2825c22,784352653.0095665
4bf89c9e50c5417ed669c481,921289410.9844347
f90fd39477c8da38e33ba0fb,532730072.71219474
b45bb2d0d137de6984d4e1ec,581835732.2224376
bb812343bd6cd66e9cf9a9ba,408218870.4785888
e299f614cd8ae525fc8fd0e6,581926727.1197323
521e9326a2003c7b56fc4365,534940177.9650759
dd59ac4f6706a1399360bd14,736278308.1077998
d6c6e7f923ce2cffba8ff9df,614578392.4353825
df07a34d0ee2f78f115c45cb,554034753.5407828
db6061f876f890071f7ed957,625009308.6549418
b31601cf48b268f3b4107564,641676975.5466297
3a9b2ef74c59e96a6b107357,452548686.5945276
d600310e19c926cda14ac923,504165178.67384964
183f2cf1a1c7eb9700b6e72a,644389136.3756847
42556b1bae874a5c09777873,661562132.0669526
57c1ed738536d177d66fc52c,566245949.4418288
26cdd114566b7cc63cd96fb8,685412355.635996
0f679cc583a47b30ea132bbb,511833008.5480031
32ea7e13e8d9391aa9b7ab9e,361949305.7589191
0a482968c7cdf212401d72b7,547950094.7947915
85e4ee2583c51592d68ef5d9,359411079.29283315
f4ce15aaa352d707b68cf773,394520474.6510146
7d383abbb6ac49c6599ffb0c,574680759.9144423
6c67b1b0991a1d79251855c3,638967088.845708
9e52ce2cb6f6b7e2a152dd54,866777191.4351848
bdeed3a7395cdb9b175273a6,569954655.3923453
423ddbfe2f575e6bcb22e7b8,668786025.1164355
3247399a31df838ec5fe58c5,507635334.65520054
bd57e5cd29d935cb26006835,572889921.7549928
bf00f36c4dbb273d7ba4b7dd,446935426.3436092
48b9efef82faf72bcbdf66b2,607673348.2851897
d2526a3e39ea01f87c99d073,561410923.0157447
651d5cd65f80c4938deb7da4,525013473.4125813
0be7803a34b11d89133beaf4,464828396.415179
a54b0b282edbd217e9509287,448663857.26528364
550c5061428d09afa0c409f3,534154605.04932123
7538c609fdd115c9dac551f4,896564757.6884636
d7e3cdd3ac239a5c318f2e9b,641635882.9279747
9bb193ea939c5308a738fcef,449070244.2610831
33425419e1a8e854418c5180,369013451.98980993
fedf2e30e390f5cf74b27e97,460948434.78576064
024c5c787d005adbe770b9bf,425444069.9331889
13f681a090b36edf38a4abd0,492428320.3806586
442c6bda79f63bae28674b1e,720973981.2348592
47e0c773f65485ab7c78d49f,437814362.2613675
9e30b310c820d0426f504d90,411373250.3263203
8cdfda9067e0934a8ebe0894,644581006.8681833
0a8aaa78f68d43e3b1bf6c51,539608459.4096026
1101f533fd18cae5d32c1cbe,557130951.4922172
9f6af9ac2404a8d55f24286b,562862605.999789
75060f295e0aba8e1224f766,398227082.438508
f0e68102ff84f49d90fe38f4,498411182.45746446
3c45bf3e3e31e7804ac91704,458287313.46958077
f908e1de4c4be0d77411a998,516061783.5902163
ca643c04044fabc6fc566d12,768337946.0730591
8aa76df8fea21a42fb6229ff,418502453.1171468
c214d2383936dafbe0652c51,606933217.4588803
993898470c6676ce46ede92d,525436916.98576826
18f6240cad6e92f9151099c5,566233672.9154361
1e63fac2629793fdcb793f1e,473716521.5532364
e0137390f0186c98f4e91263,620452682.5455631
e35f95823a486c52b0f4c2b6,575347138.8189288
ede10672118071a215ae09fc,611391486.0144289
fcf46edf6d612ff1f5ed6134,585079628.8803717
df4be33c0931aa86231b7a2e,619022988.1733053
53fdb16ec08e794dba9a10ea,596289990.0480787
74c24c5e142e5267456b24a7,577046936.6266445
f1bc08407f40396c094e0499,517935784.3846586
496ce19c015093e97144d375,689104747.2018478
a183a1c009abf7251fd725a1,672970876.3798096
6bdd97526b1a9cf10853df1b,509786097.9726894
f083a8f187e2227696695ee1,567211400.5108359
2621e068043a5019aeed6c8c,827082395.5329031
3b43e7acfab46651b099b1ed,556881621.2320144
6565b3281cc2d632febbb6dc,570958354.9066343
09e47ad8508e7cfee83c6d68,941542954.0745631
88b02e7b20ce6db956afcdd2,671734177.6536958
bfc41facefe9428865e4c29f,590910970.3148582
569bb17b961fbdadf7106d56,630208216.5412672
2314e3ffc7242a429e00207c,855607286.2652183
4bc1e2cf5e5ffcbe1020df08,723407825.6434339
949c4a5382aff4750b4dff83,728228335.6120126
a63b4a22614d334b4a61ea16,758781798.8241965
734fbae84cebd50aaf71c48d,863962643.0462801
f92935374a7ef86314223c5b,1115465131.6496818
6cc8e22f11d382206273af23,542167672.5348177
701768887155444b77c4f446,450386248.6960295
13c86cdff4dd32a9f8b9adcf,882746147.3267049
8002e2cd1b70ddcae88ebc4b,563599934.0853674
d0d77497c8a7d567f01d3afe,501346159.9578466
95a7b01cd60cd10e7364a600,576689087.5830677
d1e38d7cbd32567c874e194b,576689087.5830677
e674ba41f9657ac8f30d4f7c,531084481.1766558
6bb760d54e5b0f54d9612a8a,710219895.3290797
9e3bbcdba89c647e4ce53182,478203129.37289894
72927abf4bcd53d6907aeeda,727751478.8536329
aebaae467e5f01db3afe69ff,394686574.6627002
3ad457c8855ab8921a7974c7,889520229.8955855
1f3d3fbcb686ada1a96e01e4,494026407.2132745
0775d831f68b88ca59eb871d,984352809.9012021
5fa3b0993cb43d3c72c30093,616954407.0110652
bef19d0084cfc9f6fa37ddd0,565997073.3166771
85a856b4d0dfb1fae861f513,530598268.5780545
07fa1ad76017843232107517,578362393.5185016
4049086139009c35dfebb3ab,394628581.9206859
655120f80a39c19221623311,550631224.9954797
71dca93007d6ba45fa40eaad,583860316.5620824
9f41ce015f02d67e193c41f5,357684161.44946885
9017bd24d173b2fcf564b32b,616144226.9247086
e5ef29d41082025c42f7c921,528349240.39496326
5c60d7880850970facc54bb8,658894732.5265143
f51fce25d8376d48fbe73a43,397263956.2130955
9dc7b0a394309d8b76d0bb7c,580405509.4006059
a12ac99bf63b547fd9180a79,573687377.8506777
378d846a7af35e0c3efe53a9,641463082.0872767
0872198056be7edd5eff220c,829719845.861014
efddad1eec775ce61d3b7b64,712194817.3003627
70c19d59c6b9e194b6bc09fe,426370092.94951904
b0d3d98076883f346cee8d04,571461125.8841032
c7694e92a97bb66794e62fbc,446922547.65655273
7b4fcc72822460a428c19282,770905961.1406968
a6baf4631223d9b24de8b590,556180854.3169956
a6f616d63d134f14ced205d1,978588850.7479762
50c123baa5783185ddbe29c6,661917820.5081636
24756921525595f1684929ba,554947989.1360917
caf9c761d21329c993a0bdf3,561107557.0912944
193d70ead1ff1043845e7671,523098813.3242342
62ea31859e01c2f4d4e97baa,574056732.2862303
272b5b5c28e46c6f5ad95c22,619998340.5493639
552ab0964056c1d1d1b7398c,568305014.8356061
23799891583435710f66303a,568728148.8405008
34896afec0b639648c527483,553413014.4157988
eaf53eeb911ecbae638409e5,416939271.09327924
b1fdade0fbf0470060fc2708,416323008.15721536
8a20478528e97700dcc84abb,521031736.86514336
702525f05b47353c95b0905e,424478586.0929133
b84c837c5a1fd0f1ebc5f8a6,514459734.2197718
ee2d16316e6f4f2388494c7f,611663647.0297604
ea4af07bef4ed93e81ded95c,776170453.4947853
1a71d0d3503f9eff28acef6f,1127053150.9211402
1fe392004a09aeeaa6e8bce7,411106009.2801488
46d4b0cdc81137aa56f516df,576169822.0190966
4d666967b74ccdf5b04e9787,434589457.8304748
fcf79745f8cd716d3ff9d27b,534970063.04528123
aa8a19a2fd3e2cfeb3b7dbd9,452258284.53586674
f055602beb49dd6040641c9a,434233595.1803216
7b1377c8d81755bb9b501064,430428353.26419264
17d0418e4a439e9de8006f5f,545857695.5081872
48f1c6e343a4724ed865533b,684616823.6047838
353207faab3dcf10feaac8ee,634662516.8415039
ff188e88378c8e2abed8119e,947405930.065137
424b41f5e01ea2e2ccd3ca48,735362168.5463306
608cf4f46a188cf84f853c72,390799946.069598
f9e7582dd99d36bfada56249,567993931.2606062
d52f04fb69bed41ffb10fce8,581163583.9374739
ea84b58f733c8e491db98a52,663381516.2638516
68699eb9653684fdd3fc79b0,689146758.5747603
31f52502e89beb1b2e0dc3d3,522449040.1452193
fd41747287a480d5c4dcb56d,608899440.6825317
b7afdbc1b57b52e6fb03accf,574202887.9546195
48b270a493af4fa28dab9211,433030629.8991296
2a787b39e84958ca6b7001d0,508347550.3591975
e439c77c0d871996bf06bf88,610591245.8326575
91b8b9db5372a2c3a5c30c58,759475519.0038016
038272b33c075765464761e8,421536857.12073
fe8e45caf7605fb91d6bc5f7,532739808.9869641
d354a2581dcb183c0cd70540,496380924.73059446
9421ce9f204f373a50357fce,404204870.5140536
56bd3b61805077405af098a9,482595004.3212803
0a606d19ae362a58922b172e,438875254.6620312
ededebb1a544fb3246d3e131,391079640.3154621
6b6c365359d20be719ce815a,646054803.780111
b8b22c1afac62b05ad389dc5,412826915.01213
3e3717eda8ec9a68c9d83027,487484375.2048661
03be8ec62dae56680beb2cf3,542005778.5207477
fe6c8cd2e792d62a4c324da5,416608965.7288275
f9c133f7a12f2b8c1b2beedc,485206149.1806495
4ec47b8100d224499ec608e8,730685622.6175091
143ca16847cc47d4a4c01ac0,519076252.69433945
22127243f7ba3a68c3fc33bf,564597681.2819942
835eff7679889fcff6795d8a,426806819.4625927
4ed3eb724d4e57a7b35ddf5c,563157942.8965428
4d743a1250f7d91e2782708e,491678686.28542906
9f5cf735a842860e7ac753cf,861008999.8546565
e54a8b735724b2af56c7a36e,473689637.047598
3b39471f854357b7e5d2853f,513297578.30040556
91bd11b5a8e0c0124be78f46,501163172.733627
6121943254877ee48716c4e1,422692200.02238
3f4c2c98a5a6cb78d7d26327,401071260.9650337
2b6d63d6b072901effbc8e1e,596027312.483997
7e4b240c601e37977faffeb0,596027312.483997
ac29d71a80307cab65f29ff4,471284357.88670325
70c77552b1bb67a2a71c2ee1,574894215.0709733
54a09a85767156b072c808c8,566135248.645054
244210fb4bcc0a04f2cdff95,712610789.8170537
9a2b53c1c7151a8b26a71edc,404913715.3969817
918c48a512fd6ff22fdce5d3,550031448.4632752
effe4219e6cb56e5ab70ff6b,735921287.5536761
936e6d2192f28a2b40939a4d,1075525812.8371644
ad9a1b23979f0edd2ee19f38,490355770.98519355
8a8e4996e24142eb413c0d12,573923620.3340508
31c69cf4d197f97ac594a896,513821566.2739425
143f07eb2a8f0a9e26fc4c56,581785033.75354
e5fd3cdc6a19653275c7f4a8,544553390.0302235
5c7efb015b8ff7f108c99723,821866964.2817338
394718d9d069a126e13be804,550831410.522898
56f30ea777f5493139f22384,679855584.366038
37d5a902f1036cf3d80c275b,556683291.2770946
3f418a8bcc7adfa87e0f67dd,542175220.0808824
051416c05445860d5b4095e6,405977941.90525454
887761f34ce0996bb05ac48a,730444344.8383082
e02fa06a8de8a603e417d5ad,528994487.7743988
6f5929e67fb8da068b91096c,719122453.893372
291479f573955e063f2d8bda,759728998.3969978
e60850405ccec092b8fb5d02,583730019.5956882
464864b367e16547fe319229,568807124.776128
4c14547b7e02e75204ca9f4a,562955148.980695
6183257f16bce94113879745,536868833.8584152
46c34a4e5987c20eb1f5ff99,466023492.6391598
3f39b25dedb96409dc9d1947,734675826.8476934
e7a85e64ee07971696f555f2,742736392.9671508
33043b254b9085fc82ee1f7f,371603011.9949086
bd2759d469829bb8926dbe09,618967435.900858
affae17b6cc59bdaa30e29c2,771164906.7992234
e611d41aaf38a58acaa0bf23,617082071.192171
0de426088a306321990cf60e,489881744.81634
685982808b30597cc013e2c7,422672306.7569483
4cfd1be6a93641b110fcaf67,369622665.53224224
68fb3b3cc3e5b13440eb014b,791620505.8835301
532bf5813d7e70958f71a480,652285475.29283
06ee1d8f3ea326a0e3a9791d,544552758.0657886
1862e0c4d8e89fd2302ab376,586221221.2957213
f3dea3d678d959aaf6b2849f,566423827.1264693
2478e48a3c6bedd57c13c72c,546894314.1313671
efa36c7738fc14a11cc352eb,588719772.5874243
2f6dfe9443645d6629eeccb9,479372536.1951963
bc7e867cad6f221dc44754b2,464571301.10419285
e4f2fecf58a038d7b18f7160,576225481.629344
a7620d5599ec354541c8af13,575791032.4321408
484cde8e47fbf62a339c8219,460144196.42544764
5fcd9836a3ea537fe86d457d,549557843.6799153
1b288024824312c8b1681bd9,385646360.61190397
44e4574527acc86977f5bc41,654072602.9317402
8b716bc4d6d833f9bff3e729,576005509.9016709
0ab85344c5fe6ccb0edb6313,556240074.2969009
03ad99f1799f2a20c8cc0a50,818810701.7375088
6db318f828d464be421eb572,736687171.6462463
c3e648317c360c76b94bf541,384223593.4462284
19cb65620d2330624252d01c,431859507.71247447
dba9fa9642ebc97ccd765db6,417540642.5029321
1d2467e5f991b935d676e906,373883458.3844217
4091a115125eb4a67f494620,477846372.5403709
d197410ebc0e3b9937464923,431859507.71247447
722699e593085cdd72102baf,490434641.8924091
c059affd0c19f6d4d76f37c2,674759250.0371851
855dcebac302ec5760f67121,690217304.8350413
f433278518a80c3301f26cfa,696958752.9874399
66a45b0aaf5f696d35f5cebb,922209039.9399028
0152ffa8757aaaf417e9f997,856502300.5684918
55b72f6c7163a9b0b3b0b262,398424038.1276298
c8346a875be8391145a2f9aa,379904079.2553912
11c86230e62bd2c9ba44131f,553694006.6708022
c4b97a459e2c6d13710fa273,563362339.6387297
8bcebf3cdc54d4ec99ba0d88,419310176.3892712
ad159116d166e45b70329bd5,534573239.33335036
6f060a8ee8d6d15f46289759,669965170.9441011
ab5f089f9d2ac1bf52222ec5,492328167.4827782
f4fc2da675d6a2583054fc56,433691878.78526735
89eed91bf5148b5645408222,465528646.7339233
0761d0b7c6e319a75b06d420,551048815.9235623
ce84187750fa7aadd141b5fb,724380809.5680014
ad77298955813089bce818a2,394596046.72319055
3abe8f334f0f20f8006ca5d6,613276372.8220204
36445c32822146606f75dfdb,640549597.1832968
f9798cc6285c9fb3ed7cb668,549205981.9280503
59dd396f70b8458772307895,521238236.95455617
83e91710343450cb0812a6e4,686560488.4105878
1e7a931100be734988955242,763120600.4494275
bedc5ab20edc896f814c3f06,721268382.9587504
f884247fa6414f384480bf38,612767241.2856618
f34a38cdec7eb598e55fa41e,475460664.2372055
106ad411e13ea21ad68e5f59,614631106.08956
a87c585acf2a147e381005f5,382599677.00857013
ad755859e7b6afbc021fcf6d,598760432.0817189
8015080cf97316a08453a9fb,638324427.2470789
f56d8f5cfaca0691c6ffbe00,507600604.37578624
8ad016d414e2d2be053d7612,562781035.1887784
8b91a957eca1985938860c28,557360669.6691467
20bce83e2b75fc535a148dc8,562588252.5738147
5724ecee1b12e888d538c1fe,488221614.4531856
1e90d068f3c86c6f691649ff,579473234.6952128
0fd954262ee740999c31d407,452852985.14815027
a6d7b144058ebc326b9803bb,849364582.3658261
a81abab882910584371c7b66,426322202.2228755
9e41c4b41cbdc2553d80e362,666439677.0779974
b6fcc49ad3656cbd3f4c2ea6,749889737.4517006
9a296eb9b63ffbdf2a07cd0d,699487185.6056136
3fbc0746bd620a0baabbd859,422343084.8371298
3043d0b025fac4ed90b448e6,404016065.47753704
219555efc5b4291791143252,444320682.623027
a00863c7c53b2c059ce22dfb,382232210.1901718
28b838c94d10823ceed62e0e,492154030.07944226
7e64ab35f5e336d5bd2e1b51,642581214.8628883
52f24ab479fad35c8bb5a8f6,400379445.88329834
0d1ef14606c58310cae371f2,364878983.8653637
a465a567a4f60ac534505bdd,575934719.0423692
8694b149f7c0deadf820f0e4,507892737.6539108
16d6b756f5ebcacf221918b8,574829068.5897799
7d132190218425df1857b8b8,556760908.8441209
7c7a3f51a58dfd1588d7c088,395138993.4260781
64d1c45a2968b0fbf0eeacaa,769710089.6935873
4fdc382b65441412fef509ad,592993227.1509167
04ece9352b3810031f3f9a90,508199232.90686566
8b5b351e07a26c25cf51e176,368263728.6035451
f923bfcb8cdb543c23bafd52,555894925.6328758
a15a12446d2e5993a0a6c423,624190243.2715513
ab3e1642655f7e705cb047a9,555894925.6328758
b62fc917b3e8ddd64bb81018,413140854.67812425
835842cdc8ea0a2206c2b46e,703193402.0570426
02ce5bc5d5d286a4cc0928f6,676629710.2960699
d8e51f7b40bf1887ac007163,632445031.776634
90f320e94aa429856e37bb35,404679293.7675502
967a7676754d6f9aa3e14473,606008343.627501
9251f3dafa0e747b6e78f295,530980704.3046782
17b5e8357e17b516d947ebe3,561190546.1470877
f943cfd29effc9c048b8e106,697495267.1183947
41719542347401b04dfbaa59,968031688.7831749
bd6ad9a9ab28aaef9b4955c8,434345143.1361738
bbff88040e5b20e874cfad9a,541974132.192292
3d6a9a4f2336a46eb62e6a47,579835327.6636101
493367258be5d63dc8db97d1,579835327.6636101
67cf2149b4c214da77694088,526467123.550672
8d2e85825e95f6941445cace,663912902.6864529
01afa737bcfa6b1ab530eb09,588246762.1227472
25813f7204a2e796170c4836,417650131.17976594
3cb1773d90dc240c4ffed5c4,857686792.1499336
6c81a0b90366db9f514362b4,856979687.0071925
44c8131b88accb3b46b79ba5,372162904.90927625
ff185be4fdbe3790c72d00cb,385089722.09061146
851f50292e30b0a464c0804d,476298489.28433067
6fc2a4f29e3b896bce631ee0,450598276.43002385
cabc4fd04b60a66bdbe2cf9a,616988305.9154382
61e9c2375626a18bc9920c5d,831524006.0413095
396c8060d9767b4debf2a54c,728220327.7188964
92ba019bd942fa33ab742924,516494963.6879184
ff71037ec8e5a91aad6f0686,581134211.7717983
d162a90b37622c1dc6550690,412424569.13362586
e1490f0730f8fdc36993027c,549013562.9762766
5a066d6bb65d28c2094051f6,707380389.5252982
9c7bcf000cb37f48d9f15422,608860472.668757
528a6345df87dd0db33bf822,571743844.6517067
579ee47bc31f5408314bca28,835440856.2418154
eb61a13df1c8d8d0efc4db3a,433218094.96667033
b649d315ff3c97c4e8e9db73,389612405.7768606
d8dd26eb78ff22272358e302,666656948.8411212
6ae2221c504027acfb7368e8,628882862.1779565
3ce908c9b70f349158f7d04a,582699088.5493997
7cf74cbec871e465ec2f6a61,582699088.5493997
02e9b077d6cece81387fda35,502912359.29569244
865ed399cc344e0638e45128,571982091.5895388
d9ed55fb72efda67f5144330,562195593.210612
9fdbab0b428f19e7e8dc35b0,695188858.0771695
c061b886b7136a1b00c8ea2d,588737625.0031984
fd0f6c0b5234ec1f6c7d1fd8,994671237.4919608
9df90c0644948ea5539939eb,947141406.3131181
547661e79bf0c62cb8de63d1,467377932.7507767
68963f5f3657cb64276e3beb,501385005.7105488
cab0a460167bb64c037cf25d,383589394.0623234
31977cd5d4c09eff149e74ea,655805934.7540795
23264fdd1059460e079e5810,473903575.65148866
4769743185eaeb0e4158e0e0,708873707.1877621
780c809c52509bb4855a4efc,642602099.1539103
f64d4e029592761bee698958,405540899.5788734
be364e85b988ef8627ece74e,375719718.70345014
c73c38b652e9418f06f89b67,396102997.61693794
213032fd36fa1a6342570158,559754081.4972327
d519a8de5fdd1a84ca1baac3,670391490.1916358
df91a494d5d244f20dab0eb0,359581108.6625096
9be92b361ffd3ea2c69be23b,413947043.2773264
cad16b2ea432d926d961109a,459862097.9711129
56b22bd973f94a4bfaaf6b33,456453683.55244833
84114798ccd01ae3dc97cb27,382614236.4292374
fe2bf1f402addaf17a213030,556096712.3306079
e01c1b69abb6a4c1c69c77d7,579951983.5240021
24671f63cd061228ec0b5b9b,463763404.7343637
f54c16df774e70d49355cf4c,433334028.0400506
5537b994e85c2688fe555d5c,577811285.1841133
1e5919cbe4373aa261d672d7,360397431.96965355
cc125d0f70d6d0819d6d90ee,776722729.5142874
51f94ebbd6d2533862a1fdbf,536877383.5271949
fe409f9ea8d18c9d9ba4d02e,363152592.07030743
753b47e2a3b9fcdf9d7fd9fa,367233557.5294606
6bdb3153f267395eefbf588c,448936235.6864103
9bde9f216ecb90814670e87f,526945506.70093524
7f5280804c59f56fba3d6201,432066088.8036005
ceaf16e097500022498950ff,418194214.0858238
aef06b27b0a080b5ee539b6b,378326742.585164
abc668bf93ec7d1951c65cf6,363152592.07030743
56822f406646f93fb39d9e60,369239453.25975066
2690ba8b22a95cb837cb87b6,398908301.86301553
180172e4eee8ba756207b3a8,391258746.3727591
c11cd2e00942ffe56db5ae88,880508439.8198348
75a287d87aaf6ffe7b6db546,368067582.98766583
08f35bfbfe1bd663c40d9e54,510643964.61869466
c2bbdb2e5d0191071e6db37b,730227463.3843498
b129a508d1d98a1b6dd2f61f,532659661.2095776
335626f385c28e8370c207cb,453098145.924167
898ed7299f0c7b8a99e4877b,409129535.5276706
a98022fc80dd6ff27de693f9,589962685.0536156
a59f1631e721d231eab4d146,582647545.3357823
98c9c866109bedd605ab7dbd,718958007.3664993
cc9743189c3671adbb1be49b,557360432.5731862
e22b8126863c9ca8fb04df9f,534663699.98478365
247715511199c5b680088b56,513532220.86659545
6e51ca1a9c2bba9fa0cbe5db,715460461.1605898
ba8d6800443dcf95bf9c1037,481148802.1768259
5ec6e033b9dcb454c57050c3,670391490.1916358
156ecfd8ca6004281b191db7,579550762.5715238
edc3879a1102740f2f96227a,553137496.7518913
c02ce25a3334860d3bad53e8,501276623.0282423
d041129f83f1f13fd7b35e4b,713847035.3816276
6946fb4c877f35e9215ef4be,485140647.9971447
ff2897a56a0fd08996d19424,478342508.8061454
e1b64df8e809ba220c9722aa,531809171.50044245
c13263f9c8628bdef086106b,724534709.7469307
e2b8d1aba0c583984aab25bd,635658290.688216
3786baf40b31a20f3bf3aa80,583122058.9190023
bcf12785c25f6e600eee8fc0,504420625.26327217
f85d09bb2ea40bd4b68465da,661562132.0669526
1f40dff9a973064aa4737eea,477531769.1724924
79beab95c6857412ebbbdedd,518948104.503333
5ed8cd2cf2c6dd5b5241d6ac,685412355.635996
ca8dacc29a57d39640e3e59c,677426673.0059295
723655990d58df33d55009b5,562899464.5994239
79a675215fed2e293b27f43d,804197170.2381074
57999ba0ed9089739a1f4de1,679255058.716588
00cea81b78d6007eb405d5b3,794613533.63293
c00facb3e4cbb27c47a621db,578458758.3856386
d1481d9d2bc9d1a3811f2faa,534799404.47547877
26313750bd29b2c59a81b58e,886655932.6754826
2bbbe93b615c46483056bfe6,615607396.5425432
0f8fa0a074b743c92f0fc56f,570098816.2172956
b925f9ef733930be26417458,1011349864.7507691
0183b38955437e8d0128a013,639377635.4814279
1c9f65b631d2f2856bc97079,520074225.92973083
c11d82cd360eae99c04009b1,609396622.9776312
4a80ffd8e908a3291a32fb6d,615607396.5425432
1a0134583a5854d5aa9cdb9f,650712680.0095178
5f5346deedcb7cf5dcd1e9be,695023389.3048602
f17c8b14e56a76ea84a45fd6,713911217.32174
b8ff548543842246ad439703,572585928.6362609
53462704cfc47d32492b4847,591973336.9093255
25f925538316d3cdda8218c4,680824696.1472257
ffe653c61bf13df43fa22190,456137808.61712867
228d98c82021e2325263c7d2,429127739.5934254
f32a7d08d176bf9177dbcab1,470563876.0149301
f2c86c1edac4eec6c01ec11d,602043690.7088449
06e350e3c733e5a0afb613cb,557151737.7113806
e2544529df4efb7e90afcd21,449844321.37432975
a639ec3b943cf90cb28bc1b3,394469741.85534686
a1320186028a726935bc1cc5,824511094.4232914
97337d2f347a50e0ef518516,588113279.3507247
8f619dd7fcf5e1a17af301c4,509578784.5380271
72569ddc5828fc702b2fc773,839857420.4762448
ec674ba8cd16c2264d270901,650233669.9834225
2b05f001ed1a84425a45d0ac,418541341.960518
0a7758f69ddd8fb27a839661,581186475.6831745
e3ec7a8fba3e1ea07a135dfc,403254950.1303968
4163b665043ed27d7bf26c00,474589995.33465624
69f7b81b70ea61f304ccd36d,685741588.9709201
ff61104cbeb37f077c565fd1,666719934.9354024
883ee78c03efdb4bdc57796b,424233357.34303486
fafaa5dcf66d22bff322c72e,428308243.55227864
eaf0f2b00b6994a9ba8c5ed0,365915395.1028534
9b1590945c0c7f7b0704d287,524778737.3385338
766d34ea891f3af53f1391ba,563536661.2998227
b8680f925773229571014e61,592891399.2414814
2fcab31c752b699af5e8ce8b,973400700.2964472
96d14697ed6847ee757d113f,496609212.027736
ded79c11c30167a9d8accf77,464122910.05949605
ac50dfe70b599ae93ddee4fe,578631619.3638954
3fc7a0f9c30978f24d688fb7,588740332.8925793
083f05fe52ab15e8d481ad41,613794698.787254
075be16d8d9ed6831d139b2e,531695891.3692729
ffce0b151f293cad0a6f770f,751753044.2493315
5997da918101ff14bddf20eb,560480281.1175183
e102f1d841d7cdb596d50624,367410365.8498858
a2c3da753f0116aa5842d4ec,610517511.0357735
43228eaa1230dc0f7f1473df,439651729.98717815
4349d6bfd5a518fcb231cb3f,525413069.8012298
c6c978051fdc655d21a370ab,828873696.6112419
f4cdf3ff86fe70fae3e59f4c,635271262.4137127
ac154aaafe98dae45bf9782e,518474213.58223635
01f6c99999c154461765f4c4,620937987.6467023
d7d30819fc6ad6e7e41453c1,767808369.4519521
383b3198861942064a63184a,457801337.2157698
3a2f110334251e97abe3583f,455795947.32927394
9b9db425b698a4931173b5a4,524064875.74265397
3b51828a1e891f3a52a4653c,607982475.3307074
c94dc49efe0a350bb522a56a,527455996.71711075
39e4765ae5c8284e1f3f618b,563887101.4890046
04b28e63fbba92daf83865ba,627531393.4283519
b9643a26731cf2a9a243ef33,619836031.5655546
19e03fc1a7ca4b0761eb9ef3,558029482.6106855
c0224f0cee5a388014db4f55,1035533763.7549952
c4074029fba935dafd82eba8,418377146.4442663
0a8d749a2336d8f66a4f19ef,427923278.19981855
e84da6ce78339d50a72cd87d,358157133.05150604
e9830411c3092327f4e66a99,488570732.5603115
17d51fdfe8fd16185bf5feb4,574683772.2553674
f07126d58455b20f547c4380,724027936.9367691
8fe7db56d501b9c11461f62b,598081108.9586887
1ae2058fbe26f384be45df4d,522871768.5901243
e74a31e6edd4459d4e215c5a,504546473.4583121
c91945dcab0bf200c3ef321e,633005092.6487675
933018604a8d5a9020aac221,541168900.812072
876ebdaa0bc953890e323843,406954530.07770455
4fd907c202de4f06cade3b3b,699555282.2963116
e40f616637f6187024b34086,546618450.618188
f9038f7e24e0a29bd9f3e24d,635579676.0794538
b27fc4e7f6042d70a7651038,549230596.1881247
e68b18b57fbc5fd6cbb477e1,686504491.1880794
326a82671272d893ce699476,785237378.3488625
d2655e69f5dbd09ddb9268e7,642870021.0045328
440cd2efd45c019c7151902d,596305514.9418006
e5099db945e4f04aa3f0bfeb,736815579.833056
3477d85a434f66df58fbc094,575315039.3119317
56991f74ed430ed942b2d6d6,617495228.706822
7ac1b85bd87929705b7a86ca,675434325.2208283
0e1fbbe248919eb71e53ea75,524697445.099678
75c16273d3a593752446c27b,592472441.8515226
7e74469fe0b030254756296d,652312095.9460849
35fca2d53ed17ea7637c528a,664406822.5037895
963cc728f3bc207a7ad74ec4,622121584.847138
fa9dec2129f7218b4c4d4b35,554152273.5011057
1d0a6bf40e609fc74a319310,490192810.2803364
b9551c416341fb167049d4ce,545850334.0282499
89131a0af2db172538723b08,608638527.893751
3e66557e876a876c259c40a0,449462709.4836285
078144699729ee0c46f36123,616169711.1652063
fd15189b99da46b098a949e6,572848062.5673352
d69209d7a26bd306bde5a37d,853153915.3697401
89690c80b7adcb8a8afe531a,461924659.6999897
0e0d19168609ac1d75253edc,400531893.44159275
6cd0aca2bc40d83473a39885,669263511.236143
6ea0d50e822913d0f444d89e,1051156271.5744159
39579c195f288da8d77f5ce9,705557965.0142206
bc54f5dc4e9ce267ea592813,653778857.8116556
1d43fd3f7fb4e24a0b7c9ec3,640303583.4484217
2566d8588566312ffa4fde42,781207894.1236868
8d27746cd9d2532fe9cfc408,573064190.5056955
95b822f76b4d3d6ceb0c5077,631481419.833972
eba86391ca00fb217ed1f774,487229056.6607469
b9a0575867a59dc5dcbb9cce,448953190.7443932
0845e73ae95dbd4aec3f1f43,451709294.0908488
419a2f823e87ab67b1311bee,513672192.0270111
552217c633d2562cdcaa81bb,490155080.62427884
4fd7984773d2872e51574ffd,671129454.6905857
a87ed2154a2351cf26f0027d,575639140.4275191
a2522c9d3edb7e7a23a42b74,631964296.197037
357e58ef96c53f39e267b80c,576847029.38191
cf0ca58262feb1f8b0dc7b68,865055663.2695305
1cb79aba890b35f9d2a400f6,590136459.6041721
d5c79ef12f43e2bc19e22fdc,660503998.5590862
776e1192349cb7cf1579056a,634614603.2426878
7de63633c7666484bd098e2b,410041323.243316
ca1b1c17572f776fc1059691,647643834.2473563
53e94de217ec45ad576fd83b,528993803.0387096
ed5c3d2952d2575b1bb757ee,552720863.5931594
bdfa334bc331e3e547f7568f,613794698.787254
9c6a01e3c7ef87d27185e9f3,761218701.253561
05d9818d3f9f2a5c358d3911,622576312.8538164
f6c990e406b3756ee39b3b30,400140421.06925946
19ace6cdfbd8bed6e99c86d9,384952874.91335976
6a04f8684e083eb6319b5272,446329593.8018513
179bf83034539c8a391e0310,523918810.4042798
a42081eac6834da0560ea4ef,553695322.2102848
784fa9e78f7cfeca4133e8ed,460667083.3579895
978edd828fc71300e6723e06,887681463.2766385
61d6969334fc63611c810e2b,645771443.6892425
4d592a67596afbca92d26bcb,511017489.045828
50f8068603edac10c87411ec,489149869.03136134
9965f598c5b95b3cfaac50ad,668579963.5459214
66cf83769d16a4d659edba6d,734446168.4460691
9c2c2b01934d1d519e651786,592243455.484045
2b4913f28d07628bf2d3ed92,884597757.1819081
9baf7967c49fa209de8dda95,760723692.0095133
7a0f887a9426270ff3c24e36,553525268.6039798
c1034173dda31d20c4efbed1,434230152.6389454
c4a3d64de5e401a86395a919,523654010.66524196
c4cef41167a5e8354a61feb4,610965122.6988903
f52226b24ca3d5b04b7cfcde,611551050.2863926
36d5003f0b5ec7f80e89262d,662963765.3622975
641600a4cbb13b35dc7913e8,568548613.4308692
c31c4bd09d8cfba562ed2b41,689915637.4678257
0df96c81adcd6fbc2f7141c3,771956053.0842261
4499adb2aa3aee94d1f1a1b3,660487352.8783044
4ec06163d39f96baebe11bd3,436655498.9806399
692cc1c9949d35ae11412fd6,476515617.27906144
f1da5388b772159ec90c3210,712070613.4981008
e7ae63f81f8fad37bb9c1b32,675240117.8305255
d39797a12d9a4aaf15ac11e6,695031237.3403177
efc5412fb02ba9d8f604e493,721036406.09035635
bee2e008ee41f8a711fb8d29,709932168.3103482
80279a7533c44bbae477ea4b,574044947.2860296
edc43e57b2905405a13f8f3f,367083269.0861202
751795587d1396e0daa25783,399444166.3419834
6d90801ea8cbc12f9e2131a3,406200681.7154782
71fe067a5ae994180f530686,406200681.7154782
2e99240e23b0542f1cc75026,460855407.0314274
fd6112c82d5808311b08e29f,441271338.85618407
0ac639a7c5ec115b3df8111b,477262152.3649992
af0cfebd54f32b9b92c5fdf3,406200681.7154782
b0015b31facc48a49f1313ef,424609526.0104508
2347f69ec1ce4a3fb6989eb7,724229103.8243537
209bf65e11bd7053d9658824,480469115.16295767
41877a677d1856bf609515fe,657694795.1565766
cf60297d9d9bf1268f35ad95,633165487.3813624
a33800eaaf178e01558ee926,551584710.8890425
69e663ffb4935aecb875854c,531781706.0943808
595415e95e075b70c39d5c5d,587602868.805294
719679261d84d6b93035143d,534155614.40789133
9f149071cf61295815e3f875,1190237656.63753
3d24d985b95a3e200a734bc2,726526380.6073011
bbe705b86c6ed4da775b68f0,377113676.8680381
e1d875468eea7b2eecbb49c7,578411927.1137489
0802b7e10706252dab8db909,529034977.76132804
2f412384597554f3dab07985,717629160.7203767
da8b5c8a320821ab8ca00a80,716160756.4215661
0f10d20cff5664f9564bc88f,576873487.0808053
ab8699d3c685fa834d7ccb3f,709228685.6387352
85956152686438c48c52e018,928616909.65099
ed9c4f4e06183b15b877f077,480094809.5782474
12e32a758e15fbeefa255207,683867637.6669198
22cfdfbff44541dba9091753,728473379.7587569
314a1e163d0b77b0f384da29,371865059.7093884
23959a0f6e27c8c2b4a7f436,781374552.3573492
6ab5a87a537d2ce326c867c1,571063054.4787055
d9ebae84cb53d29bbd8a466e,402320921.8495073
9511afb73b656135daaceb43,680735317.3335097
9231ec89e58a3daf459c5b43,591256842.2180542
8d97cda83fc7353a86c9393a,1104482037.2141407
3b380c563ed2505b7630feaa,581977314.9894984
6e5ca223128fa2de422b4009,427922230.02958477
ee30ab004ac5270daf59758e,582482905.7604413
d6fee4f680569a54f4267215,545588092.2871189
db3b84e5b3a9097392a57319,567792871.7123239
cef379fa831f936cad745dbc,533978502.93012995
4db8d32011163bc4fe01d02e,448617387.1845746
f842221d74340270e757fd41,567149585.7017478
f6173e36f95ad05b8e94321b,551184010.5257838
5960f14f2a81075fa66568f8,508793553.677964
cdeba97450c735185e486eab,518210255.41282135
f9a802cbc802d49a087cf23e,711665762.5358566
6a9ef848f22fecb9569098c2,571839201.4126062
f3986309e4fc4cde2b5feed9,598970957.480825
6c3435048735371c36dd3892,764442761.6252625
f019dfbfa7fbbddec988fb25,582648976.6973912
4526cb4a2b8238dcc4e496e3,784200760.4324341
95561bd325f60967cb6653dc,630794988.3712184
9f3e09a3461bce2fee7e1c40,564697073.5935595
1034b1af0331daddad70f3a5,439028019.13452005
3ee9cfee7b0acd482672ed47,722436616.3256283
adb51a572f3198367e3760ef,587498015.7898748
5c802e198dc0906016741026,443188121.33778447
671603ba1f755be5d7219a01,433785696.5919309
001d77bfb387bdf0b53e9e83,509466023.83843404
fd9fda1abfcdd1066a177e14,561447119.381423
e1e78f3432ea2dff6b69c6c0,604846340.3239428
378e6374da00b72bcd7920df,576551916.135925
54ec4fd8f49c897c644ce83a,556240070.4729686
a67ef3a182aa268bc4d9ea14,576467346.0868667
8100a4b0288d5d9d9dc86d2f,434916873.859048
699ac8957d9b4eb7fcfbcc40,547528306.0814621
7b35a3e9f3e67fa1974f5c25,657253502.5753278
6e5383a7f9a68147c2788565,605577762.7498924
fca1c40a338288036b1eb25c,665200314.2706456
237da4784755f090c89f07be,827262245.8116136
21a7c5d6ea818dfb25077e13,933964593.8390962
0cf7dd52e117832b4698b310,728143770.7948396
677c8056695a5a539dcfa3d0,595266548.6724689
e4b85269ca413066323f66e0,574696772.9905599
9019f1dd02ede61479b62406,537485802.250174
958f3e102c6ecf5f6386a004,385852040.0563394
b05c741bc5013a7a6abd31d6,385852040.0563394
2c58f2cbd00035febac060e1,744344025.9896452
89d36acc5f617a6a97e02f23,499646854.9284114
2fba6801eb9a7bce7ed2c081,633480857.4354861
45ccde79aee811756030903d,627402365.020301
5bdb5174517b8faa23df9587,562697631.8817185
36a11817b32bc24eda6ec8eb,494026407.2132745
f1319a9332946bd68db250c2,445045589.4796341
39f70d6b68b22668a0631f37,397214114.6289084
3958d0cb732f3d623764be54,489639412.1206087
f67028acda5ecaa4c8781ba6,522981674.51722866
76f50ce5f30cb96d48a69357,487484375.2048661
9e5efd4741a57b9af54e9265,555732527.8940231
8c45ac143f5cc43e9249c17b,667528004.4816594
2a66eb4d2a205bc4474c0afa,754219293.922243
85cf1ee98e1a85ff4619e27c,622720971.242233
84c2ab0573d3cbffa0be90f4,570694678.1039752
48976c41de22ddaea3f8c296,567805921.0244888
001c03f6103d35389825b62e,638992602.0384469
ceab390b6906d5cbe65fc402,619092952.5389547
79f989fd66108a2c38a9764e,724507521.4466199
cc385eff95aa00310eb22111,591760227.3999587
ed764bed1d05cb1e9a4e67f8,794033646.8545401
857c5dae475eadef41c25603,586765604.1846571
7148b0d9e2e1e92d41633230,571460266.3702593
7f3e02524981fc7e40eccfdc,359678756.7699468
ccc625df8f51248e3dc93214,372925922.15149105
b38776cf09ec8e90fceeec84,522391757.53333426
48ebc3d79e01061c926066ba,361155368.3785773
9580bf8358095abb15a10c36,364794083.4087614
d26d35e33a0cf88f735a9322,669373659.3665208
b4c2a0a1a63d35a9a08a6e15,646200759.7592278
1bf1913f806bd4b461233551,357015295.3832014
34d1394dbb483e55d1cc2da5,373465033.2452622
7bef2da7f3c160e94fe91ead,545863406.7104521
528014ff6b7cdbfc174f4fcb,500564659.53449756
bf1dae54bab00fcd3e8c9ce2,525799168.0094819
f270dfd9ef449a02b6d7ae2e,520192018.44306815
31d6f089626c4fd08536fac0,540231501.092077
259f4f7fd5d851be70d63633,420652819.4802397
6b74ef5c8ab1df614bfba866,637514732.6312872
7ee7fba3a30e0e7c2ed3043c,818619776.7724541
b24bd44eefc3ccf053939dfd,550077152.1844847
0545fc14aece3f37864ced2d,536029733.8755755
e07eb36210e90ef0419fa0d0,699033648.8496027
3991b04509fa61b36a8f7d2a,577795516.4915149
387af5fb4b4a7f5c3fdcce57,877510922.3196956
6852e8bbadc1a9f4fbcd695d,658062846.041868
8c3373f9c0372b87ef021512,632181468.5411404
6123a0dd128e45216f832e3d,740171342.4482473
0913364c688d7375d0f7af5d,359258468.48683876
8831ae77efac99a6c58ce05d,604441595.396776
b6283a5714e0b977110318ea,382879510.3743189
d2d8f5356f77507f8839280c,564614221.4121305
f36bb15462fb29f80b127458,566984842.0191749
7abf9cd6b26e2e2bb6d91e5c,617966302.1826671
1a5f6f7e8b7af9d48644f1e0,812734748.462463
8e2a5f8431996ae0db65d0be,588654141.6997032
29535d858fa3a11792697820,596562056.7517443
8e4df02eee6cab9bd1011987,749462095.6086359
5a4039f0ca12767138ae585f,414919908.28315365
d84248b3ce8ff6f5fa480a83,432478867.43982375
5838e86b74020a5bead56161,426166541.0767318
02091877f01c926c350b013b,402460286.87612116
df298574e35dda90fb568023,401073625.06952864
d8b83253855448caa81f7780,424890126.83780986
1163ab2c0bc8c998e121b922,428093255.5821841
14f9ab54432e5f54a50be4a5,422214394.01361
f4e0fa1172c1d4b70b6c4d73,385768769.31709254
4345863fe83682f6091d8a77,432236977.53191763
6c5bbbfa3a1515e5cdec9ae1,499996092.36119425
742da63af109164c21dd57af,486226033.5010758
fdc28a68bf8a5bc86288b4c7,548742952.7075342
0f4b077de4ba5f5db6fb0065,525308450.3877498
320ff6c0320674fd278f6fc7,570765160.3645687
6acf9cef08906fe569c38572,634760776.8079454
853febf898a1dba351d6f917,571776707.2230331
8ae41ff6a828f175a9f628b2,632311451.6484227
56ae6108c1b53c649da2f6ba,436929246.86401105
aa990d4e5f1a0fc4f0bb29aa,611677112.3592327
cb8b826e929f4f8a8e3687bd,499760755.6915013
b85a7389bab2e651f05369da,397381898.65770805
1fe929afafa91bee53df4e86,497737503.8110561
02e89c055b7692dab024defc,544239009.420408
66bc6e56bcac9bfc4a7341d8,791575899.2815212
63cee15dc4a6808616a2c2e6,650475560.511842
9a889078a0225c013570609f,544275226.5591582
3548fa5ad26ba2ea999380a0,625432039.7969663
d9d8aeafa748f8f1ff2fca22,630402444.8305932
9e2c21d635fc25f7790cafa9,492272804.1973364
f99adfe85d32b0a66f4d483a,612899286.2158232
eb64fd330053a41ce5be4a7e,580396310.046694
ea8d704272b2cd066a7e7867,650018153.219396
e7c92ef9784a92c8b7fca693,820572774.3670901
a9b83e18ae78d307d1b39b15,731664269.0162736
ab8d6823d905f1f0ccf4a75c,619226262.8084687
8447ca83d928dc34c2e7f9fa,476778119.0716097
5bd24b842a67601630036d0c,659163437.0371377
38d5b9319bc16bae99fe73b9,681691278.2772738
e1558509b120809eface5b87,561022123.2875012
4b8d7217da1b1f225f254914,1065352062.194154
09e0c3a1b90d46c361007323,580396310.046694
d090a9e520ef74848bb060a6,683177336.072917
07284e4caec09fbbb16adf2f,682446651.142021
f8bb20be599b79cbe29f36cb,650627472.703027
07dd30f04c5953f325df9aad,649805453.0726167
622872d345b4b0d9c1b9302f,696519876.1680408
fc9151dd6f8850502c747bab,654292641.7476624
0fdd03a2dfb18e323d96f468,602971356.6531917
ad7cfe29b56c915dd016897c,516480774.2660026
f40a182d82c489f55c64ab7b,762489477.4374462
fb06aae0e711d628b16eb910,724360338.8786635
7dabee85f750266dce02399e,996382183.3811982
ebcab2f8506c64a461591d1c,848948227.3573226
340f96c7de105aec5b7a28b9,1007730730.8978736
be1c6023731fb633c4f41f96,423680093.9417953
d6b051fbaa13e3d92a798521,662871047.7266929
bd04c8b6b5e381cd5f881379,391005678.73778105
2ca47f5c36ea5d1cf00dbd2f,434171748.17905647
3f2c18ea5d8e9a25adca4c42,547545368.0990194
5bd59dbebb0d6fa71efa4c66,686123852.2442243
bdac2f1c4b306a7742f60ab9,456667098.0981884
a0e26a9d56cfb3b7228e5d75,627309705.510716
933740e21e9b61721b2c6053,544296241.6211315
a3b9c1a3b81f17e6b22b6152,468498632.5588634
445e241d8bfaceb149609d6a,382694846.7269081
937f0b37f566f65a1871615d,669537023.8914137
9a76a405640f670c6355630a,647701475.0128444
7a0f351e8562fb7aafe6e714,457400812.87417156
4c5b79f3656501fce2e2178d,424702314.90430146
201053b106a0b89a0a47e2cc,528546286.4507704
724a5f9542f86cc43334d3e6,406166456.4560444
afaadd87a196e04b934e0b1a,410100008.436872
a46cfad2458ac7ca4134818c,448292688.5620166
f640eb21bdbb9369acc4e863,451262461.70708054
8b3350aaa66b9fa1c682c15d,557279534.809566
1340b0805cb34eb9a982190f,428745866.8894402
055d5ab6b22d4d0ac325fe73,730295375.7294612
faed63c1287896e97987c4c9,576445090.2732536
a094be8af52cf76977fa5083,606504444.7127349
feb3384733ed8feeedf9ce8b,606504444.7127349
eec4d59429b1d1bb75b4d686,598348973.6426729
3e9754a961d2cf348c9ff7af,624614256.2455177
8f8a92abd28c8990534e847d,726999045.4356285
256491790d0a2d5e1ebdc2e2,365843235.5465166
ede7995bc4e7e672fda4fa5a,679978689.8702648
9e8a11484838eed1f4673a32,577390108.2418259
8aad5795547ade3c804c0ef0,466237320.0344382
4ec4683fcf928d9fb33eb7b9,563273621.2100337
ee18825bcf4065d29287b54e,646436179.5865251
485cd615660dda11586f797c,503705109.4573241
8b450ea6c21fe0b5157529a4,496313048.8149883
0d45e78397d4bc0d363be47e,595473272.1459515
bfa4cb65827c4ebb91478e53,671429551.3768531
deb2c93acfaf6994bb3c0608,499417895.4900732
571e1a8c252cd67ee0475974,675252140.4256598
04e337d3c692f3429d47aef4,549392497.7928779
cd2913f013727119158b98c0,543725934.8978999
ba63594585c484bbd20ed3a1,532074481.7210774
beb7b99cf12926d8714d1c5d,633646712.5421476
0fbc9e52ccf1b7ea8136cbbe,549908770.13448
f36031f3a3f77a3fcad337aa,800994104.822819
7738f18d533d0f0379e3a06d,724206291.4454044
20c3cc21b44eb37d0b359c1a,644477224.6576506
78257e76c16db549022fbf2c,562099392.5001545
4baceaad0b0081bdaa37473c,631239044.9535856
6bbf67d88846e94a63014eee,569276473.2172366
edb259013ceb62ad9b23eee3,560286003.6155931
ecfe155a407ad2c2f74522e8,484762283.74616647
6906a20be4962df7725dda7c,580505861.3583355
5d86b884df3627d93f206952,980536680.7786402
cac3eb4606346268cea48e32,702702616.5699362
e7439820086f8d1cb13d7c9b,789365322.2209507
b940561f2d48444e139eaf71,439108401.3298818
4433060d0fa95ae1382f2de1,355634497.80647147
27dd503d4fbf4d5f5d850d4d,695913061.7743363
42a73bad238f2d3f5e376044,448935597.0855727
2b53b13cd912f353cf9c4757,526441615.71757376
4cb59b46927df31150830d5e,445663235.5709032
2f3d01cbf0ee0b985386418d,448384000.8412529
d12e6de49fcca906c3586994,405005395.08484215
8f541a839df1ae79d563427f,388053029.1475673
ae5ff2b5eb4f9ac44fef666c,414849757.54245436
ca77a424800783bb9c5c0450,664597316.4610254
c0ec1e7ae2c6c3c2f2ae34b8,521570782.8231773
2372f7c0499de8aa2e5ffa06,552582467.4646053
46de3fbec5bc6c0e256e7751,583868864.4403263
4d8b338266822739bc9c8fc9,760167051.7368994
86d46a3fd9d7bbcac3319829,642606323.2699974
b13fce1462ed87e57ddec917,754815996.8839836
625caf4f4f56f3f6bfd3f786,384201610.8177717
2214e2c62cf8d2d14f11d47c,565880440.8430263
cee8fedd5685633435d77a06,660756938.4736826
061386497cc2dede3ea70b1e,544993908.6856883
3ce50f34a7974ec17178a79f,561498333.1886172
855ce1721230ba103fc0ae84,390191041.23768586
ff3b85eb538fb9a7dd03f459,371974641.63621676
111bf82100a6fab0c9ded743,488350697.2338885
8877941794810464749ba5d5,610591245.8326575
1122a042822658cb504dc147,488350697.2338885
d7d924ec35768a3e6bd39b20,488577794.4410126
27cf45528b4266162f7c9029,491476679.42811227
916f946082d03023ffad6f2a,593275820.0202515
68181ef118970fdb1d83f030,810228521.1446658
2f0bbbbb466fae3fe5c4f614,519071530.41939646
17c8b228fa2591e3a234d55c,412293692.80876637
e5d9afdaf318dbe749bf9950,412293692.80876637
ce2cce355f493a75ab59b242,456127948.19149834
b6825cfa2fde9b42fcf04c59,440813417.4168412
6fb3e33e16eb81331d389ad7,490055243.24940056
e29d9a401a246c00f5eb2413,840998738.4371318
fdf103976a39cc12f5effaa2,840998738.4371318
d1526bc5e5446680841a9cd7,933730471.8236607
a96cb9d988f5dc99bf5df4ea,933730471.8236607
760125efabf13246774a9f16,753664349.7632552
229607e2faf76efeeadcdfce,405996224.5472349
f14b11d270282b317d9cbadc,547089635.645253
8a41638edfc5183469b6c43f,449929290.79182446
ba249dc7eae0609f20ccf234,538947932.5743561
0dfc7d77d3dca86a221fe62b,622967304.3821222
ed7f61ea4c9095bd4aca258a,536716802.1492039
d2ce77db7cade7f2c6189002,382879510.3743189
9d18c354e8939c9f18598f22,405803507.9190547
b95689add02915dab555d9f7,753408623.3159838
1c35d9468cdc55670d48db84,590158903.6686181
caa4aecacff2beded2e76beb,906260581.876206
017487de3455d9f642a7fadc,686666233.3445425
8ed9c13717d2bb274a81e460,557372119.7589196
c2eeb1cf0549df1359ef4dcb,418242215.37486297
3a413637f3108ddf7bd53bcc,460929267.28790826
145a241c80430b1e4ddebcfe,543025779.9665016
c954618c48b70cb00efb49fe,408478957.1000172
fda6cee77fbfbce6ec0eabdd,544914730.3597306
b92c9c464e23f8b987290769,381121727.72059625
d81b170177769c0121b8935a,514023850.4785684
7a832790d068e1e85182b5a5,395095323.0161208
462ced9cfb28550c160e5664,886870281.6981889
edd9a278b86b1c56e237a0f3,427233651.191284
fe9b6a82fcc3266ddcb3e36b,666638494.0067128
fa74fbeb90bdaf8eb26f8329,546746560.1486682
a70b6661eda6ef616e19dded,426556968.780536
cbcf4d76223673724b0f9811,388381342.65061176
ba16ae6ca55dc3c0d5480944,553195680.2855631
3c840c206546c20b3e53d4fa,440451377.5551746
c61076b24927a46ef506322c,580191007.6029135
2e797c8302fb7ada13ef2d4c,962712578.4937395
3c9e3b97db788dcd10acf0e1,635095588.1261462
28db5acb7b224d44e3d7ce80,533059255.5433631
c7aad87d39537083a5620757,441541228.8822624
099721566fdd0a32546fedbd,575922817.941789
bc67f29c8679adf31353bec6,528274434.8287902
eb40a304997a6e66c550b704,741791691.8664281
3882da646752a82db088c614,761678880.9688869
68c319925551b9484778bb65,776542945.6960275
711b570ff195fb77229deb35,856397352.9774046
e7a2e8e1c22a52f78ffd1b19,822517996.7936667
814d93fc94b4de6d3a860bcb,429896502.05984074
817da44fa842fe304b93c199,391844125.3439612
5cb29f5aaad14b6c33813580,410100008.436872
8a1105028a1a1b83c5080abb,373463048.37740076
82b69c38d041325a4bb2fbce,373224844.6572392
a57d01ed5a9641ad64f7f032,428745866.8894402
90186e67d802be6d12eb3696,476672168.3095892
f781bb1ed340e08b23258ceb,381223470.05462253
db05818b6de8d77c1c3fd053,459985792.556227
f4ed8924f5d1a3e6374715aa,394253806.8825133
d792d1eec60822752c8d52f1,593401144.0018697
47a3c63f65a9794384c655dc,730295375.7294612
ebacf31727972e81d0a0d904,648465325.8983202
a759e4c03e49c419c8f0cd2d,568412330.3486992
0648a4bd7ca088f4b3834401,574794126.2987908
b25734bf3ca94e775f467e85,707839022.1871303
65a8795e7a5b88acd7a469c4,411383128.13054836
b799aa1dd2de813ccad401e8,625525888.2378733
c01440b8ff0d80e7bbad715c,632733823.4225353
a20cd5193779526b43612ebe,389612876.5042163
0cddda1c211fcdce819d5f8f,842963625.812701
69bcce6b58fc3702580d3234,639125987.610977
ac7c0c806b57e4942d9ead3e,537455807.8665949
aa9e131fe4e7982a374bbb84,809288608.218519
290725d6b15062397597b954,641063714.1704235
5f0fa37b7c5cf77e0508abd2,503380536.5648395
c76f482d2a8f8db5eb79ae89,536786491.4643132
f651cc17b051c962e4124795,703028579.3637189
250d84aac8add089061d3204,736105833.9741046
d3f9cf66c1c05f55325b894a,560286003.6155931
7198cf5aae5d0d5ba2e43b96,562099392.5001545
766c7906cf0493736436fdea,571038774.1104026
78f670c0d7a26c0323281ffa,632077367.3097456
ec0eb8d68807f52b681f138e,701596406.1524076
446138cfd3749c0b6715b0c3,730128455.7007849
64b4837e4550ce39f2f85342,710285496.1952198
1103c663f6b5ed0309a767b2,733690654.6887597
b9a573a3f2cedd87c7dc6477,548985178.6514995
de54862f5b7b8ff345c6b297,495986144.5147736
16b3311b337c0cb9312ddba1,428745866.8894402
a1c2003dfcdce97d21f9cd15,730295375.7294612
262688a95a32f10fa070a887,408711666.55533016
8e374b19fb87640c56243088,707839022.1871303
4032d6a6a13399797a794ab7,593401144.0018697
99f1712af0fe96f67d11037b,527692164.03499836
bcc584e6a08822158e2a1454,471103934.83883935
ad14f4403926de76de2604c6,359385259.1137234
01f855427cbe3eb51b38288f,869912838.9137397
4673ef4fa28aabb0fe61043b,362235216.4422686
f4cf541f02d99ea1851b9f12,413092453.47121334
bfe19954cd4680149c682587,548498373.7639575
fed8f3bf4a2d7a426901706c,828947055.0044813
480aa7fe286f4aa31f56d4b9,724206291.4454044
1e9850a50070dd51861a5e63,573906650.7229106
e26dcf5836f5bb53553cc413,582651057.3297712
c7ac975025713f368bdb0af8,566451069.9067199
73fd5bc0aee47d89a160f5d1,584362164.0782048
5bb9dac6e0e9409e89aa6cee,536397657.42506856
9b15aa6c85804621f5c42566,562099392.5001545
199fe72cad28e4554e359ff1,631239044.9535856
b28ba88f3665a2f26c2f8e47,560286003.6155931
453ef603a66a34f17ae22227,792619838.103892
d8f4955ed4fc363d6d9ea897,720456944.9029347
f2eca7e3226f625807f7d6be,576866804.2504694
361ccd7f37ada9c07ffcf71c,653416806.5221018
e7d1ee027da436cbaa122f48,690177142.179369
554ec896fe4f9d8f2e8eabe0,556681464.6230813
ba79c72aa8bbb0517c899b59,572736764.4897095
69dd957e78fcdd4d8e874acb,562312824.1814215
df91a3c7f364df5e6831f2de,514411168.0948002
77866048ba7b69532d0a18cc,585623183.4149709
a792bde8819aebc5b2d73a6a,536787895.2753785
6293e4a72b5c84782bcdbf78,673113158.2671864
bcee01a5d6a36f48d99a5e4b,796088204.9202327
c58b56f1202d1cdffdda3021,588393055.3397164
ed3275b560f020baeb9ce3c0,498747832.12668145
2a872557ba401f4c95e0ad2e,605760379.9833231
6b8c1c7c855656b0e56f0bb6,591970941.6933544
d6297cc548b16bff11eea51a,616838804.7103844
dadce7c7a446a6a177821b73,824042983.509003
f5d9d8082e7652e97973e0e4,566755317.5286837
2ef9126614eeef828f797e66,554931126.0910156
c70439fc435337f1e8fd2f5e,532416711.84043556
79631cac54b1e71c1022da12,645829103.8924206
6fca3b70ba2c68d9e0d2540f,422512296.58189756
5b29d453bd368190e0e356c2,579466714.0749812
25995099875f0ee622ebc31d,630947262.6614896
34bd7be0761ab3d43da7a81c,559798660.6714786
b8e15d182ac0c74fba332b8b,584147243.1547188
901e3b835718ccae27c8831b,727738468.2222508
e1c7a101e5d518583f9a2a7b,688887343.5083278
02f6ffcfcdd3dbba94dd7b33,578068495.7806698
2162e09e137eb5f4a1f32b16,597974454.863747
5eb815f9023e6eb97786233f,580201879.2581677
d2ab14487e0ecf640a785277,631802604.62918365
437167a9db41b677da7d5a7d,428079141.20619255
c3f889c41c1effea85bcc706,392229105.2328767
155da5ad9ad19d57a7632cd0,523784347.37542623
43d1fb0646562c3f1dd6fefa,527857520.9974939
8eb66c4b057dd4b07b5fbca5,684026268.814806
f9718594fa52500c16e3cd71,568842810.3601236
d9c46d54ba6df0d21ed4ca49,476381434.88529557
d3f688e0deaff6648f2925b6,404693946.5709045
093a92c6846c924f88ba8750,709587149.0794786
9b1223cd8c9d7b348d6a5c94,870373006.075074
8209afd76e36d8b5c4f7a991,449471428.9616553
29fd909e7cef62de53430e1a,454173893.38224363
76df3d616d8bc1de789bd83b,370792746.6027139
8aa5d44a72b2a6851d14ef86,697457078.6209192
eb4e1b72abce1d184dd4d5e4,480210405.4478563
2ba24fd47c2ef8520bccf6eb,781237603.7890201
1c9e38cd216595b33e283134,644138120.3228072
2fc150cf6ea4141106bb8ac4,391275644.168354
8dd46fd8ff592358e4c3e7e5,377411957.69765216
d5e001b2f1dad3962cfff9aa,669987193.6655508
6e73e42a0d2ef8d6e403112b,421820720.8368715
2537dfc786054c61eb3a80b5,477992596.7265599
19c77db46d23e0c07a06a8b2,555802059.4233538
e6424086fe1cf2a2931f4847,477992596.7265599
66526276a7e8da597683e8c9,394155478.04075843
cedd20027ebbf47baaa0dbff,394155478.04075843
ac7c323295addefb43c62acc,554903063.197327
a8e74eb5eb523143cb291cea,539623413.0501547
ad393e9070779969b496fa72,792520232.1342509
64d9dff81c79a16579cef2f4,588017555.4052091
ea91281d5eaf6b8f436d47f6,588017555.4052091
06e59cc783be86bd145a56c6,566904288.2645283
7458171e4db497a4cc1365fb,546357541.8601834
12d73fb8f4ca87b19ca46231,554903063.197327
5e935d4a03c6abc86ac5adfa,542614981.8195113
2754b4e12a7604efe8e03f5b,789336825.9015256
9ea7a0d65493cb5487ed2084,416993189.13477
7845cf57552577b059dd13ae,408008470.2925035
6e710984bbf2662a9cc7bc4c,362501060.4166352
47720fb9e2586dced75db114,473418743.6289256
cbd48f3342e63a84173a8dfd,359502818.9201647
cb83c138aefeadb184d2c7e0,535039890.04688907
397d4e490eb2db8a1b18051b,441379689.9703193
4f65732875c007d3c1102140,393625021.52755225
1f8ad363a0539a6f2455c3fc,455235616.59436965
9535ab027f9f2a9a8fdc21fd,381843637.1671057
248993a27da888a6e3ffefe4,434135597.2689168
cd07b4553b6d3863a9e444e8,730705826.4590669
f53fe605b0a2857cf3facf73,637728154.0141172
ae48e30b60ec254bf0dc89ac,638405079.4417162
2a0e902f3c07cc9696000177,424362874.8812809
d57535248bb34f65ae678a39,637728154.0141172
9949cbc958bbc0114404960a,558350168.599186
841c57617a075690ce412083,638113145.5505593
9fc4385ea76cabf741d38789,474665371.9423245
0367da7dc5374f1957a1b7f6,645998570.3524989
7703f868650a8252e954e457,582442311.6341918
4cb9319ff5adaa62386b713b,607183704.0978858
dbb30f9d010677de2aee1b71,547853727.6042681
0b54c51a787fe58bdf677658,655436631.6223296
5234aeb6d817b8ad876e50fe,494101490.13364327
77359d0d34ba4c9d825e46ed,539639809.6897212
b84795015be5077f942f5170,544801296.8930434
75f5290d61164d42b39d9d51,466841495.39164346
b46d50c84edaa7feba938671,607183704.0978858
be8c05b72ee7867fdcb05455,619214581.2909532
356712646865d98127b92a57,514611742.92220134
ab765acf8b87daf1673b3a97,558350168.599186
3a2cacbd3b4f9a23514b1433,675572564.5066117
3c6d485d7b01ddd6147746c2,569981275.025296
054cd21c3b12f165bd520313,576152637.6133127
e114160e3ffe6a703eb42440,516256067.7875991
a38b2d75349c56ce04f02a94,645455452.6521901
71fdd2b1214b9371ef149c1c,591505703.1640371
10970057efd092c98037498d,436820508.0706498
7543d0e85e6328ebc8283d75,395278432.28349745
db1cfd89dad114c11ab2d409,679202447.1086097
760f24a443eb01721c6ffea3,554049885.780384
a1508f30ba87423e7393b4fd,609577458.9983104
5814dc311aa87b24e26aceb3,665851346.5841687
f26c2bb4d5787541e9c36463,612892371.7486365
cf07a5af6ee98d735bde14bd,703989412.0014528
8b716c3dca89b7caa7db1aad,774524497.7591939
df89e7dea6c313b0cc262249,518696012.24779063
3e2c1d2cba8755ffad9cff27,558786671.3836236
6771a8c70428fec0f21d51a1,605223633.1660987
d8171d498291341094daaa39,578503549.6003424
3d43dd23536f843c2c5bd268,688983217.6563052
785dea91d94ab384bbd6ce3e,577120825.8965019
6c316d2bb84fff36bb01f14c,578311798.3280818
08ba99aa6a8ee752209de6ae,539558136.6338362
d177236e8c725d4405025916,606953821.3222543
9a6b537a7319b3446977919d,752201122.6453671
e2e7b03feffb21bad63eca2d,592573617.2821629
f2fa898e1bcccbdb92dd91e9,751771669.5278903
2c340ee014e39ad0fd1309d8,560072076.9939132
7ee83e5d70855ed21455b6d5,713156575.7302732
fdd4b5fcf9ebadf96545038c,573042142.4571724
512b4ad817c387bed877b7d1,566946321.7201483
3ba644c7be754c21e3cc48ee,703197938.712685
cb38dc837baf3e0531c6c115,646760187.3411971
5e931fda1e62fe41ff0f2ba2,751470769.229435
0ce9a7d4b0682dbbca68e070,543419897.8275838
8d114cef336100a8d8c81ce1,749802923.3195071
ebc3a6574ebc530ef715ea7e,616797737.6301436
4c2b14bfeacd87b878cbcc92,746645424.3801075
577b17cb350bd2a646725b6d,582032091.8088341
0dbe463995c605bcdffb133b,968915188.8010066
88f3f39ea06fb882c69bbd10,579647541.266718
e54567ced41a40938b85485b,858744746.8223298
cb6d29f005078d4d4efc2d04,772098453.3274114
1d0919344e52b315441aeafb,659116781.4059736
62c39ad30e9a26d8cf3593b4,584226697.6206104
a02bf67aecbac445a12da958,645763280.9658021
06baade01a74972cc4a419ec,542347349.3494728
3943b64f9550a575f15d6d29,665811793.8492392
b62d64605362afc574ea5b0b,866123428.0971011
0ef45eb4356e2f0331ad2457,503630666.48962075
6700ad4d4d7f70def59a5d59,1048614253.2186332
19ad2fa7e170c67870ee58f7,683061653.5052773
919c1e281329379c4d130416,721328408.6320168
8a451ef547efb90a8fcfa6c8,783977610.7756579
5c208e5c37aad07602f7cd7f,429622338.7438855
164fb89266e40a2530400599,404693946.5709045
5fc0f0c4fa019b6f1b2a016d,380592697.7681041
3b16ff50ec7fa717efbd62ab,543738143.3169001
30e6d4e1c53e9e81ff66df43,436820508.0706498
cdae3bf05372c13649a2adc8,395278432.28349745
170a69c11cf4f855ed015bed,970875855.7931522
e14b31f8a454e47c383cae94,469721403.92746836
14a8134a56af1b328321cad4,494385710.9984532
ea8cc21bf7d48979bcae1458,658737297.5936794
c287dbff188e95f833ab21f0,547015290.1910106
2cd0b2d7561919f0223608d5,362501060.4166352
1acc5749203f964fa8b2092a,426535929.5229558
9543c16bd5eea47111e6b266,544801296.8930434
d415dc486936995f8b3704e3,539639809.6897212
ab946dfa5b9d7214a3756978,577120825.8965019
803711fede531ad1621a6823,858744746.8223298
f83f29f28978d7dd76cf5942,746645424.3801075
4bf284e6ba81bcaa21a437fd,542347349.3494728
d8ed50fbd5ed46d36b3d2dba,665313001.0004131
b40128f5e17574a5d3da9a32,758196846.9757042
506d4cc6613a07c313a12de4,504601723.89695996
558b7d06789a1c8e488c38d2,469446453.140512
38410183814a757520143737,731228708.7281208
560a750cb6f8683ccac4563b,566566298.599271
48740edcbe275bed3c82efed,493966477.53249246
50b2bb276e598c9cfdb42b0b,516181953.07178247
302adfed183564312f9e3087,573042142.4571724
063e53d45e5e7945f1f10fc2,751771669.5278903
6e2c39fbeb5392e6aee9b644,836824647.6043366
8d6c523d4100ab0c83a31fed,632327892.2266583
6d6aaf30227f16b2be29e79c,609577458.9983104
e73e5e75cb18f52dd7239361,605223633.1660987
dd625806063f76dcf53582d5,582032091.8088341
a4b16572b8bb786561baa3c9,578311798.3280818
9446f801f30e8b2997fbd72a,702101922.8350825
941569c4352c3a2e32c908c3,575998735.647784
8b4c54125d9165554e4123a3,660059263.2372947
d50f33fe5acdaf5caf1c6ac5,461368216.20134985
46ff039321805b51870c64f2,650270254.3640732
1ac6c220eb690db798a3d4d5,542506872.3192759
faf872c4bca132b52dec368c,567121982.933904
d92232d77f7a124e7ff13ee9,735219580.9975125
f9a136d7944cb7768b598a88,437712316.810518
e03610db09ed7315cfcd64c9,405142413.66732234
8c51f1b43f15b70d2a294918,379086233.4510166
21d141a84af5f0e2ade9b0b8,540855536.8829404
55c7cbf5e572d2342d0d7071,590956667.6689649
54c0e5e6d368ec51f6e75c1e,555699227.5647423
434ff40bff8fad0962ec07e4,586881060.3859386
0a199d5741b5a6213b39b793,630458003.1409669
9931470b50580f51e1a4fac7,375950786.9144485
89498fdf642e770ea75be7d8,520345087.8432624
aba39002de605f9ff34bd542,542665718.6482532
0c1c0ba7d75dc4090b7183f5,612635886.8040986
2ac425aa592565b44b25cdc3,638976254.3904606
c0cdcb5f860e3a974c401861,769450984.2945098
4ec741bc6ab20515070cf1ee,606681008.9463512
3d4c48167a8de8cb0e4956f6,617187654.0641059
f5741fdd9f509d3bb02e35bc,761046028.8740791
c1d0c0846ec652774ed5474b,660692835.8476394
ed2c02ddcf0e54789d9d2675,652896822.7524067
0e05eba6eed4e55e89dc5f14,536340465.6156024
b29e5a75740c8439aefc9321,884198130.7591804
218445f989b2da5eff4029f4,688001537.4192519
0c7da0c2613129bc322b1da5,628655979.959584
a41210034abe19957b317d1b,505752971.0662379
0cb4217cde38e09571fa73ba,591256922.5346239
9df0663317db1cf4121a222d,756708051.0062697
62be98264dbfd418ba21cfac,518711156.6121494
939ce1536f15c0e6bf203dd4,857823669.2480474
d9028df78f9b14a720dbaa8c,857823669.2480474
b05f4b5fae2f2faaddb377fb,582261249.8288358
65ac61968819927b8fd9b990,609636150.895
1e83b53963792d7445e19d27,772753578.4972961
72eb1af691a950fbb7e8d635,458801737.0451141
94fecb92077ffe3a72aedec4,465746607.5975107
f660a48b0eb17e98dd77c0bc,591735968.3479265
27fe3fc3838695ce34c5d287,426968037.4113639
9ff4b1fc1970cd5c102cb755,591469857.0083184
b54940561992090411749db3,437240089.39203525
d4990842f549d8139fa94c87,603794524.4017845
f6013cab49ef9188aaf87972,630402444.8305932
cc2e8713dd087d3b842d2f11,381674497.23227173
fb8aa6b6c5d2499d404f3f73,513964584.82180715
6a8b9fd89b745a52703715ab,430924427.6849528
4721d06c49413558bda1fb68,455766585.06201994
0100b3a412accebf6a3aa4b1,375745138.9095034
215e8852679b9cb6c4029ce3,463369159.25664204
0afec1b2e7060b99dbe41a10,534703095.1823294
4ff17c9b88aeeff105b8301c,431653845.1066699
6eee8548b87c9349ce90ac2b,508037679.9046849
9b264d26a196a76951308cca,536071658.66277844
945fad7539481410e8bb60e5,405142413.66732234
f727924f0f35ec9fb58d0c31,388718255.1606954
c7876dc81e250503076f43f2,457157153.95490617
e4f3e425e9f6e393999d7a08,836185740.2777475
cee1833e8964355b9aabbce2,946495719.6971905
9a1819c45b01c341647a2410,455943459.7732233
ce95aab452311a0cc27e0c7b,590629289.2745478
e6eff72b7c5b0fc2677af2ad,427233651.191284
3b368c10d243f6bc9c027061,381935019.26905
510c03bfb80d92d180803887,626621484.1036198
664934c8e209352d2c79c971,490123676.7022924
689ba3a92dd7c12f1965031c,554927758.2111787
93d4c413d2a1ac59f1b46830,514271571.8840362
08b09c586530266c14e611f9,498821413.05516756
7157dafd306fa99e4c2ad233,494455849.0631207
74e15493f395fdd312d50cc8,379443580.22084224
c34c94e7129f84267a5e4fd7,672560734.5957788
fc0572d7185e132770c3bad7,489734462.67414737
5c1bd88edef0a4146c871fcc,548824508.8908595
a28a31f7d0e3fc6298606078,524472287.1754431
f388112376e68ccb2290074b,645163924.9829953
05d1c33ea8c89ded7391ea92,408677120.58123493
dfd84193c81ca8430fd27ad0,489734462.67414737
8b89813a4ae5f9209f854be1,536923183.9627395
d7b9566ffb28c753bea96f0e,555380416.3136686
8062b4109c12a95dd62bd43e,607778242.8803765
6d305d6f3e3c2a53515d5f6d,584552881.791472
ff143fed55f12a0105f9f88d,607778242.8803765
0fd9a2a99c44c9e5565fc17b,575789560.5497085
7f85c59323701ee0e75abb92,662634992.0458127
19baa03dc4143a83920a7d2a,903195294.9551737
bc23ec33573f28442b36f60b,440408178.03449917
9957e5492f63fa295772246b,722077716.2361909
62e376b22a4cf0d84b7f6bff,552427803.0071952
0867853879129bfb46dae700,643010631.8923013
92c5129009b7e377fa004a93,576457432.7192981
6b9d38e0b9a3e28e3e695be1,635496588.1656976
b6da2728ee41d035da57c822,620229560.5554731
adf5879151c7236f5e055e1f,631683108.9252988
bb31607d0bc3ee4a37fc912d,961930989.0329728
3ef8fee6a5cf42827d8bf562,608746380.6042705
e6016afcc032d20fc9d6f2be,1184934919.1257436
f3962b552d34eb8bf38b4763,805183355.3637301
bce7369d51094d3a9d3495e6,640515227.2089605
55bfd350162592f2571e3a0d,734738642.7417989
3f226452520ee8f04e306bb9,588139136.2354124
b16fda9be5edaf4cbcf07122,635496588.1656976
e6f5ae869a5b7a30e8f0fd0d,590897454.0953534
ab0babf6941ef43c35acb951,591766020.0488327
3bed16373c8ae820187e3d5a,665280735.2226851
bc1335d419a1c0f6e6860470,699867208.7967032
98575cb25b358dde32ad042a,591921563.6658391
fb50f2f13a30fccc3903577e,793041564.5696573
7a608479334951a3afdc655a,939738894.0339484
9cb40496518bb99a7a00a2ea,848990876.3899372
a69ded1c20e05bd6b3a90028,624675237.4839796
71d422db0c0c638e448142bc,594926926.0169014
fad033a3c81708df7b6ee73d,822253379.0815612
99fae85157be04554b236007,456680220.2146126
dcd314dabc7d162cfc29c81d,562124808.9070984
1c65d5172e53b4c7f1c4d6a9,556356472.692545
cb6d4db44c789fcfe8236b40,570959579.8807402
ee2c509989c7155bb472c5b0,820654221.1825553
73b60c9053ff8193c2dd2823,454451818.4062053
2a487cfffeb12837a5586a41,427416689.8822019
c9d285946ffc4c4b3ee95da8,689649284.5130556
6a21be8a7a429eacb1de8c1d,648145061.7943528
2a7fc28219bee48a2368e730,554407270.3467577
5b169f28ea1dc473ddf11580,361155368.3785773
58b3ab31de2f9fdb0da0dc8d,719022459.673114
2054c61f0162a18c6fa2291e,359671756.7699468
39940234a26e7264b464450b,481469706.2040654
550157aa4dae5fafc5d795b4,708206259.7409534
ca87bd8401c0c7bbc4b3f286,542239888.9662162
a8fdb6fb681aeae4d5c22f9a,651112948.6108366
998c864a446f06d114f42fa2,812803509.6465703
bc57535516748048e38d4a2d,675424147.2078787
ddd55d8001b809f304883ce4,369120712.1865028
b9fecb3e6a507ba17764c303,384133702.68442076
4bd30aa3e2b4aa077ae27490,577893701.201299
d7ee2851bb69088f851970e9,609817669.4122953
40eb0c78da8b51b53548d914,640596593.9136031
1097d9a61690cc58a4b91e62,491122791.793479
6aebff5b1fb3a438c2c7969f,469384055.6871708
af672710affcd7e44eee9ba3,414774112.26804185
fbe3b74f9e11c829d4dc69d3,808626626.2573936
6b7219005737d8660d134ace,764309481.7390169
042bd2cfb2d33467149ece1e,593692634.8781208
d5999beafbdc8acc8a6ad809,495755067.6053232
4ba65b1fb8d8ab0a914b0b8c,495662966.12920547
230864c9c9c5959f9f0d36ee,446480408.1300554
8520fdd4f5fec0ba861ca9ac,404027868.6433105
447dd594fdadb1b12ab32e6c,464556665.86127156
3d405df6e5dd012419f43ba6,666412670.4611969
e120c33346ead011ab7789ce,462521915.7057042
505740f7746e0154932dbdc0,402357797.8516875
e9a427f23e80fa59d9d517c0,432242871.39968103
97388d009acd9e5ad49e7c4f,363232007.1180025
a100f050c34e438070ff487a,384415510.96565765
96d14a1d29b7abc2cad573cd,617746791.507851
f69e25355ce3887bb1078fef,499176095.71417165
86276ef138e0babab9863276,484670220.6156239
344f3bcc1acdba48c12f8441,458463253.0933468
f3dbdb2b69017cfa026ee18b,598975816.7156917
ba32f2964e8b68ff5555fc34,553541291.4551082
fb7154b2dfd2a48c13ef70cc,471314637.54565626
089dc5de66c6c4132734b9c0,791602415.9041251
5c2ba5028fd94a6b9859de70,696028571.3337139
e8544410d811163a13c6a326,730652630.9076369
74d8df07206df08e8f3dc232,570249145.7737797
6fb4126e3ff41b8052fd0657,555603080.7585099
ba35cce2e715bda1684c937b,564050428.5936831
d7997b9126bef50985bab347,372278469.6178051
da3aafeb2d0105f8e09c051f,445156819.3169168
5daf1136686fc538db40afad,324091208.19502574
88f632cc304cd769e2d4be27,368591193.0553877
c5dc941305b5fb59e66479ba,389610618.4826692
ec422df56b811a0aa42d8bbc,389610618.4826692
bc8bd1feaa8fca4c52e130f6,393346487.5493729
60c116411ab3cca49f7f49f1,410846145.2479915
75ae43992df8ef41eaf9d98a,388250743.49700034
87ee5c7c49ced4ec99f44d5f,441616127.16507417
918f56ffe325f21522cc60d3,404840127.4448835
dae09210f48e5bbe0d31c728,565743713.9851723
c1ae2af40e1ea9da6380b8ee,490527077.3824833
e7b717278f7c95cbfceba80b,562913183.5776979
387f18b1f01b1aae536752e5,604433433.3292422
c036fb38fbd2d1b59ed5b7f7,655259202.5200657
76c510c0ad11fa67f0e9a4de,654116876.5275279
ff46d9f7dd86b8bff7cc305c,463166879.69336617
23d95cbbc056b4456b94c97d,517890168.1673059
fc65a77fbdd07fb490ad870e,507788207.9276214
8f0a61533b6a01badf43b6ed,551976115.8938974
c26990b034ee83450a4517b1,836781744.0302956
53ffa19a09c447f3759f86f3,914771442.9672887
86d80d3757377df6f2b8a0b3,944669445.8780841
c757b3960436c23dfaed4f2d,611956241.1071779
fd1431e595693fac0406151d,501830075.16097957
42b6cf2a5225dc62342d3a20,817789508.9518635
6f8a0e8f1bce0243ea50213c,880973553.9583912
02277f636716264116015dde,601153436.2957556
b72459ea34fa22d1fd012dc5,669512173.0964289
cf4ebcab3fe4d12e1a20146a,690786573.8840721
ae2c10850b4a8ffca934cc72,689355395.8822433
0e22a41ec27869c8f83f9be9,587993344.2264073
22a43024821ad081e654c5be,801383134.8425875
2054c223fcd48a48f67d02fd,440004980.91144216
9af6ac77a9aa0c6da3cdaeb0,362235216.4422686
6601706d2133f96aecfcbfbb,428745866.8894402
ce011b7462e9be36184a2984,385829673.21533716
f759f71e444c16a59187a067,483265662.58791256
84cfb0342a0bf2c6777de39d,530314778.0077634
760fd4c893a56a4586030772,464007596.54325205
fc174b19baedc11f78b647d2,689146758.5747603
aff9e510eba008f3ba5c1847,496527420.9448972
a5a4c0f268548993b61d65c6,553402475.4389206
6cfb8a07fc1100569413b33a,512881761.47748756
94301e20cb91669986c4b34f,481404552.9596058
52c1ab7484e412ccbf5d57a5,656357243.5798191
2538cfce1c108ebfb1056c8d,555045372.2258215
d57541684e5c00bd9354cc35,547672615.4452878
123106a60208725514f3a343,730295375.7294612
7f2a2959f5ae816761be658c,559361458.223266
fd5758238e7ec91e415779f7,646717278.7757959
e3197263bf47b3d37f027e11,522449040.1452193
8e5661e79f4fc282abac1f37,763415595.1198725
cdfc387f8246a1bb3110d724,663381516.2638516
c53f3bdfe8159bae98ab005d,569276473.2172366
200ea08f57fa23013d0e661a,608899440.6825317
603c736378e07570fb985ab0,495137308.9265821
cc019e30685c91634d2fd4f4,562099392.5001545
b0d394d6c9b8967250854c66,580567932.8414735
f7a79e1211fc72e06a3a82b6,570032959.7935989
8a1ea9d91b3d8a66c6341243,767843907.6961308
22903633f8c4d91158f65c58,584567447.079926
bb67d95fc94532b1fbe80ba6,883030782.2519274
a8e696037f8747f562ec98fe,638008798.3302406
72e4fa00e8aab44cf210251f,882910765.8265743
d70948f87875325380885803,971316056.1475505
a0e53cdd1132bd19b8ba0c54,544292864.8035129
882eb7115cd5b8b09fca0e47,438259679.6665979
529d6599d8a64c63566a11e9,428428146.6811479
e26eafffe4ca3c22b7f4a272,482742988.3136518
4e4abc111c07656e5bbdb0ee,504092154.711963
46e7860100b0c09a6a475b9e,558226081.872497
7bfbcfd0fb8f5b6d553c2d0d,480989219.0760753
5fedc401fc32ecc4d9ba7e89,430033164.1720327
aee8b22ecf19495fc5894a08,480989219.0760753
313e17c442fa3040065b7489,564104609.016911
26206185deb023a344eb2e99,739554526.3811316
4a9e2358d64df916e2cfa213,448647855.9793577
2f6515defc3b21d82e0ca4dc,405265128.9591278
a9b18720f68c7002dc71c3af,390725115.24013513
af911ba38d5376a8aa53fcef,426880193.0753102
025b094e1ea7248f4aba72f0,380785135.3335798
f81aa0f575dbbacdbdc681f9,403999336.99083334
848067a69d18a171e7fa34f2,472413406.7398926
e22ca3f1c8073e246079d57f,579340804.5049642
11444a88bb3b230b4feb5b58,550528846.5511626
7a9264f3a12de839a42c1783,522957310.3781882
6d825b439d8622ab90245049,557046851.8686279
d2d317f2990465269ef58c41,517686618.81729627
2860e4435c857cc8a661ec97,707703250.8378462
39c70622597e64c4821d0731,661021893.9782119
2d6f5bc20de99dd0bd4e34bc,605760379.9833231
37ac1ae3a7e2a3319eafbb58,798571623.8464395
fe6fb32f623a9e3d5586a8d3,591970941.6933544
501531d637608f7098ba6242,522505601.2625068
69f59487924240bac2e75bd4,616838804.7103844
358e1287e24c3c4fb353315b,524688606.9854064
55e307c88e2a943acd64a9a5,822392183.0881282
19105db21495d546e6792a25,703028579.3637189
375419559910484b17782b47,653616786.3502505
c9d254244e315974cdf5d921,566755317.5286837
adeb9a6ac3d357bd96c019ea,536542262.66535544
b08e0cfc5bdf5bdf5068ebdd,884937846.724806
8da2439f391c6db92b9260f5,585570240.4583285
d0751cb5e704e28e03514fb7,669703593.1514814
9051c6d14018b4894b560e2f,545140599.2763319
54c3eff286c62f05ebe2ba57,446809930.1219879
975ee5aeee84593bbeb331b1,383861911.8135029
5102f4786cc032e24781c7ab,843592871.0565833
cfcd97bfad6e013aeb57a2a8,746336647.0509208
f304bc9e9edfc24eeeb720d5,642295807.4367291
bd05a6f6ebf924adf92e5577,1146049728.8893518
a7b459470ef58ef3bed7437b,537678916.0680344
37e009a57645b845b1673b8b,524510793.7820666
b70082fdca35092802f8745f,416781167.0444048
8a69b9d7461107db6d16d1a9,487935565.09066516
adf055978a7a8e9bbd88e741,428672174.94933426
6c02bbf7f6b087a1f0c8a47a,450924104.15929854
d91017d9c530e058ace2e017,607903568.3203208
89016540f8b3fb727d863bec,548812538.1209116
506b653545eebba4c8821588,754390374.9653325
01fe5add1e7df4b15dd73bc9,616814546.3275199
4911d01ea0a4505d5db5bb2d,608598996.5711191
68bda8b092d5a53a35dfaf07,676703550.8389437
70bec150e1d8ac537cfd90e2,683955461.2204567
0e21abdf04b36e5f6a1fc337,565101803.5301249
f53efb47de2bca5912ad7517,810789033.2122641
82d6244acae149ed9ed88e8e,387718352.3259948
755a4fb96ff2b2276836f49b,550287778.7410444
f15ae83fbc4e4ee3f646b4c9,435113887.04781324
eac458ffc1da75fa1a4ab384,416709779.5974055
6f7bc7fd41ed908494d8e098,408995593.32982963
12d1678bc86ccdcc8ad756be,574245542.0231221
6e07d31b81f3fc9b9de8e1a8,683499990.5054597
6c618bfe55cac120a4f1e08b,593349224.1357231
22958cc4622a0050d1aead77,471149196.6207501
c7c3da1f12d872a3726736f5,451845857.95792663
ce30c2c7cda56a69005300d4,422285809.1659433
7a26e5936765b409b7b73cf2,613844177.2632759
8d5a73b1d27a66b3f72fa662,601070454.8950464
3b8302dabc47048245acc09f,569522912.179139
909182c92bbc39b00536ce6b,821519025.4774089
963da21c3c571d7bbc36f1b6,835892297.855122
a73504d5982fef268f5ff589,709187793.1170096
50563038c05963223b459beb,649837697.9451569
b9a0058c58cabd619e226178,842177457.6430188
0037d98f6ac46a86e36def45,432789260.3454455
38117bca778373247df86e14,589738560.6471725
4eeb8b5347526d721092a7be,503696696.2391385
0b6cd71df4dde546e665f865,503696696.2391385
bd066d5d19d41c06b904d51c,503982985.1280273
f10e210fc04e3fb073568323,503696696.2391385
9f504cc4e6b170155d38c687,503696696.2391385
3e4c1e6435ea1a9c3150aed0,589738560.6471725
052c93502aa794e0574db9e9,503696696.2391385
343f45e7d178eb780a9a9818,589738560.6471725
c0c4fa199f0ad751930cf78d,505143651.79469407
5d86154fc1769d4dccac1269,504342985.1280274
e1fb88779e55aef2b66f2c10,432789260.3454455
c26af6fdd00a85a17b823d92,503696696.2391385
be3ee4457a26c6b6ad4237d7,414053134.97438794
9bdc79dd02cdf39f92e8c869,432789260.3454455
1d4bafec52ec7575161bcbe0,483340904.8277551
0f15a78ce3ff90b6894fe3c7,437493805.912143
afa5698724bea14940667231,733868988.293713
4d8e365b35a6b8ebe6d7a15f,406253810.1805151
6ff848f65f2507e58cfaa231,384701550.0425668
e13947242fe19bc3925919f8,395929045.5196874
c02caec41084656408c2696e,620471575.1840588
d6fd079beb9f759fa4c6886f,365670944.45133585
d14f7f939468e641c43abfe4,417240790.50522286
8f6076f8ed13e87862d82255,463030891.02513593
8d5e662ba25a71727f1eac77,582047790.5389917
bd2f9648ee9ebc1fdbfa53b3,929896757.4074373
da8f986b6ee6f594780f4a91,582047790.5389917
af7131ea57639ce5aa1e102f,582047790.5389917
30e10a03626eeaf8bc2c380e,655043265.5111858
6caf180e36fe18078703db02,425480556.10190445
a40861d6573e4539ee3c23e5,843504652.1390554
d5f905cebe05262cfc44bb11,744177186.2536309
809800b56b7b29399986115f,605203450.7903612
6b2d7f88f15cbf7d998986da,584159025.8948001
a0ede3a514cede68b721d994,569843583.7489339
179d467dacdf674a66c7310c,731416600.2666808
97f9cfef1e35be84ceea2a46,777084411.8484961
b7e01962fda2102f1402a444,732996877.5464369
6665e5bc4774d04321d1ba9f,420234677.41752714
6c09a3ccddc797f77d63f1bc,610451843.5561678
97986583e1c988373765eab5,889134149.2475601
56807890f8587cd75893aec9,583315705.2018775
0f2fb3cf22613a339c88f7e4,545485047.6069521
a967a4f0b1dd36d7264cb408,582341386.1381106
08ead1ac0b9b30c2a72db17f,736887437.4926623
1b989360ec91f5da55806bc4,593968800.9180794
b289cd856f9d15493d31ef6f,661038906.8007956
88668347361a227b6dbba15e,806281789.6972089
ec3f1679451b9c0037f89386,644111146.8278446
9cd01a5cba1674559752f5c4,596257711.1776404
2bd96c7fe678945fcaf9662f,818148422.615803
9f118569fb8b084f0615fa22,410064499.9698521
033521a46dae036839ad6c90,361224433.1741323
bc1ee1f8ffe1ac88f08e2459,474353180.54191023
c62886167530efe1f84086ba,524318738.9146361
d58f191c74d26bc1fb02cfe2,528444135.95564634
981b55d5c38361caaddaddad,447127697.32270676
ef26c0f1cd9e3203ad16558f,505205275.9598519
74cd885ec200a0c21fa9e03c,650511943.6246976
fcfa51e5eec6829b9f4f2c59,431233631.1243555
c3bbe8c09f5e58281dddd412,519338999.57698405
8f36d25584407d9e3c326e71,536268576.6208147
51f4aec91124a9a96f4c5372,480732861.3339612
b7becde9261820feb7cd926e,849375857.8544757
65070c554133f2b4143fe051,742075235.0846381
c2a2ddb94f60de25378aecee,681096710.0792776
5ec3abf721e13b0d55829bba,596027312.483997
502aff943d74cd4cbb976dcc,637769947.5294815
11e6e5ee92c97e31d34db891,671194048.6968318
b1589aa1f58f6dffa93a3a61,566672340.2380658
783ecf989538582ad008fd95,687225493.6096832
1770bd5b0a07a6aa785e0caa,593642239.4240072
53715a484e20d6152c76fdab,605389178.5838188
ef73428a38c201019267afb1,620273832.3397645
932a93e3ee2093d7f806fef8,551529277.8114555
00e9afbd1d27062a7bd40a3c,571827293.851052
a11a82cec7f8a243e2f90539,542506872.3192759
e4a70600296b0bde6c28fb19,567121982.933904
0a1b1a3d68b04cdcb2d757cb,510286492.8254054
7c06a2f06cb4226f9043578c,569979369.3379875
5e113e1e878da12e312cf875,652924257.8424962
a72f5204153b7c92f52d871a,735219580.9975125
fc17f35d300be9680971f95b,423675125.3735461
13ab6a062601d40843de37b8,514821092.27554
22abc78ce812c519511f8a4c,554274060.2931465
faee4c33e892029b79b63742,578589665.9013789
c8d39eef5a5422e0da4172cd,685532079.5828289
b13683c625c97c23333269eb,445621063.93975383
00e7c5894c739852052f566a,570559782.3534628
2703313a3e5a6fef2157928c,536462248.6545218
8dd453e986d05c6c1dd104d2,556658118.928806
22b34331d7ca2ea642d29946,526725400.8705362
23187388f9d6e2bffb88b9ed,512056873.0953987
6b49a668de0edbe7f8110740,680539095.5691892
ef0e5b23069a9fe377b77ccf,575368382.3533561
c37348f8247ade33ac513855,520812157.079501
1d19edc1e0d907e5ab0899e5,498962618.9431264
c73ee8d419b96c6e7c53f95d,572159551.5732199
6251cda3676ecbdb6555c526,870719942.2494297
d12d6ea066b67c3db9b2dfb5,511440074.1934643
8ba4e8e071e458a13efd179a,562236978.0039762
9b8d798a2c455a960ee74503,415742466.80510616
d663ca1a0d29b4cbc5cae9ce,624318979.3422222
dc3b8d97b11cc2af4cfbcc79,730815647.9431348
7d50144c4b2ead9b7b9f594c,509402989.05303466
ff9cb7bc0b972d4515ea3837,361673628.26393455
267e46cb9eaec6c7009348b6,387843443.01620674
1769a8ec5ec94aedc397b4ae,429447762.68531084
dadd9ddd29102f529caa3bbe,527928322.66446006
251903f4b947b337e0134415,729424547.0367129
e1b753c283bb9c6d4e438bec,577027651.8168218
16fb51fd3d35db53eebbe5b8,697552771.89695394
8f543f9c31af1eb17ef1e353,542427108.6945616
20c3cb2d4fa486b23eb81bc2,552697259.6158714
6fb9e9ac6d44d3a286f317ae,423196655.77486527
15b57b0ad8794d64a2784ce6,580346207.3670413
d9ce31250d4ae25c3b850124,636206376.2421895
f90efcbfcafe544674c02586,657759866.7393832
05a98feedbd3f422bf063112,762525877.0202848
ea359d571ad0c986f826d31e,588834751.4861428
b02f1997e6e6f97dc808b8cf,503331950.26191366
307acb7b4044cfa5680e4227,775220376.5011846
ddce386b0ad3199ca09aac93,660323671.5423455
9e28972500d8ca3fb3b76fd9,565867540.2796012
687b1dd576eb7d06a08c3439,538984004.093684
23b2b5b9f5bf3e1208f5f80d,818425588.1904026
dddaba511b6a18f49b41c1af,561635737.2668011
874e3e3ec6f67c160807628d,733132897.623626
67ade5109553a9d784886a46,561279118.0720621
6879f05563a9f0748088cc65,617218898.9573444
dce05cf86b42124fc93d41da,573116164.0803361
1ea5db844a6d3a926480351b,539227152.963918
4e9acf6e9f80f65178766740,569522912.179139
a35450284f8dc27e0ed717f0,547565344.8237153
069499abc4e393fe540777b4,375204817.34232056
cd10d6e28fd7ce92518ea31a,701724755.0144868
3edc0e70e7cf6a21be2f0d53,359419817.6058601
2e2ff1e620063f416a387058,722391973.2683911
1ffdc10c53bb83d3be84c327,536458132.97919285
3c95dcc4bc3788b4cd5602d5,474862789.3310606
aa592f388454d575e0006206,534406291.21103096
f7e5bf5b0f6157ed1f604d37,360780045.5208827
513c6ea5a3c2c560c409eaa8,668479104.4704386
7cf15f80838e8edf4f9cdead,581586205.3179321
49737c7682eff2513869b3f7,514963558.86270183
4e8cdb49a2bdf68ad8d12625,603228267.7308195
86af11931b004aad3fd27b88,518049392.50900704
90921c9fce21986dd23bc645,865346747.2209326
d79d71be963d418a4c9dec68,510286492.8254054
c27b2b735106bd5a77a15616,596291007.9575449
b6129a71f8e320aee8abd0c4,596291007.9575449
26922ebaf11e35a7a320d30b,652924257.8424962
23f859b889afe2639ad55a21,881651396.666121
ddf47d32045769c0596826db,580311136.1036944
1d0c635770f2e51aed4c8664,569044209.2433922
e6144e15d5cafcfe87c07c9a,414294841.4307712
a7c7923f9a4d004eab43413b,676930928.4915878
42b3b56289972176c20c4990,431417751.7989574
b63f49396431089dd646837f,659457260.4498484
e0b041a39e732783f98bde56,873769366.9615744
409eb9b8f2ba87ca299a7f6d,404084240.3816302
1a46c13974f3634ca6dcb51e,696710674.184545
4b068c79664179605b145a15,630519862.1386173
afeba13fa3f81249549cd2eb,427391461.06095564
3a3ce11d981d0893ec732e22,518049392.50900704
ed68664efdb7377c33f4010d,582076422.7196721
93de58cb0d8fbe74b0cbb556,587042087.8651947
faa204421a94ef95b79eddf6,596291007.9575449
acdb13c4c8e2a48b0bdabd91,836019421.0714586
5271cd1cb962066407490051,501557718.98170114
933251193ded6df07c83128a,759736390.3049645
524e00e537f841c13497cd52,720680476.7058672
a9d4f256527be98066c493fa,659932508.8359448
2207c1ed62f59d6eacb3c18d,566729186.6081176
97ea5dc81ba49ade4f8f580b,532163989.2573248
72488318dfb2181843f17c03,609897918.2223424
76698030899efea431dbb81f,404719955.46003836
e84888d2f22e14a5016ac789,442729914.7360791
d9398ef84ae71419cb7cc82c,628359809.4758528
6d32649478d9d86d840969f6,501879416.6748882
81600c1e6b6e3ae770e40b28,750315393.3270489
68075b0ac8e779bf5e66dd3d,634821836.995988
6d7ac64b8b9f27f61fb155ec,427833677.9613322
d3bf3146ec856cc26c607d70,551330660.7840407
d12298e0d398e9d21d2e2eed,604568416.8146889
97b69097fee8d8496a6b8c04,379125267.7354211
fa6e53a7107c0e33e3d505d1,530745417.71983534
7279c610bda9354e1c840b0e,442729914.7360791
6f3070318ab65b867b2702f0,387886083.6495446
e08aabb998103a941d24d0a9,449699899.72155005
415e1faab81016a460db7a0b,426078958.4790177
8b871cc48b99bd4190877bd3,432789260.3454455
7240bbe28e950ed75637b504,465678443.71470225
831629494c6d15d5ff6a00a1,432789260.3454455
1cccddc33bd892b44d7e4b7a,583490405.0532595
f9cc6760b1112ce5197bf399,655216293.0121901
0901e845b6c56d4761377a09,554780171.2881576
2a33fa5b25963f3dc928f668,664135037.0672244
83e9507b9ca2987a21d1b195,474646015.63868845
9381bdf491d48236e84590fa,728152108.3046662
c041a933261204155415c2d4,586018793.0985444
a1cd867286d6e82181e5d1bb,582047790.5389917
240d2474c81482baaf79b6fd,582047790.5389917
ddc1c85af165e47502447242,810539046.2774467
58f02c785ee9a506e899b967,944872080.7961514
8b353ba6823f4f800635f0cb,622275296.9704696
68cda50b602acb4efeb275a7,920558748.7948858
96cb3c08c80815907de81e73,515433986.98022723
f54dbd8f0aa752f79c581e5c,558509500.8349488
52a438d024af0d5c38627ad0,553469436.8444241
1b5db6af0a1c0f7787064020,604721911.9574499
84a7286c91f1ca3ecacdaaa2,612949439.8695852
bc6d6249873222ac7f22b73d,590590116.9432362
12501015fb631d7c10ff08fb,475771669.8477538
85b633e09a41cf22a10f28c8,664089832.177138
7acb92246dbaaec1cc7b423f,554802688.848827
bfba8fe959dd2e44a4202943,580157190.378747
5325f16558ed6d2689bcbb46,554190138.3127657
d4653d505cede3d24e258d4b,580157190.378747
5146ecaa8b7ed507c4f30785,736417643.8266287
f5b9cbae30356fb3a1d005c6,841673732.5598922
205ffcec56fd884ab24c5600,786053571.3248658
ae7ce478fb66882a2c952012,770527507.5834067
efc9ae02fd6c3f18db866cac,704131349.6370233
2221052e00c236f31e6d5a06,394904494.7503813
54673ffd4971d04493a1b1c7,491064876.9518347
b0bbdcf0916b246ca95c4721,633067392.6056491
1ef15e2b882a0da85858269e,678363564.4736472
9881fb167319b34cc23da955,578273144.8825035
9d2a195e645a9e8556683b4b,519436571.47622675
14acd96163e6b3e17177f35b,525354989.7352721
b2c5af8615b8899deb16c896,515390955.73426235
4c40683e401dae89f6537ab0,514253113.824708
dd007a202a0a3d56ebc4868c,598468622.9498488
6d9c89a406cf2e755d4172c5,404409872.62767565
7387e7e385063c180f05a7cb,515390955.73426235
9dfd5df5a2efca3fbf2c07c8,396873271.48416764
2a9e75d221912230f98485cd,546093733.2860576
86ce27f9ca03821d13030f18,765068348.572288
3dbf89c6e97182647bb44e69,614921921.3799142
eaa4893a313d85fcf38dbb6b,532457350.92655927
c57e1c323ddeaa7475e5189e,1046927427.0750765
84856812b63dfd9630fa49e7,932129208.4241096
945202a450bea48fa7f2a95c,504397247.37453
fd689e54d5c418dc9f2425e7,608976220.3926742
eb90d9e9eb53b44b07ef9613,638249073.7025055
79005399fa92d05558fd6f6f,682710632.9997348
5cde51bd6de3759821216d5c,508657720.1980249
230cb38e035b85a4353220e9,530688843.18739903
a22ed42197987a8534abf76f,665935278.20350945
43a2ceffa8ed90bc1a43255f,499997542.32427067
8f2fbced5d357bcd6b1c7de9,749507614.9825257
6e895a15d402ea7fcee98156,571540453.120427
b6a2406025f0e1fa09690c2a,499997542.32427067
f46d46ccc7fc415433e471e4,423892879.2352556
71710d25975271eb32c0c8f4,415794950.46606016
01b7bb1556b5c32df8f618cc,557106007.8746183
56e5afaecb2cac6293cde16d,577462101.2736284
70209b9024acb3e5baa769ff,588881086.9954963
efb0b413b3f661b23d674b3d,676930928.4915878
251db9c4b7398902b38b4a4e,695305580.8661388
e3e7ffecb903d2daccbf8a53,523862898.03734815
a92ed9a378272ff174ce2688,409682024.386442
40a53a3f3d49f7905966295f,983723107.4692334
bcf2c303fc03897585831351,773583100.8410536
4b0ac2ce45d7ee385ca369a2,397426959.2420475
85c7e8ac008493b34e8e0176,493604241.739646
0ff24418ecb6888dd8ec734f,543831436.6607885
3164e0ecd246b8ed6cb6d054,1046505753.9538991
5f52e316136696cdb56e65a5,453205409.48402476
5ba4bb943139d7930cb91650,676902527.1854147
ba12ab0869d66e03df12b6d2,372187554.47805184
1a111211207627bb4c840442,584425629.3071175
9d2ec1ed9eac77d534ed514c,499298678.40501857
9030f17b47b3940c2e2c4093,499298678.40501857
3b224cf6107d815a2e78996c,528529210.4643828
ab0e770ac42dcc82b472c55f,455298783.8146353
75fd66abeaf040fa76eae2e7,545219798.253825
c31d98f67673691ece007a65,488959803.58864075
60d5f19c16554cc2d8e5940f,583097409.159494
53fd196fd0c0558ed1219329,373052995.0967876
27b06d060ecf702fc88c7956,695231297.9807134
dc014623ed69c32abce2d0f4,517439044.80449396
f1a8f09837660445961375c1,638668501.0838816
b98a462d9782988cb54ced54,576847029.38191
6ae4843a827b36bf189a32ff,678634987.0687902
84e4f6c6b5dec0da7f7ca0fa,390642798.8973055
b8f2b9c2e63f0091b6038ea6,533846780.2178923
e54c7ea1f012656f7fafa49c,420150521.4534293
f25f5df33f25576f805a95b5,653294835.6682618
ce9474244dc2d40f357146c0,534703095.1823294
54bc553b5b8abad0ceed4d53,463369159.25664204
e75d4ce522cf587cd66adae4,457157153.95490617
b1f0b12c28c9bd2d16b3545a,514271571.8840362
412e7b9e1de3df8c3dbcf198,536071658.66277844
f52ce56f20251f018d7864e0,498821413.05516756
6641ef09c0bf5f3180952b30,388858651.16806406
ada53307260fa34f3a6411f9,640475533.2317554
51f0f76e2a8cf50ef3650901,836185740.2777475
da482df3d0fc97f9f8582e22,552643233.2302462
55d47b5f3d0d2dd7c2bf4034,534369902.23724985
1a6714ac2350ad371d8280ae,440000049.0612849
0006c9478f4e7edc53d84916,488153944.69396037
dfa7461510c6dbe5e119d106,490123676.7022924
5df95b44c73b249be0fc69e3,489818751.5799315
76bd7a0b87bfb6d2723766ec,382322813.08685577
8570a1d8156dbcc267d3b495,722077716.2361909
94116b7517a06255bf4320c2,650606666.4823307
8ba2d7afde20563e38892304,607778242.8803765
f86ab537a2f5d8c2b223574c,489734462.67414737
9d0d2774fbcb6fcc66b865b8,548824508.8908595
9086e6e757243bdda003878d,634172933.830014
5a3625846567d06dbe4cea0a,584552881.791472
f51a78ac4b03665561552b0a,576457432.7192981
561a262410ca91d69a58645f,843634239.4801095
08d90f931e7e0a6f43c9d0e0,420927864.2031876
f47c64c8ee69e744e654d4b9,734738642.7417989
fcc4c878af8bdbda6e1fc86d,588139136.2354124
8d9b143cd8eb71b05d32cd2f,635496588.1656976
ce6a3868227d78852fad9f62,640515227.2089605
d82f743ff414299f8c222db9,608746380.6042705
9b2c7e6cfb2d6c66e1ee8a6b,961930989.0329728
6e9009ad01cf466e8f8136e5,635496588.1656976
a4bf0c02f139c695845c9507,590897454.0953534
16cf0d7977ed97d6ae8d2cc5,591921563.6658391
d96855b0ec427f041e7a36c3,939738894.0339484
63613a9290bcd9e1bcf2786c,925319168.6694266
32036c1eb131e6cc4f3bad3e,366654918.36710536
ad47e82c9efcfa36ddac0a95,420040783.20354706
d5af3041d95f5e89969c9868,387058820.3949879
f2387712fa17435f56d7b102,433307436.66840893
c1c8024bb6c3635ff655843b,453314652.63881725
11e4350271e9cbb37bcb75af,394906682.7371948
d012efd4a77c5aa5e8d6e508,560169948.6315074
6240b85a47c079cd0efb077b,560934500.9830456
85e332a999931ecd0e04475d,435757320.58474064
4ec02a406caf200b700f5c62,556218438.6364233
f3270f2ccbcccf3046346809,710376603.3190104
bfc5aa443994e3f3f78c6105,606933217.4588803
aa09cc29ab2f2cfc79e5bc7e,542071253.1686828
6eec5b03718975e5137d5e92,881004698.1807948
6974d82e41437d61c627b16e,846831626.5861232
ae3f7f428b49e6948ebe6fff,772954699.1381185
a9a710b78e776c16eec24be6,784018412.4034957
249cf6f96144f769030d1b4d,652499803.9115506
645f3c4490ce43ed68c7df10,577046936.6266445
3413f37549869d2172b76d6e,611391486.0144289
956600c9a4ed31e588f8c593,592383405.1506755
00ba709f184e70be13e5bf9b,488834757.13183224
275c8bfdd3fec33752493861,606944634.3688978
3206523e850b5b5fbce567a3,737724149.8405112
9c9ffb3401ab6ab90fcb555e,653616786.3502505
4962650cfa3decf487ccbd0c,739554526.3811316
a541b35c62878dc2c425235d,980536680.7786402
2112e589911b979db6e05a6c,959085167.3115101
c9cfeb97323bd6a0564e1903,539152025.6228508
30e1bd4619483b0e896b5229,745272433.6207987
48aa146a36aba8a0270a8a1d,561274438.2531636
678a80840673787b3aa64228,620353455.3663993
392abbc83cfacfe87c401e27,478568278.4643649
51744814dd3a7e60c0791041,472657613.32453364
c6faa5d2ac8e74c26fdaad4a,611820985.266109
1f2c22839c470363ff41551f,555427598.324811
5438c2127072b47e3af428d8,595561518.5879487
32e182242a654ac03a8f3ea8,391805935.74063605
0a45eb817938241ca988c2e3,544932497.3132483
e74d815ad652f7046ba33295,598081108.9586887
2887a0d34994d284759db20e,558943330.0025522
621c3051ef29e8da01e6bb2a,594964659.856629
54de2275006e273686ae5fac,669223330.22829175
b0a0cc38f73c9d90bff6ad92,810033093.9444714
f4df4ad4366bd794594c111f,480229222.47451156
763206de4c26e3825b69f4c6,905463370.6432071
d5ddcb0a54416bdadb4bf57b,549273231.0038882
bf17eca5afccd9cd6299b9a4,617849894.3071356
02888257efaae858fdc7938e,555488747.9258443
1f8ecf6c089ce6168b3be52f,840685538.7983296
fd7a48744bf966e417f34a51,775612287.1705095
655d6eafd78be856479767e2,589170769.070769
27472c6c6a801eb749b9719d,747996071.0674614
18fd9bee381e7a8c29a44c4b,752278475.4846548
da5d47596a755078a2261328,561386950.6519481
737c83218f0e486ef4feba40,421238925.67318815
2390c275fccc98eb4fa33af0,394459150.2694434
35616923c84423b44d1d1438,617479077.3216708
22fcf0650753e2b5a2fa3786,561035197.6376046
9d8e7178912841c2a1232ad2,489899540.9820937
36c2cae6de0add92f32d29f4,645459499.6212708
699b68daa574a0f169436ccc,448803008.77573764
c3bd0b8277a37832f56be54b,424346104.7792869
6b3411cb8c50c1498572e681,528827726.625536
fad4ecc419fb64b3f77971ad,522873454.6636644
4034cd9a70d18fe0c883a0fa,650228671.2881651
8f9417de118ef8486538955f,642415047.3721704
33f4f9988387bfc237d114fa,481304381.0361955
40c9f947e826f89c6ff3f898,382333280.3589271
351701c5d1b821253e2c8c42,384963478.32863563
f6b405af32c398147475dc9b,501816910.2482319
45750daec6238508791d0d4c,545789515.2122926
eb85bf9ab77f59615960fbe0,660437048.7702194
0ab6e52af85ebf23432d7698,487916643.8040026
9b13a371ed4724d2e2966447,585067563.4922101
081bbc273db70f1d2cc84ed2,515668479.3818858
e113c48e4e1b53adaca275f2,482305651.6296232
4bb0666c55d174e0280482a0,582960861.8587393
ca516516b33dc09d712b3154,585067563.4922101
631e6aee6ec1f720f3c78775,416784548.5298975
c7746198cb5871bd687c2538,517468450.5650223
58a5dacf2f664512c2b00ea2,561972328.4743279
6d8998442d831addafbc878f,1041792387.4196043
7d4ffe0038b3ebc149d8f4cd,891992446.2167243
55ae7bc854658aa5fa49d368,894940449.3392832
042ff73057dce4d92d383cf7,407566507.55431366
807c04729620ec60ef18598d,395545111.1243685
5dead94ad2dd86dd41448994,543762352.1013669
bb90c874275456d5fe0de83d,529143531.8591396
6ea5fbf037ba7e5c74d7ca39,649653074.0885609
86dd7931177df94a649a4d62,551213243.0974431
58ac250fa52a1ac7ce39f70f,420624633.69030416
2861f1a224b4c879b845779f,389056613.589111
8d06af8e439c45e0e125de91,632581159.304144
bb2dedf6198be0f3ce2c4ffb,769051933.4739931
57d8cac189a13c180f08cd2d,658761514.0706345
db575f8a4e10a29fe81b335e,561410923.0157447
e8c79fd41b001fb1da0d4fe1,513532220.86659545
b81679b32ea288e9665dee49,572585928.6362609
841482deb90d19ecb1ec8a06,428758063.07155395
214df9371aa59f68e5740212,480820141.7687829
bc52abbda9027e10b879ed50,509553091.0364828
ce8ce41a36b610be164a25de,668216038.0328931
a67412a01feb64ca6e772858,489196626.0084816
d87896f889ddfe1ba210d74d,387688711.8630103
556a39ca66e10ba3545f2234,497556701.39167064
50cb893af4ad0e21a69f05d5,477992596.7265599
3b5a5d6536a9fd24f02e8ba0,406764407.92502433
121cc20fd81d6322f56d5c53,487581828.96095824
b9c893f3c3ac4dce40d0ea19,481741922.5431943
47bf8d322af3c13e8868ed0a,477992596.7265599
a4325969a50a14c948446f9e,551164850.0756184
4583a6b01449530079415768,593507299.5683448
920e2bd03c9d34e36fc38ad5,593507299.5683448
0a59b506798fb96edd7681c7,542168100.3200886
e8d2cdda77c1d885e21c7bbc,557006261.2057188
8abe99f2b71b13dfe7d71616,573116164.0803361
c07e98122103d1546d995f9b,563625306.8153151
29fdab43da21ed0d22c9c71d,470955353.4736588
f2ba7982bed03cac394ef87a,453795873.91581786
eac89e705cfd337a99417320,464370635.4850435
40713332e88c6d3a393c8b2a,505698957.9065884
a9aad230d22f7dede73acc8c,832729820.0189757
3b7fd4008e14e394dd09a0e9,567176964.8980676
098327587a877bd50df27551,531488521.7929177
0379b6a001e4018c34e944da,434230152.6389454
45f24dd99d362f49c0adb875,448784329.9402513
dce1dd028695bfc5a47aa6a1,417468044.44085085
cfeb702df06baadf29f12eda,395400484.275051
9ff5828e084070628ef2ad96,454394585.55640465
6920e6d7fff656d66844949a,582769229.751794
31ed69311bfbbe000f4483d4,692690316.2467566
d300473e3d2ced1177c9fbd3,545191841.5623966
2cb64650b876ccbc7337a0e4,375978119.4827712
3ab2ed6d140698cfa41f2e3f,404153967.211897
9f8697b55cb665ebb054f9fd,426051688.9509503
7e844f8a24422ec3b833b4a8,384478081.11080647
55a615a3b3919798d54e885f,486364037.49748856
fd26da8e62b5d1155962f0c5,590629289.2745478
ee9171c496fa78b1461acf88,860745440.4901832
d5182c47a954c964445f25d1,690427431.5192748
e064b4dd7b4e64a3e0016f0b,643010631.8923013
36753a5e31b0edb1eecb8bcc,946495719.6971905
c2ee475efec76c46efbf1b08,791012549.0739125
3baeb28cb33d048bcd6e42cf,371771676.4737438
6a6d990b9b1bea0f844d3065,482617661.0121453
e93dbc804920c0bf7bcf8cb3,415658586.4588557
b9ea1b9fc0e46ba0724cbc0c,401723530.0758939
95e98113e39820523e95adf4,453795635.50605583
942ed340950f02adf9749a36,383588133.49047995
8538a41c0e0fdcb3829364e8,560423212.410884
804289a128775f7d1652cb43,474439753.81416124
3dec1da01706b06f5d6a9266,414839147.0941035
fe004acdfad6ac6b00911ef0,681691278.2772738
6c679d5b6a1c1b74bf483478,738660571.7959914
ba54b5ebc5d4f554bc56dec3,474567339.2174642
5b9469c3ff6b197bfe3513cd,715653825.7042081
2ca6ce8266afc6721d179335,690721597.4387122
94160aa4e5c54bb479b1d0db,456547108.8335745
eea6a2137473c3ba6708b576,395621718.2373352
9969f6f4bfb29e3a97c2fccc,582133731.2053747
68006626a3321fb0de032307,400936458.63690484
2149d04442f73cfc78f93bab,660467119.7818197
01cac7d033166094ab9f87b0,438414110.54577035
15515ecdd35e9f175842a738,544960859.8174555
86f1d6fc54152004e69027a0,597527812.1019684
0bcf7987c4b0ba485c44caf9,637453003.5804895
107fffd601a2bb7a3e4a69e8,550950353.7435936
5a44636153b1d4a74d58513a,427043446.06139576
5ae08e5999ca2ba0a1e2d8a7,480295731.58446217
369e9e64898ea16b7ffefb7c,595428167.5743102
192b505186d0bcadb46b7032,783886639.7016132
6dde6686bfdff12620f198d3,652212870.4683784
503a04e079773a04f2abe075,592380266.2923592
42b5ebbca90572b9cea79177,1032733482.001182
0b6f2534f862a7ef551a116c,549236516.0915011
05e06a93e9f01dd3984a85ab,496795789.1914033
c6706db3eb4f0bbb0510578a,642985536.1546077
2babb357d1d828c49bb89be0,828344238.9522378
3951171501fc51e2d830cc82,780691348.0777313
fb72b8e0457c0199e158e599,678940149.1635011
df865201353bc7b915b56ac6,613652389.9755858
8d1b3071f5396359c0b6cc62,566702279.8867317
c451b61851c8ae1e6222109e,553106510.3822029
e1c33552eeab60683f2f89d5,505868142.1667456
1d8d51cfdf78f1361710708c,491836771.7038453
bdc8e1a1e06d387f9c7b026b,491836771.7038453
2b36d797d32013a126e15709,499298678.40501857
13b3a55d79b79ea89a73d21a,500795454.5423519
e57ad52764215c3d54740ac5,499298678.40501857
19e11b2d60326895b5e6ba01,499298678.40501857
f6e1752b9f4a0a3c8573910a,499944967.29390746
062efee92601be294d7346a1,499584967.29390746
e2c3acee51cdd03b1f211278,499298678.40501857
9390ae5c166e1a976e53e16b,492125334.94611347
db3aeb3a96304f3c255e8a22,585724294.4508911
d353be29e7ed2c35b920f7c3,990291818.3797013
893c1b081e383de73b9f2e16,865713840.2067964
8302e2afc48d6eda16784da6,391980465.5002879
f1e9676bc91a76740f4e9b0e,920768006.569772
ce86066ad78dea43089d25c1,707881286.3349565
c89ac55660cee4608bff27d5,389791731.7166347
b183776d007d85bef0f6671a,534285106.3109514
e8872302ba40e4ea413689da,450605439.6450309
0afc6cbb60f34f1cf00fdfb0,805102673.1332784
a811af7cf12afb1dd9b8eb86,611005832.179444
7947f71467036449efb99972,616104382.9419609
2ead9549bab6f1386b7a2c77,752903010.5028893
b54e8d557263624947f979cf,708410039.9020993
fabd2201750747891eb6af77,936313076.3929222
7c3f7b513bb20c918a51dec6,584177022.8790603
0dcc222d83e1bf05f2c2c090,633996488.6946049
3ee3ee47bfa21462a1fd455d,573369193.190837
1dc3b6ea53413ece15bea33b,762147196.6999735
f44362b932a8b70ad4b99a29,504804538.9318004
5372f93d988c3c917629f9f3,412398372.4749392
5c25ccfc7ae77f1d85981a79,452045175.4817141
4df222356df121a41adadda7,368081678.9282905
bf38bb7a2a7ea663cc8f3d57,412398372.4749392
ad0025f5b240d00936c82f9b,421243249.65559846
2afa66b726ed0b1492b9e01b,593961454.6325952
a528312b77b7f84741c2bf29,943351467.0700748
1cbeccacfa11843a256b2e2e,688194791.9053994
d11eadc78d95c96f50b41a10,518021305.9502602
c918e02b3e6d80125a2db1cc,443151018.0666294
b2af005e93b0242e0f62f298,444030769.86597204
ed9703ed896c6118a3458e78,427056705.3794376
8ed11c1d4e7aa1ccf0ea0508,390764602.20339286
9717b066e135a82feb422181,523862898.03734815
294985765f4d12e51a68a451,588881086.9954963
edbeef6a08dd17a941634d49,628667902.5262054
26cc292628ce4aa87cd287d6,546882751.144659
47f7065118bcd4c3878e50fc,532956828.5404381
e369c63f83c44329ddad488d,529294093.5683153
383c0948aac71636973507f4,537291358.4812032
6bd1a412c01387af8810ce57,663531645.9922696
4b92ca1cee4739104e620871,650164720.3384714
0123237414f757b9c3809f88,613998456.3929372
6e36550a6ff6fdb2711a88c1,627733099.5759494
1b5de74aea685b506a952f4e,389612405.7768606
d85fafb4d5ec056e6db9a79b,415012452.03475636
cd097f6cd92275ec8ace1f20,370632686.11540693
ced1f52def08143f0b2b6849,471381390.4115832
89a03e25c43a555b47c53864,542886313.8232805
f8d64df401009704c152bcb6,657064016.8884165
2a5aedaaad2d908122f28f22,601401193.6337172
edd0b57b90629fb00d036e34,438342378.0925626
f8731413b0d976c03b7e05ca,694117917.8281968
01abe3cfc94be46c1153c82d,572424591.29107
aa7f5d0d2fd5474cc67cc70e,695401622.9573814
4912c91afa6e4aff6ffdc6a8,611154460.1629531
9d805330fb0df9ae73003ceb,601298105.1299839
7daa9115f755a6c70411b9cc,609285046.2280241
f5896513d1cb044108d23785,645299746.4965422
3ff2a2fd905d81f0422c54b2,398557955.36529
02ed31afcba033953c79d95d,410041323.243316
c2164829374d5e880c1a1f31,584909667.5533721
3f6eba5c365508ac192f2b82,390318189.7647738
3289958459cd87f24089cd14,449839036.9360289
ecc3362a649cf08afef96fc0,397588860.6839085
264e00a64cecb861d2c05b1d,529086148.4443604
d5b5bbf927f763a43190fabd,641120920.9988608
2691d7125e9046e597437f2b,600369915.5787356
7cf183ed411cf82df26640e9,534293253.6728984
f81107599bc083fec4a13ca3,587032915.6266688
3c2a535f1df831771b859a86,436207430.7709342
9e871ee8a61b183aa9051b72,654417521.0356597
e066ee04cd3a597dac8ced59,447968425.14453536
2f4ed160fe2a21722e6299f8,434489499.0111734
e0ae53aa3cc9e9ba7ce65f74,477773139.67725974
78d727d0e61a7c8b1cf6fb1a,679335554.9629794
b42f936db049a74c7d24b0ef,530086318.69281703
62e9330888566f1f826e1ee7,631607835.1750735
3fcc5ff04edf753621d6cbb6,473826032.4026598
d4ae25b207949fbf0df3b404,602286791.8939213
14bc234ffb3ff7f974afc8e7,361429111.1825078
64fbc9cac3f15c0f1a16f4d7,472413406.7398926
5fa1c8237da8fc7683bc10e0,390090758.845466
7bf4beee26ba81ad0b884f9f,435541355.5666297
72a47f70aa99d42320e54787,413819714.6132682
07641db461323a5cfcda4f98,617177327.4019794
3af2a1ec9efa6884a8254d28,534937020.5074807
3adca5eeda4939a5ea11444b,680988433.6602607
37d39cb7d3849a784497ed0d,549955248.3260134
b9baaab70cb83475ac3bbab4,630039094.3870602
74e178e2398895d2288e6fcb,728331576.8827479
ec15e2a131d9724b012d68ea,512881761.47748756
ee042a4b4a0bf9a1dcdf1eab,494122493.5120481
35381d7a5b25317d7588ce77,457637515.77431387
18ac3368b1f6d8f7171b07b3,558391961.4332613
3dbb09358256bae5199e1318,700391155.0079296
4662aa1c44351dfe271e3a9d,566471999.4918444
034a30994bb2e0e446e35957,724206291.4454044
4cdbcefc434b48ba3d51a498,816344359.5867296
3d3317303679a6a5a381d0ea,622964395.503719
68f4e3d4355bb71db0f35a65,595473272.1459515
b3c77f4a398b61d9c204f8a1,681649131.98934
3865974fbc1b412f24c47eaf,866160422.5569583
84ab3ece52fe00ee50f057aa,509569551.7693778
dcdb8d97ae65daf55570c88c,658558338.0933654
7ea01fd99b389d08ca50c0a6,639498068.6872357
51df325f026f4cc5ed2e9a65,579018231.0512758
1f11cd977996d909ffacadef,571038774.1104026
5ae03c0e33dc7d3e0e0d54a5,649063904.4403799
da88bf5bc2a7310ff382be4c,578803293.9854013
035de58d60807ee2c272ce82,570032959.7935989
0cf82b1128ebb8d1087b640d,661642637.4225707
bd8b005383020611b8922147,608859407.4422685
f5c79a564600bcad99c74f03,434393004.26523584
b11672f22fafd555f940a8dc,368281446.065632
2bc88a5c4bea2bd00fd8f13c,598239070.294151
b2b99019a929584b4904b98d,677025924.5851879
678d0e011f710cefa49f6465,386558512.808841
f7de22825945329521642f49,594328738.5478966
79b5a037bea858706838a62d,482297641.18225455
9f339d547d83b4ef956a3690,481379450.76323736
127e197a2f70e7ddb5dc92aa,478032507.8143279
65b8c48546af394a924decbc,566537642.9943506
cdc0c282ee62c51e3a20459a,601070454.8950464
ec824ecd0319e05d1ca6a9c7,604473015.7779753
95f27bf0d25bbcd0d1eb9cdb,666922898.2599736
ac0ee54bdc08632efc0d771d,548196876.2987989
904ad71e7d108930d69a7332,584824930.9427832
7f4e6f790de012946197e0df,539227152.963918
473cb30713e88ecf782651fd,495010118.5929281
59a309a6af425b2028a2ad69,791342978.7848814
8a1b0f59f86e33a7aa7c2c23,518314451.80025154
1e884932e57cfcab75ebbacd,583495381.754139
8e273f1dde4801825fb19742,694734598.8974769
1f9c0f9c3c6460a323171d72,689463086.8227582
5dba98aa20e371c3947c19b9,608710484.3749049
51516e102f8d43a07037ed29,495778628.19354093
6eabd14e55ff090e8a93c727,603586484.6375786
e224f9ffc7bd70369a5e8b68,558767017.9010706
35cb50346289f0590dd24d83,878562573.0291088
2aecb598de8c74d9d5108d8c,585767023.879856
69c7e97037c747b93c33251b,654221724.8930953
b9b95c89c988f68429822e81,617714968.0014659
fa2c5c19c86087f207c379ab,520185514.7966337
9bcd34e7a974c977f65925f3,740191150.8862325
3611c89dc71078cd0aefd2cd,483351946.4045752
9ab273eca8cd5dd4b6339ca4,371812055.65153426
4347966ceb1770f758cb6e37,543477278.1004809
2a68f627f4dc8060484cdb18,776648747.7782416
55ff644abd72eaff17d533f0,565010780.5453448
db563e5a1cd9eb1be832bf5f,578044984.8732455
a0e9310061ff0084d63dd242,561888988.5077245
7ff62b2f8a28d60f6c4237c6,537881140.3912134
c42c59e8a08e8657ab4201f1,419448865.4689122
de28370454624724128a0688,529798328.0987486
514aefd8a44ca048a8088c51,511220353.58450013
3d3a318662cbe218db0878e7,606132468.9097253
2714bcd5c0c503c3bee0e0b2,605668218.3397149
5461aeb15c7f826f0ce157e8,355100895.1513006
db352cbc2aa3066ea9b34184,666245104.6444687
22b066e6dbd0f2562a0554f1,556142738.2266774
daf8d6d3f4ba21513341eb3e,614631106.08956
523605d1fbb75b0c5acec5f7,373415734.2085487
c59c2a19b93ca666b7c389d4,686090800.2980394
61e57e5539c40e5ffeb77997,373415734.2085487
c1fc25faadb151c73ff254ec,572149313.7562157
63e73f1b8b385d89de1329c2,392309168.26301837
80ded3bf4f2973a5ceb1ffb7,387757207.9527969
e1f5f0e96e5865370423c142,689475172.0252454
3bc1d407f7e7c8e67f7dd27c,630947262.6614896
d87c489d3572187e3280965b,553897069.9385494
110d49e1d79a3534e146b300,478887100.7482682
7baf3723bac87b0b393ba52c,627611770.015555
8e9e35321545774dc1f85776,616869040.9714751
e0d6155cb3cdac98f81d44e8,649086054.6229041
bcf775187c0f5ae1cc0e8ca6,540908884.1195023
a792122a1b292f482caf25d1,363754840.4686014
09fe153b0027697e58bd08b5,380481784.56702703
a7283f1587ffd80f4723475f,360847280.5154349
67a10f161cf7215302b6ca1b,356738326.21632636
f403b20cb52d4ad3f9469ee7,421407450.6389776
643e13f00dfe7787a19b1254,450069452.0657187
0eb7c68fb7ea1e58f3e76345,581315344.9097463
cabf47337c2cd619f12fe69f,467365031.32072926
55c5eeb4861e8cd71731274d,554060534.5287302
363c96b85cf07dacbb10b92e,503043346.8734348
49b59d19432dbeb8921e57b8,577243486.1811591
818ee3b0c3862d4aae6e7776,385172078.8708704
b15c662c56b19d3843737dd4,406921894.1422219
03243195c467c67e67a7823e,527358677.68047965
5db50c50b523f3d454e94dc9,518376400.3922546
0798af235e9926b1e7e4642d,527093662.47689664
83852e78afcc4127481adccc,482449138.14256495
7fe25ebd70b89f4602bee6a2,525520374.2880447
175590951b6f8c6b8b4af9ff,482183180.7480956
d4dd48521efc020762ea141e,611453726.9201562
a681d6e9ccc7bc60eeaf7e3c,954031875.8512766
e137b5003b8c8f18892ee9d3,592546748.457306
90dfa0d7be06e7a1dc15770e,622814347.5420666
7fb856eba0ae98a40eac3efd,601251639.7023268
9f52855eab4ca5161f1fb492,615079561.1151397
494580f4974c33d7ce0cdb28,606749189.1216589
d972dc3dfccf2a48a6384e54,835741372.8960872
7cc8772ebde8902f55e14b44,406434266.0102104
deda3ad684384ed67711ae71,368817387.20648503
b288c52e4d0fab9f579122a0,845930019.2717726
0bc16b384acd3f8263e386de,1059015660.2042627
b40d1d2b7c1db9cc57c65fce,774824624.7947817
c2580329ee6d7a03925725aa,954284963.0150766
7e73516d57a251061b3916e0,691950119.4431251
7749f3bcfa8339444b0a8b7e,460819908.158543
557e40fdc93c1824b0bed769,460819908.158543
edbb5db63dbd0452c51047a0,393641772.2686167
383af3a5794a0ec3efe78b2f,445379507.6260727
90ae7af091c23957b88de5e9,472190902.58342224
b1d9704dd39c6cef28ae3d17,563753489.6874675
44916ca9b874075f55949f87,409103784.0342896
0515734883eea12cdacb7aab,513091289.2608799
faf9f8aa50d936c1465e880c,584268426.4926482
f37c9693e058492ec3715de9,711625200.537153
562c7846b05072561d96698d,773181087.3564966
4a629aaf60a113402834c042,907364531.2527364
ccc4e48073c3da10a2e2d08a,543995466.58417
8532c64eaed74b64b4d4707c,839269809.7317241
528a96aa31409c32bc9f1f63,576652795.6564195
36fd9fc1f1d9b2e10c1c6463,435075958.7450724
91561030d87ff5bc0a497f1d,412343581.52957445
eb09010915ee68091d6675d4,500664180.5043974
56c41a58ed5b9864b68fc910,456143606.32168686
bf6005f6f71da582a6fab8c7,569785767.5126784
86ee80cbe81724e6919bdb73,412022502.6854857
0caa7856aca178f826fe90c4,502798518.0656643
9e41f25cf2e77f3fbe903368,509578784.5380271
019f4a25794ef01294845b51,559141547.7643846
d6fc6059bba177ab56d85ec6,586732883.213226
436089e2bf605d00849691e8,767202526.6471645
02a9c37b3d92a6da473c6fbc,483815639.22409546
bde81ef5ff9edabfc7e30d10,886185962.9066263
379fcab709c66fa146d3491f,603108144.260314
28ac1562ebb5050f1492f576,700517035.4770546
e68f5a98070efada9b5538ee,406153028.2212167
80aef024b0ecebb01913504d,427062170.8784212
f45161bb79292e974dc88b5c,360559565.08649474
6de3c3d53d6aee18ccdee958,420256149.9163055
5f2f7596a284915ebdb81a35,439322034.4545271
291fc50c4ffe7935b01e5d9c,451262461.70708054
42ac33321bb1920fe2a78036,543055032.2863976
c8e00b4dcfa2d05d6a7fde26,690192769.1684937
5c0e328a04f881674ae1046e,553402475.4389206
c28cb417dd28fe4d4d41d114,557340969.0425751
8e160f094a0425aca23f04ac,552650554.9152833
a8944be7383b5689b5039c87,567993931.2606062
cb7ed5960f325114bd3489c3,566835448.9637315
275d73c7dc0fda7cbecfea89,561094502.1472776
85c24df2d836cc8addd9b7b0,518243362.20402205
0fa87864632b7bbbd161f879,925751443.4019141
c7f422224808e043753683f8,545641187.4434428
c51d1eff1b6d29b4164df520,580505861.3583355
b50e8c13de383e64711193f5,369176605.3764501
1308dad458274c698b2fec72,369176605.3764501
6a1024c5da689de67bdfa274,528719361.2524779
6e426f60d25aa8a4c6f8c9e9,444999770.022771
b80f3a46440daae51308d459,774031257.9300245
f59ed9b8ef1726f1a55a4dc3,537248809.0770751
368eddd8b6d39bcc7124a41e,531488521.7929177
391cfff759030283411dfe1a,663631900.5987544
4f140229175de685a0999773,408217837.94078535
cd365053914fcde97b7ee9a8,562311626.588544
16a05fee8dfbe78d26664c3a,519897174.6136318
c462f0736fdefd319cee232e,620517697.7776376
b419d977b283e33c0b3da86b,564433710.2140687
6eb27e2a66d08a8a60567272,649645612.5860683
7486ef139d41d91423317e0e,525342764.6984173
e663064dd77e3c63ab9222af,587187257.9550786
9a6849637f1b8332ab289e27,567176964.8980676
498de85ba30cb01e9c686081,451731701.33344334
3507f260c3c6e195fc444533,455180679.62742853
e538d52c9b2dc994491be3db,377057811.3082226
f016ba59a64f287099fc4af4,503823436.41757447
380ae516dd46442f97acfe14,507772502.56989574
c97e4d7e08db3171290e939c,550735636.6099614
f7847aaf1491103fd931aa5b,707856272.0602057
08f6bf438980d55b35ce7537,707856272.0602057
a6a06973b5a4c990d5873b7c,788237715.8178875
6e26918c69487a735a639c1c,603326389.5269437
cfbc690c55e5c2bd8dd9d89d,619216392.0937762
56fe5c13f11813b82dfb04f8,832990377.9891008
296f0158b5cc1541cfc8419e,685370863.9894856
6ed2970ed02a3e50ac984aa1,605637249.5529661
4c9f3af11fa91e729384580c,760064241.1202887
2ce779caef0637db97954912,656020656.5999929
d743892816160218a63dcd35,630197637.0371165
758efd6f99db309c67cefb12,399926426.1997973
a4146ec09d782b08e8198e11,641674769.4843129
f415c2bc1bc0fdca091285cf,597127319.7496034
39ef4fb2a43fa3bba15a0b16,450109147.12678504
874ee4f1b9c6dfd3d2358834,729273343.9548193
e9d514f90ebff0de1936d09c,661004497.3233693
9f15c77d67021f349714806c,590154687.0465477
a600ed86cff36e636d204f39,532235963.418999
58f55e9bf743e2e3ad43c274,508146038.7690425
af1aeb2ba89d29973f73511c,497368961.7598055
bee721e93b8d8e7cb37dc992,529958864.74832356
bd52dc8dc5398e5ca2952473,369126488.0170742
b71095bf5e80bcefafb12d52,555770686.0260218
a7f48fbdf807da68594e9ae0,398427339.3399035
50de04936770f874e1eb86c2,455223146.1642077
2ea47ef8f02712c32613fbd1,464174459.574365
27eaac0ebf8a5ee99d143218,699077633.7554113
ee594b6bb0751dab39055b3e,530050574.53889364
eba0410242fa1e8dea90b194,564001545.8823136
a619d30d6f2e2aa3b9613c04,363232007.1180025
df58a4244134d3493f3c9f30,710219895.3290797
32dd96f4f07f67806146ec46,415262584.5027035
a77ef77ffa731e8980d36b27,529659855.77254665
a2a1665a693852185673f6c1,658475136.6950657
8267eeb41ed1e68144301a3f,526480143.26564157
887ba6b287a8b3ccdd5691b5,583860316.5620824
1fc94e9dec93d52e0062e07e,536301866.1433873
ffd3d51ecc85abff64258e1c,833043320.4516835
3eb79541c2ce9413d2c54736,552860967.4313823
fcefb2186b13c8bc39b17915,580771455.2788428
d4a43654382201db5d318dca,560130991.1779244
15fbd295328ad698d3c76aec,558114629.2172645
7f5e87fbb4952caa0cb658e2,727751478.8536329
9d348aa70957592dbc56ef32,733270407.3358835
2ac1105447a71f68a50105d1,691548295.9037758
d8ba9eb448ce35ed404e68e3,565536417.9564078
21d42e80f6f818eed990bfc7,975393982.8663863
81c890b0d7cf787a091d4081,628749250.5766826
518858c561af5c13c8aef9f9,717923631.7808808
01cda25ee8545b9fe19717ed,700625381.7075832
2c34c1e1655e87ada03f411a,545231164.23866
48f9e9a87e7fc0a678460e05,864816863.076136
76ae7be5da1785c37736fdb8,578362393.5185016
3918fa99179953461fe07f2a,728183957.6363586
305080502cba05a1c165560b,559010490.1606092
5c3aaf3f75d6d3ae9b55cee6,459614682.6871529
2ab263b5d1ba72fa562d64e6,693069611.3826679
6d13129db564ad15e69fd534,580771455.2788428
7de7a2a651273df62aa6a21c,658475136.6950657
59f9cc9b23cdea5bd4cc3ae9,672574967.4304869
d4436ad417941fde0aed2818,580771455.2788428
80ab8d9f157c25b40f102854,733270407.3358835
06ca01d3ff86406e896b6fa6,644996460.9017298
88f36882dae9a0487383b769,459614682.6871529
da474e23f34cb63de4ef28a4,733270407.3358835
04f968f1873a655fde8702f6,459851593.70454425
1dc1a51628b8eb1bba214498,382942252.5522562
e7cb4cf600b9d931eb295c71,544095394.186099
9052c644813d546987a72305,490255387.36419654
1e32a8825a7ea79c28e27a8d,530176498.1253423
82f34c2a6644c4cb0649c44b,938882458.8861126
95815bf7c79e4bff3f41b233,746834438.8883257
f64f642775ed2c9f45aff215,455139884.940321
4cac81eebdeb45eb0e8aa5fe,444617949.76401734
c6da2874d2dfbb2ebab542bf,686908718.9919292
e7c08555cb8f5c7d0f32fdda,426816897.0331704
10b7c99bee9a4a21e1f32d50,578442074.4077339
f21625fb82740d6f4cf1c325,512067826.6268207
1c3236613cf95c84c5791bdb,547258738.3688109
b11c3a4642f7eee2e443eb32,568522865.9417841
cd08976dc2d69110375f8541,449584214.29453987
a44c7ace8ab50de7ed8e5a66,447408643.74631965
fa8f13da6d8be3bc1f05fcee,422406658.61412305
77bd7837b02bd8f2c290c9f8,371124196.0610152
11a79681fb0a3f6eedf11d1f,477992596.7265599
70c3b086af66b0c9db4b0b96,477992596.7265599
64ea18085495f759116f62c9,492433084.5413779
ebf4bda17341de806444ba83,566514331.4718077
54228579fd8812c3ea160341,397040573.8769037
dae0265a0f2f79d3dc010ac8,593507299.5683448
7340afa659775cc18d83aa4a,512399124.7085892
5ba05f67a77cebe5cda31e74,521707480.1164048
33dfb510aae260ccefa4d349,555833884.1682191
82af190e32398942775056d5,593507299.5683448
a9b9263f6aafe8531f3dadca,612634709.427078
9a38e7293e9ad7d8462eeaf7,663370368.3638422
5852773a80f7f1b929c7dabc,940850557.3679125
52fbef3effd854b0ad0f62b1,507635334.65520054
0016e35cfd881ee2e37b49b3,535669146.2202968
380759598c614cbe10ae4bfc,819291935.4111923
fb63e870ceb7ff355299f3da,569672395.3668212
285b8cb5e9c887794ed2fd1b,643625746.6872996
f003a46a1c8e04da0052d72f,397885670.2893697
a731b326a61043070c3c853b,456294592.6151491
d2644b46136fd95c0fc2353d,451034112.6229199
8248697f70c21fa361840755,644057298.654722
075b5c16441d9d67cf638386,354590741.18193525
6bb2ac0cf2369cd8fd85bc12,524418384.1746577
2c0b3d69fca6677ba9e95327,564222743.8207663
c73ffac843c155f24985e6f6,753832949.68095
78b57a58368ab056c11bb0dc,487265840.68686837
90b25b6b913c1bf0396c149a,505959406.8380411
fa29c89363ac9cb59667a43d,487265840.68686837
eba756e88209c420d288c4be,653011294.019096
e7081fb59ffa298320321633,715430362.548441
db1c3ece26da7b342eb7c8a5,487265840.68686837
f9ef8fcf24d28ce11e71d758,750050040.0090694
2f854c9df6212c39091bcf28,520901896.61829066
ccc66d77e5f68779b1c016db,720903701.6720252
47d288f8f9227013424d6976,383721981.1602529
3e891afdcb568befebd66fe4,604287634.8152996
2d1f036c96e92d9c557605cb,377812887.07499766
dd9d63c612aaddbd86676c34,555576090.1423821
13cf784fb3553f75acf25a4b,377812887.07499766
57dd353ac00d0e99abdb3733,601030182.001455
ed0051ae106fd0df60a14586,642520637.5187027
0997324f14c5823413463546,555248950.3424481
e2cdca1756b1635dd1ac2b2c,693852510.0003314
7700df9486a1684157527739,417884781.86047673
e790b21630ab963a65c53df0,600824205.2958895
2bbbd9878a1e7c55bdacb330,738768450.9872893
decb25b7fdc0eb259831cc71,655756296.9520111
fdbc74fb5882051327b3caf8,672502050.9136305
39dee9b1661292cdda6c4823,994372392.742157
354e2de1e3a81a63e7fae4bf,591639817.5519019
f80b9e8c51cd71c5be281652,382521857.53176993
a96b19e82d9811d5de1ed0e6,366398270.5241376
5e5ca2753a908aa1b7fe80a2,645938292.1900367
495b6e61d1b887f8b4c1bcbf,405153882.64598894
ad8ac9edabcf2d4b06ba9fc1,514481409.9026758
359f6a66a407e30b40979d2c,537074260.8599415
ad351bb6437583ec871b1739,787218692.6415211
262b1c8ce7db2b4aca2400a1,833959792.4744443
6808b10f5876ca36f569a4b8,679869603.9240226
54c74b36962edcc922573792,384250895.19409883
e7fc4e6b1fdb38ffe68fb680,598329571.1963885
1c9325df5599379a73e18053,682258421.0288128
8c9bf9031bd378c1105e3f3e,577817576.8233078
be70989d473cd731f6d8e580,574639763.8271816
46136f5f078dd31170c58e64,730427022.1053007
7055f85f7749c4646577a51a,399606211.31221986
861aa922b483f9bf7884dac5,432010012.0745884
45f18e0bb676d2495a227dfb,505476097.7486606
9cca7c1e9ff65766c8dd2e29,444878092.583137
b2b7020e66872c8d83468cec,415159971.7569298
7634d7acd4197594271c84d5,486687285.2122284
11ffdf367d817b582d590db7,527594282.5044682
103687e73b0528ec29725f1e,396531925.6971075
8b5369b126b75c497b1a7b73,577244440.6612579
b33c9b03cc12a253e4936cc3,548315190.604394
ab177c5d60492f2ff087708a,416204123.29129493
05bbd028f30492fc0a9f35d0,577244440.6612579
2b9fd26383758104d567d474,577244440.6612579
4addcabbe23020d3d0d46ac6,577244440.6612579
d93ba0c32244c455e0f7baf4,570789871.668567
92b772a38d5e38bb51a3f621,423935654.01764226
135ca1dc80ae4d9993ec46f5,570789871.668567
ed5192bd8038c77ed2e46f0c,519030992.6490846
3a878d44356885ea61bd882b,570789871.668567
c29c69bc6758d5976024e455,467653465.34419566
dc486a3d7e9e2e608ab2a7b0,570789871.668567
1a34acf8e509659534a56b63,607126812.766658
5716ed7d678cc2575397174d,414982408.15083784
444c68a7a6cd0b794768d5af,529690707.50776404
8a724286cf661794084aa87a,564652324.7141253
ff9c4796bc3ef18ae7bb724e,601251639.7023268
35984f749eeb84eaf938bb08,615671610.6827028
0998999f12dfdd50c597c6c1,591349501.300656
58bc65fd2e0e4430fb353d83,639635276.9017893
fe483817d899e0044abc3787,618664245.7878697
183a8459fa248605b8b5bc1c,677216752.8771211
a1f0d61cef676fbf798b5473,856661467.012847
d7d3cd587d291f389ba2e8d1,540432670.9536905
ff8e7294270343a00978dbc2,651106294.9341743
0996cb112fc3919564e87c37,514608191.2771347
f183e3651c485e0001e64880,685370863.9894856
e28474959994ea9c0c2eeac6,669367278.916289
682c0a5f5f3130a61b5214d8,683273260.1979166
245663c600727f7c214063c9,507594938.3759862
dea79d1b25bb9c78d331e3e6,536338900.31521577
ba212b5f12959e34b4887315,658836553.0453031
dd4eb14b56cb00130955d021,980892363.615382
4c94103d4366bcaaee4b550f,640235136.8282555
7bd9cefba3f5dab498ef926c,1066936361.341473
1d7a2572b466070f08c6e564,547800547.9275308
a38e7af984a471331b2d758c,568096966.8181849
b6775aefafa4dcc161eaf6d5,498651358.27969044
8654295684292e74d0245238,367160448.9990113
f0ae62ce6eebc4d07415c48d,696524090.8736457
969219d7b193ac92e7a008ec,523362714.4512529
651d6af0968fc05584cb3d25,576109311.6381915
4f992c2a0526c0074bbcd875,436750967.9410385
9536c686b6ec514d92493f9b,525770043.2580615
5384587ecbf956275d86e60a,366439395.9843358
bab5690da7c42909464cb9a2,523453894.2692251
bc91072d808fe7b43e972f42,367835431.9577986
37cf2c5c1c6fb6e601d2f76e,431758304.21366173
4cdaece5d1dd4e089a99f47b,425181736.00454146
b37af80bba5adc197cb51649,412748306.0873459
552152b60bdc1ca16d2dbb71,481829437.81514287
32354bff9df0267a5e139156,451810107.5785919
fe4a6d7d7ed28b85c5816fa2,1033080150.9748014
afbc7773755043a40a7f9d6f,439063090.436581
daf2efda70c6f3cd9257d0dc,372714531.84501076
66fa7c9e82a2876216b14b1e,372330836.12212133
e34517b1563d829104e230b4,385172078.8708704
222a35842b0bc09f48e1d0cf,506484871.8460317
c5a64fe5ed5901734d98a22b,457086925.3822134
05db9fc492801eac98f69c7e,372604370.90643585
6e4ce81e713a571601d861a2,390976239.1046911
79fe5105ed7a7861d3c0187c,382033988.6734114
70ea911907d320da1f7f9c41,519004011.192528
e60024d6e0b5aa52e27a3b5a,441356925.50007606
bb63f086543cde77832bd4ed,441356925.50007606
b3c2187fa96006fecc6b8ba0,431995858.9350561
9499edd83df77bd6a90560c8,431995858.9350561
a947158782fe2832cea53040,435950837.5352489
2e1608b8c646a102e27df16b,545856289.6933426
77fbf1f0c35c1025ea4803e3,515949410.6342173
f9e6a759b069e04b0cbf0182,518230942.72863203
1e158f436f2a4caedd1563a2,518376400.3922546
67af004f80b08fae38f472eb,383077467.9346027
386ee01c3f7bd8bdb91181ad,681210954.1926339
36ffb5566bc35fbce9e42679,487428051.9079941
b58533a6850620b0960db713,459862097.9711129
41353584f956b9e316c6c67d,456236543.0777087
b1d1bc7ea83d5c584988b95c,472176822.0263685
6b1c0866e6f12f7fa8de94b2,474476845.12470645
fa4fd8380dd2620c672facc5,531540126.9430184
44394e66504a4d77587ee105,613295119.9133403
d841d6a82425710e36460f64,558195247.22474
33501f96ba3b02da073d586d,385931290.70534104
831693b6fb81df1359e45db7,681038036.5513546
7192b9d32e4ad55f6af9e241,719098354.2445279
4f99b97100d003ba3a2ecd46,603978639.8080353
83d969bfc020aea27d2b829b,527945456.77697
39be6f994f2cd3d68b51126c,520221090.64641976
712f16cf2506710d7f2a2e8d,558992659.2843466
7ba618fdb1fe8694eaecb64f,769051933.4739931
d8735967c942d1a7b0cff7c6,641676975.5466297
b4ef40e00d089a35d750888a,954031875.8512766
7d73a548c2a29ef2d9655e1d,611453726.9201562
63131b8d125073c7dfec72f2,634614018.3819543
a65655a4f42564ac48bdffa4,886655932.6754826
033d3f8ff56907db4c453700,592546748.457306
05e8878bcb68d03e3b656eb3,488644310.7913383
2ff0775d2c131d19804f2a2e,818255632.7297343
9957ccd807718945178bb847,763855523.3433379
7bcfd82ced5d6f1ae390d388,658761514.0706345
adcc03f332b427be46f118a5,876088827.1653155
b5dd038cf35169bfd0e62eb7,854706934.4044005
35b789e1d63f8f25980d21a1,1048706371.5015777
c9a215f284e095850c809425,744567597.458099
d26efb0e1213e19c378edfbd,577934275.807794
9990217fa4eae1d1c4ed051a,723064489.4928845
2e9390c4423db604e1c7c4ec,819616094.303006
6faf9b6c30b176e36f2f1d32,710959275.4303519
5b83d91f4d6364d3e4be1428,566177210.3998415
0d9616f0ac8b0c2e9e0a97a3,819072800.1131443
9c9fd309cfb505b628f84fab,552666085.8585991
98b77fc0888335702d082f8b,519406249.2370983
051d68945b95562009d4029c,519406249.2370983
eb8021804e63016fd934c9b2,601510712.7573103
ed6c8c45bc8c1d160cf0d0eb,607881734.2711259
9fc8c3523883947769b2fe6c,875025778.3645307
3e9cdf767389ee551b5349a3,482449138.14256495
512effa47a1c7a5420bdcd6e,541641113.1887046
0768e70fbda0e09b88c1548a,450272088.65313536
acfa7a1cb136e4474b7efe32,477682521.76755595
a343e6ec6eadb287711d3834,865476504.6084027
a698d80ede6cf6243fd9ed99,689516759.1940489
fa5c81237a94f2f78f05977d,631503591.0327045
999c8da7dbed7412dcbafb70,1205112297.6329033
c33613eff66948d1bb8ea3bc,884133922.2825183
a642351076b7706a733dc52f,1046180824.1979439
c69e08214cb1fbc09ced0971,412806968.3750999
48a20e676a060954308c9ecf,407647862.7478093
304ce5835e685778b1c2b6a1,634326439.6704375
c859144477dcaacbc1654a8c,530739917.5180483
98865eb2f40b8a30893cd351,654263649.4322201
68dd15c8e9b71171348ea24b,657147370.2299744
3c660885ddd7e98ba5ea26a1,942477332.6841847
c670315562766401f92913d0,374563091.0535421
777a8d05edda0a335d89e90d,581671658.3863484
81f5c32a2c2d3b32329a645b,689225708.3603901
40525fc425906c9485f1ddfc,361061453.4888366
8b6efcdb553f6e936bd90f3e,650857632.3717396
94dc108f1d146641b221cb81,896952735.8144394
1034ee7a5160fecdb5e8c27c,557583707.5795132
48b34600046c903f0ae4e6d1,687240346.1576585
edca31377b4f7299f8b45187,757413887.3028518
b1586cdf68f36926c3bf72a2,372441319.06153405
70b15c2a38c404e62ad05171,435959386.0651236
ce18358366157fa869bf3833,442344212.52879316
6883fb90099426e6f3922909,410092620.21701884
1b7151cf29b565b2f1caa559,463400207.38430744
f2ec3a3598c99bb8c38cd680,370438221.86119944
38026eb43ff9876cd5767ac3,390195852.78001904
9f68ff98e302ab06df4fc672,369902222.6754679
2d2ee255ed2144b9fa1fcc39,496502330.38981104
029224b78e8f358aa9c38e94,420466345.0727995
88da5851280dbe750968c565,443441013.31125635
1c67456195075a051513b28c,426674569.4915818
9741ff1b895a038c32205784,609961944.7723318
75fdbee42ec89d428143066c,387402782.3577536
9f27627b9e439fce085cb01c,758221101.1384023
a4a4a57cf20ad739291aafcb,798423533.1482233
84a074517742e09a7eb6f320,641403882.8495092
28fd0437736c1b17c7ea1f33,664044955.3770461
beadf1de0732143f0699895d,607976422.7033496
b027f75411dce9c742c5d0f1,719277386.3459198
182077fd9c5142d503309490,636856739.6968483
b1df92683a593edc3f2b45ad,653992495.0584917
38cbcd7f88c1520fa083af9a,719781288.7712033
8ab5eda5b66a6c2becffad29,533102562.091335
e68ceeb098f60054c19fda0e,734258368.7861906
e6ac4d158437142c15bbd4d9,600964926.0399562
a448d8246781ae78dae61619,683666966.7587957
4e878e99ad2fc34400381c3d,786741341.276045
beaa09cb49a98e8025fd7e8a,634883727.4661306
3df855d8893dbc62eabd95c6,745339231.5396466
cbfc3ca911ca23517da8c2d0,682519667.3983656
a020e479dc5db78794a5fa77,558471976.7025037
6247fb0e5261d4225f6c9f1e,831129513.1235429
93822a34ec8dcf104e7f49c4,701899101.062792
17d311554f40ae8b40234c31,545705499.6437943
762e044ce9371d7b8c7acb6f,832798915.113876
2fad468e1c248f40ee3586ad,711811249.4932235
fc25df25f4151a16cf0c90f8,985356609.8099686
39c1613acc0ba4fe622c1f31,738635147.7647405
2c15a0733cdb932ba8f2225f,747164037.6777952
1db68ed64501f35c51d74c5c,677257664.605593
1d968cecf268a7f14def1af7,1106987850.1273277
77c886207faa6965238b152c,359028269.17352843
86242b25bcb2dd775d25191a,475892194.9932092
a8b457cf82926e25cd862af1,605748709.9488865
fec1212eae4e6369d5555d8c,562527761.8734527
8f59ec48e38092ab01c23e33,660190508.522219
490b89e972abd7e64b5ba6c2,613053728.6515638
f8f217756d32f31faa784c2f,595963023.9664725
1c2ec62e8ebba12c6146a04c,729495074.4836396
2afa1699af46ad8124f76e4e,575506929.3386602
8c1695c9a31de0f956e4ccdc,473396697.37692654
d88bba495701ae7a44eecc64,666288435.170414
00571815d5a7f208eb3e7737,565983780.0072078
d626a635ee75c23aee2fb327,692678265.5887064
7e3937cfe43dc906983fd321,938682012.4515011
ddd8906ea4a22b782c7888bd,618258709.1079656
258abe0fc321f6b24d37ad86,424609526.0104508
f637a4885488bbd499199148,729014863.1639957
97f5e6ee143998e0b3fc97c0,535316762.3226002
be4b96920e3aa5c57baa13b3,367083269.0861202
6e7f3a0cb6246f13656fc95c,576733266.1288096
0cdcd8cd52bd1967dab88a5f,408144055.42539096
83da19e7fbbca11083090574,407010865.69869965
f0cb484eb3f6e04b5b1806ab,627543068.1529142
fbf8b0f1159e89428778c847,413171148.61780065
7c316b981173919b6cae5516,615692991.3680859
d6496a3215daad9089fcd5c6,506080692.784816
e104567c1cc70000692f502c,581617799.1722677
c4476befe0002dcd0c315993,651265364.113999
3008e821640b33a8d70beec9,381118494.25893915
9eaaf577807d86ab64fb14ae,414689714.34523004
9db120a76af04028d2f0ce68,369595665.58106506
81e1f8b1c0e3b15f2ebfd84a,374362895.7725524
9943a2530009f62cab6b466f,538494122.2455492
a8052c48a500926214eb2e1e,418389108.65596193
3335313b9060ff29782906b6,703938285.0808679
cb93bf58a01eb262cb003061,561420312.9342754
0e04f84529d92f2832ef986f,617044280.0909566
807d7f5155bd299afbb6491f,734570977.6292001
76558d67def95bc708039f05,616797737.6301436
bb19983466b1a1184ee7ea1c,651931478.3490396
34067d9b2b4e45be1e5cfa32,570273535.4076685
1c4fab7d9cf798617fa90a19,412178359.367791
b4d610e0ecfe007c133a5ea4,416315278.8636559
ffbedc0873b99654d10188a3,387908599.60720396
ac413fd87de33153899a1d04,401570179.96810496
83349bba5fbddbfa2db5078a,526111610.966505
0a759932f763df64a463ac18,492473327.08145696
fd9ebf37acdbb0e4bffd2fb3,403148594.0679542
f725f6ebcc3fdeed22bee385,508160429.3431878
ceee9fd6e692196b960443d8,403148594.0679542
bc10eea54e4a1767881a2391,559599614.8809745
4ed5718470ffa3e5b5f40bae,431762387.4704045
debd031585e9527fe00f116d,540869846.2207185
23b5f2af5d39edd25db6a522,577087841.2271599
f51000446ab65417942e535d,567460838.3558464
e6ed64435c659f236cf213a8,407929800.57028663
b160d30961ddd3dac16184b8,541618380.5448351
0cad79296edb4b18582dd77c,741794002.6279649
7bbf8e16cc32dec423afa6b3,666121002.9201276
acf98212eb702c79f16bb058,761540148.6929107
1747dd033c2c2769974a06af,595760286.0452638
d54e80ee72354c70cb84323a,595760286.0452638
de901d3433ade456e9edcd79,595760286.0452638
3fea10126c0c651f02de7167,595760286.0452638
f823f6d95b4340e8e4dd0d57,595760286.0452638
ff6fa86afbf9da2aa8eb7991,595760286.0452638
a966f298e8d4d3d580a72d99,595760286.0452638
5b0918cab84af6fa6c464037,546746560.1486682
bb1ece5366ebb2ef9d52708d,425721122.07942724
fa926bec03068764c8545d41,457284357.4524339
3bb987adb4ff573ef09b8c12,434301569.4802264
d7fb188814d4c118ccd83989,380424959.82254326
ba511b37b4bda08d191c68da,375685843.6019828
3c2f62f464aa5c48c470bff2,710708419.9450091
3256c6c6f30aea9cc79b7283,582557835.9560736
9844c3773f7a50c71f218e99,673769862.2994534
23229e392dbd8fd9d80637da,644841889.6319752
e0f47a028df2dbe9129cde7d,704227473.9262545
a12f0f00148e564ef78838c5,611291777.4541625
d3ace27450b980262ba9bf76,577827643.9916906
0668a4a4521c783a2d817413,813272135.1982355
768f69f0241fe339b6f52fa2,709958940.6744246
e78ef4d2b165a8e8781c258d,412346755.9992638
631ecfa47fe167bfaaa967e5,601789970.8315673
954e3065b1e8b31a68f6d4be,499075324.4469919
e81c5c1b820636f691e5c5cc,609563575.0059699
b4c779732e827ab2fec8e8eb,578297391.8730743
b58208759ce1402501f68906,511040951.96757257
59805e5f4080246ac1d92b34,567672912.1936445
a3fd38336516b98117e328b7,559943869.2592571
c0bf06891690188e17ceeb8a,447935938.49779797
efc8ccaeb09a5e1bb0bfe011,747046623.0205725
8e604d41e0cfe9c93ad536d8,727005904.4590203
f770b66579bf2b55a714c43a,542896725.2667768
4e01f07ee4b1241360de460e,827191851.4832422
dba1be42bef913f35a95735b,955675429.5979779
d839ca90c5df85e5cab54ea1,583730019.5956882
ffaca67ff9f0d7cbd5bbd295,844899455.0737222
6f17875bd3ecf00566dd5c1b,610388527.1171223
10d01825744060a7b777ee4e,488485889.33294743
185b333862e7420f25622efa,498010902.0396124
7f7141f5e1a7964ac6dc688e,730025702.1282979
adae78b82caeb073d84f02ee,590409825.6146199
4c0f9275581b5572635613a1,397283602.83934486
9d6810aa1035e91b72de6a26,506664388.93867695
069798704327652a899a189d,596555952.3394434
2f34de2546f13e8a9dee1edf,636399902.2507625
8147da5e5f53a163443e8506,679515911.9603463
6834b61ee23cf04daf4fb83e,782113375.9664594
59cbc0e7dc6e6922feffab8f,626813714.3203248
7cfe5c3f5cb1bf095eb2c503,647471703.0188718
d916219daa90cd2d99edc609,549392497.7928779
e78ad3483c5aa5a7a4310720,384344659.81334966
d048fdc255a5a7f474d48c0a,611643355.9831918
b76a3fe6a49dcae6e6bf5815,552441792.7993863
75fa60dfb737ad50073848f2,564808488.1963531
83c1d0e2b8826844416abd9b,472425433.1336065
8c02948b66db263420c20d3d,561375397.7527484
33ab442cf58cfaa33eefb6dd,366597950.5985643
d379dc03d78685ad14c647c0,524925599.6202603
5e36efb290bb265d81706bd4,518532278.0028295
db534a5f57e92d29b9e150cf,606084779.464354
5354a816a7da90e205448832,474516034.37458843
f0862f57dd6be5e7659c65ba,516604969.6583435
7d58eba13f418d890ef563da,434230152.6389454
c2fc3f04c3870e14b89d5fbb,511869305.8701704
15537000b6806ee84d4615bf,611551050.2863926
e82508e88e3f62fc8e67dc16,709396127.1205795
86ee57ce617b2be312a9efd6,515299240.5655104
6bcc29a0afc735bcf3621595,597152736.201145
d79e2addf7c11180be222103,559664561.1722802
adeadac88e573824f08efa21,858363008.1958051
922c37e46fe9e75e73fc1f35,497004353.2365404
5d09f2d1cc5fec761ac4372d,582699088.5493997
8c5aa3c826f325a9a6c6f524,582699088.5493997
fd0c010fa0c4b84dc75ede86,695231297.9807134
c23150d0aaaf932579561998,583097409.159494
163405cd6248bc3e832dc93a,927034161.451406
eed12d0c3e65e9989fc4f4bd,562955140.3109822
e6fd53315e92a55c6b67405f,490055559.03355473
7a3ec914a15b47726567af96,411133624.8697476
7f02f056d5eb4aff92b44659,597863953.1839097
2d5d9119602c228b333402a4,496850499.3698924
43fefda5a3b0781578d9f2d3,673666751.3821493
513211d9f07fd6645711ae31,386689333.6644526
c3e1e0d2618556de7df13403,500195397.3566381
b4a4d705930d9afe896dff17,476848131.2406622
e44b023e39910ed29f4dde2d,483712047.819631
4e78d095988a92642a1bd18c,411649882.7630689
92507b623f039b4ef5be8870,538772975.0148827
e216fba4bffe753a527ecd4c,549324728.4587137
24a4199c17f9c56f0b3ed12f,587248470.7694489
6bbf09c3bbc3e3a000cd2afb,671039546.7382829
b3d45812baa819caa1400255,506783989.0236862
2688e4cd1fd441d1da455504,582891449.6903015
5dc1fd6ec7ec8c8af71e3b6b,613349567.5997919
f7b7e298ca8fb75e11e92999,580090842.5037299
05b71daf88eff5ae8cf5789d,482901337.0746536
e8a7ddb4e5d43d156692326c,767401333.9999566
632820af2a0477aea5ccfa1e,610356064.1858271
43a3fbb8218e73b956ca50fe,670770960.0039809
398c195aa41ace34a16b0d7b,605111600.5889937
ef3887783a12f591198d6c27,544257626.9906219
e6653cc1c94306d4e56ba216,630723515.5310634
166c21ff83e97c6e74169d92,879780145.2193979
d0fccd2708fc7def00c72317,694392317.2695172
d66bd7e4bc7b51d23af57de2,671612879.9811221
8b47b76193159a21c3580a3f,667019857.8350676
448d159391c38e4ffcc405b4,455334701.89654106
9ce7fb3190866e6a02e01e26,401278848.2398843
c25f892c01420855f61c3dd9,579647541.266718
2d5ccb12ebb6fc7d4ba462b0,993079240.5143257
9eb4041ed9e159ec0d890de6,460911631.27310455
c342f6492f90ccf623e8e8cf,486863085.9807468
c3a78d9bb10165d9be188394,563192535.5719457
1978d8fc2031af21e98a4e9e,703197938.712685
d6d581e852a025b61cffd6cc,650299537.4121646
ea28f68a1d1d81d29b88531d,647017351.5112091
a3cc0422a37512ae124013d8,607782196.731819
073a3ae443f3333f0f526f7e,782942256.657682
57238dca767ebf3a842c5f10,665811793.8492392
113887ac25fbff9d30fe8d35,759722178.2456447
fed1a50c562ffd7f30451adf,497893397.42056817
b1e9075645f4b374c7301346,709587149.0794786
6517c1efabdea4c1f93078b7,451765725.4566025
b966fa606a3b50d3ac7249f6,720940459.3468266
e0ad3e9588636f454e9e484d,680513549.9464484
d7ad46cde8eca723de6510d7,679202447.1086097
447f51e37fda773ab748814b,585305801.8701345
a6b992c9bf4eb32ab3d1df4e,473418743.6289256
3a9c7ec02f3e7e419669fee2,362501060.4166352
c908280d0461c3585af94d53,679202447.1086097
b3616a055e722e3720cca48c,721704017.3182912
45a8f6d942533794501d775d,543738143.3169001
b6da1db3aa02debd11e26edc,637728154.0141172
6d12669907d7d80d0b458a93,665851346.5841687
5122b2e9638d3438434fc56b,645763280.9658021
6367a127b452cfa27043f74f,749802923.3195071
fb3d29813052141c015669c2,477411725.9895835
5fb76f2095eb1a5cacc2524d,439856761.0811767
95632ec6578a204881694dc2,476155905.66927195
846b75324c0f3cbb027387c3,564194216.111834
940dd8311f2b49d4ec212fde,830823249.58203125
bd0261ab68cf56950ccdced9,626486866.2014565
f79f0c23b5cb96b5d022582c,643807132.1366076
795cd68f9a5ef45902712524,552650966.1846381
d908973d90db91f772890c9e,363238433.5679953
d670be6c848b1e92abbf415d,359997976.9081607
87b940bd3dae37b9fdac5d4f,399083746.19039595
8a7ddcd0c452e7993bc5087b,475892194.9932092
8925e22f8511be30d50545cd,487448528.3817453
1342c307971094041c9c240b,613053728.6515638
385488342bff3d3587250c84,488082521.209518
f8e25b7d7e93c45df1b3a4c5,575019858.4817342
fa4f331f05b1488990a69ec8,663370368.3638422
a71d187784b309d65cea0b14,672836089.4398385
0f44b84024412099f27439a7,522258736.4360554
0ea1a5d32324d270cde1993a,578503229.9458189
b13cdf9314a34852e8db4221,433827802.43446255
75e0815e2ba7269a10d9786f,389145898.7089301
f42b6680baf774d27fdf1e48,426859454.6738458
5cde1a59393643d7ed4e909b,625084019.0181099
8736dfe0f1c6e2181b0ee31e,566712546.7848604
5859ec20de4a5036292ee947,664049193.7999889
1eee0ff52c53f04307cc3216,567616392.802474
b455979bc938acd34a580eac,429569858.5816919
6921133528bd6fa3675ce8de,812786417.1582826
3d266736d0307404a5804073,447552753.81163114
f4f6e48b618064ced466c302,362279763.25730616
dcf606270a4612aafc5f9f29,645695439.3808072
5e455623c380290e0a8e4e48,435541355.5666297
ac3c9d9357fbe72959817602,728331576.8827479
f48fb9d9c42b0ebee72cfcaa,459985792.556227
dc99f2871bc05ea7e8a97d72,426740164.1705107
b5cfd5eba0b6297cefd6d3d5,507041600.3078471
0dd30227247f145bae82f96c,663381516.2638516
9f347bf53e4ca4d264a45241,511182549.15889513
81406ce289219cdab015549d,689146758.5747603
a085fab6d9b9d8c24472cfb0,643969158.6719552
1fce0e993a57a3e3873b8d7c,571038774.1104026
af67d51867f382dcd9cf34b0,575314587.5649462
432f082ac51bb0d39ce45b0c,578803293.9854013
b6281efabdbff697d70925e6,651871076.1456739
9215d29512b14aab6178da01,564987964.8652868
6218a5d7267f02c576e5bf16,673862960.3128353
d66cca2c8e08c89af26e7622,558391961.4332613
ad3b4ae81c322a9f91381bea,480707224.5754457
3a40bebb521445fcd32cf033,921847239.8168446
c1ca38f941200a9d666aaedc,1004382923.3889127
a1da74ec074df16a1e8690b9,770425462.2476552
502154647e351af240615b98,865689903.8126885
b57cd3eb0290984f061e1053,648465325.8983202
4db632fdebc000c9e64a589b,558231815.954525
e380184391898aaa2d3dc540,494208053.51774573
dca45f1c1a79ea5ebe639920,610511722.6866167
961de1cc8601447b03682e1d,666837490.9420537
60a4f09c268e61fbbe423ff1,432415903.24235666
c3191b6b40191009ae9f4b7f,566702279.8867317
478ac408d2a5c603aa23cbd5,512255835.7381837
ecdb747ee4a3ebf958252309,602286791.8939213
6c36e346957e336a33a7708d,623070122.854608
09b18e3f3cabb7d5469a8d51,577382896.9463092
f1a5856ba56e7b12cbb9459b,414482636.2852897
c378ef33f40f8be9263e517b,544341312.0883489
b45911f1875da543199e97b6,566687935.1160574
678c70903bcb6c90e3578d6f,816344359.5867296
be22ce55ba31cbf7cd285e5b,543664450.638634
2dc58e6aab9399e9677265a6,603437243.6812186
dae55582e86b1f514a4ec3bc,665575154.1079384
c119f62348e418d9ada13362,616271792.7149092
33510511ff07dc7354cca7e8,609792217.0685084
16b79a8af9d6376c73c2478e,690268162.0737256
714f90489426e80933ef31b3,680255435.2823042
6c8e1cda487c9841c8d297d4,811031290.5800164
6d9c4bf994147d8892d27f27,677246795.2356849
1b300634b71b898299c54671,661281194.3336364
181caecd269e115cb5cfd75e,415028077.91818523
059516a91f938d2e8fbcca0b,721927482.3109524
c42ce8f9f62f7a315e028e3b,529165864.5264107
bc23e25cc246ced4731ce5f5,579925492.0482216
de44f54fd6b1b62f30956f5c,480925718.04425484
2ef897a38b95d7b769856e78,546998300.1535418
2280b5f7c47c3b36924b84a9,471706495.2780891
16ef7eaf29eab571e229e537,645829103.8924206
48b1f800656bcae6a9e70802,521944275.06553483
b4aa025f8813a3f0b132b7e0,429710814.32902884
3c6092e8458ee81aed0db0a3,548667295.6009299
d919dc64995903c9120eb61a,709157421.1082025
ef53741b01120666a08db213,785617847.0261126
c3dc5ad23dc8cfce0671adde,770463715.1261146
a270fe47ba30ef0056ec6c4c,357702847.54812795
f550bc7ab5992a6fb48eb60a,556670611.2172909
28f980b3c741866e0db5b761,628275466.634182
c2ebd39857dbbacb99e6cc96,596289990.0480787
bb9fa21902daecf876c0467f,517945419.19219494
fea142787b18327108ee8929,434876047.01597625
a1647603f732f97a99f5ec6e,690766616.8188797
775f25d8144580541bf2746b,412303005.3732657
527a8fb085995119f846a5d1,678950549.3909234
8b69bb9fd7f0f19a248f5cf3,503602069.10928595
3b14b48188fdbb0917414039,450356560.4827844
02259637b8ef1311c69d3d90,562048822.8488517
50eeed30ba674cb079689afb,404197824.2138245
5fc3634e1fcc96b9215a6cd9,818756018.4936105
23cc24e23a1d74159ff78464,785136717.5296004
44551251fe345b31ed71aa5b,635095588.1261462
82ad984f02ccda30bd60da8c,628397114.2620862
5734cd4805f5c055d36ec645,654306950.1667144
fc7ecefb27bbb5c3e25e899f,418844706.8693216
5ecbd5b92092264f4e9101bd,561698493.3654925
83a8d9df3a535fd273b27c15,530008193.4707285
d76fadda8063e44483aa024e,580762504.7787182
a15bf12a6b8749ac8f9de19c,399888955.9624605
a3f32d81f4cd99dc85a16bcb,459118541.1422433
4029115038a899d98dc93d3a,566599552.073767
2326bb628b4a571921eb7345,523159623.4361388
471d6fb8037049e1e4d120a7,658966324.0735232
b73945103f07da807f7a30dc,606944634.3688978
d6f4479f9226e52c93d70eca,623233598.5050814
420b03095062d9571144a276,669665225.5515964
ac0185c8f724ddd40bc0d235,550365274.8711311
228280554ba149e60f81d639,531013530.1484986
8a44e15417d8e520a99454b2,380163829.64071155
8978ec4c5b2f02fbc1f57820,736105833.9741046
2ab88dcecdb565b6412f5bfa,414641673.29100794
1dd6f560c804c4548561cae6,722307448.6507895
90e94b7e392f84e01a5f1551,716817023.9300014
84aa7d1c2590f37f0fd6dca1,375426911.5645566
0821fde7debf7cc445434024,374974354.46476877
b9973b07c84b99dd1018050d,416152404.1264088
169013bdcc2ef214e0163ccb,789855302.401773
3c8eaefb3f5dd8d4c9f5386c,517686618.81729627
42d91ed3f3615247f57ebecc,593471580.9718819
a7f1397df30d6521c216e331,785284234.2107598
f6c6ee12e338b1f9730b6e2c,413534814.6495873
8f4687b666256e136148c3d0,786058220.9210361
925f83e20a153a1e094bc606,514708728.9459316
cd270a11dd8257648d1f0444,653695151.0922334
ab11db71265771ed4d9de64b,383466023.6352872
ec199e33b7557dd669fe1aa4,370283927.3029717
b47fe4670c6b065a9e1db429,508263580.4344665
918947d51e52e0caf692f22f,419181177.419019
070543b03770991d65cc337f,853896893.8017685
f45dfcffe189327cb0d303f2,387248206.6500733
d2e7484c81358d4c79f040b7,576226315.5167279
73ff3a6b0cf4f7ffb244507b,567993931.2606062
b0cdf05097df437354564bc8,417967777.40521294
33ea5de5e8f5c639a213414d,673120976.6259898
c94056bc09a4bea0e853cc41,453721484.86026996
6d5a91ae44cad7849dc4e969,721537134.1271487
b52e0738dec9d2f119c75a9c,557646654.7150689
0e35349077490a01f25e2ddb,683290143.9047782
9a5fdeb5f389590eb46e7aac,595045450.0358603
337c81be4cb14d494ca69db4,495587023.39383245
ff28f1a1ea72e21acb157f08,776388712.5772824
e83ef75473fefbf8d7e52302,377574992.10643744
6d3e508ff42615eb78862723,641063714.1704235
3b7ddf527979726fb8aa1683,416098076.04150295
7b08cade91e2be20656ee856,367522735.04277664
59cb7abb39785d5263a156c3,752691424.7822791
bc48ec7245297b4cb85dca1c,842963625.812701
0f366a36001c0766521b9dce,556619455.0168252
6ea022e53741adac484c1798,596232627.735944
aebd6304298f84e7d440c379,708496903.3880244
c5b333e454ed6e93ad32d96d,591620326.5013624
bcd31d201096351079cf7ce4,568913586.9316032
46cf5b18fd7bac0d3332d70a,529386820.4234928
1dcff645d389e7b687a498f2,536548397.6504704
cadbfbea1d03e6538af648e5,379887518.0843809
9dc0c6ef8389978be58daa59,810276549.6958786
fdc00f6ebd155e84a387878c,416152404.1264088
99c1b39476ee8e2ebfff6ffc,551727906.2323285
8930f231a5b9d8db14e9c656,463688815.7491827
2dee15f1b082bb986f8d9513,855408866.4591503
346c734ce163296a07526a35,991498743.7141365
6079fb3769f843e99b47988a,538316927.1823373
f5802200af1d28eb48466c1d,410377535.0936469
1f8068ab65469ba56a1f0c4a,410377535.0936469
1ee45a731b6f0242b6d2936d,538316927.1823373
56b7a6da82134b135fb7de2d,674601021.8911486
340c4d762f830197fdaf0977,693778349.7574195
1bdc0d441e63089737ac4c27,485451126.98234516
b3d82ceeac64b64142286375,671191617.386831
947421747f33db213e6b1326,553708521.3811251
bfdbb7aef98d4855d459ac94,475346356.48711383
80e88d50c151d5534a57f61c,625973281.897526
d0f6e19e92c03b40a5aae3fa,795826670.243311
6e2a3e49dd6434ed01eb5e71,918793401.6694243
89e2d612654b3c792311faf7,579258173.7286977
29425249fed4a74ada083dc5,402236146.9836787
fe0182e1795e2b87eef4bf41,533231970.68954366
dc9cd30b760a1280e0318512,587165875.6417699
d22313a06e43b8ab8f6672fa,402424811.79656476
f91cc2e5edcbb704c293084a,991759076.5060916
dae776f643e809387148900f,866958090.115278
e55634fce84f78466095e730,600064823.793051
a507a938532411f06c57ed8f,684071485.2869682
30f3b383f2d5e4709c9304b1,571321848.9838696
aaa43db51d1ddea564d1bd2e,569590513.2564485
b3e76a0a1fcacd0218c17908,487593848.5249699
e548ef7a5650696c0e968cf3,654422312.3709925
939afc1f6250d528b0be8e3a,672842317.3374783
405baee61afa4b08dc25e586,773492215.6186618
0c4781c598c06d538c5fcdf7,538130100.8411075
fc321e2d9b4e954e80805be2,508711637.8403682
dce18d258c352b7edc60c304,540511962.1933209
7b0a2bd964c04d01387d78de,596743037.500072
43fd6b5cb01d05c9b1db0e65,574790693.5613188
cf0152b0a5e886e8291ef4a8,522780476.8213732
d05030b0eb8931161855450b,514825593.7642651
281ea3a3fab48c028721ee1d,494704340.4739583
4fcba82455866a6931590dec,803980360.2377169
ecc5e3781d5e004ceef8cf76,449192480.096438
409cb370961c60bacbdf7416,372216975.6953505
54445913b2dc2d6ba35abc66,450085934.169555
51a8c190ffb673d4fc27f4e1,642097597.6402992
80e7c6b194b3229e3e2b9aae,668934371.3113934
bbfc9b05caa647bd95b3c88f,587910681.2089987
128cb9247755abf5f2801431,394758021.0563171
ac180e846fda5cd7f1123f6d,622706488.4208338
1e7173670334937dc61243a1,769474998.7843364
c2555955d5175b31e5f783ac,660272342.8146656
d87bbd60fdb8b84a9fe23ba7,525472858.0881659
825012911321d636425cd0bb,672834631.2320688
54561e6ed5570577ea97eeeb,626652006.6183782
3a2a2df4f07902b04b809125,701120845.0341299
ea7e3ba584cc5ee45ff8ba7b,654914745.5155283
25093735f186b70beb018317,873560000.2196373
7fe1adc0a5873cbba4b021d1,1136459979.2079117
461749398bbd48d69b444d7b,531768709.9246179
eb8f668912b70fd554c8c723,534537992.6799015
e2f00293305c464b361b6178,504774036.91091615
02a0a38b45e1b196165b0098,534626533.5785261
0e6dc789744b678028e74d56,431343516.54806685
58954e79191c62ceb1ead100,685534721.6657
23aa0804aabdc61650b8562a,594633737.4094372
ef64565957b5278185b2429e,399211599.92887056
253725ec3d7939088faf71b7,556548478.1759037
a9683df184aa8b4ad5d0cc5a,663010953.298949
3c38153bc36b364b92548965,677122871.1901242
286cdf6dfcd95ee9edf73a93,383630650.03273946
df93a6e36d9f19e252fa9de3,605606844.9944319
586fde402c82c1eb5a74d634,438672343.5141301
5fd3b0299c0d52e48195fbdc,427196541.56563354
06d33fff99a62c330ef2d585,494651302.12203866
df98fd10dd8ae59956994521,430720824.63226306
361715cb422c5fcd9125d5e6,391150300.63900924
af68665ae8711d009e8810ff,603901299.8261056
63f3295df28c02953241e2a0,648737777.8804945
62d338c26b44153bb075b234,947647070.4737037
41a269c661f20e443a7a25f6,759445956.1045781
c5a8695b7aeba06e46266959,744373662.5447407
17e5796a30da5eaf310d02b4,479332768.7482532
69acab4a6f82ae943850b9ae,504709821.8892114
5fc3ffb33090bf75a81aad8b,535121099.7966632
02d89daa77bb313328fe0c4e,544912001.35073
6ad1fb94accb91bbc30449c4,437138626.9775399
a1cd215fa99b8776818d0b0b,468991824.8696738
0553a3aa7d961ada6dfcd52d,492498622.0269399
c6ecbe7b57db2db74b0d788f,672074968.9796708
a4b23fbdbc7bbd45c5ebf80e,789125553.6174704
3bb15c6313ee70bf4d88f4e0,699989413.9316427
e05c52c9c8fcb792ace06b61,530413752.2736563
5fc77edb0e5bec0ed8e72a60,545910894.6628369
85e15a0a63ffe482c68ec474,717665321.1035109
859025f2f41efa521a74a00c,434948787.42542595
1672a21e6b2d8d0525df1759,595427866.0040501
7d4097722aad95158c51d24a,442124414.3543757
174fa597347f2b1d3e9016e3,688301580.5089672
3f081fb77ad08f8370569bf9,636646624.3042668
74cea4c9dc0e00dbbcff8b1d,890063780.2422377
4f5de1bc90694fedd216ef40,642793076.0853158
8fa4be9ac1ef719dda1f96bf,450013495.474118
3db3b80a902c10004cd3a3d5,613955021.961097
bf02fad806fde4e3575e75c7,804465529.6511794
edd2afd07fa1305fc3126078,442011658.9551416
bd5d2030639ef16370cca032,722016465.2617842
87e74ed42a2c8c97f7bdd239,882071388.7095118
d1c6037d0750bcfe47d425a5,429045820.24395174
763c9a528d0f99f34e5b0031,451246115.94039214
8b674605311d296990ec72e7,454501708.76549286
d7cc3d199e538258fcc83f75,470181520.49734056
ec6ffe86e9ece6fc03556ea5,416918126.0315936
9762ecd72557ad6728274e1d,638568427.9879792
49a2d111903c77053d44573f,593802292.1526976
d06ab7503c6deaf9cd405f66,691175043.6141499
23e7dd821ec2601ee2c6e353,623919646.2993736
81519727c7ad9f60d2c5f224,585016440.1141462
a4a5b6a844c14b4eca92dc49,623919646.2993736
7e647c5e0a7d95ce87cfc8fd,989295862.6176996
7a1bca1ed03e7cd0e277fb95,427196541.56563354
03eb8da7205428e61bfb2845,518818716.2513617
82780776619be0eade3d72ef,427196541.56563354
4c03afca943c3f2484b8db6f,427196541.56563354
85d731901b48348f57932240,526204847.7849684
739de8928aab4ec77a1ecb0b,558713829.6383946
7f45d3809b08bb32a45139f8,560705230.0577451
cd14f8aa1613d754221c4735,494651302.12203866
537a9a2dd0ace0d0131722a1,646411621.0988556
2d4a781f969a4fa2a4f04a7a,574231265.5297425
e3676f99542f27c9037fca29,581905096.6792477
bb33aa4f1a7732fc8ef19039,442169424.6592497
9f11661702873852a3d65ed6,426453615.9033288
d7f22a4e6daa572583e02640,405310550.4450259
f6ce37c42fad91fce47758aa,441853234.0643621
f57cab248d2d832725d78135,552109577.9132113
9d73758bf7569cab4837e49c,725261107.5591683
322bad590ae06fb48f80c533,425666220.99579024
5a7b67d4c79ecd83b7ab66e9,645687133.6742297
8dfd846e6df9a040ae1188b7,440439209.87801594
44a587fc89d6b6489157ff49,965232404.0827882
f9ce5b7edb104d4e8407a344,760916101.4864084
73786d11f1fa714aaa9f1f90,640550890.03249
cc72295ef156cb2d60d6b10f,584765076.2432741
c9851396352bfeb05fbd7580,734090178.2499074
b3561144c745ae3d329dfe1e,711059597.5581236
7ccaf332cf87e07b38b340d9,863682564.153989
d63fe229354bef8b02b4a934,768639377.869368
2e0a8235637e98dfea862909,677730945.0375974
0a1b14f320e330b405b27a6b,810262284.1902267
db41266d7b500a6daead96cc,552119089.758323
364b8b8759e3c408c4005021,499566286.2744105
73bcd7efb7a25587bb1c31ff,795927835.7981893
17060f24d81fe2661c7628c9,537417324.1265591
98318f22c00ab335d8aa23c0,547252906.6753018
c926feb307c493aea729001d,464419622.32967585
58d92e8a26589e37b7123716,478800986.18147767
54d11dce9374378326f7ac62,381238182.12127686
8e79eebcff019c3362a76a26,655732838.8150204
02cb957c3db9ded3691a9004,474252787.65624136
561689dc0f267cc5011ede3a,710566417.3157816
1533da89d388196f19e2c5a3,575892034.2738664
069ddc5d1f3c855e6498ac50,393796196.2677646
d3aee2a35856634eb710efa9,671967645.4613193
4bad966abb5e8c4121ec69fc,808442745.0519778
f059e39d22124eb9e7e8e20c,612744108.2451295
3360f48c1ec30dd1c3175101,409297719.9324004
2218c6bddc994984cdc6e567,373692811.9544547
c2a9b4b389ae6f20140e21eb,587631792.1163727
d135cfa351ed6abe4ec2033b,784061241.0170937
668e5bdda1f4011578534f54,783305972.6074123
d2aa3386ae240d7387424e07,452804303.8628142
e4f2ec7e2f4389c1efa52c0f,439550558.60365903
d4f90a6b73b1e179d3f8eb70,442735780.77778405
5738bc8873b341bf92ece0db,461312869.90819037
2906d21b1d96a1ec43bab50b,584558441.7735045
4e1bfbbd8689a95fc97fabdd,422510854.33614856
78410b0193dc989de2d24da3,599794097.6352354
fd7f194d9929a6f28ea57cf4,394010391.8267234
5e7ac1ffc0886c27471d1a54,645304501.6000441
879d9e3b4ef9063de41ddaed,608199346.165169
4bf620c6c6d4c916bea70e81,686311573.4121784
573bf87f57db6e037aeb94b1,641614978.7072887
3ff7b739ce65f0b3066806ba,949057439.2723416
a456f85bbae3f189ff424e8f,557199911.7346072
6683685692e955a8ff172c89,663934521.677284
82e1ae440b386c7da3a580be,664222664.9386064
efd178c4aaf3fc9d05b8dbdb,383415078.7862033
55ea155410b001104518e992,383415078.7862033
32a10e550bf7095627d17da3,394779633.15129125
823124264778e5ed64d8664d,505586364.5679452
fb01d990afd25ef96ed048da,582598331.9281293
df22426db407f4c660681c7f,581104981.7898042
44fab96fa2ea501e0b94548d,762647431.476793
871204bd1b3505acfa632954,495900851.39413995
3d63320260d150d134fe8648,712654778.4342765
b8b9b90d5721a9ed5e72b328,379460756.211871
926d12cfe05643554837664c,366916350.5265936
cfba6db03f0e38d1aa0802a7,545057426.3844528
97b12012ece8a740944aa547,654743150.8808628
8de317591cefdbc375a41483,603788497.4120138
46d34fc9a8edcc199a537b30,617548322.4882175
262e3b4091dfa6b71af020ea,549534922.3205274
396761edaa353e0828949bbb,400236762.1760202
8c18d3417886c150136a03ba,401644255.2537521
f053d3918234bad409410755,620002085.3327074
8f5444b81998e52ad76b3ddc,437505256.221981
0daf89cf494e0f40a94d3e5c,650805367.7458483
dd8c289ec872be3fe3352313,695568794.631356
f02f6c5b97b8e3cc5d5a74dd,608543615.4109694
5f39cf56c4e1bd43f61ecde4,528412720.2352787
5e187b07578d582ff3d8e189,459228778.13526654
bd018b302f732baecd085ff0,575598938.5160372
674cccf4c7772d6091166aae,892915481.4624912
38e84c560b0455548ce186e4,487245736.83136904
d14173913bf5ed21e3ab50fb,562652780.0837446
cb8844cf2070d8697bcccf27,450226756.2115942
6b44648a905e7f4c0de6c855,423557730.6163002
148aedc984c7f6831c7f9601,452159434.17196774
ff9d1cf7bd90c5e47a0bba3f,559320128.734283
9353136b0c791bec58f93ad2,434890718.1182742
de2137c70bacfd5087bc5c68,684528141.5458134
12bf6b9badebc2902cc11c62,560049342.4743594
c0706c78d5d98202dc24e46b,852286949.1075666
4394a27b21889bf78927ddf8,507017556.7278533
0ebbe9d3831727f90d677ed0,955439290.8975136
caec584b5b6998684bbc6a70,760198144.8069654
0c302f1c924f8efe0b6bb58e,819836536.7231017
e056ada7a37336bbe878f38b,619837007.2781453
905cea21c0ce1cae97fe86ab,959551157.3967808
e286b12e5aa7929334322842,646209015.4755106
6cd4e68300a8bafb9d22700d,589723463.3719087
39124b1ec419566a371af8d4,693493011.5404418
6110b5bf07cf38c437c7ca8a,881727934.9003336
6f8a22e4dd21f44bc6d383af,714427851.8342777
71eebcb108c4828b8bd5b84a,485807586.0072147
5d61946d53efdd9bd0af140b,662061067.4669201
c0620585c12f3d9f1298696f,447619766.0225642
d27283e3c941f8fc256c3f4f,539500785.5946759
2acc857ede19953734600dcd,445434583.6090117
32474481a0f8af34a4edfec9,368091578.23340946
6720db016112cd2a4a5e0358,433285174.9581887
959d0cba47f650933b9a5168,623409815.7554641
32d2c5f1707b00c93407a19a,473572443.6691561
0ffdec8eb5272d9fe4775251,439021888.7021354
c77d7a08d5b9abd4d3082fb5,473572443.6691561
a3021c7c465dfdd38cda9f9c,535126495.2630898
aa24974831a0c608635bbcea,482030226.51380527
eeca3f5c399785a1cf15b1c6,541058194.4623458
0b51fb3a65a86d7799f27264,389021456.31866163
1af16b7f14dc04f05edf71ea,375295500.4990995
e0d7e4dffa0f3dbc40c7da53,1046910483.966253
cfeb42023e2737491b3e4283,778939359.2610697
dd4e23681e00fa1cb9a679a1,439021888.7021354
153c89081fd85dcc66a02421,660796099.1739856
f25b2ce0d988bf5490fd780a,367556163.7388147
8700c9b62ff5a5c3394b0bd8,654856304.6138726
a53b105919c7b46c0cc1b003,549377598.927855
1c835128915211131bc561ab,469074195.6230612
a0c6e0c6fe41e32b3bcb2b26,657807974.1346297
4eff2f2297ce85a0a3964d2c,566461429.2100008
57062f248424c47282d3da30,677493165.3993648
99e860bbf3033ee4654d393b,566461429.2100008
db8912c5c5e5e49431b2c85c,470950273.7440449
3151daf55106dd159f27a8b6,628737594.6520845
3e8a4318d93b1fed4c48f48d,670363243.2339599
4c8ca73cb51a58933de61f0b,824586712.9097103
925754da6fea9c9cdc06e18e,533278333.43250906
05119815bd72ced29391ba87,826792811.5618051
aae7cca10bd7f041c8e02d23,788550213.3550203
4890edc33a555cbbac71795c,627184851.9959153
902fbbf9f5037be8759775a7,611625271.3556769
d013a0e910b1fe2e3913af7a,511731597.1266674
9c38b9798313a3091d13b340,702062926.1116731
f04d3ee8b175c8f2f30f4f39,572760474.5981172
f0f883c45e8470e74280e8ca,627715360.3678836
af820361d5f20198bacf839c,734515501.5070252
01636da0aa2bc223af023a13,782173335.3769801
cdef6e87c007bcd9b4efa9fa,906922884.1373373
1d45332e2f04df18cdac590c,508816880.96197265
db3dae76fed5fdbed29862fe,544511347.3267606
f36a379e0149d4800e793001,658108858.8211727
30d2ac3ecb8150e4d4339d1a,683460342.0321951
7f78955c480d050f2c8ae3c9,562274707.321026
cb1dcee1f4ede0877be1ad15,553215581.1182567
a32d2c51f2bd5f23bb519d12,763264714.2083231
bcac2a4cacf13a91805557c1,469940972.4946531
a21afcc258e50a538dfd43ed,378442234.23364717
7202b83b651382e2630359c3,446250935.69224316
77d6855eb6a30d268e49eb1a,513893331.35806054
204ddf6ba4822d55ba80f713,400640420.9800096
e0587d29cb717f725e991ef3,550965621.1204909
c606665f3a3f70ef61fa5cf0,753978717.6512141
44412a9e16b2824c4a520a72,625343195.4860648
313abf19d78b719cce4b3188,658927180.612614
99ad7b36c3c916393e951507,597130436.7438767
c34c2aabac06323fa180b24b,597897736.4426136
37f39916813a58b844e17833,608012433.9616759
6ab7f97fb9880e48fab16a1a,508692381.9165816
0e6c74a0056ee94b10bfa86a,690455751.0521208
7fdbc3fed9c9607e6d01e958,680288845.3542604
01018b9796a105be650ec802,711841005.7339339
16ede6f8833a93677d05a131,640650806.1567752
0a53b0b7c365879a6d2cce39,639676170.5420326
a293de027279019418c070b5,429705563.4518461
973ab56a202e039f5ef37353,644646080.0903113
3e18c851788fa8724ca8b7cb,560327432.022872
0a4b0a004c894654663bdcdb,780728421.5011096
55d4b530b881abfce2d03e56,753829855.6251405
405bc08707001684d19f6edd,848731787.1909822
dffa1057472b06bfc0fa7a66,738058972.3015893
d061615fcc6355d79665f9a6,529882133.1431859
6cd96d73fc58b1502bc6ead8,566863614.1212707
db78a3ce9c6f6a7f4ecc6853,757479139.9676356
1498ce1c1bbe2e89b84a4a45,715652387.249924
3035d7ea4b71d204b588dccf,627859948.9942769
2b8e9560dd58d880dbe77c61,600624547.4685946
e8948741a987cbb3759b7a44,605583721.2214729
20718780218eac9668776956,648248176.248841
c0a9e3f5c57cfbb4aa9b2357,634603030.0648859
5e9e9339fe1c3a06470cf7c6,862804199.1619
f852e0f3fb8563ea6918164f,839609471.6331438
e38b4072ff8b856487864f31,787844427.5284243
8cfa1121fc87d9483ec63611,778560439.5538589
1a805101f78cbb783e6f919d,500112060.6350286
98502628de3c4fd3905000a7,698754471.720318
ff7ebaf86962fd0ab6ff41f3,589878525.445437
69442123283ab024a911506e,650968764.0345258
ce6e91b53465250effacca98,612750098.8360633
5d42f42059617a5ca7ff3a32,816694665.334214
01edceb6c5afc2af1e129e86,447287670.8657137
fdad0c86eb89fe93633c8571,465326510.6223662
831725656d9df81b63c0ae38,551397275.8551725
d1f8eacef9bb4d300d086837,689448766.1830485
3b6d88f864f6c1759f957c73,613938685.1890217
5a38f908d8d75c5810280e12,561147064.9749601
c7c835349181bd3f0d964eca,588656287.3825905
edd4d560363f7575aee42d39,673011490.0264835
8f3924eb214f5194d21499b2,657028398.2232013
466c542d7825d36d18a86486,564387076.6556561
0b71d334a6db66cf6f1a8eb1,711250033.4272718
7a91cfb02df63e4396b15aeb,570855934.0455085
6140125d2a94efe499a6941d,449611802.50593024
080df3efe1fe81f97e74c4c9,437859880.2585755
e148c2b109eecef0175b3c5d,672107569.1469952
40aaf6665b489033ba0e55b5,640391176.0208786
05498e49d0b875ae6aaddd83,555516523.2559787
397d0f6319465fd7fea6f710,556971124.8611315
7e6d8c4742b38854d819696b,636059421.0366311
9a8d13d56d677379ebf9a347,650455873.3200461
06bbc353bf62fda3b3786fd0,582186740.4956167
09fd7896d5445f422892b196,702189119.2079693
57c63e412f3fceedd3a7e698,583559642.8690486
32cb6246cd94f962f780a1fa,376023321.3294446
b0f9bfd521802b0d2586300b,781629235.1052288
2a99204f0a53c4a4d0a2393f,1086616244.2812562
7651626df0e2e3119b801466,784070217.4598554
59e48259a076518d929f5db8,427557865.955429
e7b721ed96269bb195906bae,379593440.8190878
61c3c304eb8a06b5a483efd9,577322013.3930806
3c26b2954be250bfe239db68,488980769.7839471
0df87025a6351b435958ce95,687716274.0059884
df82719238ea0e102c282c09,549644790.0010805
57c74f7b9bc5e33cc823439f,478212920.9747419
4195a9d13c0a526d7cc959f8,515016358.241704
0d00fdc440d7612434a6b91f,637987889.2949915
0c91369119a06c40623afbb4,378465000.446555
5a6b30b4d33e068d421bc2a1,638400093.4427946
f4beded3c5ed9fd6cd5177c0,475192478.8684354
95e561c7292d64305a2cf4f9,644962420.9106077
67138978493b84ff42daad45,449842418.43938917
7da10de45c866c7d066d2586,414931567.2859092
3c3cc027fb179e91a46f11f4,391092801.36475396
df3ada98307fc85428022d00,444656506.139219
e029c89d59f2caf4af4bd908,630827337.18814075
105d05ab3d5334b976e448e5,616085232.6100993
253fe7aef58ea97fefef922a,565482832.9872589
43e11f10650837933261fa7e,480449407.07482016
b111b17ae1fc17e3491b7a5b,430424958.1483557
63e1ff737ea11ec607ecee08,598233402.0135202
ae703276c49b6a6a9c39770f,839030978.3284444
799bc0f95ef9a23fc16bb1d4,498264650.8025711
bb9fe73a8742dec9b2e79135,618298544.9277331
a9b3d963a14c2c7435f30fbf,733184676.5871097
7a48bc2c3f4aad08dc7fd5a8,436012739.27995926
7621f476bc8040270958de6e,542055966.1625363
c49644baf8dc51d3f76d7e7c,835851432.344171
8c107da7487ed0cd409f4daa,429551482.32662
1bc8874a13914055c2759a35,499858999.3981755
fcfd6f08490be39064aae41c,433629656.6231653
23178c72b063ecbaaa04b37a,423419176.3840843
10bf1c2d1124f6d8f8b9497b,630796414.6140887
c29b30cc5db2ffc273e4cb14,661791726.7141582
f7d11c2601959921f536f804,778327079.5086141
acbb07a2c7a0e39c0102b3a1,636946263.6016585
844e127aa7802cdf75db074c,617300523.1762112
e2d88f49873bbcc5476f4ff5,480438426.2676847
42aa1e6f6b8220a63fe165b2,611850767.1977099
ab1c43d6fc4f08e315e322d7,1212384580.349536
9299c976b1afe4d2c0bf351e,791372908.7150456
cd62ad28163c8df131a8f2fb,717723192.7437495
e5e06913ec3c851340d7c91a,474582621.8427245
d9b46a34e48e04b5a3e026cc,414833318.25978047
782a6028457ec55d4fd5189e,557732878.1622115
11a905e4e01e7d15d35cbb82,558921538.6900053
3b3e423e248b23090a2897ee,589619305.0847924
5915093d458d4b6589e86f59,489549358.8224623
3d162a854aa05447e2cae0c0,481869863.64669734
662a3e343a7e207ecc09d6b7,720424652.1351634
289db1292d4ee40a1ed6e518,626457104.549245
d43d2bda7b6e4d5177c0d032,495277634.7233974
b57ebf09cc691bcf009ef115,603469113.2408178
21f5bac85d5eec57acf501ef,628773064.5874542
2fa288389b3031d595973793,806737967.1668373
c900d19cade1443983274ac4,754721995.0004736
67bd5b20df7f2a9cf4e04358,637445580.3830159
e111bda6d24089dac82907ad,370603964.0619677
7910ac9782a1a315f68799c4,552295741.8200848
ee786b818284cb382c755e9d,477231850.8048993
f9b0a27bd3619ae88ffe5455,457694545.03528327
ad1c32cf75ffbcfc842e3959,363705725.2233256
5648633b1f92de1ddaa7e7ab,461960936.85653174
1ba481abe0d3890c42884d97,637445580.3830159
ce60e2ce2a420052e67564d2,428931306.8478723
87e1b1170c163689d60bcd09,534693755.7976829
bb4c7900162be66534d17541,589520998.0926862
68340674853f0ea101e32b46,504420269.1125134
d10f89691119d4a4a2c1e650,858036093.4044175
d414907e75a1c105ad2b74d1,422591693.8437192
c9b6d3bce20b7f528fff8123,461261272.2350247
be1695a7b8d3dc68c9887abc,549984330.2816136
debd60afab03fd1552719270,684091024.1557112
de060e07dfb0a5494c5550a3,389373449.2740927
3d6815fb68ce959cb95e225e,528112692.5192206
d93f6d8fe212ee3c0f7cca95,665948681.881584
1ac702e7c265717b34419fe7,541426761.5771652
a157596804522e03efabce48,560425154.2384837
069c529aaef7d7e0774c4a66,559159341.996917
0669fb98aed75d79f8decb7f,679234317.4065118
7057326ac489bcc17d580883,522111100.5328798
e3d6fe5d97bf4fe851aee9d3,462015554.95660084
f80b20e0649dcf1c16003255,404322817.145843
364256d0881131148655e006,707150614.1494213
0f9c26956bfe983c8c7fc227,573517549.1276417
9756b47e9dd47f99dbb23115,702838180.4554793
27d413eab7b562b984c5a682,711177825.3871863
ad17072ff24e0fc0e61963b4,581622619.9503644
473a59415b6214218a15e363,898421682.5041162
ef72df5586ad0cbe59e36e07,890936394.9691876
9129b78a741bf5e24df5379d,509015224.7278588
964734d3430de94d22c927cc,378150510.54526776
530b25326f39c347a35a8caa,409145846.34981096
482f57e65a3f4c6792775a05,450184516.31127125
738e86beb569a7bf51fbe199,546002674.9616659
c5788cd5507c577b7b585ffa,385689498.9058614
be164f9025f346390b986668,394757941.25258636
ea2efa1a857332559120b823,557804939.5583545
f3dd24a17ea51b7a2b0f037e,668157798.7679987
7aa8d04246d3e84e5ac470bc,663168167.300398
6361330195fa7cdc6d5c603b,624148628.4415653
6820ee22d6fafc9c030cb286,939141240.4255248
472601b5b5719855ae3528af,806208422.259857
3ce2c7f1ee7569e1b916cddc,478308798.341773
afb03f7cea99023ecea7610a,457906399.1762205
404364fe956884368e2f8300,809913064.1023481
c658639b590415bc6ea44119,680990274.3025367
42f1a529f5ff3a6371dccea5,566896256.0903497
e2e4641b20d81a90033a536a,491413266.18389493
253b34c2c5ce15cbd8b5826d,706969859.3679596
86ff8f274b698e7757ced1af,657900364.9538287
c4aef1d92cf264c548ef1f2f,401156520.2645977
e8603da6012c2116a70176b7,597060624.7436717
52b52aced4853a3e3d7fa058,505558407.1770211
7d9a9c3b4442efdb53c24448,525048148.258363
a7bacd6f783756c9e7cdc068,411039682.1405611
68a00651ead62911f850cacd,415888852.0705417
1e7e26077db3bca2821a9b45,391625001.0248258
8aa21f48a83be25f924f85c7,748550717.6468022
48107a1dd2a3b027637f250a,677122871.1901242
6bbb24fd1b9df3df4e939fc3,527484676.9021518
aa45f8fda8801c3b4923f4b6,594633737.4094372
ce164af02f76ab3a68b0f980,422255659.59746546
c32249c7c0819b1a29fd611b,471037455.8823904
f8d4ec209ad5fa5ba4a68e56,641058738.3815241
cc03087e0f18d59c521b6ce2,663010953.298949
fa631a714774fc22ca15ec10,652040649.4327695
c310efec13e312442f7e1a01,785083614.3732184
534466a857d28dcc598e3a49,788955492.556006
4a81bdc14b5bcc4c84f5ce4b,557900759.8701551
79ac12d8436c07b620190b9c,383048674.0618066
f69962045e9aea6b8200888c,495482990.6794127
9752758072e096fce6f7f4cf,606857980.1100423
56fc1855dc6375dee0506133,613736268.3898942
2fc19f73fb877ed8b88a5250,478146959.5562844
63a25d279fc5a9e8fc1dfae3,392188853.29591936
71978c139faf2a251db6ff5e,384436129.26051867
f4dc67569fd340be3dc592d5,388703603.6819516
0b829c23806ff01a0c84e9a9,657975007.1978964
a23ff4d1b2e24f537a75242e,466018105.7813681
3a103803cf9cf0451582d89f,422444689.03650725
eff8b3fe996b6d7db10b0263,599067779.7990355
9d53330b44c300e396cdb402,410136497.7199208
301b5da33d32c0632b16e8a8,713460091.0152493
357e653c4bea02df1b08c62a,752804694.0716884
9af17837ac2bbe7c8ba16e0f,452930119.7252163
246576e24f66d495fe0d509b,545938889.28181
cb70f4993947b640317a07b9,590133627.6709459
949292b23ece12b655122038,429012022.1844061
4bdff22689954e5b1e575d30,656946749.8758692
7c69d43fe2488db51e6c8da3,688471036.117295
6f543782174a964402b64de4,755153644.619148
a59e7f0e0596ea6633781335,657552866.2876598
767ae7de1818d645a33749e2,791472265.818045
e667133c29f90c8fbf30ede7,449319410.59345317
3fcacd1cf9770a2724a5fb01,502479637.8188565
601193433c99337fe806b158,522550018.35622394
42c282041583e6e2090b50f2,607198817.7252487
3bc80c56871193dd782696d3,514550263.1761302
bee9de3e2817bdd591c02897,714751801.0745764
0f761aab549e7f6bc025ab0f,645138100.6555248
3b9971f91bbe4b8dcc704ba0,913283767.2635258
8f428b58a5189effe993ca4b,386468592.0363195
0af466463f2cf50d61315da4,620190068.4166094
1a486877c62f2aced41a2ca0,626658414.7684982
c9fdc3f80534b32f1a75f530,578659481.8438988
97419310c7e696dc8ca61f7e,790908088.9744444
49d9cb2bcc98d69222b03165,851593295.6872082
99fa9611d644cf325e20e603,571711007.0494374
976d317efade1dd77ef3687c,419729247.09788126
b9bd63208716e4e0f2dedceb,442432551.88111544
834263730047f308d71d4d8c,825880720.0355618
d6bf8bfc752bf4580e99794f,832587725.0371186
58bc2b0acdb0702732894fa9,511470774.28677076
c3b8b774037044a2524913a6,624834444.2156357
eb339d562b72b3bf51073cc1,584167387.5933944
c8244d916b0110b1acbd38ac,746918105.6334891
65bb6acd9be0f8d95fbc722f,728244141.9326649
5644b84ee2edcf7267b2189c,836821522.7472991
22eb737351bd0958d3e60efe,660460650.6397568
0e2a5d040f6361adb9927388,581023694.1819967
be9f5ade682aa1fced79b068,843053497.4370904
8445e5cf42307960535a3b11,719753785.772272
1b002164d34a71bd06e0445b,612455872.4427631
c80f897787541816ad63bc17,1004305777.1173924
673c72783eb4f9a02c511b83,879237993.7149341
3b29177e99201cf4eaae612a,730774779.2418667
91c5967cc1acb3f108d6e0f1,434097218.68042845
334b5b9fc68a18387ae59ebf,418153744.6812275
c9d096d4353b8eb843e793d1,529994344.78034294
92cade7b5347d1c00a48a1fc,594544537.9996492
1d4bbb5b756033b4be28643a,706434685.6067146
e1eb183eb261b6de96e20a56,879840785.0594236
7ea8da3b1481993b14bed9d4,470943087.1621783
78bb43910ad6ed105610d9dd,550120623.6317405
32c1f617f2b1f537ef703712,622147817.8879845
a7e6d3c76bb5507e00ccb501,627367533.3353693
6c75d7867807d942c975079f,579979897.5768571
e9182661e36239f091259232,392458114.0364236
c926ee21c2bd9da7da193514,382113362.2968108
27bcae7ffb9f79b8f59fe1c3,518982512.044661
6cda1a7622d5577c0056ba40,698121546.1141375
67c945ee31cf1fa0a874e4a6,578341197.8610823
5a8638c17d14ec4f6d447b8c,462040594.54159725
82bef17c2a4db1f6dc6eaf01,475126702.6486759
09dcdf0b8b37c1d537b9fcf8,493201777.4875915
2cc9f2411f98d0fd41511211,500314613.21341985
aa1eaa63043c5c29ab6a1323,586500156.5182093
35b03ab66c19ba2049ddb9a4,759162293.8872057
90470cdcdd2b813b39f28ab3,566579267.7263885
ba187eee3858263fa664812a,484837773.8668256
c06a1d212fed896b6ee4e1c5,671004961.4103744
8a8c8f5aa68c4e530d62776d,538038271.9756749
662a221bbbd961c285069c49,608930283.6731725
ee796b35e39c7beb6aee2b49,643532853.0619161
53de17a986d62a44d7897200,478297656.12445796
68925fb9f8f0c84fa0ffa9fb,597584807.3501676
6a6d4f8251ff961609019ddf,523468840.51799184
3477646f548971044f8f0494,463304343.1103917
c82434222f4129168fa82e5b,487147140.2906439
4c00508300f40d74c79f2596,566411742.7508605
27bebaf73dff207d7f6829e2,510227404.93660897
d0ba7b90f6ba3392a165b46a,670175033.5040468
61974f593c799e5d5090c067,385569783.0871842
c08b016afc6a07105d7703a2,668055204.691656
011c2017b63235bf0ed3f241,464526719.8990444
7f73a8e83d41ea252ad61197,502755649.0178289
0c25a552c34e114a1780739a,458418659.73152596
21e96ca8dbe2f12b55723335,776545878.7687054
30f6404e8034dbd513aa8a30,416042069.85933083
f2fce80439462bb9231d7fba,535771436.4280183
40d5384e2e8f8fef2032928a,641910335.3191233
95f17e64d2222c904a7d42cc,520521128.46011746
59374f70d5e7da97e3b8b35f,582337173.6176009
ba30cf03fbfb0e36e5d415bf,964596644.3605226
c2424b4861f2ef50f8876c0c,820619169.654979
e7def7d0999433ad6d3ea412,760243634.0651981
7f1a4e79fa92196101baa7eb,654720112.3609906
37e0fe114a3c7406daa57443,626651432.515856
897c0578bdc8d59843bcbe38,409573803.93916005
7e554b821e6955ab259a25f3,437604154.0694557
23b0d67dc2a0ae6e5ebc9eee,433007284.01518196
d43f045d046fbc8f5ecf465e,456273537.0429877
498d632cf0868a8e641cecb2,386930302.15464526
6b9bba3c6afa1f999a9429bd,364216492.58672786
12db154d9d29cafa574ad387,543738102.07368
61779f1bec05260cf10a0d2b,456273537.0429877
986defbe9082519824ebc882,671935140.0622895
f72992cff50931d2e19b3ccd,560784061.7500197
0e2d6e5882fd3b4eeb9ef286,637143098.091575
9702737c9e4ecb12d0f9ea5c,657694853.0652608
c36cf907ee28017eb1b40674,401126400.28937644
a7ad9c8b5bae531abf68f8d0,560784061.7500197
6f3dd53b0935c9593a301bdc,407057167.91328967
11f8f836e5626605ee4b41c6,601031337.0498984
16fe92ffdb7e1aeefcde80f4,529576532.1419913
c1eace64bd2c9f6bea289c4b,653233973.4087658
fc2ac43013ba8ab17da28041,610695039.9883192
5e6b54654c98c2517c2e31d7,647192622.7456851
f0e8b39d2e4644dade9d8954,570386562.4355593
22796587bee45b8f64ee6e44,591666783.1304297
dc8c76f5b3977f90839918b0,640458160.5081929
27663c0e271e26dfdbf4d289,540583099.125709
2fc96ec5fb2c8dec0a5b09ab,647192622.7456851
49d42ab711abd95fb5947c0d,719898137.4827828
b8984fe54819f5fcc43860fd,535678660.2200608
8d3f4ec0c37443eb3f953584,490912431.70464045
001dbdd202e9908ee42713a8,683355082.5278279
fc5f41aad1b4bdcbd8298037,489299969.66743577
34926bd7f9880e277e75a447,937268509.498994
00eb120ba4410ed8efa24a8e,483540940.844535
eb0c6a8231b38b2a1e1f789a,403792817.7494648
0f059b39ca45bbbcb996fa45,500174272.4693761
06a5364639452a9d663a2dbc,458368522.9403181
cd19dcd4aff76caaa1cffe54,413625758.03064257
7272c3521b7083038ff0a690,472516024.5544194
a480b654e1b8b7134091e613,634334576.4164195
ba24834c9fb0e87c4ea7d1a0,540025785.1104124
ac46e3eb688cb1cb17da2545,523857165.1056377
3053732169b2260529f90133,482023950.2596376
ab0c047373b5d1810fe42bd9,514498620.7827197
698383c101fb784f8e1b1ee6,384918400.5372448
1b09c89b546d0058cb09c1a9,742642842.9664736
64edef308b6a9805f0846cbc,545447944.2082565
995a5799d9a1a7e4dfe4fe34,570165153.2184875
d4f1fcd4c20dec55e977720a,1034004623.1651409
21264b5a73fd27b85a4e2654,770728398.293457
d464858ed94a1a74948f479a,613982975.6037116
dc420bf2dd1759b7f281cfa6,793536272.3191552
0a268e25a5f3a0bfd8898a40,482595779.91072655
a3460f00d48816ef66e3acc3,414225750.1953175
9559637fc2bdf96defd2438d,585219574.388067
421db6a58670e53f563eb9ad,498455191.33933926
7b6322fd5810990820167a23,591303165.3026942
17fbebdfe6bc0618ecdd247c,621814842.4782152
00f2621035b1969d53f03fca,443501526.49010634
e97c998a6a0709605432ccb1,430374128.0321097
39e306be57a992bcc75e089a,469002398.9528807
55d0225b44a81e82eea3efcf,624297023.0315328
c7c5ee499c712082931032a4,715892422.6471536
f15f48d4cf4f85a3cd68dfa3,418968153.4103721
01db5867a69f8ea7849d69e8,703589628.6049597
7c29fc3861c9f074e3a89449,788582541.1980374
5ae2fec22f535ec2490174c5,372701734.8097939
a6731fb85da65ce14468341e,444682180.6736683
4e327acca2e033c3fb305c5d,569472889.9561572
37b8e8a194e4f2fed7ddcd96,365434785.42682225
a8dc954142c54e570bccdca5,573165843.2839836
b427d767b071c3e5ac2a078c,389624188.1894876
a9407f510e67bdb27ad59b46,651857565.1096548
ba7120c89c8de0e57e30646d,489295024.722693
4f5bc448658287ffb3d49b75,633190381.0732335
758d9f47824eb74d1b486024,676644412.8308446
84fb7e582456d7409f27cd2a,563151833.9504241
0a6ade3bea1768aab76680ed,545200141.1785536
f6e74a4b1e026352e5759b2e,812968197.6370732
639b98d0798b5670e7bb2569,939225511.3511342
32ecec7d5c47d02969368779,541735572.7169245
cac82fdc4d960947bbc590c8,501556788.82104033
c2b880a6bc90cdef9dac52ca,469406726.92763597
dd8eff6162c32ecbc6972509,517762754.7034123
6e2f79cf68ac0ba2b1a6b0c4,575768729.2035106
a904fab9fa4f41a11f673fd9,799744435.8305534
bf11c5dfcb321e020601e9ba,681699443.3524116
488cdcddd0938ad0205ab8f0,811710995.7185996
b92929668e884453d3a0d633,418707466.68183047
09eeb116cb0944a28742d282,611860851.4667277
c16e9d9444f85bdfade710a0,586765946.9068615
c15cecbbe717e72f09a84271,574603449.167869
0bbd23df46a4ea4e4734b680,488551729.717842
de28e62bd01870dfceb5d78b,423208770.7628077
92c4faf0ba1fbac44db6d1c8,652054520.1964924
91892eac5e9565b12b2a99f7,504332885.3231821
ba72421716765ef6aad9b4cd,759890808.1721295
a99df3a2cd4f2346c6e903dc,359600015.62015885
59a3b1a44c35ed4936cf7843,559801725.1204034
cd74b689350ef612ddf1b96a,443105212.33748287
5664cfe452394ff9376bcc8b,444537684.4364127
d4c6dda51fa949743a46e835,636047663.8419288
b7f47484bbd8113c62cc8c1f,736744965.0510985
d4dfddb6564c9f46b26e7aab,619772722.8420238
aab240140aa4b6602234d88e,599393133.7690446
29671ce02e285f69afeb3fc2,942925446.9824501
5cd742ea274b4a8832114080,585665398.9696137
c876ed979c9127674000b740,742197253.2894834
45269f56121b796d0392e2da,618947437.8136663
e981d4fb3a33f372ac26901d,650909487.8747364
2f13a428281ffc425f2c2e38,629986989.5274185
407e4196114b64578beac143,585684184.3649901
342027b17940a0cc5cdbf8d9,584027445.0829785
dad2bbb0fe138e426000a33e,517052213.6915228
e77da26aa7ecdab5505fab60,651434591.6582316
8fddeb4ca696706f6cbe573b,562654619.6884255
fe368a7d2e09fe88b1b972e4,575833220.8243101
6fcea2c6b9e39576e10581ea,538510962.4816368
91d35b9421c4982b54dd520a,637801053.1783364
eecc82010ce9803ebea6dc75,486409232.66085374
b957548768ef014088a61b5a,473048711.8559358
5790e4cf8102dba35e184ca1,571645918.7577783
cbab68c32d78424452249d9d,588919764.0491579
4e0b293ec3d5eda7d9fcf8b6,552679085.0041993
1f8742e662666147955c9872,574085395.1985372
aad38b9f22ccf36b0fba4e7c,651337745.9924622
44e9224b9735235fc7271672,383204153.60013723
b61e9e4f3a2e894932b58ed6,668073977.4743134
2b36d2ed79caaccd687f2ab0,364307643.66129625
7bdd64032a4f011bd4fe7df6,446918942.7763306
0890a0d20f33b9af2bfe488b,424716494.4944541
ea7c9e327eab66ca286f6726,457831248.147756
98510008e150296ca9d27d0f,517973665.0149378
41abd8a2cbca609cf868f227,548280720.6036386
83196bef0e5dc6c981bc57a9,579170505.4610827
20289e986c1959f0c83a6a4b,707541140.8927745
fb39ca089d05381b3a7ba847,593502007.6173667
d2da963bf6c2f6fe724be23c,925114450.6208125
670f7dfbe2eba87e55176257,794665140.1207787
469b33a6f153ec334b6123d7,665390209.3364503
c38ce4f3763795c61efee6f3,480516024.50536084
8553a05c2b30be81c64a6295,834123923.8081264
d8b3a1d0cffc913ebd05b931,864710843.3976009
f0fb8232343d235741a20586,875706999.6130757
887d749eeaaae288b2818b86,468379341.75665593
126f4d890004b8035a7de091,946401622.4452225
7d157359b413e107f5f9cfd6,682946017.164125
65010e340fa495d060e32f7d,418461208.3801324
8164023f628f550f322aad61,708886855.6049601
8c2423c14aefa13d255fa77b,565877769.6772361
e9772a54bc6638c723dcebdc,514698297.15822923
171149ef76fe0a2074c5bf69,537117890.6985818
96448fa0eb077563a2d168ca,677123364.1220466
3bf1bea2a835d7fd11e47ce8,457989261.95718896
2f4b0b1b81c792f43f4ccd5c,457989261.95718896
086540702ba0876c0c05c5d5,662466666.8876756
57d17db2cc5ce1aa889f1f50,695747139.4336807
3b6cedd9966332f0722208cf,418201155.5159189
351a3e1b62cd51d46913a8eb,565739297.0998294
33b702ced6de5f7ab8b29e7a,577327165.867339
e0e6852c6d6393d6d3719131,791956422.0012287
bf5e687721e030639ec81416,603901299.8261056
314479aa7b73ef6ef44e1c89,745508996.7720591
822896f609e7761b58e7f6e7,560705230.0577451
5b6f21752f3744ec6e529d74,646411621.0988556
5d91dd63b6aef851e0c78389,558713829.6383946
0a369278a1ef6f5e9d79e2e3,575815576.2946739
7523e95fc2afaf31bcf30979,480678846.2808841
cb9de5719b978a78c71db699,574231265.5297425
af8c90983a23ee15c72b8e22,653781309.0292562
e35d8f589e6b1909f5e4132b,625830077.2071197
ecaa5e38ff6cddc14942eb7a,927400014.115247
d2eeec3fb1ee4d686758534e,784721387.7539214
e97d03ef9638c8e1d270ed2a,489638553.6207392
cbd78f55af1db4d89b53b496,424043038.5280709
1b2fa2ee5927660313569617,798078532.5610379
f7f00e13da4910d724aba4f6,633549131.3218553
9a6b77dc2c414f0baa11effc,498943647.2530166
bd4d0b8799fa5999c5d2ee3c,670108963.1872377
bd6b68abb113370c35786557,969116064.5213563
4da8ef54252a92d9cc62c174,746506862.0061258
38d6c2a9beac610279bc110f,654958692.6328285
32e6518755191bef743b28f6,616958738.1764549
4fd8d01a5c3abb90ad70cbe6,496523278.5622339
5d9f8f380a6434096a0cd906,361621178.29452944
724c854b1a991f060701d005,372381138.2555211
1bd78ecec17b584e827dd0f9,402041646.79927385
7e6f68184d84e09cc9ebc09f,426128585.1861279
c0174ef555bfdd648acf4346,521604483.50089073
6463505a740324c7aa869d79,531907207.48687094
f239b7fe0de40d208c01c45d,599542920.6623272
bd98add659faedc1820f96a0,409364497.34981096
ad662354d28a9b2d65f537f7,578223796.708781
8e8852450fd5556f748c98cf,508632735.45320344
8fd5b95f5808b4676043de35,525443882.4438626
73a23c9d154fec88d396d2a8,518907545.05938363
374ca1a16b8eba42b35374ac,476940766.43694264
ff058f978e97c389e7a31f6b,484972107.96696895
9d7f2c004fd359136a662c9c,451470774.328258
2cc0129b386acf9cdfa4eeb3,548979815.1476487
c139bf6b72a93a73155e1f5b,404712730.2802958
0c017cf9740cb67d530267d0,500789687.77859247
44ff213b9cfb3604b7e4b66f,486067316.7072277
a09c957598e6cde56cdba03c,404771388.49565643
c846d5698bb295697186555d,494963102.8512876
a84cafc064a35cc0ad698009,571235857.7014124
ecda0d714f52da919223a520,691808973.6737285
b9398d6bec5cc44fa39b8bdc,509474213.3939765
79d230806fbfe96368b83dbf,729967478.1460235
a28b1d82d3f7dbf8746d5742,627561374.492519
a6555836840c7dd496ba9094,755946214.410191
83ce7c2d2823f888f2e06ea8,872386186.544477
631f4c509de8dd64f1c400db,742517118.3945063
2afd31619c21dc537e4797ca,644624903.2892663
0be57099d9c3ad8a16984861,640862062.0704172
ff29f12bbd7ac4b860909966,682212682.7755005
d955edf16ddb9d3f59501a9f,569598638.9015309
96298da2f44ca873f345867b,815316291.4998661
e6396355c1249c6290906b78,551758949.8412681
39f9f736d802b166ed688224,783979823.6453741
38a0fcb41f0dbe8b0ef7af8f,614252288.4404751
79b955adf84fb2c52381921a,700234216.1450346
e335b8464a61ea0781f7928d,666765916.27349
71a929d79a6cccbce6ac5d79,562722433.4453946
41454361857cf70c44e1f5ac,764934375.3584938
a16ca6293e2ee2969f3334c5,1124666162.3911982
4083248d3d2f2bbf9589b971,667629957.4576073
de630da5e1c9e27bfd94efcb,868814043.9059488
f2a4f5010f3da37e27505ece,725975636.4103103
53647abd1d1b10c9226eac73,434190470.9231225
e51873d6421addab3b539dd4,437292598.5326193
be8fbefb8e06fe169237d4bd,659515225.5287633
257c889187ad5de900a430c9,501551571.09580445
3198c4acc62c1a2276bf15de,493940013.005393
b22350d505b87dffaae3a5e2,633760869.2058737
49ad389014995f0187edf726,499227765.3291371
025d96090a8e5bd6f786e9b6,473878358.567928
4a7156189e1f06b0fe87a7fc,513365895.6861777
e91425bd357561183b935d27,512875584.57506657
c9d996f458794961d9957c1d,505269288.0937263
084de965e32a2a65bd3aff5f,505269288.0937263
880bd21afee7038459b5847e,518929258.66533107
2dba091723891d8907905a74,542031329.7556545
a39f9fd2f143b8ce1f7e1277,496308896.2634461
37050aba3553f3869d59f809,496426069.8680368
35a39cf33d16f8f5ff75fd6c,495300078.83817065
7c463a59e7d2f2b4bbd07e12,510443014.1435604
035d955df5a765531d1d0d07,653048006.3433892
be706475abdfd64aabfe45fb,499535117.319424
bf41b26c090dbf0a19252e43,646908108.0886942
21aa860fd839233ed8b82653,420664760.91105896
b870c8bd8f95426a7e1f9c88,499535400.2148109
c5a5676bdb1698f8c38cdcd5,732705122.5444406
3487768de3a13b7ee3df0254,712245649.0817902
dda7a886135a1fd8106d04b8,782883216.8414611
ee102e9d0791ee82ee4da2e8,422476964.5877047
1d4891dc27e0050efcc6c403,531243724.7640621
dc1fa8fcd0ffb8872d434dbf,405373564.83772445
2a5f727304ad67d1cd269361,549365385.8279998
2b10af4fcbef695b327b7d0b,508618684.7832541
516881e914708f6ea6062ad1,669179286.6818552
5a428139d5ce6bbd9505945c,583731091.922906
38dbf1b9c5963e9c3d008340,601852932.6441697
02c6e8c7f36a2c68851600c6,456083604.5312384
d2684e676cae87d75dea5ea0,475099625.5201329
027947dd01dc991ffefc5082,381562387.7843611
0af13e27cfe9b8f237a9949c,482406437.49166775
32421841f7eeda76160d7959,500307687.4618694
96ad0e75433cc18f20ed83f5,693973051.986567
b387b5eebf501a620f352504,479993735.1333444
8ed95f9bf057114664ea441c,466308605.6244508
114318a8e5822ece53ad897c,378504080.1397136
3bdd7be0b5e18d266189d991,517728921.642196
0d2c4bbd8a4dbeb6337b5c14,420524923.2739659
a98637742a212e332cb5d1f0,418448878.93089724
acbec9114912932b9cbaf0a3,500218833.58792347
fd81506b0a00fab1ff680b64,391625001.0248258
49e531941384af389b0aff59,454942018.9404458
8f221efe392ba42b519e5f57,663010953.298949
1f33395df1e4f6a185c507cb,556548478.1759037
fa823373d2e7fc9443ebb6ff,485087773.67893964
0a6966f19bc2c303886ca82c,677122871.1901242
15d9a0353ad54798ef95e0d3,631481681.8643657
0d95d756b838d3a319277424,458806189.07090485
d644b23e4bce0e6e50ab9356,649587390.8850609
6dbc77ad8c5c1e39f72cd2f6,517516323.160293
2fb5206d246ee7ab22fb8143,594633737.4094372
f1582fc47e7b8c0eb0cc9949,711197915.8768384
8d7dd9de4e919fec5916862e,574105297.5027668
0b67da6d74bb3998c80893f4,422322002.0496487
736d25efc9e570379d32c089,791005750.2557731
4615a8a7af9d7cefc7fe4c4a,627664657.1841842
8b753628bd37b9759dad06ea,453873947.6165685
5c7c83526b72ced12a08e573,389888879.28796756
9baa578a930a94f761119fdb,379692820.88365126
8fe1a07cbe9b8f3498cf74b0,461174190.18785435
67a7cfe6e95aa5200c064717,465818713.2628363
b7e3b0c90c0d3bfe5befec54,585092905.1843396
e6a547b2c0d126c9b6800515,656268760.8073362
b08f88ef973c9d1c3a86695d,743687232.5881901
5933c18b8cb17cc6e4ae91cf,646191174.6463214
64a24372d58a2cf535c3aac0,817708855.5870461
e6f9288cdadc5851d29fabff,892696480.788309
71ba2f992908a5f91f832406,686391982.3552935
3af4b54bb5ee5fcff80f1e53,533446764.71474695
40d3f1f00de86e74e0304bd1,519302643.794784
3b758c26283c2f11251bfb89,834203854.2197833
70cb6337c8c3f5225fa80026,714441987.8376156
0dd510aaba8036e8fd9d667a,751969100.6702588
ef6ac2a5102d7be910a3e4c8,484349878.1702835
24c32572ca6161a603a7d0d0,447109016.4618982
c7be09a810b9e54d2dfba4b2,680927963.7507958
01a5a230e8a808d844e64397,771829055.7867124
5ade8e9c79288d511ce1fd79,807044022.3742812
7cf50019422bc9569a985736,590694238.9644533
d4716e228067a7bb0f30aa30,711901076.7288618
cb79e02041eddcfa9225346a,804654658.4702812
b059afb753452ba358fb432e,895478440.1237165
fd9f78fb2d2f4d01e462bcea,607313687.3027169
6337f924f515625e7fa638a4,1096033934.641631
3adcc2c662c8c7c9db5f0982,810107232.8963726
6b7aff233052b9bcb6b9448a,710383692.4283665
cc51811e23409f4d77995768,648410936.3178606
e3cd7b6dc0495d5109086407,619285711.1561224
e63f468e1d9f86530d47ba4c,478021538.66337055
8bad8a7faae115ac9007b13a,843949899.3149161
d563312854016e9115d034aa,786710644.0214081
57c7684f8cd8d78909711b53,574210471.9754524
76b8190137ba3daa55db33a6,683784235.3157092
2bcc6a15181273b2fad05e3b,839475453.0957377
b998aeafe2cc93bbd96dd9fd,385990094.3616928
eb77734d12df7528af57c674,393968722.8822762
e8df85384a1f51c31015ba08,647489117.4477663
b0a03d567e287bf4cbd7bec3,365577721.4419731
dc8bc7cb687a3a42b7e7d5fb,639379155.1237179
147de03212e554abbf3fc3b7,399408899.496941
c09b8c236316b87a92a620b2,767009291.4895526
f5006b435fc92111d55c0603,402449377.17444223
ed70b749e030cc8715c0eba5,554612869.56246
2a9bbd878f3f45745d76f059,510367913.3691384
503f33d11f75b6b5102ba4ad,416563859.7846566
41479709513815cf5fc1eac9,565186834.8752211
0181972aeb6bf451012a47c6,490208793.8163026
0b35c4a3f20cc0eb751acbac,368801348.81474596
e5de98822287c2caf8b209da,823000474.5442438
f3d82ce1c6fac06e4997f7ba,494598807.32578
8e17d7d78e7acffdcb04d982,496322803.1352833
f1e7a0c7804083963b5b6de6,469016487.2197565
918dbe66979d16b147bd3322,589549486.0402737
35dedbaace193598c9c438a7,579821942.1145123
e67fa931031bed13c711ad00,512841016.70811355
eb2bbf82cb615e3227305b55,480501645.3114962
e8d83f7dcb876d5d05ae3e98,672987008.8040164
2be93bf5132bb788bf045c28,376469279.95895594
ac2b1b560e8bc4fa1deb6f87,508793318.01324147
674ea6932fa9e6b7581479dc,508943751.740091
4893b21db2d6aa4417e1cd1d,575752045.8728187
2dbef742d0c59d21ad7392e3,591970578.0278548
fc16776abc877decb82a5954,558627614.2743065
6f84d405f419590075610c5e,444196354.56353056
52cec2691ff635031fce9507,363149990.3097939
830b1a2d33f7754b9acfdd82,516068136.6096096
fa908c8dd43fcbe9f721c0d5,607468183.5523186
90c3b93badfe7231410e95bf,576707979.0883226
60a495b86d6eff1e345ecb06,458767827.4846997
0468cf58f40372acb9d5fefa,601290395.8117748
c523380518164e1e317cf1b8,660574093.8212032
142cf530f13cbccc3cc9d0a6,1130427526.5313275
e0432ecc0c1fb2b00b5435af,399734381.74455917
3af3a702988bfa0599727982,499971492.21033716
99fad8a7877c57c0af05b318,484165052.88087803
b57250de388b7172a39dae8f,717110064.0468777
42fa0158217c9cb820f2a06b,481415803.7797493
8fd452d3f5f1dbb3b65f5274,610824917.596419
27881ecd655786b093349ab0,595173551.017458
38029a1aa22c0a5beb065edb,605923641.113288
6750be41e08a725705256b0c,884117619.1554446
90bf218565cd67ed83240033,598823225.7193022
c6a089a9bb326c22e3f3aaa7,576335444.6100838
ede08c77d6090e0900654eff,528515655.8802838
2f7784465c1c69c8f786a0a9,725125995.8412528
5943151d9a76010179f6c297,461077066.62848324
82a3742862a06803242b703d,675957518.0614973
b815204eed4398e600b366ad,675385349.4712635
11c4dba68fb47eb9c49df169,437755170.5124819
4ae7dd50c6b743bd47340f20,565557857.8862207
d81a040e22d541a74122f3c3,365825374.7463467
34c84d0a410920c303ba69f8,474301443.3478148
6b0828221f9cdf5cf39e7c15,363755045.67792034
c50d5b4e75f165eeeb2eba97,435168890.94925225
572488a9a75f64434dca5dc5,377146641.5928745
0e67ae9abf1e2b2f66a91a28,526309238.85824704
cb00154afcad81df60ee58f6,404143916.47153383
75801c34fb510d824a7d8366,558818319.0309154
98f2d7810641693c44096ada,713289540.1175205
1fb4c88bbf995f77f2f29b7e,461837644.0978928
0abc98f7ea1e477c6fe3425c,549895580.8825712
b3401023d3097815687d1160,671252784.0994755
f1ef14babbc4123c5157eb9e,721688039.8039945
ecf47573fe1ff641f6914d0a,647961014.9551145
0ddd21dcfe89f72e2246ed79,425525563.4024312
402f18888d480f5af146daab,443898864.05080134
61b3bd442f6fc8838e2f45af,466339302.4868633
c4eccc400db2dc9627c9879f,552268251.5697745
ab38b4fae64ab90a55b5a403,586033271.3169373
7f4cdc01f9086bcee46d1d6c,697014552.9014968
1be9d865ac8d01f0378bc148,502607530.8533327
f2f43244cda8e2f5219f3db8,414325348.825464
89ca905d858c7731313c82e1,585602156.9753486
5bbd0476c27c53e2bcaf9462,613508268.8519305
7e177acdec9c0fe684d8fe44,801407340.6158485
b764bb8ae8ba0d736bf54f5a,383224133.0055357
75f6d6beb64d846d965fa9ef,576007609.8342662
b5293710d0cd75f95de001f6,361021193.4309675
8b8ec04a78d3826b2c8a5754,568528738.1830922
e35579e8b9b24dcccf93abba,494534265.49326926
db5e320f51680100f1ec06f9,362015009.5779312
59be3c447844f31267366cbe,426472784.26094174
0f3b424c398a8e8b53162c37,600479946.4673351
57f4a3f6fe2e41ad97116002,471695341.76916
1c6038b67a40f0749a72e6cd,461950148.075312
e5da0e3919341762d5beed25,830256603.0170838
40efc0dc313284d3b57492f9,479775565.9782034
601da8fc375ba0b3df3b38bc,888370848.7159201
61a12496ac1e6f39c5ac5d3b,817037379.7168286
8635edb61b1dda6f4742cac7,941834469.312807
ce12b48120daa5704a4c81e2,386671341.1204971
acf4d60dad7953065b59ced3,708878210.9209051
56e3e7d822e13838ab9f85b0,722027306.6829307
7ea2c18341f69f21b523906c,545817898.122704
dd2396a42097b2e8bce52a72,623715977.8518858
41f99600339a7afc8e386e6e,576996438.0517144
b2d160f54ce5f98f46818e4d,627862015.2247101
00dd36caffef00fcde85b235,726948356.3551463
471bd64a0576aa67f494eb98,538770756.2739916
79e307acac5f42f2696b0436,705254052.2240905
e65a4eec62e2a5bbfaad5565,761422679.8748864
4845ca0d30483b36bfa55061,773323944.2176906
6784e116d96e03911e2a07f7,414550274.6087487
4184fd9a546823ff1fea0b74,613291027.5104173
616a5485bc7721ecfcc21c70,362472191.3578363
6ff3186df9d15b65dae5bd17,362472191.3578363
886706f32695891af743f986,836009732.7151114
daeb02020f23715e663b4a38,558956180.106769
93fa1c8ebb75b77dea76ab99,646261063.9126364
ab25a6737b3ee0c4e9cf4ae6,478713796.4299242
c5641447732d3d1269965ffb,531526508.4827786
86b290218a62d0c51b099a08,449069935.90386486
d7b82133acf54bd3eac338c1,667045510.8608955
10fbecd8de540f1fe4c57b7d,439811396.2056373
137baf1609138c6ca2715c7c,410926297.5795933
f5534949a53bef05de31b07e,466838065.61498296
466d4240af2cfd09a31cf3ff,608059012.8318356
7478693f3e7e8963e95be8bb,414110685.46558636
6e537e91af0de67558bc1ee2,459808560.17287743
f5b0b51ed49be034c290efd2,564083327.1112417
a4885ce6808ffdb878c41f97,508164769.11669236
a14506a4800c27223fc34728,584390282.7925516
e8e97b7919856f9cbb9ad02f,669443220.3412626
e16685dae2bd3b0a4803ec9a,954542389.7740352
044b8431b186eb022cf6fc24,491754506.7363743
60de8c37c9eb96efc432451e,650442873.8350198
59b88e154c07bb7c0ddb4e8f,761802841.5498265
71590ac868415f3a185dc15c,547005355.8831079
6388b4cfd09e2b1219268cb2,577398558.0872597
f865cd15368fefd8c9d6aabf,571708323.3635145
ffd916080b1019827491de0b,577839820.4215679
6b8ce573bc2ee68ace26a67f,558956180.106769
7ce704ef5752dd496a61d857,646261063.9126364
6b1a1afa055c15908a855e9e,504570053.945907
2a9338f62c99dbad25aec5d3,758064603.0488169
c2282da3ece2dca6e8a3bca5,907300943.1621046
5e6324cfe41c3676c7d0a5da,743405278.1192082
f1a4afc2e543ce4260f1d781,524643502.59402424
5d17daf3e98cf433267d978f,639876036.3800274
d5f41dd3258aa346367d7725,372817871.3505635
da35c757f211ecaab20aeb3d,650291693.6658446
8d9cd237c737f6e62092a08e,642177617.4501505
9dd98816533e4ca8516a5474,637435669.3151058
27d14f352b2983177e836e3c,819036067.4185709
3dd4fa53bc59e5852f9fee98,837717824.899284
3ca74495aa9adbd533ccfb96,560429759.7068521
dc93d8ca60d60a118f61390b,497201470.34998834
dd7b4c374bbbcc60bb090fe8,495433035.14429516
f925a05397ca6163230f7ad1,791977480.5012928
66a59937c54eff29ab14b474,674447269.5191226
077db8e0877b924d1b57ab1e,601425204.7319499
aebc3c6079c1a80f8b2f1c7d,573103913.0460144
ae41a566826a10d5a6768d36,687175610.4391284
489fca3e6dc044412d00cca1,583660201.6163609
fc2f58cc289d29fffe8a5fe0,607695317.0731167
59519bb6d5d299ee0b767224,554477866.0768217
19921a97a52bed6c6b8f4135,571096947.6667069
ae08b7f31e69fd930ef4c832,503603558.8943589
1b67fbd144a4a3ef40bd9824,486268385.0284419
9e142165bbde850d4379a49d,595191853.2515298
d3e971e2e224a20530ee295c,654318545.1183776
a672cd6c8c284e14913222d8,585665398.9696137
93086ab3e32aa9599708382a,520973391.58430004
63773145b1a896df26504b0d,429934858.89894754
17707d66753c1eb0aca28926,439974182.8177169
6a2d4d9a257fdfb2ead837a1,409689687.4039607
f9158cf51f5e9f644349a774,409983303.1871921
c09c39339b5bbd48f349a430,773626129.8150873
d470d84f5d8299c52fa24499,459299030.2443413
9d028997ff036c154c3fda0b,735332268.2291353
40ce7321869b706210eda9da,489764570.4857127
3fc826461ec4648e4f7877da,631939075.5487447
0e7dbec40eab1b3e5c6bc665,646956952.3448255
81b3256980dd7d7f49030c78,596380216.4343879
fed2e1459e9ccc06943a05d1,818614518.9351314
c535169307e21e5df7ec88e6,543126965.4339552
d78d84e4e42f145e02e423c9,433883370.46034014
3e523ee3a6c2d89436539792,433883370.46034014
5f2df52db15d2e0ebd327a36,398355322.9151947
1c1ff56435675288e78c4735,420117646.8331271
ec4226205a38a45d97f35828,595580244.4495106
3214488a8fa9cf8b3dae877a,805664122.9114295
4a4fe76c58f5735ce6b018aa,588525374.828521
ff3696c808d4835d6c7cc9e3,529343435.345382
1aee9081ac4a04490eb3f0e9,635870983.0038651
8dd954e7312e6e6a07d6d4db,582080398.0767307
daa52a91f1fee77f75550246,493555284.59964466
a4ad34eb244e48afe23a780d,396351660.5783191
0b4b741487c001323f508d5d,433883370.46034014
cb383b7a746ed55b21a8b245,521879035.0829801
4b092d4d5885cc224f6775e9,434865071.7550818
ba12305002d24055c159ed34,366133214.033475
bd74d43d99a240ef4190ecfd,540282208.3997741
4957e0b129c5caf47b026c58,506572327.12717336
eb270972f0f69f1671a0a740,565152908.7928809
d51d3ef396efd4760c979de4,469055202.69803315
ac65d147ee69785195ef7da1,619789677.5417142
53ab42a93b6deb152951f82f,594142875.3153453
5826567e12ee3192785e36f3,555501113.664459
ab64918f2b2b4646e87297c2,572446573.100159
88b0d688281db2ef0a782921,569183913.7199296
dcceb6a2073faf9f89f3431d,594909002.923566
73bf75d5762e3dd30fca7b3a,601801790.060688
a45ba5d63cd1971de19c25db,601388144.400537
8467eedcf9a48fee0d72d95f,665126763.3383884
6184f12f3a903658f3319290,575790485.0498502
92ab018394a5398b832d0b97,486129269.2535079
e8e215437d023387c4a55515,404544346.63118875
7b8a6949d55b5bb27c3c6839,451736013.7350176
33f1a7739cb556a78af083de,548006851.2815965
39c6bd862f908b7e8088f0dd,548606886.7651937
ae556ff5f318b73d3b29142d,491050355.8200597
e2fed68e0b614e65c05200b7,755110668.8424175
c62a4288a4a0336b1436132e,772426383.553957
f23b32fa4894b6d59f73c151,467827953.4828904
4ac4fbcacef08524ccbf3623,382904125.2484011
5b5bb8156b98eb51a58e73bd,477511618.4728346
53fbed4f9680917f0615ae7e,414711033.54295665
730b528617c2841eea5addaf,667050367.7781204
13d08f7e14471fcf517c204a,599175088.1298623
da273cee807e254fc9aabb9d,551006996.998932
b8f7bd85b61951ce83d7f57b,713904013.4832892
4954ce465ba712543bdf34fb,418459414.9682864
b7483c951d2c19de665f07b6,393173738.6288954
913cdfdd62e35472522d0a6a,567629531.9880068
be28b90a71e2922437f25110,567629531.9880068
b71857f1cc385219f114035c,418459414.9682864
a72041a40ca87928c695b2f8,567629531.9880068
65a626faaed9d9e3b172415d,567629531.9880068
229bcf400e309619268dda31,567629531.9880068
367bc4fef78a9800f8616d02,567629531.9880068
dc0ac888f1e87924e3994b4e,567629531.9880068
6996e88c10a94d9ee7d05357,482386869.2637591
cb8fbae1b4141461127c97da,587400474.8590331
d2de34876a7a6914c2dc479e,602826339.0714657
c666974c4303d43b87714c62,627409030.9614222
e8491a7994738d098a7aede1,687267471.9322032
9a6440e5318b2de28b180a2a,816280311.274252
9ebe11eba1a88fcb24fcd141,463854629.8124411
78b0f0bd0494fba0293eb0c3,548398933.7788484
047b0ded64dcae203a3015eb,538779489.0174394
7b95396ef4d0e97de8fb4986,720272761.0131814
08f1c136d5a456c0215ebea4,610972337.9673562
0880b703bf2064f59f2bf20f,787758151.5496862
cfc069bd55e152e40b3a1391,584212729.871694
0a00771ee714a2f3f96c31a3,521004611.1194523
06acca3d0ef4685dc055ffa5,412358180.12059295
f802b026db4bf9d68cf00b16,406170066.2207618
4aebacb9ecd0a117307c7841,671233385.5973635
81ccb7e0255eee6274f5d930,712331212.4241902
cd17bb739ac79f80d6f651a8,781363210.6390301
917829a0aba571cbe794838d,866204705.5749904
5b83b73ec31031582aabc527,414215558.50952
5e18ac352e3f3119f5f9197a,864886958.4931039
b7eb15346797508f47ae094f,696999217.6056902
5ac98c971b9293bc6a8a6aae,591225376.8987366
e196b7cdeab1468d5d4e07c5,694832977.4752321
0ea201bfd515584bbf72f902,594591852.5532367
d2e6ab3b3106f36f2c3fc119,401395898.3307585
59db28ba77489750903261d5,543429406.2150872
b348c76e55613f53c8bbc94b,645687133.6742297
a1e38854d6725e9c48c128b1,427808240.7840102
b86c526fed01211fdbb62815,767731108.592042
1d2b83d973547da8c168f743,607091145.2294399
0fe3dbfdf25d4b013b842b51,545833154.7004546
71a20a4daea6d31de942b2ce,618150355.8122021
35352b370a31d01748616b01,723060830.5839243
27942219389ecffbce2e1d9e,621723498.24297
62fbacd4e172983a2a998daf,443221427.9564898
00c1165df93a4cfe679f54e2,509209636.6211639
207f669778ed0db0e619ed40,437684523.79903525
5ca0586ab7d20dce5e9ca8a0,858147808.9264193
cc27435df779f16e6a62b0c2,688981321.1815515
7a94d3d31471ae313659aeae,776062373.8250338
efebd19fc5a2ab30f2ccedcf,458092543.49184585
8037e40c0c8b20ab6e0d4b78,450273297.8438989
5ae3359bfe2a704de00e8801,609393793.0544238
a5587c93c012375dee920f71,516637777.97251374
ee7f7d547af56773a4b0afaa,475875117.47679573
9ed988dd6739eb7ad7aa5a06,584635495.6606559
26c08d7331ae19e1934a22da,658803797.7234733
767024c66d3a88bb18407b6d,521679797.45620376
6afa85ee6594d1c8296f04b2,494137136.8392781
551ca6ad1ecfc7ac21f8ef0d,547526616.2146106
1f79204a8f62c29b0a1b29d5,441567132.0455701
3dc0fa238745fbc31ba88853,409158394.9980428
4bc3f597867c6844e9b47fc9,392233585.0070353
53973c17ea7e89fbee5e6cf4,383344720.9905837
05397b2087e5cf381809f169,440208067.30031866
584990ea9718bb5598495061,393626062.49169147
2e7c6a89d2cf2d835839f5f1,560855708.0288488
5c02d79c59fb636ca4cbe86e,546551132.2525017
114436e00c03b44096823522,572008316.7247499
60caee98c3cc8526d16d7f44,559658146.4485447
8207612808b5947f2802d2a6,456985276.02710915
31a73382ae20331521bf2e6f,844653057.5224944
c58947cd4f238cfdc0007bf7,748691668.8822651
a7ee02ad2a4fa122799a2dfa,716303923.4478801
c77a63e92b9f727034913d8f,778604170.6148419
56c6bf831d3c6737e3844969,773636590.8440791
73ec6f4da3c277958cd2c228,770814118.2265643
7dcd1916c0485e0b80f9eeb4,823579898.3462288
cafa94c4a56c23ec73ee9071,782796009.6716104
d5ccfaaaa739b2bb2b3d46f7,551951984.0371382
e6d2e862f58445084b2980bb,917206225.6572747
62f96ed5c1e5f28117949a23,451657682.1561458
20d8980a4fa8e094b7a5f00c,451657682.1561458
0172678cb0737e21a317eda4,609459199.163901
6254ee88812e303bdedb8767,958025071.6263691
a812ed43db71868625b351bb,760498153.3044102
2bd1c70db60a44d4400847ca,576559785.2057828
b057dd8a9c2082d1a78cba88,357643835.1429932
2fb149a70fa14ac05582ae69,483395635.5866034
47e282cb12ae01243d713178,434643823.17015606
ae47cf27964393fd56a52d7e,687180469.3393635
21642991a20d6b0d17dea2bb,538126768.0257771
43b10ad2660d7552ab6c3b10,686217828.003172
64e5093d6bae57e8b4298123,532655759.16065395
9d8d3e6fb432174770c74e71,505299710.71497464
9f2498c12d7b41c213bec0ff,406431279.0793226
6461c0a03ad3ecf2f8112759,611988106.0461459
09b15382686c42fd89b24285,821746156.4591537
da846b08fe2205d2e2a3dc71,516109316.74177086
2a89ac6511416d0920f1b9a2,791266529.265373
3e9083411c44213130b2ece8,419248775.49762404
0f0df5694eb388d843e1f17c,414939109.3389146
ee6a288e644183bb191a6526,370439709.18518984
8f570610ef199a3ecc49a0a5,465949565.3493637
3115e2391cc3a078b5e6066f,484368625.4413169
c7e45098251c687efe670815,479571612.4227081
8a3b7f5a8da339fe19e8f138,651831599.6455187
2f801cf48edb712627196b2c,549634692.3067558
a147a8c29757c5d0c592d347,430353416.9875077
86b0aa633bb16582bab5640f,543728518.7448916
c9620e3e2dce92bf95c57c6d,481674072.5969962
b746e4a5c9d04cf4dbf887da,649775657.1445408
915842a8a03914c08a6607c3,425199329.95923966
e9e6e054c1d09a22b7efa20a,549707869.2415063
4b6fb9b705d80ff350bd620e,427320866.2599351
9a51784f33b0cdfce8312163,867027997.7143048
176c9a90fcbceb91569fa3e2,632832964.5900155
c97e70a767a3661c4869bf86,571100086.7054023
a6bdb6221b88a24c9f8381b0,653988619.6485573
0a1e6a95a0f9598150c121ce,585937776.3920257
37d12acc69d0e3e92420e62d,739252429.745766
d433ad6c3cdbd707e6839082,467784765.30210197
36bec92975612d091a3c78b1,587201247.8693895
3eb97ecf8069775b9104af85,599866168.3458642
9aeed339b2d916cc89f38bc3,507188988.52031356
f404deec9ec16a8460397815,509902266.6775109
8a0114372706f30bf6867a2e,623293265.9809446
681e772045fbee930fcc9ff3,717153077.7640604
0816f29a68aa35abd5978e7c,662896587.4353379
670fe8f7b8ebe006885b2777,590227419.3167664
d36dd340e5875df6cba999ad,561541353.7415066
8ae869c5033c248f881ac313,925439995.413761
294b04da3eaabadd55da9c20,738324894.2081838
17b360d57782208f5afdfe4b,698766397.3361409
88ed5ebb575d026f8d440c60,422749306.92173696
e611a37562f88ebe07bb28d3,481535550.3324232
e685650979374c571dea2ec1,460941194.7018466
10d47d2c73f0ccbc97979bcd,610261379.2772491
fe96a7d758a874b1f0c42145,634896590.4866064
a7634531887e969c9c5469d8,522125614.61573607
42f38b1b2dc077c88a746c1e,539054490.7705616
25e832098d9e6e7c2f9afe2c,589212141.0733541
b7dc47c641b46ca99fb83a0e,561180862.6908011
0391d158ab104c5cdba31872,467096636.04239786
a3c4d0ba7b85b9a6370e131a,585016440.1141462
27721beb237824844adbc289,735086050.9930153
6e807e25b64bf0de81f51c12,766503814.5818499
d2637d64e4022075c8f539e1,709258622.244962
faedbe92e3296977872a4aeb,880198123.2082055
5bbc190cdc5ff3296801ac0a,447299751.8074528
9b0abbbbfe0bc85686304ad6,432314806.0387374
f8263893418eb0752dae48f3,378342554.24866754
1e73d6064abab2cccdb6610c,369295401.82889074
c0155096575af5fc8db843cf,385913608.75594074
9c7f7b0ebe440f60d3bd478e,378342554.24866754
25187d9f4cfe89a525ef2493,383201177.2753514
85815a09bde2a30e296f65bf,379095050.5371901
fd45b984efcdb0b434033fd9,508338280.5520088
5dac2d2027b6c81c1b7ee3a4,369295401.82889074
7df538c0c831520e6d36e39f,400158768.4086438
14b81320fc31c7a513242171,380406996.24875665
8026e480ba395cfe1e09cec6,378342554.24866754
80bbc51dd90d131d091521a0,487494757.4495805
ae6ac510d3e46a50ef24896e,378342554.24866754
06b90d41ad3ce1d0d389fea9,575650716.9428626
8d911c1a195567dae3cad99e,426083059.5332111
2876aa9ef0b44e43084393fa,436338176.03679883
76556774906f9e12b319c232,416460914.8797907
9662cce3c4b92d1c99849899,584635495.6606559
de3d078e5d524d8a7b65841c,451567331.6184903
547c8638128424b89d602f50,699471306.3001403
c8a3dc3654c53cf66953de0e,555851668.8089657
21c8b93e50ac884e63514f10,643654637.1711792
49a0715897795017ee0de843,719663892.9065607
5d646ababb10f51c141e0d8a,527042341.4208013
da598f8a82b1ad1b02961cd1,598311452.2885884
84d8f7109615519f2ab0a48c,819431925.90392
0d027b81f8391d73fe0046aa,621578264.7524614
079bc331430e94ee76f8097e,588521029.4752097
61055e6eb1910507640ce6b4,609936090.4981362
3f6effb8881ea683838437be,614766119.581137
92c8d6ee8496b91821d7ba3e,636169636.6287769
78a08f21f7d7c51ff4d5b8ac,527546669.33485025
f7ee7282cb9edc77740f392b,649244123.7931088
694b0a500f1619c4ac4c85fb,689878021.2809731
13d43933e04c3c7a9e5071cd,826679982.8324989
5abb555cb9d65db8e6c28201,411006237.23762923
ee8103b958673c589b9cb27b,577351782.7519104
5b3a467a3b0feb8ed81be1b7,637269564.2813064
e570a5157e02d440a78ca008,731326259.6186547
70298b5e8fbd66aee975ff14,762588878.1038644
2b552d7b1a1488dfd618b120,390037436.5085808
f4ea9c80fe71a1bd0b692475,580483402.2430233
e6a9d5c9a82ba73e76817a81,773958985.3878994
9b58b5c993540ec3ab1e4a0c,437028632.59346116
00858277a3cf4f31b8e3f738,517068425.0732633
d937ac866f671e4a0c090879,550093122.2598325
7d02b3479cb2d89d55bd4fe7,453353921.1452689
bf79649b531e876c5f03883b,387071440.6171852
66a2ec5aac8969b2be538c1c,453353921.1452689
7637c251618135e082a9e2b8,642921914.2151425
e8c9070ca596f88bc2e0868a,525488267.7036028
64adcb2941e9553ee394caee,391548258.54307055
0bc8475715e42b752649b4e6,478023264.4214915
956ad3b1dcbe8f236efe2d2b,519303452.2529347
dc81900a751b64dedcb4ac39,476203935.70935607
02e52d3895522d9be85c4544,630853401.4784412
49d6752dd196e7dd583baf44,389078698.03510815
8364aa431b2e267e41efabc2,434366904.8055982
1b59d33f9000d2e1aad46239,363655721.7109339
74a791baebeffcb7e7b917d0,713610245.3713467
0a3911a1a9284f2ff81689e6,494119141.75546396
6276bb8ceb13d174b8e405f0,370729775.47195506
d573d2caf8c67aa32bbe592b,375577502.66493034
57cafce17dc4de3bf8a9ba90,605130798.338838
1dc9e5c684c831b204d21585,637113892.5902262
48df432642971a97d3d4bd45,647150223.5910118
4902ccbe8456d3f0a29e5059,496366409.87665355
3a810dc80d3a63f8cf106717,602847278.7091197
c9859204696f3440cdb541c3,565180835.699457
349fa9cfa15d8f8bdcbe863a,607251349.3016955
d0bdb51c8020a37fe8344650,671194919.806983
7b037e6e5d110999e51b79c9,551129376.9053397
f677c51266f5ada9e23f20eb,381251416.32716095
1b85d69a0f8ce1d6ac4d4475,395924613.9060648
4570a3ca0571c70657b4a1c6,806305112.2835323
de32ca7785b71dbcc76a50a1,739246497.7311552
4e3cce6b581e74879c2dbc4f,471549021.92221147
09c4d4b5d1c0118d877d5734,671631160.8004559
b9809baae395914981a9296f,900127836.1025224
fa56058283c975be76d7c990,983218269.9600022
7b32938ebf0b1b167a3d2d20,732438562.3045013
bb38c1c17612ce593e5ae7bd,480349425.8729469
bf0485c2e267d06b9b1d90c6,580732466.2119365
0357d0ee6e0646113ea543cf,560607831.735869
ddf5182c482fca7d881fcba4,577714326.9503653
47e6a61fd652a3dd37556ddf,930289552.3962755
a9054883a22542257c7e778f,365288871.8058639
d7c70d831e88d552da09ff29,565856500.9412994
d4d138bbc80a0b29ed28a4d6,544329996.127128
dc9119767bf4f21fcccdcc69,404711824.9549892
e8caed8cd754b0e3d43e6954,796761567.9675264
033307467830cb865a785e3e,624386772.3987025
5498b3e3ca091bb81be87166,645494420.2552488
bcaded180edb36336c2f5b96,686884419.0214986
ee4377ff95580b93e80ae08c,721957542.7322898
c25e1e289cac1bbbee489122,549919014.1857219
7e41d90a838048eda035fb27,552960249.9648353
f418efb887a15127cf2563b1,647400320.8225845
93b27fa67eae8cdfcb846772,616059759.2996645
6a42271a0b03bf9a856d1acf,739191636.3714024
2af9e271765438a47fa7e7a9,467729381.3064885
11429e0923f804d7dc5d27b6,645009140.4994354
c218434cb0b05ebcef935e5b,655297244.5604241
a98e4f4db7afb8a6c9f69400,558162772.5336746
3c35c8993bb937164ae4a880,538009500.5279372
c23a1372c81ba03e6dabb0df,636160126.0423816
cb332695a296899d1c798426,741261797.2202233
2ace3da2fc4e0c022f7a8755,704276819.5481037
14f1bf9aa68aee1ac094097c,794234066.3862966
649a2784beb9b821d36179af,442747751.33503777
6bbb8f89bae38eff88c89c46,422494572.00719917
1905b860a8d463c3048b4e46,515505204.54346985
3ec50faceb434f716d73613c,841075785.0572131
99543a17b33ab955d03adfef,627468123.3913416
edbafba81b92efa9b1400987,719338665.339568
9b3846c7abf642e0a6220e7a,509095085.2626049
691c35e98d0d5780aa82aa06,622717955.5121782
395fbdeb9f0c0586a2b20edc,545784684.8243043
4803a3aedb6c20eb194469c1,511685875.46283746
bf95acc88b60a3d531fbd42e,409617704.269487
b936e36ecacd7cbc3498cee4,495674648.43443525
293c8a0a4a358fe7554a4ae1,432908499.6601781
5a72e2a62121158efe59069d,449189021.80079216
605276b332b5e5984b83ea8d,419633875.052367
d3de7e975a9215d04567e467,423523503.0232918
44b623f7fca1a306560172ac,495356506.9839512
9a6a8802cbf3549870c55031,413201359.8921587
f43c684b789900c58c8b5fd4,423523503.0232918
dd7ec9d7dfad5364dd303f49,594959866.4543779
506f2b1ff3e4e7e43a5596f2,606743662.622655
090d371309090bf83b6fe0f1,593791323.4749126
886be9a1881866ab1f300533,410614354.0656764
ef34f331871e8ca6573981e1,410651097.92460215
53bbf1d3345eabc2a8b7f5ff,671943467.9905283
5bb87c8d49ba8ae67a659b52,659881785.0477004
21dd47ac3c4e1d6bd0ed2485,534136980.1721904
f59686ef2740247394547078,697882135.6115179
8fac177c5a8b4faa21b33138,580753155.5696583
b2bc172a3ab25b8caef50189,567436668.231802
a10055de743532d7b7bd29a0,676289177.5799199
c344e3be381326a1b6cb5989,686107521.5475717
3fa4ef366575bc72ca5a0582,762562093.0453633
e9205b722e624eba0fd36145,605530482.2958132
e75699a7693c678786ced75c,568604540.2208056
23208132621583ce4a46de77,951503500.3749815
558d9e4b57fbe6c7e0a09a95,1025217853.7486414
1a6ecf722b2eed8cdc19ba20,536678352.56263185
11734add51785f1ddb999c5e,468320849.56790465
82c9ce0d018c1d620b7a6689,788933537.6447455
80d95b058cb11ec829b5ec96,483827008.6366216
cd89201cfe3fa19a4eb14bf1,534136980.1721904
d0a5f33f0689445e22db6626,486904068.88634837
c7c99ae9259b34bf9b8ba799,389949413.82589996
73806685dec82cf637f19384,393082360.79241043
83007c444fa52b34482ed55e,472587791.90477794
e08561df5747246d74136dc4,392925472.8080414
5b0219cdbb8ed527aec91659,524934249.9246509
119805b72aeb50f05d3a5bd9,782578514.0654439
fd20cc372715855081e24eae,590148579.2348717
e4a021b625f4ffbed391c6e7,636959295.2437297
902d4fc2c44ae5ca2703426e,790393091.2673545
71aacbd62d72d3eb29a744dc,779248421.4643635
7290697f96d8e2101089984a,683143226.4943454
314153750510e92ddcecf33c,799247387.4820176
9d576cf721ad30ab1a4fd554,516272639.46356577
50160783a9a0503df5a38dee,860067274.744182
0f4abd70b68453d3500eebb5,430627220.5003278
42cde300d741cb134a529031,560955980.1164502
1e9cb258a0b7e08244d7fcb1,579226510.2533498
febc9a1b054671445d756cec,620365617.7813268
39351adf139f820864dfe8f4,738592690.2662467
b4fac45659e67d4e91fe65ff,365040137.0570861
fbe555f6bd0edc1bc950d9ea,631498149.2711284
67308f6bb80d2a203e306104,363561389.0967788
799cb909791d43a1eb305eaf,474647858.6943857
4354c1b6b27a87c451ddaf36,383328906.49982303
0b937a3ea4864896b744108e,379566863.3847625
b96d8b77fb5ba71ebce2fb26,448779552.5710947
f4b1645da3f4286e39f2fe4a,601490843.797562
a2d1de4211aff373009809ec,577250277.692081
50b619ba3e0b2a4c6512bc97,557732878.1622115
3d57abd322b0077efa1091df,635444987.0038651
652793275729ff3b69e86072,557578562.8258009
1e2270f9f49aaf3be01dab49,727005657.8351808
99970db787f55a4d1963942e,545811091.6263036
801d821fd6ab7ee01b62a800,598269344.148887
2abd46909a251b8ebbd37133,467730521.6749107
20a783884d6bcf1aa5697772,448638392.45121694
2fc38ab2689eb24f63e32efc,555066119.597417
1f592cc4ed728909040f953d,407099509.443257
d1dca15e36fcc5ec14dfd870,407099509.443257
54f7aab6b91b48272a81fb47,406198746.91728145
b6d84e7d569d8d0f0d0c9066,677241347.1582994
54d10cb2a44179fd4d726f1b,664236586.8482473
341c307eedfce3f735f4a63f,462663833.21553415
1e057cf20757627d1b006141,471261078.12345546
798bf22408ef6814759da1f5,619643358.3994161
9ef3691cdc2bcece41b47e78,501064166.34781176
fd5793113661540ee34b8cb8,631744684.0700393
9c4ce4e9f12764544cc8bded,578795275.7064027
542b5322e59a3273e10dcda9,496169085.47438455
af578bfec5d84cc2f4ffb8bd,579309505.8660556
a310528e34207b5dd813df8f,589759951.5316471
ecf5c9bd618e3976ceb5697f,657403315.6783092
d342a1ae299065045a957767,686887031.7454867
f5dcdfdcc8f414cb7a38309f,585385761.4854118
4090c1b86074c8e769cc72fd,538094371.0676565
7ef2d4777310765d0c8121af,459655340.96070147
39222ab30001b3cf45b7de65,467759862.63657737
91a73bedc30e0c2acd95d6eb,856333068.6908132
d1e6d6900eebd9ace65d6c36,630688518.4195184
592c9c45c07388359f663219,632969105.972115
738111512f5e5052927468d9,603689452.0065508
0db51d4771623f5fc1026d74,419657931.1479436
82c9556e19072558cbe3a7ff,472365812.92072994
c1e51ab95336a51885b4c672,634279144.6985551
0eda675541a035b1f620ccc8,595459417.5681956
cf379b41b70374ac4cf82dc4,601271466.9550121
d90c961aa01e51d63e50a2de,605068772.5019158
990379c9f9f210206c6f1916,715857753.0260428
f8189811dc639d760937df95,804712444.7179242
3d1deb639d94b292552a123c,464331060.3152229
43041a793a13a4171f22e492,500497017.830451
052d00805b2602cac76fed4d,697757151.2797292
c76207e622cf8a208910707a,463181703.91854143
ebe33bde2abbecd6d1fb0cfc,458889208.7315602
2e23ee2beaf5293f57a5c504,430086450.18270993
abbd422c412c2d57f5df62ba,372997028.55068296
648217f4d8b5e0e65dea066c,598793713.1884019
52e7657a539be5f36f48bed8,614967793.5383612
3a276f0df8c12422e14107c5,852439495.5340047
dc537b5973d2b94acf6f23df,886461581.8562135
0a41279a5ea9b92bf8cb79c0,827670155.6254623
80ed77aff62d4c57ede6ba94,789650075.5515411
1fbc660f780245bd72015f07,532881050.13297176
df1f513009808ebd46ec0847,488768764.76153165
58708fd9e83147daf1a80c48,444165057.8641832
52b699f9900d81ae85ddc7d6,414833318.25978047
98c5b154ec80083bf6f51835,577839820.4215679
588400f7829874f9de919e39,558921538.6900053
46a2a88ef09b2aab932ea02a,463067214.37795454
31474c62a8f39e250fb2882b,649166536.2860591
b40873d316de1c295f2a97ec,447830287.2130086
bf4b8b23cd87377169684e98,592327055.3985739
a34b3b037805f2ec489a95fc,561686744.071157
963985c57392ed0423d74caf,513495161.106076
a93a37e4cc75c069e14ffa00,831518499.6039041
071f284d07719a3517c55567,739444582.793235
5d030db414b00948ec10d18f,412421606.73440695
6e57de8c4ec2e42832cd4b09,662787548.4932194
d9ee40ccf461ce3e9ebb815c,509850841.6491708
ee13d186a24af238d06e0c2b,706117649.288734
f27397321c007765244e56e3,687816460.4473113
959397711c3f452486ae591c,657105578.1757722
a41222195e5c7d7987dc3c7e,369116661.89062685
ad14cc63c36789bfc1bac0ef,393801642.99790996
79ea72e7b03cfd4fdb5219b3,556588453.7257736
cf68e05962a41395844e9c80,496218049.3039264
4a20d03d09fb9d0ee5565ec9,493212058.6395827
734c9446d0674b8d6545bfef,550362129.4253472
d9706de7190ae64c83e65769,539224011.5419701
b778282fc4b9c43055629e44,563443058.6296347
a4d4d6480b56d6198c0120d4,683124963.8268944
7557a9bc12cf0f2901c00264,743484528.8409091
41376f69b086937257387f1d,781938869.117478
2910f3631d1db77e4b61f8b5,461172497.28523916
3a8a506c99ede47ae2257e87,648439749.0292046
25d89911e830697217d460f5,617444402.5138913
365a227184022e99f1d2a816,748364400.2459406
c6e34cb4e79a729a5df4183a,648439749.0292046
c5c3f06bbf812593d1b95a40,800835429.2072238
acd6ad0081960c0f17b144dc,648738892.8541487
344a104d2210954497a5a388,784178461.704544
c0109086d0f49aac6c3f3f18,798331648.21504
c42c99f5da3248e7bcc73fa7,872846116.4770404
8e1e9ae57400052cbbaed9dc,647810126.3108482
8cdd55d191f206b0841e56eb,555713278.2539579
c1e0b47866cf4a0120e4b3d6,569171833.614988
45a033d121ca5afef24161ba,761096074.7971461
bc834280fb45fb308d957640,450579170.4998796
9ddc14c8e7fe7ffb078e0019,550296529.0421816
7d66238672def6f73c25247a,666289727.2256868
2c12cbaa1f14553c1d41b958,371969491.0108904
196969a98960a68088266261,414833318.25978047
a5a3cab55661982b7d30bc78,468420216.12030387
6464d5cc161ac659dd963897,390258819.16837865
e9f44786cf982100af0984e4,700953196.7043098
6302e608d8f37e63f4e5cc27,404992509.5103037
ab614a5008d68aebe34aa201,634440520.8115163
06bfbccfb3ec0b1f65f4b351,681019397.4721447
f7f46ac9158f0a1edd01709e,571099524.2573036
6e233ae6294318baaeebb59b,588706360.0959063
bf6e713a689f574b532edd4c,690841961.5091931
a7e97bdf2d4f2f62f9889c3b,592820102.5115191
784822ba0060eac9358cce22,815798121.0887713
13c51ea93d19df6c273a1502,565436923.5421959
176e00102fb65cba56279287,805458091.0667099
52e5904902e4d75ad87afde7,728072511.2644376
728ce22c8db9bd0abe3f20a8,916446128.6251338
e8bf121ec117e383c843bc51,1120342586.911702
878ff8ef3c862929bbb19ebc,630456405.5320233
ed80ba018de35d5d76d50db4,688862626.0225288
9267fcc93ae3b6df8c12d9fb,460999319.27769136
babe27dc477f5e1b7e438422,519987229.25887895
a4173461aa676e09227559fc,410433657.0157572
f0b2a0602bb5a83f0827ac75,630821702.550962
2da346c00d6fc39268f12b82,637065606.170348
9ec5fbf8767dd0d2744a79b4,550071295.8493401
c85e9bd6e20ee2a883d0a7d9,425106854.5412415
191cb509fd44e580ee32486f,548586929.776839
053d37bf1d988505b5e91809,445138474.1257364
4d3a66e028dc8f3e9ad9e9cf,559960767.9370602
c75b265c0eb946ce77e32ce7,526559874.19682586
d233eb8af3ef7e325f6c8f9f,439948367.3000582
7f7f5313341b3ca499968716,822609346.172395
4fa51848638f4437a3e31682,718601217.2206553
9090236db3ef719edf72a330,812591353.8034315
4dacc190eae91b059dacbb00,932074041.1719575
ccd2f6ec8e9841f1068b7c76,788220566.2171865
a354cdbaff42acd1a0b5d82d,790523233.4769753
da8d3092ed0e085a83a7d67a,678474765.6196259
1181e18553eafcf5edf6fa05,393480788.1806735
5b146f1914acf2ae78360fec,583606873.7884582
a0fa0aca2f6c2ae65a98ccbc,759429474.1306021
038bb35043651579f443c481,719508313.5492553
430c46358b85ad4a741c7187,366485187.7491192
4becfb041b0439429f2cffb4,423640736.60023266
feb87029d5a2e8125e165bef,417236200.7750053
61ffbbc24b30698ab8f735c0,436859890.35600513
0e3067f71dfb9dc2e03bba59,548787110.860309
b8ec643c66478da376153333,450978594.354015
c8bccdccc9186136a332e995,720089310.2608963
0f4765c8929a87746217e957,532777950.57283896
68c145df0ef91fb4d14d001b,411406002.0628255
e5b92a0c67c506ca6e92315a,591527409.380607
a482103965890c922a66eedf,724810404.085357
1d917f9f5a3cd44cc4dc8d2e,609003791.228976
4cc968db25c2cf03991c0041,595141786.3037589
91ba0c5b21b52734d1e244f0,633404521.8157902
d6a8f4abcb02142c6dd15b30,613523896.0472828
0587e7e1f03af8ea6c46290e,879476918.8017733
61e1e0c49f3aafee6ec9179d,597532061.5863343
797da4e993a993ef80277108,666680720.6697419
b8acc8e72f2c498fede3fefb,621976869.4630927
ef2ae24039bf2cff1caa4340,819606656.2718844
cfb8d15c6b0c0e6ee4b92109,840086412.6699771
05aecff6fd8d866c6c157a9a,809022059.9036611
b2e37eb7cde5cf4290649ad3,705648415.2157795
b7ecbd35179a7658f3c11b41,889072471.6500897
699095150a7f3f32c40454fe,748611342.0196699
989a4fc1590097414d7c3fa3,433166204.76326096
b6853999c45e21646a0d1b20,368250696.4336088
6ddb6863958ded0d72fcc6a9,406769964.5728143
f6fc3807b54d8c69459c4f64,501189760.59269756
6528ca87df8bb477f4b6b8c7,500195721.36865085
7bba885503ea7716ffea503c,586526845.4994949
846e6f1ba1c94966314345d8,468736825.8767315
04e6a79dd3e4d8d17c8b5387,884881645.2595052
4d60db10157fd0b5eab9a23f,553726961.9376854
0d7d434afcc5e93050e0b86d,664008659.8039234
bb9ffa04d913d06846d082a7,534987076.0924879
80abc4c356813c1e4ead1e1e,442815757.1813451
df8979b26c9971dd7c3500d8,529879073.1746477
6ea18874ea84b5b4840f9b85,619842490.5598071
aa75ed5781e6e8584143daa4,761015275.0214535
c8c8d083c9b9600059a8b8d1,665040515.1783025
5c8f3b7ccb4340263c255d00,470466883.8713438
79b943894c4dd68bfd8cde7f,572989779.6808106
64f36d32a3a64853227fa69b,648716116.748245
d7080c3742cd9d72e9d0ae48,720460913.488586
8333d32b98625a2742cfabd6,824403029.024033
bddcc7fb72bb973f84b864dd,857436176.7926159
5a80dd0f68dc2cf9fb1b0c03,433603026.0513502
5d82060575bdb7be33e63ecb,480556753.60889304
de416f239b27327e0f78b862,811717371.1173624
816f93a2e035e4fcf61ee4c9,648180943.9221333
aca1776ef24acabe172d573f,669373431.9973001
af32aa018cdfd081a81bbc80,446877478.1410526
7d133cde943d189c9abbb6e4,530359438.8979934
80035ad5b3b4a948469800bb,692235235.6672971
95bdebef7fdc2ac0e9541c51,679319371.2869297
d038e5695b32bdc6fff1f72d,568715747.8501613
2979f2d91d649a8c14f5453c,525503835.0748916
a0be286778d94153d3b22ccb,843396322.5938659
57e8ea351ecd1ff0825b1324,415117010.7483941
c84f96cf4570158c3832c3f3,557843428.5901833
93ab279de0b7b414ce758153,746773712.3953815
2018131ad3f6e5aa8f4be704,896778278.6513135
eb055771816b45213df3ff3b,436169886.85958856
8e3700ec731701361d7bb7c9,407947058.7843486
422e994aaca85628ff759004,559317433.6206847
569e2cad5c18a5f393f80a8d,608213732.2235469
7b4ca3a8d09968e48c185260,718016908.7991334
12785f791e04b3a49547fbc6,938334651.0466671
02ea72128a99862e9537718e,623517646.0714424
fd77ee8ca0551b5b614b40e1,649587390.8850609
ffbf6a54fb00029ba24dd3ad,417522560.97654545
a295b12b773127f15e83e174,486394670.4384189
90f0cf22cf9c8fcc290e495d,560987189.0570682
220d466e3737f1f2a8ed06ae,357942411.6718368
235c56f4afd6d87f1b3e199b,477098956.0212496
eb0f3b14782c9a484408c606,612530678.3164936
4188712d431ba996cd59fbe5,539617541.0697538
3dfd7e954d6f7f40af60bc9d,475969344.45215917
00e80be4feb1e8593b7713fe,570062247.2855898
eabdd1bad2bc4351ba4a2635,803350068.6333709
850342685ececa472945f7ed,1067239670.3345731
ecc4d05489c5ffc8164d5469,382299161.76700574
2406d47133763272a965ef51,418086540.27254325
b9430e8c145c2a0d7efab2a4,621297775.1935222
4f8dfb8de411b8a05c55dbbb,454842722.84390694
574b6bef16abb21fd67db401,561764905.7226096
e7ef0d61e27de15f10b0d643,719604901.6654032
647ec3f486cedf045cdd3b68,555979385.792067
69d83d8492db7ade6c37c3de,536386966.92561173
6c07175274fba6a0dc467cbe,617537849.906371
a5a71962df1b8bc45bf5547e,742715987.9258711
ff61abc1e7843e20b1bf8656,511380954.0603847
540c4d7a79864885d73cca95,465605563.997335
17d0f69ae2c4f1aaa1aca9c7,408909177.18197775
80de6a9303eedbfd1c69601f,843597252.6665112
7cf573f273b14a6cfafa3ec8,543361528.1042262
eb9ab213defc2de5d878653f,676866950.2204562
69f7ab8608b5328f106b42e5,663493544.2762204
9daaca90887e5144c35daeff,482067159.4584075
2bd08c0964ef4a95295db843,875987529.7271751
34f0542a538cee9f3624d897,422467943.1678747
847a7fbd4425fd2fbc4b3edf,679234372.8671296
22428154baf95870f1d83fdc,576398549.4691995
18e89f083fdbce3da0a82a4a,624088978.6744838
63674e7ddf6f2b4d7c6d5c1b,379821081.2772697
0e97f66cf4208c1a57d1fb17,365831233.3528958
a90f7cd68b662c87d9fc2d5e,631719106.8628525
2086639384041f3a9b519140,761069259.1511444
d38353aaffa4af168518c6c5,562494993.6786121
d994f3919c3c8fe0ebd538ad,974407908.6502049
ea9d6dc517c77ff8bffd596b,613736268.3898942
ff83788b9f8db0297f6c0148,695149810.6737671
9d9564415e52518c2817f66f,711404386.3602346
9362189c5d784741c9b0f8e7,1061190936.4107263
ffb510bd3f847f4ede255fbb,398516392.69913363
7d3e4ead63a869bae978027e,621038621.7565663
5dc404d1c214abd2d45b2a0a,772901541.060406
64335f6d4c1a7514377be77d,494652484.5631125
b81801f02a73feb1db7f5e83,806675368.3356495
b5d6fe84ee7c6a703891112d,633495102.8791034
af0502ae1fe341c2ce1b5325,567181635.2205477
ec43b2789c9cc266a8e0d1f6,415010738.24027205
7ff8b0b5ab4fd12f3be399ce,773845742.4989922
d5c8073e3ceefbfbb547eee3,1025230334.6762991
66379c5752189c150954b4f0,388634090.89300835
6a3f9046cfdbf4eefca3ca69,372719951.50643104
b549a72c938d767ed504bd83,768197858.205675
f48e503ebd3908838c1f2ae6,451569019.27569205
e58ba64bfa5280630bfcfa97,578325171.1957572
07edd16680605925192efcf1,650132866.3982239
70b821bc1c7dd846a8be343c,366184775.3622711
d84d7edc4a4896c4a8722328,534127145.2343214
6d592a69209ef3356e656c44,586522285.1330845
ca9b2ef10b512905af6be620,608492176.1651589
bbf16146922556095f53b5ea,591678100.4578301
86e80098f5a3e7dbd635838d,763657031.3986927
dad46c20f9f7d834e522fdd1,757536919.1075082
e2dcb036931bf4b2aa030036,950144912.0424527
aa7a25411bc0f9f93dcc40df,493339005.37427783
e192181121fe58a8bf94aecf,628067130.8313408
5aa715bbe2b178ad0c9e4b08,828460542.7594059
43b5b5a9a1615eba48ab8b66,368307937.6001141
dc91e3fe1b190fd8cf2584c9,562246521.2249302
1014341bbcd2fd5775631f78,686428131.5154446
7f2e9d302a6ed1770db9f7cf,849509980.288589
73f4074e5e09e52e0e03598f,588930703.0665699
0460eacc73398bb95f0518e2,652927902.0658876
5a44be6fad8878eb2c394ca9,558563537.1041706
936cdcce007bce08a72112b7,714645550.140311
8334a4cc7db8ed5c0071fe95,426598135.40239495
e3e9d1d073b129c697c1e9e9,889020688.7617768
dd9a60c3d502ca3cc98d9b73,597380322.7749577
949184accb5878f82fd5c10f,520406926.644977
bbc675f7edfa0425c78c15ea,476887964.0606703
7436750d73f2e56b4f29e98f,576982626.4162881
cf81103f31f74edfe0453de8,650109551.406592
620e467297aed5c47e22735a,411105004.8127181
41037a3f8625082544979179,517234807.5360909
6a2db40e5f210a31b2f7119e,468509419.4010255
0083ef74db679d22463a1afe,570091377.5434301
b19be1ad7f60717a943ff0f7,513929178.74339724
0906b6a88fb1eb0d7bfb6bb5,421381497.78260577
f82adf71d17c261b41a5231a,462377474.5879708
bdda694c42c52ba4803d482f,471693466.00065005
80f633154b6f94b8fa24f213,478555871.14752543
f69aa18a64d8b8494fd9fe3f,381363603.71490055
3146f3ec9b237fa0944cec7b,535657672.6807713
5db3d671b5aa03dc33f258dc,375589609.9862867
d5239537894ce7f2a9cb5a49,428976380.2980964
bc28e66374356a4fcf9b62d7,458483070.6926255
3697e556be961a16a621f3e5,395874817.31043494
bb6f66493fbafa76d70b0a34,608570314.6515324
e78a4111d943044a9a32ed80,622931638.1964025
044e2daf937c0d8373f2e914,842882480.6466508
77668d4325802de9d63609a9,674509868.9143671
a85ba83751915d8d5d1a0e09,645944689.5572593
429460d5f5c5381e945cf449,557729836.0196732
a53dc5c58f7384729ba37a21,538178558.7692269
a4dba76865fbd14aa19c0286,515977494.58796036
7573c18a79e5e3ee0610d7cc,468591019.5547319
f13f72c1cb469db92b25c2fb,550457242.7007871
45dd7eee4488e88d71d46783,573093418.6395029
dd4fd04b9fd80818bd543f9d,601210799.2592014
500a3c5953f89b431184fead,429473543.46025145
d2e737461b916ba78030c76f,637881958.9178998
e1e69b5a90431b8a44265487,539622760.2110869
49cc8164d94a2afe8b750af4,524286960.28923434
e9b054016b281140d2566d88,1016101887.4758888
32161228e9c502d2c21beaa3,489126028.03920436
9017accdd4fe3229fc45280b,366525628.964222
17fed4a312a9b773f64861d3,420568745.8452824
8632f5681d04d9c934675409,589367374.5182117
8356123e4d10a479a12e98bb,575235357.684194
70463649ffbda5fdf3c10ec8,505113114.3084153
1414ec3cdd3f6ab772fc7584,561801005.1110362
937708417ef2642b7d05abad,519011584.33650076
afbe90d764c1821cdb26e38a,417919199.7273177
14331a3db021936067b15890,603186087.4271297
793efc460dd25b67c644e92f,562259834.7590929
0a9e4dd0eec86037a36fe769,616989539.4643997
e5168779de76d99010e37c7c,525291417.1768476
016dd08801ad1a1e7f6e695b,725784630.4053442
ce509ce153f452ff8a997538,597949778.9322448
66d8ce8e6aad18a4963275fc,793296487.6514412
8398e3b96d1311c7264f6603,608112905.9335138
e9081115ab418ef1031326c3,575816004.3080943
5c8240a1ebf6138f81dac715,655390644.8094666
18cb1adb2078fef29a613a96,588724732.8361032
4167fdc804227ed43224a32c,933192021.3416991
b5d0ae257748ea92c47d8fc2,578467011.6985534
1d17f0ff708e6f0b93a990ec,683346250.1143076
764f506bb2aa1ac4de918a71,869897742.127912
7a861f1e3af4dbbf55b2c301,672263092.5808692
1562a23a312478d7a05a33dd,410181764.4276821
0a040fd24e23a77f0c58495c,678370317.329021
7f0f5931fe148f6187ebf512,472057731.5598425
9fcdcb2be94744d00e734a3a,758820569.9711932
f181f74e96a93820a23bc0a0,433976333.06827295
5193b43c32a2bfb3aac6b2af,626658414.7684982
6cc7718e834ba47a429d6874,572946242.2455453
b8d06f4ce0d6e71ba0fddc26,750624310.5932701
30a30e4ab286fd822c68ab5a,570907177.0228893
f99bdff027d28ceca0caacd1,543190644.2102326
f46f5e911c6c595efb5b7ab5,538886642.9883995
a7f0c831d82505044f370b1a,467237881.25093
17069e9f4ba45c93738b109a,541509964.4891316
dd5c910c2a3d63b8fa92096f,448028270.08176196
a33329c9ed11ee8b87aad6b4,490817608.0389625
925b457b5df270a68b84753b,389970135.18102825
d206aafc71e8aec2afc3f8ee,486428108.08652693
f8232717e74332384075dde8,380075180.5049918
f60d9f0751a14efe41be383b,400684728.1959148
13adc7946bd4e6e3e4416e52,374668948.92174244
230cdc90e6c825d391d5025d,532518024.38329226
e98cb170e4383546988c6829,448028270.08176196
5bc46671989de2534553ae49,454600073.1343644
3b98c8e46cf8477a1968244f,423098082.7812745
f9f5fa4ad495197a5c9b492c,391543756.7373532
0bd42f8ee9d36dae4cf35886,359330611.16715246
567ca46ac91cc53e3b479547,387025835.11372435
f0ebddf2bd5aac661e4945ce,913569322.9342954
eee841bc785b1824b6419a73,560533660.2713863
004776514ad269b380581066,421089495.2954612
bd3edc7854cffd6b6debfb98,637660854.9042311
0b42bbe66e438fa81a2ff77a,655441006.1243203
a33bfa6cf99e26bd9c49f8d8,587156154.1492473
8b45db8a4f2c0f772c8d44cf,379470610.332491
262b5b0bb408d7cf53073832,403231423.40487283
5844c83fecdf7e09b188c2f0,546871756.2322143
9cc3c05f0e81b8f6454b80ea,382239161.7658805
07c46b493733d74c4f384b79,487986254.5728469
932ce2fe93b8e1ec0e7bbc8f,484537471.05489546
559fabe06aaee537322d0af8,372577776.9112798
f4da2c8dd901cca9cdd51025,547158956.2322143
84eb4861db0816bc8722f379,585522214.0047685
d0dc69570223bce949a4c17e,700216455.7375698
abc2ff9d0e7848169fca170f,458352000.8011179
3e3880088f0df7c447e27840,406168306.8432273
3580dcbd0a6d7d6d3546dad6,503789020.9716591
f123231ff18912a3dfd7cae7,363668930.6164944
78a7eac41dd672cd1863e3b4,642048447.1116958
97def72de478566ad58020a3,612024175.6991884
e3e2e3080cc309d34014e8fd,523472442.4916488
71be583d473084bc0608d066,541230625.1069243
ac6a4c672dfbe20f5bafbd89,585235224.1588299
f4fc081a112f5ee1b3a09e70,504575840.2201356
d8add8f5e0aa562a63c894d7,490638866.84634346
88ab887e18e38d0b8315286e,499631848.0495537
07c8af84608e6c9206ad6961,586167444.3705399
2b352d996677e67156391e25,488818812.52962476
ced624c6debaa01c732e9f60,620416071.6089572
ef92f63b46f27ccd2151a21c,751357734.7443807
f4022026c279a9b77a894ee2,587102286.374746
e2e2218086e6ef5377c01b68,590953954.4384003
4af83eb7718f5823ae69fe47,583294179.4073877
ee98e745afca6de4550fe570,584872265.8254966
bd1fda425d792fb0de7b4499,519431350.2899706
86b2d3ad1dacb372734f810e,406168306.8432273
98abd5139cc3ea136faf7c8c,714542310.3010622
4582ec985de48290c5f1f5e1,616806688.9374815
312a6b2a57dc6947f95213a5,452916345.3915589
86a47522586da2884181f128,624336254.5380028
b41edc115f6b439caf392941,360556455.2459067
fac682b61b813044a3e3ad01,679893716.2733895
63f4e57fb2cc22659e80d6fc,455238267.8853017
4310c7a552b20afd46f930d9,678436384.3144653
4f18341de355d2cf57a03983,359173321.1897518
a418dbb6d04e505c133c6c1c,660983073.4498035
afce1d7c5576dc49c80bdabf,597209501.45322
5ec12159380f4d1a85e8b0ef,407977764.55886173
78d10967c36cbf346bd58f63,818369251.4650086
f995364cc33c431b3c93db45,548735795.7558959
99b31d0b5d5ab75a2653b1a1,406092854.84959686
42d42ad031a2c62be9b5cdca,585235224.1588299
73d09646de4e0ab46feaceba,367008927.0866652
bef4759bfc25c7d44a8112af,546871756.2322143
c038742e427830aef3ac1c17,356687168.8328969
e96a7f5424558193663ef6f4,654614185.030524
1af243eb63d893b1251f44dd,751357734.7443807
a083fd17c5e7c9d33540b922,443843439.00758606
549024cda1c093c9f8bc2ea3,388363137.88138515
164cf5fb9a759f2e4be67b6e,454600073.1343644
65ff6cef76efb4c83ac0611e,629584054.3757741
784b1db005d39c2f57666efb,495421020.07369274
a2f06081983f748fcd74652d,530061269.1668378
66e4f010db2febff23b4a4f5,567629531.9880068
9702cf3039b86f97c003e20c,570759526.5250444
48de5d43e88caea594ccd27c,546643075.560451
6732c28a236aa1ccc0cb2c86,548539833.7117399
8a1d1f70adbdeb233ed3ec3a,540694412.2080827
c775d4f60fea55d5511da4d4,568367479.5781499
1f4109e1a4b47a9b11c2c019,528349207.6422347
31ef69bed8e54b5e1fb245aa,573262232.2862254
882907ccf178b23a02ce262e,385724645.914184
2868ac4225657a13f6149e6e,617355899.1740191
cf6f0a3cc030024f4e9ad06d,567678283.9013512
0a1cdd0d5c3c8b973ab1a98c,862186591.1231444
0d099b1e1a314dfd9aee5293,531927276.583497
898d1eb301c92ab6603e0b81,574416736.3294581
9fdf7d85fc65849cda3afda7,565013408.4090658
f5ee97750fd4e04eafa9d1d7,695149743.5402119
ef9cf29f71434be184a4ebd9,487601441.53283685
e4559824c3390efd6282960a,514038644.2313437
f8dc73052c66ab334cb7be14,652189624.457699
2e992370de3eed4ec1271589,751745935.953386
e2bbe9221780d01a265e2ef4,562054075.84162
b65a2a140ad5fc6e3e26b6e3,410761813.13110834
3dea0748459a295fcbd2f0b6,473206893.33126074
7a1cb1f751cd36bdb6412ba2,763741242.6092216
1381c0399ebbf19db3a11820,410761813.13110834
479b2c9c12602551bbd0212a,580189202.681962
d463fae95232d30e0f78f93f,410761813.13110834
d0df2748d371d98d76408d66,537454562.9011818
9551dc6098b721dd495e5c57,867429074.0267175
fa736ec3f2f066cba4328908,562788622.1054462
37fc4ce5dfff7faba6bebf8c,564224920.691178
f336d60e41c8bfee91d58728,436721985.1106356
65e1a61d984712e76829c821,726772583.9792173
65eaf65f8dccb8e49a93b753,635692126.3866779
36eb8139a5ca1b8459eb52c1,560780140.4511403
c357cc3d2f4b45ca3e1250d2,439417336.6154352
4b75f2b374e8674e8b55eceb,631717571.3960798
9c20784acde0823e9479be2f,904256135.2344999
0f2aa0d9fdcfe894caa8fddc,799520469.407307
23374ef76774d4f95f022473,669404330.7567376
4224e69acf9fb071d4cab498,683361116.8377845
a41d05f2ae3e022c16088bd0,677765497.376086
9b30c679d7da9169580773a1,719354372.9897175
2795cdb2f4d568a782dcfc3f,810124536.4139776
5399af7ea98c97b5906efe1d,850232149.2505347
5e93ed2a9b36625c4450b5bd,640108880.7445366
d04d42ff91707e3957b4a29c,664897781.8902615
f32ea78bc5ea15d700d3c118,721023382.8669729
8ce2d6e505ad1da079f34a8d,729276979.3351395
014799b9ef7d5244fb6640ff,677857319.0796165
f50a72cfa82f3742189b7fc0,693523898.1022478
8876b38f90f5571639b7d879,721376344.4444724
239a2dd25f604c730136c720,599046700.6698486
db297b6ab332cbbba338e7a0,739133541.3363509
5aaed76349fc95f6c12ced7b,945129665.3834634
10c94f25ce3f7532bf4f3152,555178878.8531711
d0ac1f63c75987c92038bd30,647027938.1440011
db5ea791b33be91840a6d045,694455619.4397849
8627562772d9d63bac507fcd,673893317.0112418
b1ecdceb6ac00b6b047c241b,1025706526.0855551
f499c1513abf0b05aa1f460e,764766303.8360307
0d8b0ca08838d1dac052d51c,634127054.0962038
c54a573c9aef013dfa2abeff,678961804.3882898
f02865ea64b156bf4cf4cfa4,691139589.9109261
087b564ba475edbea431d4e4,608833516.6329639
2d3236cf646f19a25932676a,678961804.3882898
68b547621c25c7418cfdf5dc,607730915.1007142
097a1a08a389439cc2c760f8,368579881.71819514
e9c905ff64c7e2f8c21b0a9c,399926155.0143336
464039bbcabc650d659f6683,492615298.4615643
93c24fa31fa780d28ecbc318,441209276.7380871
a73206cd21136b209f25c7cc,435791684.5920729
852a11f12646f0a1121824c2,388188436.3503524
61953f4c9bac7cac5ddda5d9,728642318.7830949
5a5377f2d087b7bb183783bb,609687529.8193036
0a85c354c48921e0ca202d15,605130798.338838
12f9d50fad58e4e40a187d98,689646992.4718708
45ac018012e7dd91d41a5876,381182906.79561937
28f905e91295a47d106a3214,821402671.9351184
395e3718423aeac3d40494a7,524978128.88145095
1fd7e9b1e717578f751c21c7,803262215.6105276
e8bdc4a088a6b99a538a6f0a,389502177.9132348
45b894a8b028be29ed137f1e,719825829.530406
f5c866d489889ab2f124799c,565402250.5170567
3d0de71d822da8a999bb6222,429862905.8978582
ecd0b4bfd66fe04c278dd4ae,609320602.0981495
9a61bfe6ba2b8364a92e5a97,537226324.0349966
e8b8d0c4cb87efc13344bcd2,731947265.4987234
1f39ea319382fb0e41ead713,598861366.1373158
d61700c4ecc128290bc42d3f,408234680.2312167
d87cbdc4896e0e0160999520,423770993.3655904
d1281c9f037ea5c4fa683b84,504910531.2101007
310e768d2e8836432f8b3e97,402635103.7876753
c5498cdddd7856e99d21f52b,586740782.340118
d3169d4a467cb7eac41849ff,521596556.7800902
2eeb4b0d7afa57b63778b69f,901195328.5896175
7b3621124731bcd2e543562c,619812349.9685044
5703b4ab6e77d88f751bc6e7,583620032.0621991
2c567face144ca714454abf2,922686345.5035102
7169b5a3b9a796162de685cf,892392696.30597
fd19e1b2e61f5efde879f6dd,1021119828.414598
55f0e95dc857256aec65ec1a,574727823.457466
ab03c034e2a420f395ca094a,511867396.5013865
ee3c0c7fe3fe73ad0449870c,663592905.803865
e59afca092e0ddaf60c9419c,772389497.4980005
99e48a46a1a599471d3260e0,450874520.88828677
419398139a3aa2ca2be3f941,669512122.1218079
54c33befb89cc873771c3be6,922199997.6720691
cb29bd3ae3d5da88c99d3db5,634407912.169001
24258361a4ba8f772a83ba7c,648958720.3958333
539c12d2fe8cbf950b75a0fd,398989856.59364545
7b81996f3abd287b50adf8da,783615325.7225838
0d9e73c14529fa3f1ec8a56f,543697290.1718527
dd178fd542fc716e32b4136a,578145937.5325593
9aad22f3d25e46538e1558fb,561579738.6807564
93df4118ec3536b312822d90,560404949.1132432
7c6319c04025c4ed6aa3f051,543697290.1718527
98e04fd660ca1276d1510a72,587349255.479628
4a8eaccbde5a4a6747818d29,666163678.2055864
9f6ae3eaafbdfd8d5c0e64c8,662542126.0910131
5929c81cfde8ae068a8b822c,620348086.3108233
b94ea2b8b847a47140d04008,569406787.5450395
ac1b644a8d2ec042ca91f89c,676693365.2760838
8df9256029f526ca313202b7,613636900.2384621
e029511780468f4cfbd10d3e,543240206.5987817
0878fd8b66aeb22f6af2d7af,492307789.2182126
76258b7b7e8778cd60d3435a,639985953.8809552
d64a2ad3297e2fad8ce66197,536439642.06663966
8af6bb75c85a2789156b3696,367847094.1618127
40db880aba8951909e6e4ef6,706516679.6424785
c9e20cadac540faa59d9aa3f,407056047.2666062
7d5459e48101349c75d43aec,576889289.3508446
fb0664d59b6333ae1861f343,708468789.1434143
bc6b57600fa9edfe13fb3118,647975003.972022
d309cdb5688ff7bdbb682d17,577601725.1524885
d17ba799e68d7775f2104b3a,390468015.92311305
2baa6afba131b74487c94d74,712879355.1729823
0b7c8732558fc04f4fc51ec1,593172707.4394016
0d8cda2859d9903f6202af54,715485405.2306966
0f2913c5aa681a2bd45a5484,864200998.5645474
de6010c57fe78d975be38c2b,828103641.2144402
54b474bc7cb126bfe8e6c144,561769680.6531734
b1dea7d384760535b770311a,565353498.8017035
9e90e02c8ed3ad137e4c3abc,546947140.6169398
b59711a5971a3b482db4d9f7,623517646.0714424
2c37a1280b18e095b43e19f5,896409295.0143428
fcd7c10d81aff25d9233214d,365319226.7604811
c3b8bbc492a7d7bdd63da22f,585387730.3850161
42aaf6521fdf1dc9bc50f88e,446948023.58148086
3c268e9119b8027f78f91954,708012665.3795103
c8d5a0e9614dcf96a500206f,785877397.259245
6c778557da9b5d99f90b1238,878093934.0850507
4514844d15690b7331fdb6cb,694617967.3143262
d8e981acf77bb46a9dbd3109,557009198.1118068
b940ba03ea60d4cdc5d2d429,695561972.4366542
4fab4e66ead1948498d2a4dd,438015682.75979847
a5620899d410af623a3ff4a9,869113460.771096
f45e3be8500d7bd91cc8855a,463222349.264274
4b82eef445edeae7a55fd019,517653514.6230365
29881785ae39aec014c4982c,538317288.5364317
0d9f91cbcc9339146bf75bba,531401864.24804395
b839e76df5d73e7d53691707,581228530.9637564
7ac96f16bdc50ee7619f3548,596922041.7221639
a102a0a268840439c2c8f4c6,424980292.15793175
e1132006785632e4ec5deb02,586487561.7200797
a041ed3fc0b60fc4ce3cf847,609579072.4576491
84b758716f47bb0f4e4a2bed,397090459.7583055
84394774ab45e0c8b733bed2,387707954.8417513
2c1c91f2bb4d9dae38a44360,525326316.57038444
8ba9304ea7b8d2b071bb0699,654074131.9589117
9a76cc7c650230c670e703e7,995746130.7239476
9b0833992397c6e50b54715f,816140291.910688
6f192e6a537c1509521e1e8a,710796875.3914014
d1668e2d35a939ed126a3f8e,782659537.7443814
a17807447696896bb61ef8ab,1010330561.5209665
d043d368d2584ae95ad3672c,580770605.614878
7f2e3f2eb5abf86b56897250,683162927.2406698
fdb1cffa6b7346fde667d72c,442166545.6230171
58a3a9f44bc7846ae26413e5,485852201.47525275
af230af0c73a5f2b72787c1b,729961307.8382089
3cd5562115870363ed5d7558,670747770.2939122
cb9d8fe7c18dba6827836403,623895085.4669358
742fd57dd463c1b5cb79f63e,653971054.2104622
0d30768d188b6bb53d599ea1,676239399.6251953
c455b8a15dbfff94c2909f37,564026642.139034
8541eec88f0dd8229b4fb041,422597339.9656162
54aad3aa4a166d2d50df48cb,621612138.6298158
eb9a59d4e85a3f124e866f47,563172560.8630608
d65946f9c27e417e6bc60057,387218382.6353007
dfbb0ed74ed85bd186f40ccc,386702014.2137327
84b05da6a859ff5384f37ee7,500423261.06619185
e2da7c1bb33be76b86b9a07a,547836615.5166253
456243bb3fab3e74df21b5a0,582184114.6131045
a947c2ea296f1da3d10b0a06,558887076.1833277
3929df6d73b3ba01bc018476,419736744.52924895
ce44699aeddaeb77f23c9b9c,833459247.9132671
3cd3537b5f9475657060cae8,833034030.8336663
4520ceed2e5fe3458850a805,723421972.3400728
00dea98fbfbfeae74c513bb6,656763440.5222563
16da41b1128c039ff8f83919,724260820.4790927
111d509185303ed970d710c7,880456953.2333149
83ad1ce7ef6d70842ec986f2,525594527.3881534
74f8ffe35e8d3bc9be725d7a,440163316.64627695
f5e7ab7c2edf566fa22501b9,691598060.4783993
2e1f3fb2323fa16150f8bc88,549705671.7854384
f8bf37a8f81a310e299385a5,516415605.4683192
7b71229680a50bc26677a427,764787057.0871122
1f7daef9ba898c4d8ac1c81b,545344214.2255551
415b68c7a5cfb073676c443b,458190982.47553736
856559e93205dd1561d8ada3,549487510.2662305
6d534e4baa1740d7839664eb,476935316.1142927
9ea78159ad117bd9c0b04291,546582258.2256869
38faca2d6e338d328428f986,400765278.84720176
fcc6c3c10bb52776accaf06f,587161425.9961598
9120f0e5a6f505a2553bfd58,641141387.4853044
583a8d8c5d7fa63125f62155,700693549.4966224
3d04304c8644c81114c36f98,714588148.6573224
21fcb5c7e497f0580b820379,595860795.5832821
6542b39cc8d2d13dc828772d,689601102.3329017
091f6342ad934f4e7f84045d,587326343.9681304
fe8305e287f6a8e7899c9459,526392748.4530973
d4492ffc4aaa4ca9c4dd2357,655192885.8534718
319b9accf9980ef2ef81099b,593721120.9684937
fa84c07cc90e2a2058b57c9e,457142564.062283
c4749eb8f59cca469236df01,391699248.3223436
b8a5928cf1f7e704e9933bed,565494845.6322387
c2ffdd10fe424afa1b09f31d,429789932.17418325
f221dd5d745def063eeb7258,429070143.1384023
319ba1ec06c9b6ca6990f4c1,596349266.9042987
29e7796eabea247af4e8a0f7,409339802.27217585
ddbca69ad74877086c4110e6,584874797.3799132
c858f0f3f5594e7bb0f3b6a4,596946744.0738431
88ae3f4a8ef76675c66e925f,556073816.8181518
27e0810a702796d97878c34c,652440192.9214971
7450139ad1b39b2a380472fa,581170924.230319
35ae7661d8191507cf9e7cdf,593772473.0976628
93b8ea95ca1c1ff3881d91d2,451882958.7811719
8e4709859d50a75dd08b03e5,481579253.54568905
7026113e0cd7b2d17f8a3459,462255340.28777564
9af956dd8d83bc715592b97a,395315353.7516339
df10ecb67d79e645f77a90a6,602731034.1988406
14feeb619f409386e6eaeda5,418108977.4090585
1a6b9a6d92ec5e905ac97cce,454442880.8713354
057585ba19d6144408d4e2da,561012621.6511414
72699647b590d11ed9b2f2e8,378727034.21057636
cbc99d6202cd3a31e1c14a16,603612161.3199044
ce1d63bc4411a615b816a76c,600992102.0526836
04f0fd25e2456759753bd2bc,802626470.197298
8c0154eb5be437746213aec8,882071388.7095118
e23017438478050a655f6d67,907959672.3665719
8f0b6d6dd914911c7e90d302,901234800.473352
4b38595746dcb78fbb459781,836389873.011216
95aebb36dc0b4ea86db49492,935741717.3986799
f900f7a9c5e2ea51689e8992,874227324.2271165
3fa0d9e247f28968a5bf8476,434333171.4576922
1240f50cf2d8ef1d8713e671,560049342.4743594
14a55e5887af840860b41ddf,372607024.06881416
3ffefb3f453c54585fa6ef22,780169002.144699
c3b357d17afd631df02dc39a,581694945.490117
a15aced0fffc97e219f99545,422131044.45718163
cf707785919dbb92cfc7b5f6,548706739.1489918
70ebbf6a402f0f707b893979,826373621.0563376
aefb3cb6ad2de9ffa90b9534,823841592.012453
b2809471a0164e3d41b8fa60,826828223.957917
6d11001f164d81734a82ec1d,416760475.0964508
ad71acd782a4fce4d9af04be,608093256.7768905
ca86f53a857c23b15eef428a,677543329.7742103
580452a616b4f5170eb628d0,474406261.43078357
7dc609a3c7a3ab1f9a3146e6,658798287.0216669
e8fc9a1fd4b39f946b914398,481052912.66657776
0d3bc6532812ea618d154bdc,648285726.987108
1ee436f045a0662037f9d2cf,560058683.5115024
8697b1d337145af0ef8e4619,721545726.4699678
9a08127164a0bb61cefb3680,385103045.37517995
e08e1f260e5c3231c49e5a96,534668843.11159974
b96502e30fecdfae7796f1d6,578341197.8610823
a0b178016cd26a1d2072e7fc,433532142.6766384
5e3d7da3cfe55ad1fe609579,542230968.6758015
30f77637dd52e728efaddd6d,662387400.7555281
2202c5c9a16b771d1e242c18,649045158.1971328
3dc8277f29d0a2406fa25ce1,609380852.0969895
a0f86ac00934b57d85b44dde,661379214.8058611
9168a08b1fac4c5448626ff0,534003430.71443915
cec8daf847f52cb2845a9f58,664373406.0617414
ab7559b75b340275587e50b7,601096490.0690302
a392f7f9ace844d712ab2b4a,591173908.6029104
dd21c6799a32ce6ef27f5281,438280623.37815785
275ec6bd936600c7eceac599,929982358.969168
978195f1745ab7e3d69e1f50,862386258.3095975
0e3f82238c54e85ca4229977,531495827.8158499
bc168cfefe964762cdf8755b,822217092.451174
d22d5776b6305308c9e774d7,566709669.2517492
94d3fe901550dd4ba77ffbaf,657311512.2995305
63717ed97f95e32b2ca321f3,507509682.7243109
a7df0496d6ce217fadfad10d,587338830.9691292
51a696388218fc2e412f8806,551577254.183333
a918c218ff761315988c6335,601992137.1040614
d3609eabe59175fcb4441ac2,695666451.9192328
8af2e264b801b3e155e52be8,733757771.4736667
76e4ebad138d50c690f0aec1,383537349.36249083
9a9553eb431458a3e30fc672,749225099.6917984
117f37774a78d65f9e68f906,457773443.9848607
0c8b133effcdbcd49d52add5,597189660.7330416
5e8b2528c1c0a5c12a476919,548833628.6248993
38d6842c2807d54f386bdb5c,538770756.2739916
55f747145222c070fdd50175,514373275.52415305
ca7d715827b39c417e5b75ad,660020230.5963265
b219848e66fb065d4d2441bc,654674380.0424106
a04d3f4eb8810a346fd29ab5,585016440.1141462
0b06da0ceff947975cf8951e,567791677.7706686
3f35c44229ba13940d8a705d,615412553.2033968
8bdebb8914fbcaad625b1764,448300417.4783806
f4635193372f669612744011,777087736.594157
611a369172eb6e3e2e4bdbfb,878008078.1871186
6689af92cae5d7c9c3e2f215,984807953.4534241
e382002b0685aabb01891743,752933003.4591007
edbb6dd10f8c9e7596368225,613129144.3514003
89b0592a715c9e135967f947,569373472.4600947
a67c6f6400a176e0a07d6772,524114889.0089972
5c6e6dae74e39d33621c7119,547075769.3300861
0e1c100d8e57de8296363d6f,400186038.19132525
e2e639b53456889ab5350ba0,368498361.9872429
93acd9176ff299221e0d2152,662928388.854642
cb482d76b3b4904c595f2dc1,402640517.2106534
a0e15809e0a284fde27b16ee,718918423.8544563
9a958690c3947f5a8f05cc80,724875227.0330943
889bd77c8271961a6e4925ea,901512033.050138
dc082fe46a714afd43b9dc19,553989739.6210985
99f8eedcdc31cc0ff6fda7a6,391089217.4870066
dfa744f733abef97d82dbb32,545586203.0868673
d50b80d68eb3b928e4bb4317,453579545.3800304
a58acad50184e66794d8d704,585017549.3341824
52871480f7bdf5ac3d785630,688588954.4085715
8b083d7ac086f52fd2942a82,546450671.6497772
301ce25214ddb4b5144373ef,650950355.5255975
6d76a22793aa9b571da64572,734313151.1605439
d7c48db0385bdbf7ecb7088f,690521634.9417977
874e2c6f3e9f90db80d243d0,426459164.992849
249667af8d0835c9830e2b37,699257895.6308738
75d3c9e0da9a24f4849f2078,806937850.6232458
9e45b127ea0303f973bac9d1,425640899.92383486
daa0be53e7a1d7ff76f32955,671041567.9570168
bf7463534babd284da6ca671,385689498.9058614
0283890ab76b10547b27e634,595806555.0831196
5fd213a5236154ae5206c372,986487180.3090422
317e95fad7d399673719537e,520077950.53252876
fb14ddcaa459b49a3b30eb3a,710065673.5399727
4cb5e4aa83c476a5b71d77ce,628294123.9177135
f54d358d26af89636906f686,590941723.4714274
f002603a6990ec405d82cc47,922199997.6720691
e3b7dc4e8990f3cd436bf738,671221041.8022116
97c799300453ab511bd06361,785068324.7753748
3c1ee7e502c6bfb20873b47c,653675317.5179547
cf7741583fc5315ba70b70f1,656106800.3745512
36a0a1f0432c954604825b6e,630890508.1127138
9836bf9b64f27104c7863b79,640950339.3947337
68a3f9ac977f56cd39a6a1b9,625567933.4737157
b676ed2d0af6807cc2b28ac8,659757497.3020037
430112bf4fa9324f0149a879,467677458.9884587
fa00e05d83ee890a38c3a686,608130564.1434916
7d503f126b5863fa0626d4bb,596697915.978976
ec03a01c961659f2cfd9c973,688774548.2267553
6a112af84d5a81f3d16dfc32,1012016490.0596137
4c5d3dd8802acb9ee22ab912,666159904.4678683
d029158b36963961fdcc3974,614158197.2113384
c2071e85fbffa3d2c2168319,811940852.0577185
60a04215bee81d26f20cf0c3,602085840.5389378
6d4a961e099de1939adc6496,743738458.6941674
2383b8bc2cd3d307caba34ba,402064312.1569447
d9357452fcd193b6c5284bc8,573985958.2882413
863f8f2aeda01a9fea1cb3e0,749701831.8046511
d1a6132098a4bd640321c7d3,670515689.8031368
6edd2530070918074c8e7d07,628503200.3732321
1cfe7df5431f3dc6a9289551,725740517.4682835
c617d1f15d294f0b0aea8ed8,656883839.9732732
bbdd78a7ed332e679c8e526b,402264782.6411815
45969f25857aa7263927b400,541605748.2090523
cdacddfdb6ce41a3eb752496,491803614.01066333
3f87d08afecc4aba03587848,684094696.761432
f21d2c0802e3858d493c1984,617819841.1171042
660f3f9ed9a72d8875a9efcd,624450731.1760589
04e29dbe2175919265c82463,639713574.0835538
e4082fa99f92fc7a89092fff,911090931.8699523
05402dd344c77623fa053ffa,641462253.3341634
c5f7f0323f554a7419f78359,589753576.2651931
501193fb57014ffbd7bf218f,524450213.1904695
0922cc27581d9058e55a2239,466552383.1548159
4dcaaac494053749f30875fa,768742416.7794768
506763d35b04358fb0e967ff,761609550.4703014
8c40078231bf7af2f3a06457,413853664.46893907
53e14e867f8b02c6043ae02a,430507267.79384965
2364014bfd851a68a824d1da,693218032.6880147
f788ac4a8b2a6dc11c458c90,418362974.5722805
093c849ad2bea8292c4d15f9,866220811.7880343
71a8b68f38fccf71a229df76,467137041.0239832
ebacfa0a8e569ab603cccd11,427509155.17162454
c963faee3ac527dfab08f61c,842114081.183716
ce3deac5963eeb96826c14f1,587663207.1226517
5607cef08511dbbf3288a5bd,711754518.7779334
8a9e6d0839f9fabad2fc3214,743726203.3753445
ff03a8cc833d067d439b9903,710041587.3463843
d3e119e8fa4d96abaa8c43c2,632893887.9820306
25b893f6073bd66258a9cf03,702041622.456443
0d70ceba3aea278cb4a2082a,572249173.3575233
07f9017eb4b8c169eb9de536,773362152.1506565
7cad62cfb4fc3ad9acb09f1f,610104061.2099911
41d174db6f695472063ceef3,704597319.2905366
4ecf579a5d5e70d3b4314ef7,685262236.7767513
41df29e27c0bbb52aa8ffe49,553220023.7912301
cd77cb445eb0f72df89b9fb7,642210694.9909772
65766c8572b629744f00b45c,615082302.8803564
946eb4523f76bb23d0348309,765371620.7321929
453202a234f5b370ae9e586f,711736480.2635663
4e1b5798dcbed1842f260b17,600335605.2104954
f1cb3c0b97ae1c6819fb86e0,760871557.5905844
24a89527a6744456750baf54,523022756.0875415
a281d59b685eda4978e0c84c,565773367.8544166
6cc9d912370da36c38ac2cbc,758059923.0124394
10563c278e7ce8eb2066d398,669757472.7283256
a1b0b8d18cd78b7cd555dd55,628294123.9177135
3cf9282136fad24af0f7ebb1,616916392.484937
077659c14c3cebbe192f8247,787531375.8272665
c372834e8e7a4279f861aa4c,447656326.07178324
29daf0d5008fa9e3f0f30132,456019803.32875425
08e1ad8d1f0be0287a395ef6,455759489.8949444
19c07fc2b01a0edec4784e64,653498273.1155219
c2b5216a8050ea0fe4008f59,575606516.1667975
29cc054742b256e6fbc6da1c,787667384.5382757
755a3e09dba04bb6ba6c9851,731287835.2457852
c98157c582392cb895071f28,587173459.3248568
84f47e531a916b7f7dc1f1b3,806552461.8323884
231688922448e4d64622120e,545912459.0311817
9c7c68df14c238ce0b497dd2,710626755.7870617
d5e29042106130114cf3694c,486205850.260386
08d4fa42a34c74c94db5080b,644700287.8484358
e89fbcbd4d3414e30c30fc29,643097762.0703968
22af7bb676cb4c9ffe014506,548090265.6662111
b20d6ca58e91ae70b6e0a1a5,848514721.4899912
5c372bd1e01f3243256e27ca,565874045.1236526
1242d7e61857ba8ad285b6f4,597135547.3326023
196ac46f656726bcb8087ba9,766266808.6772498
ae513b65e06b69e1ff2ad8ec,476590890.16934216
bb26b45df6a70b6414958912,476590890.16934216
9425283b41165156aacfd43b,449218868.0814655
689b510fa99bda54284cfe7e,605231545.553286
c57d333e383039db0fcd2620,661013047.5418595
86e98ed0bd2565b661b81ef4,536937860.8939328
0e694269bbff1e45395190d6,744487245.7225398
6511180e3128e083bbbb6940,803689117.7774516
59b271bf9e2d29ed35352f5e,476590890.16934216
a4c324b1353d2f7ea3ae9727,476590890.16934216
193ff8d291a9f163a4f3301b,649271915.4685152
8ee4a7cef562d388b8444c29,476590890.16934216
53bdf5c3cd800459acca551c,683242075.443685
35ef99962cd5984ca87bd326,652005205.0634276
dc33d5ffcd2aa2b7d56d2ad3,611986262.2058818
05c47739fa4c4f00285a2c48,620570167.6256448
a51d415712d8d6c8add7009b,633678592.9034159
71493c81121558b8ba18c1c8,476590890.16934216
853a14b680761098d4bf6136,541472053.33425
c9d5c08973c493f3acdef892,529130492.6378699
7dcbeb0aef2e2cac0d73315a,374424817.09860134
ae5a4da0000f79f12142e2a7,707692363.1001197
1f6050fd5261a2d21d5a178e,372422235.32849866
e3f39c6e4a41fbdc4bc30e0f,709634572.7096975
9d157878dbb41c14b52a956f,511909359.3837527
e1fdbdecc84b991f582a2e00,815418968.3776383
3a26efe201689493724ba464,527117702.6589921
6670cde3fbc11c263c6c3163,739213939.2073922
780ae52ac9eae675f6fdb312,477902366.8080201
24f22d76b86498d5c3563288,827196032.8296343
fda25a0b6b9f62f92e3ea6b8,932381642.380937
678ba0c80536dd27e385b31f,382952412.63205177
ba0d0663943a118228fd12bf,410160135.5864478
81ba4b47e9222c15c4102992,586526845.4994949
d9ec26c1c3e1811e38f070b2,436014872.8967436
aa850af0c6203104e6ed02fa,423104857.1263652
c697ec00214cad882d5e9812,409784445.34554875
4b193d78ea6e3740bf37b36a,399246696.9877838
08c61259a756e617d976e8b8,666977349.6702669
c1c1dc8df6996a94ef3c7d33,407101561.081776
3fdfa23ac43d1df0503ccf1e,578341497.218909
bd4526ea5b404df442892788,493083693.1484048
1062419f9cf94418ba88b6b8,578825749.3754951
1102f91444b8e1abb636f1bc,579630203.1842002
b96b4bf38bdbd61d4dd0bde5,517844279.8455945
45ee2db87e9ca0a1a9faf050,593225721.5615213
556cb23459a9007127b3ad46,585910760.5516351
a613b18945052b4576595c4c,568414969.0452062
fce385656705a8f4389cbb6a,475858284.77515477
bdac560af3e155db33d13d57,664336499.057003
fedc2418db2353b7c97a260d,573561974.423837
4565bcc95c54bf0c8d376eb0,661306403.8902172
5fc559104e0ba1112ce00f5d,564235510.6379054
74fdeb4c56b29662f13aa8ca,605200899.2446067
fbaf74ce4c2c6e88950d3fdb,599830831.2364696
5de0f045039122af0052c544,728873498.4757266
e18337bbdfb106a3f1739960,576097095.1599114
e1b9ae3e0ce3da16f18e1079,585959159.0339365
a57435d71ccc5f032baee302,521482275.30816734
fc5e8e45dd0a338ab5835428,524006173.85333747
918bec54bd7587daafff66e9,596353771.9290961
86137b9624049333f7e0315a,409015028.1983315
0fca6767d8f442da1f8bc6d2,438579509.40840256
3ea5478270517f299b20bd06,566598402.103421
dfff73eccd591bb26453eec5,583437930.0485827
e2dad5c148ecc797018439b3,462500906.65022326
b5a62d480bc544f891fd8521,534480452.50501543
cb09a84a1d7b929607d01ee5,672832202.0543946
af067a8546e1177eefe24916,604658489.0376165
d6f9abcb58befa3d05373a72,704872560.8921902
ec2f16aabd36fd9ee2203276,857897970.6681851
dcafab7adc7b763bb934496b,824288199.5105851
ede43dcb1715b959ba34a37d,556975593.2188876
40dd67aeb6e9979211c9345d,702254738.4118057
31f630c44db4be5360a57640,607156390.4094069
ee8651631861c1b94283a953,582034772.6206454
b7d245742eef110adc91b5fa,806839202.6356341
ffc49242bb0edf3e22076501,535598219.0367295
5c5963c17bafef1a1bfd5e03,512693254.1190934
6c589b7e6a3cfad34e98bd87,613418855.3954455
71ab3644da08b8cb0a0b34b3,629323917.4261707
aa668782ae5d0c16e57193fe,602125538.4061981
46673c69814a0b3f25818dee,655705390.1363208
b2a417a8d2440f9124fd2ee8,628985713.9652572
3e0ccd899ad73579898fe73c,667789876.4720366
e6f2c7d7317fd433e26878e4,588525854.2598094
2d91b3a8c62b890fd246183c,637465558.7005678
fa653848d69ce620a41a73ac,551755004.2444457
3b6c94e3e3684eac73b3e7f6,732211706.213562
a6a07d35b3834bc6f81beb6d,928334175.1233162
a39617b7adfeb6ae7d5ee5f0,572315133.6893221
95e5e774dac6f0159e8afc0d,451659061.5258737
995362e3fea8e54538ac135c,443443669.78597873
42525c57e13abbfafe9bb395,715892422.6471536
1ae6fd60628e7d186a5e0174,523736146.3186975
082293a465231208059c5d53,515916190.4217063
732615f6d1526ec9bd519eda,454382658.5502328
99e9c4f8fd7fb7929da10a20,465296037.31653607
1a75e436fc23e7f48e639b9c,485244711.88833034
54cdeb67ca9ea56205e4e533,746908402.3921378
c412ab869616d6576cbb8309,804652865.78105
b17840ce59c9d9619b46534d,866076426.383692
a14f071d8e5c338d9ebed23c,480632202.2665183
84d8504f0e860b0760c3592d,631707671.7406771
a3d03a25f84f4d50d2a308b0,414349835.4443781
bcdcce01d86d648c4502d42f,477133662.81261235
33379968a83c8a90c23e77dc,506988151.295225
ecc36a3a4610829ee3f88993,538679564.8584132
f4eca80958b7a22922b0efa1,538679564.8584132
3b4ce006ef95420847da20b9,538679564.8584132
4fb644a95cc04f7bc6cda786,538679564.8584132
f8fad48343ee5134dbae918f,538679564.8584132
6e8e08e09da8dc598b8a8b2b,538679564.8584132
56ff1f7e81fda0c8491c354d,538679564.8584132
444f102b4d54503044154ff5,538679564.8584132
e0eae2174807cc7ada38c726,490528018.8680407
afde90f91b01b0282bb94335,424196071.20800847
1d35c364daa0f021ef263c60,425731576.9274538
8c47395a28f8177923d7b75b,475777911.15792686
98c98982020ba42198aeb45d,840559791.7321289
ff424474d2d10a2c2a1c1892,531085214.17174035
971a322e9087b67650689ea0,678005311.3242383
45a7517c4d29f5bc7787dedf,658284586.1032203
74a51274abc8358d628ecfe4,739981808.0120511
11dc32d92ac579720303c019,750995755.8694501
4c25d939eb3ec218403dc4ce,706720905.9164932
55597a7b8637f24198415ed8,587019122.0982678
eb7173223a27076d16b87f33,567802142.4160789
709d17b62bc95253601f243c,715929540.3823494
fdcf0e439ae8b2ff5730680d,737682818.8639319
2524e62e917e8a1aec5c9c26,651617081.0742587
ba601c13d20602c988d57246,766058827.5877959
397a7d1cfb809e34797f2bb4,458043963.2399959
b54d3ce25f3f03cf3fa0127f,456875737.96064174
d51bcf03d649839ca803c357,722831972.1215552
e9fac47a0f02f27abc96d568,846997302.6005067
a52bd93aa6b0d965914f1101,893616202.777898
16601a92574531c1fd57a359,790926156.4205651
0e64230b70f4a227b444115e,868923327.8726339
ba2118c330e19baf4f3ecf94,909625837.1919507
055e29f236bb61603d4ce9eb,909625837.1919507
7c5c0f2d9a0e355069fe1c64,719219955.8099917
e781547cf6f8cb4ec0742b5c,874563156.2535154
8caab74ced535ec5e75acdfd,785934580.0702124
9d64345229b60ad1853d94ce,772120387.5291339
d128186867f91603af4fa481,823453862.5361968
f8fb6d1b0dafc28920393dab,823453862.5361968
33b92225cef255b0e4b4edf9,659761592.4736027
7eb78d4dea434674a230caa6,914636078.3586571
833bd3c8ef9d4da2f304a94a,730285254.7133591
331f0957d55d7f03df7fdc4b,716471042.664743
cee124f4b9031f59c4fbef47,825359583.6502726
8a9663cb622a55f2a1a8e3b4,809386714.9338808
25d4a0ec9301ba5d53deb780,855286455.9422925
38d4b1837c595b6d9a23e994,811843669.6638172
a21923caba05da05449d60f6,861703945.7410225
63cff4b5ebb2b6528ad34cd6,590339310.9192553
948c392520e1cb3a030ce86c,771991440.6246722
b2e7fd7bcd93309664cd225e,821405039.81463
9d6be7123f2c6e610971374e,718565098.259254
3676e34e4824101f3fd9aa2c,842195359.6220965
f849ad486e84a82190675b89,767598972.7952853
2fb8b2990751692b8ef1ab6e,790860711.1833801
5155f70c7f8978e487e71479,621287867.5677475
4f076c220dad47bd9bf248a6,875075900.689451
480041bbef3a540df2a36ea2,793589815.9545833
4ca66e564ed478d06c471357,874675030.6103317
454e4126257189bcce9b681b,903326338.4192513
10ce9c7a0a58aad19778e5f2,1061616309.0481415
dfe8e2542755d41d920e28b8,382791362.5601092
5115b0da9c95559dcee9e58d,879160806.8923405
8a0053376ffdc75d0bdde77a,651943992.9164097
5688288ee38f1a69894ac77a,570441718.6833799
1fe514ada76363511cc79105,511509277.0833719
885a312d9a5bfa8a8db5279a,555854956.9174421
c716d4dfb5a3c2e1120bd84f,678223744.0979713
689aafdc12fd1610c2393a6c,665771579.0597167
c0c4ecc8d3aefc53c4c06a38,832593115.268255
30091c32a5046d563597bbf4,426020576.3573313
2e58c9b6fbe9c57c83bc0aed,767089150.5956455
3f7c5d8304fc650bf97247ee,739616011.5230498
56334a9db3ccc24faf138edf,795521376.6006728
6d0680692396c07afc1a260c,844895581.2956101
9e07dd563b6ff4572f5d9031,794902116.1791729
1278c9fd86258bcb435e7127,577711837.3437364
acf0f98cd8f8c8ce06f30ab9,1034351135.7156768
5e3785bd517f4faa2bcf43d6,860411952.7657729
cfc61dd41ee5f5dcb76bacfc,505221620.3058358
2f171883b97d9c02b90f93a9,449718861.18083686
46aa67b5e0abe39dae442d76,449718861.18083686
50cb49d65d04a5d166f96e3c,812778838.6805351
06c1673c4a7444e7aa80abb7,705802562.6541204
53881f29c7a6bef0ab537466,733787921.7072102
2b028932adc74c961170a4ce,744716767.7945834
f3a1bbe01d265470a2d7332a,662423648.7036672
b42d5b5b38686929eadd56d9,717510286.0884721
bafc63f23f097c24d36c76fd,708016892.67129
f164514211012e3a1686b148,658907580.1316084
82b90288bffe8c1c0b5a1259,608818626.846094
2fe64bad1bc8a43fedfe0700,801374735.6526763
da5b958667b31f4f9a1d84a9,828680275.338795
b3bc9a04a3ebc1b911326735,706665266.9047227
9ff3acb07666d53f00d1f1db,834270053.6917422
13a44ce5066ce00846b59ae3,795400485.6790648
bb45c98dbab56e5abe20ac0d,831042638.5274132
f88bade1cb7ee0fa643f31ad,609344889.6219953
e9ab6916a79b4d5182d33bf5,695810517.6514374
144162ecfcba71bf09048dae,867181487.4508659
19466034c2ce19c24a179fe6,862849310.7995814
3787f6da3e961c0e10d30e6d,927492137.0967113
908330b0d2651093c0bb6719,848664688.9165008
66b7baef9c6c3c7ad24636e1,815880860.1187929
69cb0f3d422c2c78373c2e0c,930155587.6576507
1e866483995b30ec7f79d9e8,947981013.2934347
866f2a55f42cf30c4105631b,947981013.2934347
fede7e1a7a6f23338af6f40e,923277985.2041546
7447156f2967391975d335f0,862849310.7995814
08451af5a81fd6a63c4012cd,970680920.1684101
f63608198bfcc858abe1ab0a,851687910.8079654
e9a0dff7ae48bd3fa2ecfcfc,855191873.7450671
cc97f62e2fb9d3e31ef1c00f,826518469.1572399
ed40f198ace8a4405cce7a1a,1025723727.0343795
bf17b59bf2ac2d06894bd786,830598432.5870355
e118b149654cca1c0b3a58a2,780239977.3122048
7f9bdd2157f6c3d488c77ddf,906685912.4022151
9350225547486ad75c0b5ab3,846843958.2262754
d1166776fca47427c77fa8e1,879153013.8668009
f719b387fac4f688b57dc646,914224609.6221608
6ce8991a39ec7b9883f85000,928707769.782248
353743db4334fee80ac08d0b,1029548533.2527566
372a3934e8179422b5cf5729,829890260.0283879
81516aa72c98ded9223db098,1036734541.6499727
9e80db4c35139bbb18775644,835392970.968715
12ed2c22a923c840ef616a3c,874930243.1718148
7bc57b136bcec053cbd073f3,880466965.3142858
77a06084509952c6cfe8f501,529067198.6896351
73578b4214e2eca83b1e70ac,705152476.057885
527e571030a7d8fbbf1a41c4,581628806.2811766
961baf163a07179bceba67a2,549818919.7502394
76b41682fa6953a3b20d3f27,563711396.2229568
cceb25e83ecf22252aa92d2e,576192155.1891532
210ff5d4404ee8578a5ecf9f,486590123.18095493
398274b1c46fd88151420c6e,561848022.0873084
5b328b80dd844db2e946302b,419503967.70988774
4195fdfe50e42e9981fa2f4f,465734975.7095968
2d4031f171f965d7dbce0ef6,611599613.5592124
fc1b713d5605b0030421d5a2,601478162.2739279
cf6092df1f22a7c4b8ff9d50,393951360.31891954
8dbdd7c8971a514eb7cb4d3f,609082055.840797
c197faa8bdbd51c075a6d3bc,537528609.1169231
1985a2a5c3b2b0c7eca22afe,690369176.3941135
92a1a8b617b6d2c3669167a6,807628963.1096033
2a330fdcebb247d6a6fdea23,655134773.7057812
c3dd975d0aed59a65a784e47,686578225.5253847
608a2339d558a6cea9478756,813651292.0790049
c0ccf6d535d1316e37e1024e,786900884.0751876
229a7640d41a8b8d6d2f8f83,649590760.0268598
e3950ce025371da2b4ad9db6,580014537.7573153
a7e41393473834db30f2c1da,640276746.0265372
7dcd1597e11f83093cbfd7a5,713771407.245933
71235a69058912dec1d355a0,689049342.0045652
349602317da0e456d88fe24f,571416349.3275417
ddccad3e5a4eaf791ce3a7c9,543409972.9508753
776d7d1326576f07762ab3c7,574231265.5297425
1b88c06bb3c1bc2bb39d1b86,560410388.9949563
1c5c4f4c731545aa3388c554,500757044.56766135
aaa67089a753d255215c15be,433554233.97413945
d6d5717a4b7e2edaef162b6a,558561471.6745007
0ba20e953e8e76add161cd6c,415998961.4446223
13c39860029403ea94b5439a,707158662.8645319
d5436eeef04e1a8e51a38912,360029597.3743822
21f00ad1214253dd5bb97817,589188393.3821918
5a3119efc021fd0f102ab958,573197045.6575347
331c515e7f0dbb4460810999,914797573.7800926
9e360588b18cb15aec3b6609,478493584.4218678
a7cc7d2ceedf4d69664dc734,673709245.6454955
4e78cffaea2008f3919ba0ae,802832413.1995182
452e0518f7164287e47e6354,692277276.2411593
74286242739391c4eaecefbe,678148521.7962346
df06b65985649c7107b794a4,805035775.6559772
b6a21387674a509514fa5518,997517270.5041906
6752fcf8f1af18d61124e32c,807587202.0952411
a7e40088cf53acfc65f4b3f5,1022690095.7304174
61b9307a25be3119effbd0d2,424152692.53512573
3061729865dd2d68858600b1,596804394.8102245
ad38d5660b6f1eef23b76039,370681332.3835797
1d493f3954b15e84c41afc82,497483743.22753227
57744cb947a923584fc6bcc4,380254766.57187307
16f60cac352cc0d668d226d0,363934327.8847627
accf7bdeeff29ec7a209c509,385583134.14539474
a694b9ab05641a6325764e63,637267404.0206892
bdeddd3f84cb0ffdd1fc27bd,490449392.43728095
de9ab30042562789601833f6,365800423.212623
1a95522f43288e32addff2ba,398180594.031117
3cc722d5c764ac261611c2b0,363968234.1236403
aba85a8a7ea2def1fdd18587,523867432.7490216
b272c1025cf5c1e1df47042c,582388635.4856583
5c449356b8b2d7e0928cce59,706496631.7817814
a56d3b5bc13c9849cf676750,661393466.675707
942c934c0d41ab822d60c795,405005855.1631344
b0fe09d086490092f1690fc2,568526421.9665921
7abc8a11d3d6c905de3f567e,398996403.957529
16716773b2a43df0332622bb,440611363.9612987
98fdd3fc6c9447d0f05eb1c0,823448713.3065987
a59f39373ee368259b441de6,409799634.7610078
cb778195c5d61a7c4185424c,769607875.4138994
c0277899d5f185cc78fc4a79,540860392.9993843
44effc9574c74ea4ad98ede4,801774509.6288315
e2d00e4fd93a02ea81895355,633189795.3905712
ab405cd390c0681c3c67836e,516170156.9597262
86db204f7ef6e0e0e6687246,489874816.54527867
97b791fd94b2339ba115a75a,671303255.5894817
3897d9b5fe3a0cfaed7c18a6,388712938.86552835
ce206b82f2de3793156baadd,490937400.42678833
2c924b9d45667f7168bae6ee,540962031.8168995
358eb586d9649d20dca9bfcd,509070464.8407674
71b1fe15c5bffb750c99f648,493118657.2445484
eca500b92ff96f10ccd45e54,518990653.6562256
7b63445c5e1ce95bd12c31ee,637695124.375197
97d64459dfb368b1f6067ab2,752760910.8522927
1b09874d5a3e4c9e0d544198,651976182.6726198
54fb79bb019bfd10e5481ec9,482529142.3052214
b3b63d292523ce0a925b871c,514947880.4212118
09759befd8899fc1e359935f,499401831.108374
62e0110b1c8dda16cc7da89c,606976319.1975791
d98ba43504fb49a4f0bd9c05,587643434.2784989
48815b454dfb64fe60e2cde4,610803451.6898378
40a65310ce666e80a9611d4c,548977853.6576157
a8c5674b5d110d99a1e097af,779088238.9335114
ee9e7dcede0ffc20442b4407,703813957.5472907
9e858250fcb7320b65bed9c7,608585477.1389804
bc76b078832a3a81b6d637f8,561011850.4754934
b06d3ee14ccf3d46fe2431fb,535445183.42982525
87332a7e03cb851342667b98,636917986.5845119
faa37a79a1d72e4b8b0c80a6,601031966.9070065
0821109831351eb2501e362b,640504722.7198571
8d01d6561223272181235c69,725049066.5099773
a0f1c94cd34fcba92f59a59a,723967564.4888176
f6a5c88d1bca87c1e89d8084,831336193.5113386
55118881731616058c929b1a,792631500.1944187
bed1fbafde11c156b655e04f,505047914.1098756
819d2a7c3330480b7217577d,615855355.15816
e1967b56ab8ecd035bf39534,504192614.87714994
08d0615cff29645ee70e20e9,891294639.6150917
2e8af16a155fe18c8c6730a2,597868725.9349266
882e8e77fa1a71288f6b61cf,671719744.1268314
7930bb0822caea5f6451bfa6,705863917.015171
993a18ae04d78d374f854262,710066943.4066746
e5527bb25c85988e00da339d,674455741.3765787
07bd45129563bd2fd974deeb,394784150.26713216
83727953ecffc17bed632d94,385960604.5573067
2e2d3f42f4f8369733b3bcb9,606926868.8835809
3b23a71bf40e800a66bdeab2,632525213.476727
894f346e0ad39c57fc0f369f,743776714.8708069
d1fcd31555048d043cf084be,427641011.64587855
8d48f73816b248d1166a09db,586664301.3479493
32d5a20c542a8194a6aae965,561801005.1110362
53870de54350a8cd7c13f014,628060627.6369458
31cdb68dc6476128c4bb2f5c,930319551.667418
4be6d93d8ae1375156444f05,502033200.3587216
33a7f6aebc3e2d480d287199,610824112.7361426
e1e188d3f9940f9dad98488c,609459925.3005915
76167f6ca3d2c404104b77fd,776846792.5811174
9297c340db8a74e10dbba148,847893480.3686247
0e001ee8f27e1a2fffaa0225,733873997.108617
ae3868ac8c44128b8a955829,747071277.4929088
bcbd20cfc50e2f032b174b56,375407776.58593893
253560c855216bd9eb102595,595157678.5762466
c9c769e7ccc99016f61269d0,539857051.4015268
7c07ba1982289ca3abcbece3,657603250.0467502
c5c024d11b3ebb2cd088bf6a,607733065.183625
f0a8fb06fcdf8997bcdcb03d,603356250.4125537
806f9ab2a016e774689ce2b9,393617869.037631
4491bda913188aad3c66ef20,558048983.0578649
0c37c0d27631960f9e0fda1d,563975104.6354592
b50b45bda0905a116f238c1d,572342886.2664393
f0f8e755058d48542b9cc4e3,536474180.1063314
b3005057f48c1794b7974f4f,609459925.3005915
e1e5b0bd721a67318a3848ed,440264150.14786696
d96155b72c02bfa04f7ea98f,468465688.3779752
3825ce5030d951ef0fc2f7c5,393401855.861834
99587dcb4237fe90acb15b5e,387415614.6308194
452ae373210337b8008ea2a3,600314896.6793814
09ae7df5577582ce7e7b0aa7,617710018.2043025
b98967876009fab4290736f1,597654484.1801436
24a4a43ae4c687bda1066227,920055262.228021
c509f2036a11b7132c633d2a,750360577.2354975
bda914dbacd42b2b7c6c5179,891635778.5427253
5a681060eeb2fc8f1b3261da,662692245.0406907
016bb199b12846ccb0b03191,732248553.2868984
ba94676bc0385678ce3780a3,618301351.5376359
b2183e5bca67574df7d5985b,373813054.7255713
baae43ea29f7e419bbecf998,607423579.585679
ff1a7adf260e637bf316812f,481153755.9357773
8e56b5dbc4cf628ac12e5bef,784147868.5967445
c8941b8d7626f7b33628158f,754945570.9811013
d504ed869ece1b1d6e724452,402671908.3080634
1acb5576ccae1f0534f614df,518600260.354558
ff228869121d053ca7bbe431,780892238.0857252
ee4dea05e93581750d613c59,558596547.1985978
5d507cdfb7c233cf96dc6a83,716357617.2347673
faae4324336f1211ce4c7809,572936594.3642215
9a8e471c8f4488c3799483ba,530287304.8668422
d040e15e50d655f4d19bff54,437582691.8140858
efc7e89ddf3de559154d8e0c,664292353.9300176
e91598736dbb7319952f0dfc,562801349.4507865
4046ebeeb7ab85affcfe337c,666755194.9699134
d12059af22bc7d6ff170430f,574236457.9778693
99d39d72083d7485e8944a3e,621098691.8367852
b9ab2dcd8d1855e4bdd540c4,660638973.8043704
97106114a8d353ffebbd07b7,656414776.7033978
d5c950db90c92be5fe753189,668606831.3584607
119833a13f3f7df22d2b270a,687363094.8339655
b2078743e33e1acc49c2d2ca,573031044.9977361
fb9371f86ca6f4e62ae374c3,441665125.9429474
6a39a747417143f0cd24f3bd,649390882.7939687
7bc0c9e2760e4b1488522768,623695160.2256618
3898683e5d24bab9eea24d30,610617134.8745937
be0e466ca7d6942282c8626d,520752579.68792415
2d65980024ded46854c25260,631023304.0063393
87aa28825a5b8ffbac5f2e2f,581377277.77922
918b0d900ead8267aab4cdf7,577993565.2162149
0c85506b301862fb58b467cb,592065209.8363777
4bd031478b15017efd41b2bf,613086942.53316
48bee96c1f65b8e283d67483,465062997.6244408
7618cb8d215425c931f47886,523245153.0163364
a7a219e7cd18f3c4b83649e0,431646547.6747824
9d3f5b59b9735da05588b3d5,420118016.3873157
6ac5f5f52cfeed2f0ac9d018,744515463.0090771
d885902c923752eab7b619e5,457364505.6659586
b183e2562cc4816244ce0e1e,832430250.1248744
88622b66e6c47cc62c3824c1,612108085.0456071
01230eede2a4a74ec4ee5105,607049357.7706238
060451a9e3e0416ff41d253d,929463330.2728702
3ca0e7723afebbf53e390297,559249794.6088959
e2ecbfaacf11ed16fd71abcd,597760475.6729313
1f0d83013ea5e4c3f4beb583,635407211.6033787
450c4eff7e37a271fc24ce3b,649812486.5790167
a70d331be751cdc3bd0aab29,379896598.8225354
41ac76d4fa450fe0c377a0e5,377960794.3946893
2ef8a530db816223dcf474a1,425206265.8397522
d09c1af87ddad4ad11b82626,592065209.8363777
35b1cd8020e7efbb9ba5adde,678058086.8130643
6714f846f2fa3527641ad96c,601206096.5294236
4cd5338bcf246ebf263baa35,404858674.6119333
0878a639ab8e6b6e69a3df41,553850691.863317
f4c118396d781c140d8c9b08,484267976.69046295
27151512d4b592014137ac1f,1114916077.4644973
8e5123f5ef1da66571ccb600,596859308.3959798
c491a13a87fa1ef595b35826,613166738.9199162
52d6c4bcb442eebdab338116,884476222.6016678
e23d93ade25e73614d7bcd77,860739268.3493448
43059ceabe98412315566838,830076141.7955709
93b7fc7c4f07a7f117e687a4,462504434.3196867
09caddf25db3ac8e1a98565b,522928756.6342298
e3034ebf243b024cbef83cc9,457926511.6914592
63cc884a9c5c888de176461a,532149786.8745694
069fb1f8d0f06ac2fee87314,564734351.7228777
059aaea3859c4b9662ab4df8,416930319.6971983
148b157ece514d99be0a7f93,356736430.2485624
9c4f397c093dde7de5d485cb,586974980.6358873
e28d8dac5c1c75d295a9eb3f,416930319.6971983
a804849802cc0820d25f955b,416930319.6971983
fc43df7f26644fa464ecb090,485352773.49110234
608b26adceba64d9ebc5486d,416930319.6971983
be8bbf40db0dde8ed4cf338c,416930319.6971983
d255f73d4066fe559065266f,409696785.2465551
c552cfa8e6b8c8be2c963ae8,391767863.3566142
5ee020d4adc767b3b16fffdb,369159582.62531865
2a01945c2ce528c02b391c61,494547411.0705504
dd7ee555ce0b2d58dbd8a9ea,353570535.4407375
a732aefa7ea4715325e9e80e,520438208.1957178
c6faa40acaccc1603c29df96,485352773.49110234
fd8caba10cd4d1df27605358,482465251.19036937
788c49c17df556bce0abf6ce,893429152.3511535
2d0d803cdbeaec6e2626eebb,561614828.995895
0872074f7bd512dbd4609c85,384067297.2145509
3f97341f90b11e6a7a7f7c2c,576239912.865856
2bfa301ea435f929e6c0d1ba,395946725.7044013
1d029020622a600aad4c2991,566435795.8294452
8a100bd7f5da66664a2680e8,404663667.6604905
1441a28c376a20c90d72cfac,417029661.9438469
495eeef459e80680720a0ec8,433034466.17999166
df81d07cc6e8fb0a01c0f404,604295356.0055038
e23ae41983b9f112f05bb703,658879153.9343925
a2ba273b099221390bee92a9,450089054.970539
63dfd58a5c43cc7c0a468209,424386894.53631306
27aa789e29e52ef8d78b9bf5,551145016.1686392
fbd613ac06b6bf20d76822db,489000254.3683329
2a805135d8030b614d9df9aa,603891728.077718
22c9b57a67cbef0920d09174,445032267.701852
fb76da6072bea5801e407990,391315063.986513
9050b1061469970ce28742a7,603487742.9173415
96f5db1dd0f36d1087172fcf,542585177.5068066
38cccc333e2c38bd608e1880,843385273.9274502
efede59a47d17737f90f4bcb,812247973.669624
bca5301e6460eb859b7ef34a,532848550.1421677
a23a13e43f3e08ab82c6ef82,542174783.2543726
8437a42a8e7ebca46eb088cd,568513448.6509981
6e3cbc252c449fd4b758b97b,629399539.3244741
6cc6b0672aaccb8909f3a751,474578071.1728708
c60c2efec3c12959d86fe3c8,560363035.1624529
d0e45d520227ef8a1f53ba28,478504484.7987041
e45293f1e6ceb2fe79f6e0d5,614332996.9115777
4202dc3f8255586e1ccfff46,610116714.6355151
1d04d5450762d664fcfab674,618660556.1004242
a3f969063f78dbd95e6ee795,551234330.0752033
2e3fc1d628f6727880d3d4e6,640296796.7436637
22ea31eadbd3a54216443137,424386894.53631306
6490a1eff73727bf62458b0c,404119911.19297844
49721aafec7123f6ff4d8010,593110653.0319711
bce608b4629b6c8512ea2fde,635751052.7410936
a7ba3ccc4831ae7e539f0cfa,601060267.7072827
959b2293af0ee4f7c9fea7c0,627144421.7058061
bbbf74a3abf9cd8718384a65,397766090.5297368
680a71ef7ec15bd919c06320,545697332.2032053
0bcdef6d56052acd2afad93d,399609763.9785573
1bb885a07f57936b919629b9,448194861.0658497
8a222af682e2d7796643ccf7,573275371.6276498
3370a48ec22302456c41ded9,389383979.129528
46fb04e7578da5741f6da4b8,565258155.5343064
e9da7f2549d914aab6a30e10,495508418.4233853
10d0506d84d778da572ec635,409158699.7566556
966e8fc9af08e76f8b276245,400758906.4559957
0da2a849e0f83b17b006e50b,456832271.17657727
f7101a05db93cbefd6a3b31f,376714881.17724574
b74fd7f7db38ec233c6ad71f,486000139.23425967
0d63e52a47fa884e36f10810,546069761.9129009
77fa49bcb52539888d481ab1,482931234.12903017
6f412fbb33519fdd31e741c4,421981934.2632242
6615da422a3864d415b28fe9,429316300.6107895
f258fdece395f0c4f4da6a96,481608554.5983092
c54c645c340f59dd5f47bea4,483461520.257961
bdd287e9de82903f210878d6,530489266.88613015
e110abe74ba0ad062c9b575f,497694309.7443299
47e5ea8cb7f5ab6703803690,627550186.8184402
e71c6f7437c633e2d9da643e,601659654.3434333
783161faf2e3501c38c0aaaa,397215225.72860324
5fc3de15eb0cd87be5ed2e6f,530991402.03531194
4066155e224520530ce985eb,416313204.798008
7745863791b5cc6d49f84c8b,487083528.7142182
aa7551be1b8d6278d38fbb00,697483035.7732438
d654c9bbda61c4c0ee1ae2cc,450724619.3011705
d224080523a2bf2e81698d15,634268099.7102387
5f8d0a2ab1f9136de446528a,680323149.0083917
405fec98d5a3c8981173311c,477466481.56153625
2a9e77fd00aaaf773d130914,377067184.68811315
279b76adc4bc9f8dd86759b1,535906679.3098063
f815ec1a63e980717c9c3290,529964324.62524426
a8fc825e34bd9bd56ec5331f,631810512.6437238
248ed6abe6e528dedde951a3,368330267.48208266
2bce6544d58b6970192a1838,427579073.9002878
352a76b301243d22d1b31f79,404115960.09617966
bb9991da696d6e1f13a32d0f,455773632.4222794
8e88e6cc55ca769e472aadfe,593336395.834097
339ca7bc687766f517ab3274,359822057.07345796
93375efb2e74f4913d21d94f,445489851.30936164
17d7e6d321bb7394546e6b7b,412260893.669994
0f601f5ee798174ea9d52caf,512985863.1304345
8ec8cac469f2448654312aaf,967473555.8686558
affb62139f02e524692ebc5b,483848392.60031664
c01199a4b2fbf0f6cbdf2a65,671317333.9080384
4d1f49443787c874ba19f968,654567444.6376584
035c61042b7dbc7ef888d1a7,848957124.5945463
0fc7d98f75bc1c0b782a328e,701323244.1129696
b1924a5697dfe829b5b8ad76,490268466.943294
d0100c18dba3c334327b29e1,531778297.49995035
add1a20e8bba47aad2edec69,574591922.7456895
fe8a78de9ba7b59a112e0046,605216532.6034702
b319d049a3a8e4a095940106,479530855.66599137
303dc73dc1130de9aa2f70f3,477510783.6676668
e471b2ef30c388893119a010,697195178.6731102
9309d812688d0d2bdd33d830,654946036.4394959
fdb192e57e3e48f70a492b87,505226654.0980425
c514c9a35632e5a9c0476a31,560075466.4553307
3bee8a9981a1e9e13a05cafd,548562268.1566503
9c942287410db3d0739e182e,589847995.9762617
f59b9c03bcd4e0e06d23fb47,510050488.19952536
4c11f4ebc622483532c24a06,502039467.1637231
1f53612f7029a21e2e9f74e1,752581456.1794249
1f4b6eaf52fb940e666c1c93,593189298.4975067
dc65f0bafddf39c6c4b2c9f2,700768864.1246078
344823ba2777540ffa2a8fbc,635334388.6303948
8cef9b18f20e9c5a32e7ccc9,677530720.9535593
413d6e4fb772beff60f73e2b,613894034.7963783
15d3ae51558bfeef80b9e97b,954974555.078692
b81c26f2ea6b66c8315d1146,609819588.0336242
c3786f81345d39fd8b353da3,506477182.45637083
6c568d2287dcf12b2aacd388,515270068.06428385
e6482f3b6184515453d16bf2,670768730.759731
32c7b848ef60432d98f415c5,723998001.9779705
1689c3e3982382e27a4ae074,659270229.517787
3d0cc51b7a2392f3be3b1666,555264507.1074538
1dbec7879e793ba9685741b4,708181564.4562916
82ff2a63a863c089ea90bb5d,741197896.6933215
3d9856c3ee0a4b5a833c69ab,450873189.5021965
6f293451319bae38c71b8266,496414723.6171241
dfc817b569fd71d2dd47e980,558989006.5764146
c34d46d83e76f54d53cadcb2,521576141.58114696
e08ed8c82d05dc3cad8cd2c1,529688955.0713595
e21f2a8d9c641e45d442686a,554025493.693468
f1793973b462cdbffb1ad648,573610370.7898804
b15bcd6248958d98867ea585,659071636.4743117
e640424f3b7d1db403c36ba0,451079424.1219405
658c0b009a09339a3f312145,646314613.2010471
f01fa45466e2730f935a4128,670870337.901682
b4d69c7bc93efb3790eb1422,589688958.6127794
c2242a77d30c0abbed667ce4,560628150.0894319
39542105a7c46ded0cc373a7,527490899.4010408
13f42390057bd294cd787822,523259399.0573898
183d99d88d1e7d995180918c,420198366.8935819
60dd7dc49139e7816dd8b143,642956690.9967244
6d2ec752890a2f1c4094044d,664807367.3251995
0e776964ba3733f3ac18a7a0,493813768.27454185
92369f73435d1ac3fa95f185,494440928.59416115
8db285eda04ca37b86dc9724,598782955.2666967
a7b14faa46e7b73ee4e95ee6,556227907.6763498
010e676743f6afc01fd0838b,696992128.441755
987199d3a23c08ca887b301d,749966820.4292364
4fd8643e1c43ce9a0c18a19e,634008379.8649948
4d0985935e1432b3916d45be,489423879.7608572
4623317e8c9044e314ccc4e8,717747681.5069191
ef8430c4d15e5887b8103bc3,696992128.441755
cd6ecb0f77acd93cc1c9038e,713472968.8290713
b0962bfdb6a2c79a0ca84e48,508244713.69295675
7bf592c5c34bfe6a5df3dd40,685133771.2908319
9337becb0628955b47e45b98,696992128.441755
9ed0bcdb62b2223d716d40d3,590542588.8769282
4255eae670033d9c9e9a6e3c,719141104.8048453
c5346c37454ac2b13b92240e,673720035.2484572
94fd4bb5f41087921ca12b58,401924876.9288813
ded674ba9c7b76cda404bac6,683309738.765916
ce25e9fd3bce9b75050aef5d,572803113.8952929
4e7d3cbe3c62123fa7e2d969,548212736.2126205
dcf5b42ecb23800a458562e9,655999158.374023
0d53bfcecf0397ca27e5f78c,601726945.3956014
f4ecb15ef992a677e8b4fee7,650988560.4041991
46eeb8f186f86f7859274d4d,574491630.3238633
b5a7d4288dc7a7868678b9e4,681691976.6000209
34f99327fe595ba6e32d89a1,442741331.3949543
9a53016fdce3d3b5c2baf3fa,487998591.8380303
26be10d0ce8b763e9b457e76,464955549.4296428
2e111ff939191cc6df2c59bd,705896075.1864986
ddcce0b9776593e3ef3ce21b,630540156.3702084
937c0b6350beb0f51e53ff8c,605378281.6698318
f50941445773dd62e87e0416,697195178.6731102
93a1aefcc4ccafe4866bfc76,503408998.1678872
70c0a72b31dbc1b97c102c13,696992128.441755
8aa9e1e89993aa49c5c3eced,701731248.448742
2a5ecebe40fc09b45d6ee5fc,613335841.4057466
5f798656baebb094a3c83793,564574080.3508309
596b6f435f76058493a16cd6,856727795.7203846
1c510a71734e955f75187106,631822999.1469469
07de14db9dcc2d4f9eac0dd2,643766161.1599313
29503210dfd57bfef8f16802,802680652.4235901
89575a90c7b9b960c8f4e052,558522310.787635
bb5a6045d18e19613325dffd,823934207.2571579
f984d34c8f27e3cdb7c2a44a,655529176.8358474
90822d4e3a369948cdc4d998,511324499.7336758
5b9a21a42d5f50ed4b10581c,679841052.4663546
1be01d052c6a65c5ed286bf4,545157519.0474187
b73d317e1e8ddc3d5d0743ef,965278046.40741
bcd302e3b5342ecd8cc056bd,553308638.3099477
eb8956f0c4a885619bf1ff79,588293500.1270034
d5b950c5510c19ccb926e7c8,711402990.8353816
1e37ea0918a00bcfaded3453,580888837.2663177
1d55f4694f3e000ee3ce47b3,619943731.9832064
cdc3e114698984145df842c7,691337457.1160423
9c611e246a612ac6906abe8e,584811653.2519214
c0c820463dfec602a6118ed6,707469391.0896139
6302d4fff078a118c3211794,590695715.5992155
c98807fc596bb2f505b4da9b,791141794.5213345
cdde8657b5a215915a04126d,765891219.5563805
3b2fa7905fd8fcb3e11ebcf2,707469391.0896139
59764968800501c68631aea3,802255470.7412657
9eab02171cb5f15963670172,830425051.1127996
61f84e5a07f37865c31d4a07,672215697.6495625
1494f223c9d3ffba26e42738,524652228.1870653
ba137cbd10757ad20e5991c4,489441078.23448443
d2fb81a477ef3690cb11c93f,823098047.9924072
ec4f7794cb756b995d5d207f,618991712.0926952
ea4add08aa912717cd42f9f7,641554456.421902
f11d7627e2f18c9a75595501,620014671.3583114
8095589d5e1a55a76281e13b,576615145.4944516
f5add08cb615eb18b3153bf2,606495262.5260887
1894346a27970572aa703cd2,678961804.3882898
805a491334f865f06ff42329,871323240.3988829
062d5544f5c96db90fa3a526,646658685.2473747
332201e2583141f3a02dcca4,564589972.2984384
4baf1bfced8e85013eca94b9,707469391.0896139
8bc002e1f02beb4d83a6f6ae,502500889.8171996
adebafcf3eb0d34ae31718ef,682612277.1165682
60b5b0aa0c1319557cd0cc85,768608564.9752809
3393fece8a6ed311ad865e66,670802268.9702238
df4a1968046eed5326119599,837912681.4409512
b044b9a587b2c6ca00447177,529176798.690297
005ab848b35907e42aa0f4f2,660096042.5137824
140a0002732574ecc516e9a8,617435795.06188
bd850d1ccfc4b21a72f3ec44,862851903.9901136
c6dc8c201ce38ff2ea49cd68,879882863.0159304
572ae40f693551547e13a196,720716998.2061934
b39d1b2637dd8e307c8ba13f,699232556.6554233
2ad02d6d56b95ff3382b53b6,816563214.3599125
5201393754f4a5f2a476ef0e,721404219.6123756
72a66bc6d15390eb05a5c688,958442298.2132394
1f1f3e47f3593e4b2824e628,611293278.0823331
bb7e14611ea6b5e4abb5b89c,610950188.1157714
b82f8abc8001cd6731c4ef45,567005282.659472
6228854021e72af611d2e59a,527093227.57237136
6d21e1de9c880bfbb17350cd,654675550.5510669
7cfa0c98191ef9b7c45f0520,576712945.7135892
a739d80c3fb6b166a2c2182b,406178949.59276175
36f85981124e858c157f83df,609599242.629643
3d6d51ca99f2747d6b92dd19,553807380.7647419
092b7b5bafe25bf485de37a4,806849399.9685205
f2e0163fa07f89820739dfcf,763264714.2083231
ba47346e7a53412e78363ac4,578810064.1485493
f86e80b2a831572b85b04e55,585057397.5028095
199a6f7df516a685f086dfa2,460838165.31528926
81f6d6790aca5e9270c3d1a1,384822289.9239008
74f099ca0d949c8042569d51,394016813.18427074
4df3717406f9852284576caa,737427901.321189
5246f7d8023a4c178af6d10c,505610100.3322024
69d9908e13bf7c8ac4c30531,358985624.38891745
e336d9d892441c7ad886a98d,703063033.5261426
f82e1c70884ee1285e1bc491,394974970.6067421
0ffbcf7d58378c85b4103c7a,364013738.7249957
3679e1844a35c0c87fffefeb,382134967.24071866
955a15a734e56eb287555307,408009101.17437434
722f262a44b2bb6fc05ec35a,395223708.1382331
48c346042d9cb826a3714466,384687562.5944909
bc4b7bbf5df92f476b6be103,524496560.95215195
667685f89a61aa2ad5c9ac7d,385900630.2190529
8be5fca8f4339712c6f3e29e,669459308.0334754
09a5fd22f920267b464e2a00,664142652.0045639
f6d2d31af94a6a73912dd9f5,705954323.3743455
0e9a5ea81f6d91038d8711d9,593180492.9622996
8b2d8edfa6788ddc0c7b3eba,575756413.1036459
2f48a73bfcc91272161afd39,509134166.2698571
a78417c74b8c99279912e427,731161906.4754735
4d69f7c7e0e837879abbdf78,489689924.89595944
926a7b18e48cdbf6ac3b396b,611235293.9437641
a06733f7b3ba964c20ae2698,745407671.2475884
02d598a32d864c289e3ba6b0,700725978.7164359
3977cf1326ff502251f78f66,562167395.7483792
c3cdfd0733404ec885eb3edd,424144170.2785328
a28bb09e30bca82627e595c2,625948127.9710577
0a2f8c8ca6094e6626d4e8b1,620893360.9438847
ac9baabfd96d58e376149a7e,814746349.3616711
700a052900adbfa149dd5b6c,619937630.2226692
4b30968cdae59b4ef3298f19,711708831.6983012
c673d94552bc3e451672939f,720502717.6963241
75392e8381e1c891377fcb29,553003834.5321583
a55d7074220aa6a750297c08,593207825.4925666
81eea19e7c12d65d21e23648,561003955.3557117
69df7bc1d82d9723c70eca70,593207825.4925666
815cfcc4d26738f74cbb67ae,594742926.6321459
5ea150753f8d07c71af45cd9,691361000.0800728
f851b02d18e74610a900bf14,744211534.3684249
76b9af8036e38d5d30ac4c7a,607830135.5544741
4ec5ab39cae4afc3b0e69438,628168410.8001554
c74020c85c9fcb2a2cb3ac74,543485854.3318644
6d6ad5e3ebaba1c11dec0f16,692017124.1030902
acbe4eb98668ff4967a8cb86,653641523.2945535
16a40e3dbfbb9c703e04028e,571170113.612271
ee5fa0932e098cba28d950b1,794580829.0669014
5f9fa56b99677a489a9966bf,610950188.1157714
4045e30cced205e8c5b2373c,496560036.20489395
eb2c7a973d4d6ce8e6ae87a0,650244909.8311555
99c69eeb96e1016a7e53b33f,520653763.24474806
aa7f56d05ed29183b825d61d,460334254.9191481
4630a9af58fb79c0008e5fa1,466475629.37296516
ac003932eba3a174c5b998ee,403805383.8061153
56a7470ed14454665aaef75a,732211706.213562
a4e4f56336e07304cb946b1c,585910760.5516351
00ce045307538da1b0bb7972,739213939.2073922
cad720be1395e2ab5869807c,507916200.26849914
344be03236aed65e74b14a2f,472787440.5843038
58a86bf535b4c16b50dfca06,379761148.9091269
d52c3915fd7d2ef8c92a22fe,472787440.5843038
8a4b7e86a90a296e10a49ea3,482535168.8543875
e1717a317481b0765a7a6a0d,461895056.34271944
97fc10f5ce4a6fd7357381a6,472787440.5843038
428f4bc76d4cd315ba8f89e9,423954357.07154775
4d882ac2b82569f74aa08824,423553586.44019306
948ba87dfd7993460c967cb4,472787440.5843038
1bee6a5aed5417181a3db77f,437875484.61394894
63cdd73026431f5566fe246e,440068983.59154534
013e2a07f94a99323b64d370,751152695.8848244
ff56b24cf15289dc6d14800f,600277127.5263039
7bdb94165857bcd37206cf18,419803031.77989954
1d1e29d9601aa0eddb4d6c2c,515093412.58675647
a8c9489973c54b93737dfe20,499436741.251535
254892c6b84c59ff5ac4f354,541637759.8908238
c6e9772058edb2268434d7cf,570653755.9334868
916a413537580440c4ac6028,642205735.6122797
bab8e472424cd57faab87ff2,634879487.1932185
eae5eecfa2fe828afbc94b0a,570254885.8138984
da26059a2cf36e02b8702320,507333446.59773487
e18fecb7e40bbcaf26c863cb,584476113.5271082
a55906464634558b94d9298e,482999440.74562824
3032ae39e739fe46e9e198e5,540481826.3321536
663e062b85f16c2419f8456b,632541674.1349941
aad0e527c4bf6283f76b5bed,812853421.0429302
32fbc0f1934f7325a404a2eb,510183948.1351326
07d1137c1f0aaecbbad32f7b,477907046.64793676
3058b792e3f6781e438a2e9b,562100533.0312184
33d6b1bbab4524c3aa03756c,480027301.8738834
c75d43b8089321e359e14264,533948927.3370531
29ea1796aede16cab8a50497,535745089.6627541
bed21c41b31a3bf2095aa273,668110814.5744594
ec232a7ee3aeac713516614b,622620873.0996082
bb7c68c2652c7e124d88631c,576698623.1330119
697b6c6f7666391fc689cfb9,529659537.4760126
d912e45dda1a3a628fdf50d6,534751981.84615153
96fa88a07329d3988b6b41b3,635352447.6464635
66019487c37339e9354ca999,686511762.0529716
fd2dcbcb8a31e97f31d22a53,547735111.932783
1a309175498997e1b8f0aae7,622464912.0795928
e83119808dd08ca090f5ed85,506155690.7183838
1a26960e24de046588ca7837,548831733.9023653
379c4fce87557848548b0944,534001416.2240853
b2d7355eb2aa975900776275,471243839.9040945
3b05e06aa0bc40b9db16416e,516026277.56245375
4a5405b1e181f5b10fec35a6,843213344.2445903
aff22625564f00844ea2610b,867877234.6118046
b40addfc0da42b0e530503f0,752028774.7023641
9200d647b6ce9aea67ff8ac7,569775112.3704588
3057660e38fb757dbc8bd898,765996448.6544379
799be2171dae4763df530e4d,552162571.2444339
819265a930d32a97533d132d,626983226.5282803
9ba689b29d0696fb7ebc44d5,712713099.1808232
0f7e28b6efb9d550ba28a1e0,723166645.2521278
57551742fefae23bb32571f4,707369016.7254457
9569a50febeb4163e28c192c,626825885.8844259
1d03efada56f8a70bdae6aea,783262037.8705817
bfa56d6230b858591743473e,657225370.4919981
ca54914a1cf1028b9c8b681f,637132166.9014541
54304b6117b797791d266cc0,588619693.0110551
166ae8e3d0704209d6715240,610568304.5907224
b56659e70367566a4ddb81b2,650084958.7921089
2641f220611056a1f5616dae,673492115.4608654
08a82bb9fbe4b7abb50cece1,664939662.7785369
b40a9888ec0379fbf85516a3,881319774.1240902
d35462df6c686296a3c7bb23,769374306.6417236
db244703ce223e6acacbe85d,791261310.2153392
a90df94f959030227fa015b0,832659128.0343901
d97d462ac4f5d9cbbf04e9ca,701069518.1020746
7fe6ac57e87b8126ac4f8530,690003253.1272335
69c28dce8eeaa86605143419,752371648.1461
2bd6682ad8343b69fae1a59e,572229612.0723255
2e6fb29cbc1ccc3d97c92c72,577027992.3960575
9eabba4531191127ee91621b,834384756.0629066
d0c411218ffa7c3ebc10783e,560984477.9984747
0c61a011d7fe0227be2b3575,690627340.7723439
2c47c3ef9e139d8c4513a090,507950431.9618091
f6503aab62a68ca16eba3fec,695402629.9621993
e7dc05756684b070b36d681f,645447117.9932077
17484950b143d0395907ae6d,825088724.0481391
3d997123b33373024bd2cbe1,561307797.6463943
ddba305c2a3ad29db24a0658,661720467.4676461
b65efc402cfddc0aed4e1d76,731040991.9484409
4a7ecb05c9886bc35f6b9160,581066913.001812
b4e14604b888c994b64f94ba,611281779.9200975
ab37764e5f4e00097eac947a,554645991.7877878
764da64c41700da5ee80b8c7,746890586.0451286
8a84a073b855e37a12327357,681645254.5093873
5a6878f8a47f1fa2fc1d600d,538393802.8030483
505f3d545ce83d0c848f828d,737190380.9061404
6687a2299f38c15598d11eef,878231303.484196
533134592237b2748915eed8,726904858.8288924
daae80933675e767b50bdd17,883734637.5010085
945f85a061dc4e95e779e27e,873318711.103922
62dc69d80cd6ea9fb7fe52db,850969411.8518416
153436858070f7e724f0cbc1,865057574.0803398
7f9875a5336a32d73df2402c,704833602.6124084
ac11141115d391be44e6426c,715487810.4323759
f8243b7b679dfe8303180d73,880892178.1894059
1376106ebc19c929df27bb62,1002376436.6499448
f591597c9a1ddd9852eb3cfd,780640397.6567777
a748841236a7a7fb33138845,400952699.1759289
6ef43ab43841696400d91859,642742050.4797825
601310d800d88f0d387235e4,523284210.7518249
db81ec58863dcc5d12839883,489612437.9201715
68d35dadc6d0dea61bf4b513,477688548.230923
ba9be0b67571b1e9242664e1,642447310.606132
1690af2e30b05da545f1576f,699723319.5417624
fc72ebf9381496067101da61,427394061.8075542
3a2e95f5eddda4df84b2e2b3,500335034.709574
a660d5809085b4823e287a5e,522409503.1524501
799301c01a3e7fc2af5a14a9,804544596.5467975
824cad597aae34d7d59ac939,642575336.4030753
23cfc154896b93bce4356ae6,684188373.5012608
a9b96d2a23ed155043085e87,680648495.2998133
f5d529ff6a35fa78ab14de21,546836129.1587585
9b337cb1451a8fb078dc9a07,696946471.3617901
cd1fc7362660bce494b5117a,618392026.3931693
26454cbe44a07cd0df12ca07,946399823.7586877
cc5563550bebb29c83ae3054,977398127.6585811
109bb36f29b223a81dbfa340,847648698.1169722
31081c78ce92e1d8dbb315b9,957661226.2828081
502aca1a1097438b32eb362e,881866076.9167022
4c90ce573f1d61d11294d05c,819200859.5200486
87f1e9ca16a7ea48de04fa73,792320809.6925747
224f6e839dcbd91491f3f1ac,661333642.57714
8ee7d2e0692e49bf9d308b4b,791296659.9697349
a3ff6a1fe37a1bb736b1100d,888459405.6560748
97d49e61c1ef55451e52c8e7,888459405.6560748
b6514cdb1e2cf37e3ff8090e,833474703.4973416
